Instance name,  X location,  Y location,  Voltage 
FILLER_0_145_833, 385.14, 402.56, 0.0656639
FILLER_0_143_833, 385.14, 397.12, 0.0706246
FILLER_0_141_833, 385.14, 391.68, 0.0650586
FILLER_0_139_833, 385.14, 386.24, 0.0704207
ANTENNA__11315__RESET_B, 385.14, 380.8, 0.0648151
FILLER_0_137_829, 385.14, 380.8, 0.0648151
_09424_, 385.14, 375.36, 0.0646428
_11315_, 385.14, 375.36, 0.0646428
ANTENNA__09429__A1, 385.14, 375.36, 0.0646428
ANTENNA__09423__S, 385.14, 375.36, 0.0646428
FILLER_0_135_832, 385.14, 375.36, 0.0646428
_06200_, 385.14, 369.92, 0.0645057
_06212_, 385.14, 369.92, 0.0645057
_09425_, 385.14, 369.92, 0.0645057
_06202_, 385.14, 364.48, 0.0698043
_06203_, 385.14, 364.48, 0.0698043
_06204_, 385.14, 364.48, 0.0698043
ANTENNA__09422__A1, 385.14, 364.48, 0.0698043
ANTENNA__06203__A, 385.14, 364.48, 0.0698043
ANTENNA__06111__A1, 385.14, 364.48, 0.0698043
FILLER_0_130_820, 385.14, 364.48, 0.0698043
FILLER_0_130_834, 385.14, 364.48, 0.0698043
_06061_, 385.14, 359.04, 0.0641446
_06201_, 385.14, 359.04, 0.0641446
ANTENNA__06061__A, 385.14, 359.04, 0.0641446
FILLER_0_128_819, 385.14, 359.04, 0.0641446
FILLER_0_129_833, 385.14, 359.04, 0.0641446
_06099_, 385.14, 353.6, 0.0693038
FILLER_0_125_824, 385.14, 353.6, 0.0693038
FILLER_0_126_834, 385.14, 353.6, 0.0693038
_06197_, 385.14, 348.16, 0.0639547
_09335_, 385.14, 348.16, 0.0639547
_09337_, 385.14, 348.16, 0.0639547
ANTENNA__06197__B2, 385.14, 348.16, 0.0639547
ANTENNA__09335__A1, 385.14, 348.16, 0.0639547
ANTENNA__06198__A1, 385.14, 348.16, 0.0639547
FILLER_0_123_818, 385.14, 348.16, 0.0639547
FILLER_0_123_823, 385.14, 348.16, 0.0639547
_06195_, 385.14, 342.72, 0.0637691
_06196_, 385.14, 342.72, 0.0637691
ANTENNA__06195__B1, 385.14, 342.72, 0.0637691
ANTENNA__09337__A1, 385.14, 342.72, 0.0637691
ANTENNA__09325__A1, 385.14, 342.72, 0.0637691
ANTENNA__09327__S, 385.14, 342.72, 0.0637691
FILLER_0_121_818, 385.14, 342.72, 0.0637691
FILLER_0_122_833, 385.14, 342.72, 0.0637691
FILLER_0_123_835, 385.14, 342.72, 0.0637691
_06059_, 385.14, 337.28, 0.0686878
_06066_, 385.14, 337.28, 0.0686878
_09325_, 385.14, 337.28, 0.0686878
ANTENNA__06059__A1, 385.14, 337.28, 0.0686878
ANTENNA__06066__A1, 385.14, 337.28, 0.0686878
FILLER_0_120_820, 385.14, 337.28, 0.0686878
_06191_, 385.14, 331.84, 0.0632499
_09330_, 385.14, 331.84, 0.0632499
_09332_, 385.14, 331.84, 0.0632499
ANTENNA__06194__A1, 385.14, 331.84, 0.0632499
FILLER_0_118_820, 385.14, 331.84, 0.0632499
FILLER_0_119_832, 385.14, 331.84, 0.0632499
_06189_, 385.14, 326.4, 0.070206
ANTENNA__06191__B2, 385.14, 326.4, 0.070206
ANTENNA__06189__B1, 385.14, 326.4, 0.070206
ANTENNA__06001__A1, 385.14, 326.4, 0.070206
FILLER_0_116_830, 385.14, 326.4, 0.070206
FILLER_0_117_832, 385.14, 326.4, 0.070206
_06062_, 385.14, 320.96, 0.0628642
_09318_, 385.14, 320.96, 0.0628642
ANTENNA__09318__A1, 385.14, 320.96, 0.0628642
FILLER_0_114_820, 385.14, 320.96, 0.0628642
FILLER_0_114_828, 385.14, 320.96, 0.0628642
FILLER_0_115_829, 385.14, 320.96, 0.0628642
_06018_, 385.14, 315.52, 0.0625936
_06185_, 385.14, 315.52, 0.0625936
_09323_, 385.14, 315.52, 0.0625936
ANTENNA__06018__A1, 385.14, 315.52, 0.0625936
FILLER_0_112_825, 385.14, 315.52, 0.0625936
_06183_, 385.14, 310.08, 0.0679267
_09322_, 385.14, 310.08, 0.0679267
ANTENNA__06185__B2, 385.14, 310.08, 0.0679267
FILLER_0_110_833, 385.14, 310.08, 0.0679267
FILLER_0_111_830, 385.14, 310.08, 0.0679267
ANTENNA__09311__B1, 385.14, 304.64, 0.0618143
ANTENNA__06183__B1, 385.14, 304.64, 0.0618143
FILLER_0_107_820, 385.14, 304.64, 0.0618143
FILLER_0_108_831, 385.14, 304.64, 0.0618143
FILLER_0_109_829, 385.14, 304.64, 0.0618143
_05978_, 385.14, 299.2, 0.0614256
_09311_, 385.14, 299.2, 0.0614256
ANTENNA__06177__S, 385.14, 299.2, 0.0614256
ANTENNA__05978__A1, 385.14, 299.2, 0.0614256
ANTENNA__09311__A1, 385.14, 299.2, 0.0614256
FILLER_0_105_820, 385.14, 299.2, 0.0614256
FILLER_0_106_825, 385.14, 299.2, 0.0614256
FILLER_0_106_836, 385.14, 299.2, 0.0614256
_05981_, 385.14, 293.76, 0.0665901
_06176_, 385.14, 293.76, 0.0665901
_06177_, 385.14, 293.76, 0.0665901
ANTENNA__09397__S, 385.14, 293.76, 0.0665901
FILLER_0_104_823, 385.14, 293.76, 0.0665901
FILLER_0_104_831, 385.14, 293.76, 0.0665901
FILLER_0_105_835, 385.14, 293.76, 0.0665901
_11311_, 385.14, 288.32, 0.0609796
FILLER_0_103_829, 385.14, 288.32, 0.0609796
ANTENNA__11311__RESET_B, 385.14, 282.88, 0.0606452
FILLER_0_99_825, 385.14, 282.88, 0.0606452
FILLER_0_100_835, 385.14, 282.88, 0.0606452
FILLER_0_101_836, 385.14, 282.88, 0.0606452
_06174_, 385.14, 277.44, 0.065363
_06175_, 385.14, 277.44, 0.065363
_09302_, 385.14, 277.44, 0.065363
_09303_, 385.14, 277.44, 0.065363
_09309_, 385.14, 277.44, 0.065363
ANTENNA__09305__A1, 385.14, 277.44, 0.065363
FILLER_0_98_825, 385.14, 277.44, 0.065363
_06171_, 385.14, 272, 0.0598432
clkbuf_leaf_42_clk, 385.14, 272, 0.0598432
ANTENNA__06171__A1, 385.14, 272, 0.0598432
FILLER_0_96_832, 385.14, 272, 0.0598432
_06169_, 385.14, 266.56, 0.0595969
ANTENNA__06170__B1, 385.14, 266.56, 0.0595969
ANTENNA_clkbuf_leaf_42_clk_A, 385.14, 266.56, 0.0595969
FILLER_0_94_830, 385.14, 266.56, 0.0595969
_05900_, 385.14, 261.12, 0.0646523
_09295_, 385.14, 261.12, 0.0646523
ANTENNA__09295__B1, 385.14, 261.12, 0.0646523
ANTENNA__05900__A1, 385.14, 261.12, 0.0646523
ANTENNA__09295__A1, 385.14, 261.12, 0.0646523
FILLER_0_92_820, 385.14, 261.12, 0.0646523
FILLER_0_93_834, 385.14, 261.12, 0.0646523
_06159_, 385.14, 255.68, 0.0591167
_06161_, 385.14, 255.68, 0.0591167
_06165_, 385.14, 255.68, 0.0591167
_09299_, 385.14, 255.68, 0.0591167
FILLER_0_90_831, 385.14, 255.68, 0.0591167
FILLER_0_91_828, 385.14, 255.68, 0.0591167
_06163_, 385.14, 250.24, 0.0635369
_06164_, 385.14, 250.24, 0.0635369
ANTENNA__06165__B2, 385.14, 250.24, 0.0635369
ANTENNA__06163__B1, 385.14, 250.24, 0.0635369
FILLER_0_88_836, 385.14, 250.24, 0.0635369
FILLER_0_89_836, 385.14, 250.24, 0.0635369
ANTENNA__09381__S, 385.14, 244.8, 0.0582214
FILLER_0_85_815, 385.14, 244.8, 0.0582214
FILLER_0_85_823, 385.14, 244.8, 0.0582214
FILLER_0_87_829, 385.14, 244.8, 0.0582214
_05862_, 385.14, 239.36, 0.0578105
_05869_, 385.14, 239.36, 0.0578105
_09287_, 385.14, 239.36, 0.0578105
ANTENNA__05862__A1, 385.14, 239.36, 0.0578105
ANTENNA__09287__A1, 385.14, 239.36, 0.0578105
_06157_, 385.14, 233.92, 0.0616596
_06162_, 385.14, 233.92, 0.0616596
_09291_, 385.14, 233.92, 0.0616596
clkbuf_leaf_43_clk, 385.14, 233.92, 0.0616596
ANTENNA__06162__A1, 385.14, 233.92, 0.0616596
ANTENNA__05869__A1, 385.14, 233.92, 0.0616596
ANTENNA_clkbuf_leaf_43_clk_A, 385.14, 233.92, 0.0616596
FILLER_0_82_827, 385.14, 233.92, 0.0616596
_05867_, 385.14, 228.48, 0.0573808
_06155_, 385.14, 228.48, 0.0573808
_06156_, 385.14, 228.48, 0.0573808
ANTENNA__09375__S, 385.14, 228.48, 0.0573808
ANTENNA__06157__B2, 385.14, 228.48, 0.0573808
ANTENNA__06155__B1, 385.14, 228.48, 0.0573808
FILLER_0_81_836, 385.14, 228.48, 0.0573808
_05865_, 385.14, 223.04, 0.0570697
_09280_, 385.14, 223.04, 0.0570697
ANTENNA__05865__A1, 385.14, 223.04, 0.0570697
ANTENNA__09280__A1, 385.14, 223.04, 0.0570697
FILLER_0_77_820, 385.14, 223.04, 0.0570697
FILLER_0_79_834, 385.14, 223.04, 0.0570697
_05824_, 385.14, 217.6, 0.0601223
_06149_, 385.14, 217.6, 0.0601223
_06152_, 385.14, 217.6, 0.0601223
_09285_, 385.14, 217.6, 0.0601223
ANTENNA__05824__A1, 385.14, 217.6, 0.0601223
ANTENNA__06149__S, 385.14, 217.6, 0.0601223
FILLER_0_76_823, 385.14, 217.6, 0.0601223
_06148_, 385.14, 212.16, 0.0564376
_06151_, 385.14, 212.16, 0.0564376
FILLER_0_75_832, 385.14, 212.16, 0.0564376
_09272_, 385.14, 206.72, 0.0620973
_09367_, 385.14, 206.72, 0.0620973
ANTENNA__09369__A1, 385.14, 206.72, 0.0620973
FILLER_0_71_818, 385.14, 206.72, 0.0620973
FILLER_0_72_834, 385.14, 206.72, 0.0620973
_05784_, 385.14, 201.28, 0.0561658
_09270_, 385.14, 201.28, 0.0561658
_09273_, 385.14, 201.28, 0.0561658
ANTENNA__09272__B1, 385.14, 201.28, 0.0561658
ANTENNA__05784__A1, 385.14, 201.28, 0.0561658
ANTENNA__09272__A1, 385.14, 201.28, 0.0561658
FILLER_0_69_821, 385.14, 201.28, 0.0561658
_05557_, 385.14, 195.84, 0.0559753
_06136_, 385.14, 195.84, 0.0559753
_09277_, 385.14, 195.84, 0.0559753
ANTENNA__09275__S, 385.14, 195.84, 0.0559753
ANTENNA__05557__A, 385.14, 195.84, 0.0559753
ANTENNA__11306__RESET_B, 385.14, 195.84, 0.0559753
FILLER_0_68_829, 385.14, 195.84, 0.0559753
_06137_, 385.14, 190.4, 0.0620353
_06140_, 385.14, 190.4, 0.0620353
_06141_, 385.14, 190.4, 0.0620353
_09366_, 385.14, 190.4, 0.0620353
ANTENNA__06141__S, 385.14, 190.4, 0.0620353
_06138_, 385.14, 184.96, 0.0553922
_06139_, 385.14, 184.96, 0.0553922
_06146_, 385.14, 184.96, 0.0553922
_09362_, 385.14, 184.96, 0.0553922
FILLER_0_65_834, 385.14, 184.96, 0.0553922
_06132_, 385.14, 174.08, 0.0611293
_06133_, 385.14, 174.08, 0.0611293
_06134_, 385.14, 174.08, 0.0611293
_09360_, 385.14, 174.08, 0.0611293
_09361_, 385.14, 174.08, 0.0611293
FILLER_0_61_829, 385.14, 174.08, 0.0611293
_06131_, 385.14, 168.64, 0.0550002
ANTENNA__06132__B2, 385.14, 168.64, 0.0550002
FILLER_0_57_817, 385.14, 168.64, 0.0550002
FILLER_0_59_835, 385.14, 168.64, 0.0550002
_05699_, 385.14, 163.2, 0.0548651
_06130_, 385.14, 163.2, 0.0548651
_09356_, 385.14, 163.2, 0.0548651
ANTENNA__09357__S, 385.14, 163.2, 0.0548651
ANTENNA__05699__A1, 385.14, 163.2, 0.0548651
ANTENNA__06130__B1, 385.14, 163.2, 0.0548651
FILLER_0_56_823, 385.14, 163.2, 0.0548651
FILLER_0_56_834, 385.14, 163.2, 0.0548651
_05700_, 385.14, 157.76, 0.060604
_06126_, 385.14, 157.76, 0.060604
_06129_, 385.14, 157.76, 0.060604
FILLER_0_54_825, 385.14, 157.76, 0.060604
FILLER_0_55_833, 385.14, 157.76, 0.060604
_06124_, 385.14, 152.32, 0.0544001
_06125_, 385.14, 152.32, 0.0544001
_09354_, 385.14, 152.32, 0.0544001
_09355_, 385.14, 152.32, 0.0544001
ANTENNA__06126__B2, 385.14, 152.32, 0.0544001
FILLER_0_53_833, 385.14, 152.32, 0.0544001
_05559_, 385.14, 146.88, 0.0603818
_09349_, 385.14, 146.88, 0.0603818
_09351_, 385.14, 146.88, 0.0603818
ANTENNA__09350__B1, 385.14, 146.88, 0.0603818
FILLER_0_50_831, 385.14, 146.88, 0.0603818
_05560_, 385.14, 141.44, 0.0543609
_06121_, 385.14, 141.44, 0.0543609
clkbuf_leaf_56_clk, 385.14, 141.44, 0.0543609
ANTENNA__09351__A1, 385.14, 141.44, 0.0543609
ANTENNA__05560__A, 385.14, 141.44, 0.0543609
ANTENNA_clkbuf_leaf_56_clk_A, 385.14, 141.44, 0.0543609
_06119_, 385.14, 136, 0.0542949
_09246_, 385.14, 136, 0.0542949
ANTENNA__09345__A1, 385.14, 136, 0.0542949
ANTENNA__06121__A1, 385.14, 136, 0.0542949
ANTENNA__09352__S, 385.14, 136, 0.0542949
ANTENNA__09246__A, 385.14, 136, 0.0542949
FILLER_0_46_829, 385.14, 136, 0.0542949
FILLER_0_46_834, 385.14, 136, 0.0542949
_09251_, 385.14, 130.56, 0.0542755
_09352_, 385.14, 130.56, 0.0542755
_09353_, 385.14, 130.56, 0.0542755
ANTENNA__09251__S, 385.14, 130.56, 0.0542755
FILLER_0_44_827, 385.14, 130.56, 0.0542755
FILLER_0_45_830, 385.14, 130.56, 0.0542755
_09252_, 385.14, 125.12, 0.0602088
ANTENNA__11304__RESET_B, 385.14, 125.12, 0.0602088
ANTENNA__11303__RESET_B, 385.14, 125.12, 0.0602088
FILLER_0_42_825, 385.14, 125.12, 0.0602088
FILLER_0_39_829, 385.14, 114.24, 0.0627729
FILLER_0_37_833, 385.14, 108.8, 0.0544055
FILLER_0_35_833, 385.14, 103.36, 0.0543773
FILLER_0_33_833, 385.14, 97.92, 0.0610117
FILLER_0_31_833, 385.14, 92.48, 0.0541202
FILLER_0_29_833, 385.14, 87.04, 0.0606386
FILLER_0_27_833, 385.14, 81.6, 0.0542001
FILLER_0_25_833, 385.14, 76.16, 0.0542161
FILLER_0_23_833, 385.14, 70.72, 0.0604942
FILLER_0_21_833, 385.14, 65.28, 0.0540469
FILLER_0_19_833, 385.14, 59.84, 0.0539475
FILLER_0_17_833, 385.14, 54.4, 0.0625966
FILLER_0_15_833, 385.14, 48.96, 0.0542197
FILLER_0_13_833, 385.14, 43.52, 0.0542036
FILLER_0_11_833, 385.14, 38.08, 0.0601807
FILLER_0_9_833, 385.14, 32.64, 0.0539851
FILLER_0_7_833, 385.14, 27.2, 0.0589675
FILLER_0_5_833, 385.14, 21.76, 0.0541443
FILLER_0_3_833, 385.14, 16.32, 0.0542361
FILLER_0_1_833, 385.14, 10.88, 0.0576885
FILLER_0_146_753, 355.14, 408, 0.0644801
ANTENNA_fanout103_A, 355.14, 386.24, 0.0640794
FILLER_0_137_753, 355.14, 386.24, 0.0640794
_11179_, 355.14, 380.8, 0.0628356
_11274_, 355.14, 380.8, 0.0628356
fanout103, 355.14, 380.8, 0.0628356
ANTENNA__06707__S, 355.14, 380.8, 0.0628356
FILLER_0_136_750, 355.14, 380.8, 0.0628356
_09153_, 355.14, 375.36, 0.0627169
_11180_, 355.14, 375.36, 0.0627169
ANTENNA__09153__S, 355.14, 375.36, 0.0627169
FILLER_0_134_751, 355.14, 375.36, 0.0627169
_06709_, 355.14, 369.92, 0.0626032
ANTENNA__09152__S, 355.14, 369.92, 0.0626032
ANTENNA__09146__S, 355.14, 369.92, 0.0626032
ANTENNA__11180__RESET_B, 355.14, 369.92, 0.0626032
ANTENNA_clkbuf_leaf_36_clk_A, 355.14, 369.92, 0.0626032
FILLER_0_131_756, 355.14, 369.92, 0.0626032
_06095_, 355.14, 364.48, 0.0636389
_06107_, 355.14, 364.48, 0.0636389
_09149_, 355.14, 364.48, 0.0636389
_09152_, 355.14, 364.48, 0.0636389
FILLER_0_129_751, 355.14, 364.48, 0.0636389
FILLER_0_130_757, 355.14, 364.48, 0.0636389
_06093_, 355.14, 359.04, 0.0623228
_06109_, 355.14, 359.04, 0.0623228
_09151_, 355.14, 359.04, 0.0623228
FILLER_0_128_757, 355.14, 359.04, 0.0623228
FILLER_0_128_765, 355.14, 359.04, 0.0623228
_06096_, 355.14, 353.6, 0.0632977
_11178_, 355.14, 353.6, 0.0632977
ANTENNA__09142__S, 355.14, 353.6, 0.0632977
FILLER_0_127_765, 355.14, 353.6, 0.0632977
_06056_, 355.14, 348.16, 0.0620562
_06097_, 355.14, 348.16, 0.0620562
ANTENNA__06705__S, 355.14, 348.16, 0.0620562
FILLER_0_124_761, 355.14, 348.16, 0.0620562
FILLER_0_124_769, 355.14, 348.16, 0.0620562
FILLER_0_125_762, 355.14, 348.16, 0.0620562
_06084_, 355.14, 342.72, 0.0618851
_06085_, 355.14, 342.72, 0.0618851
_09140_, 355.14, 342.72, 0.0618851
_09141_, 355.14, 342.72, 0.0618851
_09144_, 355.14, 342.72, 0.0618851
ANTENNA__09141__S, 355.14, 342.72, 0.0618851
_06055_, 355.14, 337.28, 0.0627215
_06057_, 355.14, 337.28, 0.0627215
_06703_, 355.14, 331.84, 0.0614099
_11177_, 355.14, 331.84, 0.0614099
hold113, 355.14, 331.84, 0.0614099
ANTENNA__06703__S, 355.14, 331.84, 0.0614099
FILLER_0_118_753, 355.14, 331.84, 0.0614099
_06704_, 355.14, 326.4, 0.0627102
_09135_, 355.14, 326.4, 0.0627102
_09136_, 355.14, 326.4, 0.0627102
ANTENNA__09136__S, 355.14, 326.4, 0.0627102
ANTENNA__09135__S, 355.14, 326.4, 0.0627102
FILLER_0_115_753, 355.14, 326.4, 0.0627102
FILLER_0_116_766, 355.14, 326.4, 0.0627102
_06011_, 355.14, 320.96, 0.0610044
_06044_, 355.14, 320.96, 0.0610044
_06016_, 355.14, 315.52, 0.0607206
_09132_, 355.14, 315.52, 0.0607206
_09134_, 355.14, 315.52, 0.0607206
FILLER_0_111_753, 355.14, 315.52, 0.0607206
FILLER_0_112_757, 355.14, 315.52, 0.0607206
FILLER_0_112_770, 355.14, 315.52, 0.0607206
_05975_, 355.14, 310.08, 0.0616388
_06013_, 355.14, 310.08, 0.0616388
_09133_, 355.14, 310.08, 0.0616388
clkbuf_leaf_39_clk, 355.14, 310.08, 0.0616388
ANTENNA_clkbuf_leaf_39_clk_A, 355.14, 310.08, 0.0616388
FILLER_0_110_757, 355.14, 310.08, 0.0616388
FILLER_0_111_768, 355.14, 310.08, 0.0616388
_05976_, 355.14, 304.64, 0.0600929
_06014_, 355.14, 304.64, 0.0600929
_06701_, 355.14, 304.64, 0.0600929
_09128_, 355.14, 304.64, 0.0600929
ANTENNA__09129__S, 355.14, 304.64, 0.0600929
_06702_, 355.14, 299.2, 0.0597347
_11176_, 355.14, 299.2, 0.0597347
hold163, 355.14, 299.2, 0.0597347
ANTENNA__06701__S, 355.14, 299.2, 0.0597347
FILLER_0_106_757, 355.14, 299.2, 0.0597347
_06700_, 355.14, 293.76, 0.060604
ANTENNA__09125__B, 355.14, 293.76, 0.060604
ANTENNA__11175__RESET_B, 355.14, 293.76, 0.060604
FILLER_0_103_752, 355.14, 293.76, 0.060604
FILLER_0_103_757, 355.14, 293.76, 0.060604
FILLER_0_104_753, 355.14, 293.76, 0.060604
FILLER_0_104_757, 355.14, 293.76, 0.060604
_06699_, 355.14, 288.32, 0.0592302
_09125_, 355.14, 288.32, 0.0592302
_11175_, 355.14, 288.32, 0.0592302
hold12, 355.14, 288.32, 0.0592302
ANTENNA__09126__A1, 355.14, 288.32, 0.0592302
_05934_, 355.14, 282.88, 0.0588965
_05935_, 355.14, 282.88, 0.0588965
_05966_, 355.14, 282.88, 0.0588965
_09122_, 355.14, 282.88, 0.0588965
_09123_, 355.14, 282.88, 0.0588965
_09124_, 355.14, 282.88, 0.0588965
ANTENNA__09124__A1, 355.14, 282.88, 0.0588965
ANTENNA__09123__B1_N, 355.14, 282.88, 0.0588965
FILLER_0_100_750, 355.14, 282.88, 0.0588965
_05936_, 355.14, 277.44, 0.059593
_09127_, 355.14, 277.44, 0.059593
hold159, 355.14, 277.44, 0.059593
FILLER_0_98_753, 355.14, 277.44, 0.059593
FILLER_0_98_757, 355.14, 277.44, 0.059593
FILLER_0_98_765, 355.14, 277.44, 0.059593
_05895_, 355.14, 272, 0.0581502
_05896_, 355.14, 272, 0.0581502
_05924_, 355.14, 272, 0.0581502
ANTENNA__09118__S, 355.14, 272, 0.0581502
FILLER_0_96_757, 355.14, 272, 0.0581502
_09118_, 355.14, 266.56, 0.0579035
_09121_, 355.14, 266.56, 0.0579035
ANTENNA__06697__S, 355.14, 266.56, 0.0579035
FILLER_0_94_751, 355.14, 266.56, 0.0579035
FILLER_0_94_761, 355.14, 266.56, 0.0579035
_05897_, 355.14, 261.12, 0.0587204
clkbuf_leaf_41_clk, 355.14, 261.12, 0.0587204
hold321, 355.14, 261.12, 0.0587204
ANTENNA_clkbuf_leaf_41_clk_A, 355.14, 261.12, 0.0587204
FILLER_0_91_753, 355.14, 261.12, 0.0587204
FILLER_0_92_757, 355.14, 261.12, 0.0587204
FILLER_0_93_767, 355.14, 261.12, 0.0587204
_06695_, 355.14, 255.68, 0.0572891
_06696_, 355.14, 255.68, 0.0572891
_09113_, 355.14, 255.68, 0.0572891
_11173_, 355.14, 255.68, 0.0572891
ANTENNA__05864__A, 355.14, 255.68, 0.0572891
_09112_, 355.14, 250.24, 0.0579319
ANTENNA__09112__S, 355.14, 250.24, 0.0579319
ANTENNA__09111__S, 355.14, 250.24, 0.0579319
FILLER_0_87_750, 355.14, 250.24, 0.0579319
_05845_, 355.14, 244.8, 0.0565102
_09111_, 355.14, 244.8, 0.0565102
_09115_, 355.14, 244.8, 0.0565102
ANTENNA__05845__B1, 355.14, 244.8, 0.0565102
FILLER_0_85_753, 355.14, 244.8, 0.0565102
FILLER_0_86_764, 355.14, 244.8, 0.0565102
_09110_, 355.14, 239.36, 0.0561446
_09116_, 355.14, 239.36, 0.0561446
_05808_, 355.14, 233.92, 0.0567025
ANTENNA__05808__B1, 355.14, 233.92, 0.0567025
FILLER_0_82_753, 355.14, 233.92, 0.0567025
FILLER_0_82_769, 355.14, 233.92, 0.0567025
_05806_, 355.14, 228.48, 0.0555807
_05820_, 355.14, 228.48, 0.0555807
_09108_, 355.14, 228.48, 0.0555807
_09109_, 355.14, 228.48, 0.0555807
ANTENNA__09105__S, 355.14, 228.48, 0.0555807
FILLER_0_80_757, 355.14, 228.48, 0.0555807
FILLER_0_80_766, 355.14, 228.48, 0.0555807
FILLER_0_81_762, 355.14, 228.48, 0.0555807
_09105_, 355.14, 223.04, 0.0552335
_09106_, 355.14, 223.04, 0.0552335
hold205, 355.14, 223.04, 0.0552335
ANTENNA__09106__S, 355.14, 223.04, 0.0552335
_06693_, 355.14, 217.6, 0.0556546
_09107_, 355.14, 217.6, 0.0556546
FILLER_0_76_769, 355.14, 217.6, 0.0556546
_05776_, 355.14, 212.16, 0.0546049
_05777_, 355.14, 212.16, 0.0546049
_09099_, 355.14, 212.16, 0.0546049
_09100_, 355.14, 212.16, 0.0546049
_09103_, 355.14, 212.16, 0.0546049
hold286, 355.14, 212.16, 0.0546049
FILLER_0_75_763, 355.14, 212.16, 0.0546049
_05775_, 355.14, 206.72, 0.0555711
_09097_, 355.14, 206.72, 0.0555711
_09098_, 355.14, 206.72, 0.0555711
ANTENNA__09099__A, 355.14, 206.72, 0.0555711
FILLER_0_72_753, 355.14, 206.72, 0.0555711
FILLER_0_72_757, 355.14, 206.72, 0.0555711
_05778_, 355.14, 201.28, 0.0541293
_09092_, 355.14, 201.28, 0.0541293
_09096_, 355.14, 201.28, 0.0541293
hold267, 355.14, 201.28, 0.0541293
FILLER_0_70_751, 355.14, 201.28, 0.0541293
FILLER_0_71_765, 355.14, 201.28, 0.0541293
_05739_, 355.14, 195.84, 0.0538756
_05740_, 355.14, 195.84, 0.0538756
_05779_, 355.14, 195.84, 0.0538756
_09091_, 355.14, 195.84, 0.0538756
ANTENNA__09091__S, 355.14, 195.84, 0.0538756
_05780_, 355.14, 190.4, 0.0549419
_05795_, 355.14, 190.4, 0.0549419
_09090_, 355.14, 190.4, 0.0549419
_05723_, 355.14, 184.96, 0.0533138
_05743_, 355.14, 184.96, 0.0533138
_05764_, 355.14, 184.96, 0.0533138
ANTENNA_clkbuf_leaf_54_clk_A, 355.14, 184.96, 0.0533138
FILLER_0_64_753, 355.14, 184.96, 0.0533138
FILLER_0_64_757, 355.14, 184.96, 0.0533138
FILLER_0_65_761, 355.14, 184.96, 0.0533138
_05721_, 355.14, 179.52, 0.0530285
_05724_, 355.14, 179.52, 0.0530285
_05751_, 355.14, 179.52, 0.0530285
_05752_, 355.14, 179.52, 0.0530285
_05753_, 355.14, 179.52, 0.0530285
_09181_, 355.14, 179.52, 0.0530285
_05725_, 355.14, 174.08, 0.0541712
_06718_, 355.14, 174.08, 0.0541712
_09177_, 355.14, 174.08, 0.0541712
_09178_, 355.14, 174.08, 0.0541712
_11184_, 355.14, 174.08, 0.0541712
hold242, 355.14, 174.08, 0.0541712
FILLER_0_61_762, 355.14, 174.08, 0.0541712
_05670_, 355.14, 168.64, 0.0527422
_06717_, 355.14, 168.64, 0.0527422
ANTENNA__05708__A, 355.14, 168.64, 0.0527422
ANTENNA__09178__S, 355.14, 168.64, 0.0527422
FILLER_0_58_751, 355.14, 168.64, 0.0527422
FILLER_0_58_761, 355.14, 168.64, 0.0527422
_05698_, 355.14, 163.2, 0.0525734
ANTENNA__09071__A, 355.14, 163.2, 0.0525734
FILLER_0_56_764, 355.14, 163.2, 0.0525734
_05682_, 355.14, 157.76, 0.0536493
_09170_, 355.14, 157.76, 0.0536493
_09175_, 355.14, 157.76, 0.0536493
_09176_, 355.14, 157.76, 0.0536493
_05711_, 355.14, 152.32, 0.052147
ANTENNA__09084__A, 355.14, 152.32, 0.052147
FILLER_0_51_760, 355.14, 152.32, 0.052147
FILLER_0_53_762, 355.14, 152.32, 0.052147
_05647_, 355.14, 146.88, 0.0533585
_05663_, 355.14, 146.88, 0.0533585
_09160_, 355.14, 146.88, 0.0533585
_09163_, 355.14, 146.88, 0.0533585
_09167_, 355.14, 146.88, 0.0533585
ANTENNA__09163__S, 355.14, 146.88, 0.0533585
FILLER_0_51_766, 355.14, 146.88, 0.0533585
_05604_, 355.14, 141.44, 0.0520305
_05639_, 355.14, 141.44, 0.0520305
_05605_, 355.14, 136, 0.0519738
_05638_, 355.14, 136, 0.0519738
_05640_, 355.14, 136, 0.0519738
_09155_, 355.14, 136, 0.0519738
_09159_, 355.14, 136, 0.0519738
ANTENNA__09155__A1, 355.14, 136, 0.0519738
_09156_, 355.14, 130.56, 0.0519132
_11277_, 355.14, 130.56, 0.0519132
ANTENNA__09156__A1, 355.14, 130.56, 0.0519132
_06712_, 355.14, 125.12, 0.0531424
clkbuf_leaf_57_clk, 355.14, 125.12, 0.0531424
FILLER_0_42_753, 355.14, 125.12, 0.0531424
FILLER_0_43_767, 355.14, 125.12, 0.0531424
_06711_, 355.14, 119.68, 0.0518161
_09164_, 355.14, 119.68, 0.0518161
_11275_, 355.14, 119.68, 0.0518161
hold333, 355.14, 119.68, 0.0518161
_09165_, 355.14, 114.24, 0.0536793
_11276_, 355.14, 114.24, 0.0536793
ANTENNA__09164__S, 355.14, 114.24, 0.0536793
ANTENNA__11275__RESET_B, 355.14, 114.24, 0.0536793
FILLER_0_37_757, 355.14, 114.24, 0.0536793
ANTENNA__06711__S, 355.14, 108.8, 0.0519045
FILLER_0_36_752, 355.14, 108.8, 0.0519045
hold177, 355.14, 81.6, 0.0517997
ANTENNA__06751__S, 355.14, 81.6, 0.0517997
_06753_, 355.14, 70.72, 0.0531394
ANTENNA__06753__S, 355.14, 70.72, 0.0531394
_06755_, 355.14, 65.28, 0.0517464
hold48, 355.14, 65.28, 0.0517464
hold49, 355.14, 65.28, 0.0517464
hold319, 355.14, 59.84, 0.0517015
FILLER_0_18_757, 355.14, 59.84, 0.0517015
_06757_, 355.14, 54.4, 0.0535904
_06758_, 355.14, 54.4, 0.0535904
ANTENNA__06757__S, 355.14, 54.4, 0.0535904
FILLER_0_16_757, 355.14, 54.4, 0.0535904
_06759_, 355.14, 48.96, 0.0518334
_06760_, 355.14, 48.96, 0.0518334
_06762_, 355.14, 48.96, 0.0518334
_11204_, 355.14, 48.96, 0.0518334
hold316, 355.14, 48.96, 0.0518334
ANTENNA__06759__S, 355.14, 48.96, 0.0518334
ANTENNA__11204__RESET_B, 355.14, 48.96, 0.0518334
_06761_, 355.14, 43.52, 0.0518355
_11205_, 355.14, 43.52, 0.0518355
hold261, 355.14, 43.52, 0.0518355
ANTENNA__11205__RESET_B, 355.14, 43.52, 0.0518355
FILLER_0_13_765, 355.14, 43.52, 0.0518355
clkbuf_leaf_60_clk, 355.14, 38.08, 0.0531035
hold453, 355.14, 38.08, 0.0531035
FILLER_0_10_757, 355.14, 38.08, 0.0531035
_06763_, 355.14, 32.64, 0.0517534
_11206_, 355.14, 32.64, 0.0517534
hold305, 355.14, 32.64, 0.0517534
ANTENNA__11206__RESET_B, 355.14, 32.64, 0.0517534
_06766_, 355.14, 27.2, 0.0528174
_06767_, 355.14, 27.2, 0.0528174
_11207_, 355.14, 27.2, 0.0528174
hold306, 355.14, 27.2, 0.0528174
ANTENNA__06763__S, 355.14, 27.2, 0.0528174
FILLER_0_5_760, 355.14, 27.2, 0.0528174
hold332, 355.14, 21.76, 0.0518349
hold418, 355.14, 21.76, 0.0518349
_06769_, 355.14, 16.32, 0.0518839
hold331, 355.14, 16.32, 0.0518839
ANTENNA__06769__S, 355.14, 16.32, 0.0518839
FILLER_0_146_697, 325.14, 408, 0.0612681
FILLER_0_144_693, 325.14, 402.56, 0.0610042
FILLER_0_142_693, 325.14, 397.12, 0.0611922
FILLER_0_140_693, 325.14, 391.68, 0.0608996
FILLER_0_138_693, 325.14, 386.24, 0.0610794
_06736_, 325.14, 380.8, 0.0607717
_06737_, 325.14, 380.8, 0.0607717
ANTENNA__11193__RESET_B, 325.14, 380.8, 0.0607717
FILLER_0_135_685, 325.14, 380.8, 0.0607717
FILLER_0_136_695, 325.14, 380.8, 0.0607717
_11193_, 325.14, 375.36, 0.0607201
_11287_, 325.14, 375.36, 0.0607201
ANTENNA__06738__S, 325.14, 375.36, 0.0607201
ANTENNA__11287__RESET_B, 325.14, 375.36, 0.0607201
FILLER_0_133_685, 325.14, 375.36, 0.0607201
FILLER_0_133_692, 325.14, 375.36, 0.0607201
_09235_, 325.14, 369.92, 0.060653
_09236_, 325.14, 369.92, 0.060653
_09240_, 325.14, 369.92, 0.060653
hold278, 325.14, 369.92, 0.060653
FILLER_0_132_701, 325.14, 369.92, 0.060653
_06207_, 325.14, 364.48, 0.0608485
_09239_, 325.14, 364.48, 0.0608485
ANTENNA__11194__RESET_B, 325.14, 364.48, 0.0608485
FILLER_0_130_693, 325.14, 364.48, 0.0608485
ANTENNA__05789__A, 325.14, 359.04, 0.0604431
ANTENNA_clkbuf_leaf_35_clk_A, 325.14, 359.04, 0.0604431
FILLER_0_129_701, 325.14, 359.04, 0.0604431
_06078_, 325.14, 353.6, 0.0605397
FILLER_0_126_693, 325.14, 353.6, 0.0605397
FILLER_0_126_701, 325.14, 353.6, 0.0605397
FILLER_0_127_695, 325.14, 353.6, 0.0605397
_06734_, 325.14, 348.16, 0.0601847
_09229_, 325.14, 348.16, 0.0601847
_09231_, 325.14, 348.16, 0.0601847
hold223, 325.14, 348.16, 0.0601847
ANTENNA__06734__S, 325.14, 348.16, 0.0601847
_06035_, 325.14, 342.72, 0.0600213
_06036_, 325.14, 342.72, 0.0600213
FILLER_0_121_687, 325.14, 342.72, 0.0600213
FILLER_0_122_694, 325.14, 342.72, 0.0600213
FILLER_0_122_701, 325.14, 342.72, 0.0600213
_06032_, 325.14, 337.28, 0.0599297
_06033_, 325.14, 337.28, 0.0599297
_06076_, 325.14, 337.28, 0.0599297
_06077_, 325.14, 337.28, 0.0599297
_11285_, 325.14, 337.28, 0.0599297
ANTENNA__11285__RESET_B, 325.14, 337.28, 0.0599297
FILLER_0_120_685, 325.14, 337.28, 0.0599297
FILLER_0_120_697, 325.14, 337.28, 0.0599297
FILLER_0_120_701, 325.14, 337.28, 0.0599297
_09223_, 325.14, 331.84, 0.0595368
_09224_, 325.14, 331.84, 0.0595368
FILLER_0_118_697, 325.14, 331.84, 0.0595368
_05992_, 325.14, 326.4, 0.0596192
_05993_, 325.14, 326.4, 0.0596192
_05994_, 325.14, 326.4, 0.0596192
clkbuf_leaf_34_clk, 325.14, 326.4, 0.0596192
FILLER_0_117_700, 325.14, 326.4, 0.0596192
_11190_, 325.14, 320.96, 0.0591868
ANTENNA__11190__RESET_B, 325.14, 320.96, 0.0591868
_06730_, 325.14, 315.52, 0.0588801
_06731_, 325.14, 315.52, 0.0588801
_11284_, 325.14, 315.52, 0.0588801
_09217_, 325.14, 310.08, 0.0588548
_09218_, 325.14, 310.08, 0.0588548
FILLER_0_110_694, 325.14, 310.08, 0.0588548
FILLER_0_110_701, 325.14, 310.08, 0.0588548
_05957_, 325.14, 304.64, 0.0583419
_05958_, 325.14, 304.64, 0.0583419
FILLER_0_107_688, 325.14, 304.64, 0.0583419
FILLER_0_108_689, 325.14, 304.64, 0.0583419
FILLER_0_108_697, 325.14, 304.64, 0.0583419
_05914_, 325.14, 299.2, 0.0579262
_05916_, 325.14, 299.2, 0.0579262
_05917_, 325.14, 299.2, 0.0579262
_05956_, 325.14, 299.2, 0.0579262
FILLER_0_106_701, 325.14, 299.2, 0.0579262
_05915_, 325.14, 293.76, 0.0578505
FILLER_0_104_693, 325.14, 293.76, 0.0578505
FILLER_0_104_701, 325.14, 293.76, 0.0578505
FILLER_0_105_702, 325.14, 293.76, 0.0578505
_09210_, 325.14, 288.32, 0.0574238
_11283_, 325.14, 288.32, 0.0574238
ANTENNA__11283__RESET_B, 325.14, 288.32, 0.0574238
FILLER_0_102_689, 325.14, 288.32, 0.0574238
FILLER_0_102_697, 325.14, 288.32, 0.0574238
_06728_, 325.14, 282.88, 0.057083
_09211_, 325.14, 282.88, 0.057083
ANTENNA__11229__RESET_B, 325.14, 282.88, 0.057083
FILLER_0_100_687, 325.14, 282.88, 0.057083
FILLER_0_100_695, 325.14, 282.88, 0.057083
_05891_, 325.14, 277.44, 0.0568445
_05929_, 325.14, 277.44, 0.0568445
FILLER_0_98_693, 325.14, 277.44, 0.0568445
_09205_, 325.14, 272, 0.0562652
_11282_, 325.14, 272, 0.0562652
ANTENNA__11282__RESET_B, 325.14, 272, 0.0562652
FILLER_0_96_689, 325.14, 272, 0.0562652
FILLER_0_96_696, 325.14, 272, 0.0562652
FILLER_0_96_705, 325.14, 272, 0.0562652
_05876_, 325.14, 266.56, 0.0561429
_05877_, 325.14, 266.56, 0.0561429
_05879_, 325.14, 266.56, 0.0561429
FILLER_0_93_685, 325.14, 266.56, 0.0561429
FILLER_0_94_694, 325.14, 266.56, 0.0561429
_05878_, 325.14, 261.12, 0.0559763
ANTENNA_hold360_A, 325.14, 261.12, 0.0559763
ANTENNA_hold152_A, 325.14, 261.12, 0.0559763
ANTENNA__11226__RESET_B, 325.14, 261.12, 0.0559763
FILLER_0_91_686, 325.14, 261.12, 0.0559763
FILLER_0_92_695, 325.14, 261.12, 0.0559763
FILLER_0_93_695, 325.14, 261.12, 0.0559763
_11281_, 325.14, 255.68, 0.0554427
clkbuf_leaf_46_clk, 325.14, 255.68, 0.0554427
ANTENNA__11225__RESET_B, 325.14, 255.68, 0.0554427
ANTENNA__11281__RESET_B, 325.14, 255.68, 0.0554427
ANTENNA_clkbuf_leaf_46_clk_A, 325.14, 255.68, 0.0554427
FILLER_0_90_689, 325.14, 255.68, 0.0554427
FILLER_0_91_695, 325.14, 255.68, 0.0554427
_05850_, 325.14, 250.24, 0.0552109
_05852_, 325.14, 250.24, 0.0552109
_05887_, 325.14, 250.24, 0.0552109
_09199_, 325.14, 250.24, 0.0552109
FILLER_0_87_688, 325.14, 250.24, 0.0552109
FILLER_0_88_697, 325.14, 250.24, 0.0552109
_05873_, 325.14, 244.8, 0.0545507
ANTENNA__11224__RESET_B, 325.14, 244.8, 0.0545507
FILLER_0_86_691, 325.14, 244.8, 0.0545507
_05833_, 325.14, 239.36, 0.054236
_05835_, 325.14, 239.36, 0.054236
_05836_, 325.14, 239.36, 0.054236
ANTENNA__05831__B, 325.14, 239.36, 0.054236
FILLER_0_83_686, 325.14, 239.36, 0.054236
FILLER_0_84_693, 325.14, 239.36, 0.054236
FILLER_0_85_702, 325.14, 239.36, 0.054236
_05798_, 325.14, 233.92, 0.053986
_05799_, 325.14, 233.92, 0.053986
_05801_, 325.14, 233.92, 0.053986
_05812_, 325.14, 233.92, 0.053986
_05834_, 325.14, 233.92, 0.053986
_05814_, 325.14, 228.48, 0.0535026
_05816_, 325.14, 228.48, 0.0535026
FILLER_0_80_695, 325.14, 228.48, 0.0535026
hold23, 325.14, 223.04, 0.0531126
ANTENNA__11333__RESET_B, 325.14, 223.04, 0.0531126
FILLER_0_78_687, 325.14, 223.04, 0.0531126
FILLER_0_78_695, 325.14, 223.04, 0.0531126
FILLER_0_78_701, 325.14, 223.04, 0.0531126
FILLER_0_79_700, 325.14, 223.04, 0.0531126
_05769_, 325.14, 217.6, 0.0530518
_05770_, 325.14, 217.6, 0.0530518
_05815_, 325.14, 217.6, 0.0530518
_10395_, 325.14, 217.6, 0.0530518
ANTENNA__10395__S, 325.14, 217.6, 0.0530518
FILLER_0_75_684, 325.14, 217.6, 0.0530518
FILLER_0_77_705, 325.14, 217.6, 0.0530518
_05771_, 325.14, 212.16, 0.0524288
_05773_, 325.14, 212.16, 0.0524288
ANTENNA__10395__A1, 325.14, 212.16, 0.0524288
ANTENNA__05734__B, 325.14, 212.16, 0.0524288
ANTENNA__11227__RESET_B, 325.14, 212.16, 0.0524288
FILLER_0_73_690, 325.14, 212.16, 0.0524288
FILLER_0_74_692, 325.14, 212.16, 0.0524288
_05736_, 325.14, 206.72, 0.0523222
_05737_, 325.14, 206.72, 0.0523222
_05772_, 325.14, 206.72, 0.0523222
_05811_, 325.14, 206.72, 0.0523222
ANTENNA__05735__A_N, 325.14, 206.72, 0.0523222
_05733_, 325.14, 201.28, 0.0517907
_05768_, 325.14, 201.28, 0.0517907
ANTENNA__05691__A, 325.14, 201.28, 0.0517907
ANTENNA__05690__B, 325.14, 201.28, 0.0517907
FILLER_0_69_694, 325.14, 201.28, 0.0517907
_05695_, 325.14, 195.84, 0.0514491
_05732_, 325.14, 195.84, 0.0514491
_05738_, 325.14, 195.84, 0.0514491
ANTENNA__05657__A_N, 325.14, 195.84, 0.0514491
FILLER_0_67_689, 325.14, 195.84, 0.0514491
FILLER_0_68_695, 325.14, 195.84, 0.0514491
_05658_, 325.14, 190.4, 0.0514017
_11279_, 325.14, 190.4, 0.0514017
ANTENNA__11279__RESET_B, 325.14, 190.4, 0.0514017
FILLER_0_66_694, 325.14, 190.4, 0.0514017
_05660_, 325.14, 184.96, 0.050809
_05689_, 325.14, 184.96, 0.050809
_05755_, 325.14, 184.96, 0.050809
_05756_, 325.14, 184.96, 0.050809
_05757_, 325.14, 184.96, 0.050809
_05800_, 325.14, 184.96, 0.050809
_05717_, 325.14, 179.52, 0.0504608
_05718_, 325.14, 179.52, 0.0504608
_05758_, 325.14, 179.52, 0.0504608
ANTENNA__05717__A, 325.14, 179.52, 0.0504608
FILLER_0_62_696, 325.14, 179.52, 0.0504608
_05599_, 325.14, 174.08, 0.0505267
_05716_, 325.14, 174.08, 0.0505267
_05719_, 325.14, 174.08, 0.0505267
ANTENNA__05716__A, 325.14, 174.08, 0.0505267
FILLER_0_59_690, 325.14, 174.08, 0.0505267
_06687_, 325.14, 168.64, 0.0500374
_09087_, 325.14, 168.64, 0.0500374
_11169_, 325.14, 168.64, 0.0500374
hold198, 325.14, 168.64, 0.0500374
ANTENNA__09086__S, 325.14, 168.64, 0.0500374
ANTENNA__11169__RESET_B, 325.14, 168.64, 0.0500374
FILLER_0_58_689, 325.14, 168.64, 0.0500374
_08801_, 325.14, 163.2, 0.0498157
_09086_, 325.14, 163.2, 0.0498157
_09382_, 325.14, 163.2, 0.0498157
clkbuf_leaf_53_clk, 325.14, 163.2, 0.0498157
FILLER_0_56_697, 325.14, 163.2, 0.0498157
_05676_, 325.14, 157.76, 0.0499131
_05677_, 325.14, 157.76, 0.0499131
_05714_, 325.14, 157.76, 0.0499131
_05715_, 325.14, 157.76, 0.0499131
ANTENNA__08802__S, 325.14, 157.76, 0.0499131
ANTENNA__05677__A, 325.14, 157.76, 0.0499131
ANTENNA__05676__A, 325.14, 157.76, 0.0499131
FILLER_0_54_685, 325.14, 157.76, 0.0499131
FILLER_0_54_693, 325.14, 157.76, 0.0499131
_05642_, 325.14, 152.32, 0.0493797
_05644_, 325.14, 152.32, 0.0493797
_05678_, 325.14, 152.32, 0.0493797
_05679_, 325.14, 152.32, 0.0493797
_05680_, 325.14, 152.32, 0.0493797
_05643_, 325.14, 146.88, 0.0495252
_05645_, 325.14, 146.88, 0.0495252
ANTENNA__05643__A, 325.14, 146.88, 0.0495252
ANTENNA__11252__RESET_B, 325.14, 146.88, 0.0495252
FILLER_0_49_694, 325.14, 146.88, 0.0495252
FILLER_0_50_691, 325.14, 146.88, 0.0495252
_05646_, 325.14, 141.44, 0.049264
_10396_, 325.14, 141.44, 0.049264
ANTENNA__11251__RESET_B, 325.14, 141.44, 0.049264
FILLER_0_47_687, 325.14, 141.44, 0.049264
FILLER_0_48_701, 325.14, 141.44, 0.049264
_05611_, 325.14, 136, 0.0491886
_05613_, 325.14, 136, 0.0491886
_05631_, 325.14, 136, 0.0491886
_05632_, 325.14, 136, 0.0491886
_05635_, 325.14, 136, 0.0491886
_05636_, 325.14, 136, 0.0491886
_05641_, 325.14, 136, 0.0491886
ANTENNA__05611__A, 325.14, 136, 0.0491886
ANTENNA__11346__RESET_B, 325.14, 136, 0.0491886
_05610_, 325.14, 130.56, 0.0490913
_05634_, 325.14, 130.56, 0.0490913
ANTENNA__05610__A, 325.14, 130.56, 0.0490913
FILLER_0_44_685, 325.14, 130.56, 0.0490913
FILLER_0_44_697, 325.14, 130.56, 0.0490913
FILLER_0_44_701, 325.14, 130.56, 0.0490913
_11249_, 325.14, 125.12, 0.0494326
ANTENNA_hold137_A, 325.14, 125.12, 0.0494326
ANTENNA__11261__RESET_B, 325.14, 125.12, 0.0494326
ANTENNA__11249__RESET_B, 325.14, 125.12, 0.0494326
FILLER_0_42_697, 325.14, 125.12, 0.0494326
FILLER_0_43_697, 325.14, 125.12, 0.0494326
_06545_, 325.14, 119.68, 0.0490838
hold99, 325.14, 119.68, 0.0490838
ANTENNA__08639__A2, 325.14, 119.68, 0.0490838
FILLER_0_39_691, 325.14, 119.68, 0.0490838
_11250_, 325.14, 114.24, 0.0495615
hold92, 325.14, 114.24, 0.0495615
ANTENNA__06545__A, 325.14, 114.24, 0.0495615
ANTENNA__11262__RESET_B, 325.14, 114.24, 0.0495615
ANTENNA__11250__RESET_B, 325.14, 114.24, 0.0495615
FILLER_0_38_697, 325.14, 114.24, 0.0495615
FILLER_0_39_701, 325.14, 114.24, 0.0495615
_08578_, 325.14, 108.8, 0.0491983
_08636_, 325.14, 108.8, 0.0491983
ANTENNA__08578__B1, 325.14, 108.8, 0.0491983
FILLER_0_36_697, 325.14, 108.8, 0.0491983
_08577_, 325.14, 103.36, 0.0491223
_11248_, 325.14, 103.36, 0.0491223
hold75, 325.14, 103.36, 0.0491223
ANTENNA__11248__RESET_B, 325.14, 103.36, 0.0491223
FILLER_0_34_705, 325.14, 103.36, 0.0491223
_11247_, 325.14, 97.92, 0.0493662
ANTENNA__11247__RESET_B, 325.14, 97.92, 0.0493662
_08461_, 325.14, 92.48, 0.0491947
_08462_, 325.14, 92.48, 0.0491947
_08516_, 325.14, 92.48, 0.0491947
_08517_, 325.14, 92.48, 0.0491947
hold98, 325.14, 92.48, 0.0491947
FILLER_0_30_697, 325.14, 92.48, 0.0491947
_08463_, 325.14, 87.04, 0.0493902
ANTENNA__08462__A2, 325.14, 87.04, 0.0493902
_08514_, 325.14, 81.6, 0.049159
FILLER_0_26_690, 325.14, 81.6, 0.049159
_08520_, 325.14, 76.16, 0.049181
FILLER_0_24_690, 325.14, 76.16, 0.049181
_08580_, 325.14, 70.72, 0.0495149
FILLER_0_22_696, 325.14, 70.72, 0.0495149
FILLER_0_20_690, 325.14, 65.28, 0.0491874
FILLER_0_18_691, 325.14, 59.84, 0.0491632
FILLER_0_16_697, 325.14, 54.4, 0.0496413
FILLER_0_10_695, 325.14, 38.08, 0.0495429
FILLER_0_8_691, 325.14, 32.64, 0.0492248
FILLER_0_6_693, 325.14, 27.2, 0.049433
FILLER_0_4_693, 325.14, 21.76, 0.0492377
FILLER_0_2_693, 325.14, 16.32, 0.0492585
FILLER_0_0_697, 325.14, 10.88, 0.0495308
FILLER_0_146_640, 295.14, 408, 0.0590607
FILLER_0_144_637, 295.14, 402.56, 0.0590003
FILLER_0_142_637, 295.14, 397.12, 0.0590326
FILLER_0_140_637, 295.14, 391.68, 0.0589607
FILLER_0_138_637, 295.14, 386.24, 0.0589775
FILLER_0_135_629, 295.14, 380.8, 0.0589152
FILLER_0_136_637, 295.14, 380.8, 0.0589152
_10331_, 295.14, 375.36, 0.0589836
_11339_, 295.14, 375.36, 0.0589836
ANTENNA__08072__B1, 295.14, 375.36, 0.0589836
ANTENNA__08073__B2, 295.14, 375.36, 0.0589836
ANTENNA__11234__RESET_B, 295.14, 375.36, 0.0589836
FILLER_0_134_637, 295.14, 375.36, 0.0589836
hold461, 295.14, 369.92, 0.0590128
ANTENNA__11233__RESET_B, 295.14, 369.92, 0.0590128
FILLER_0_131_625, 295.14, 369.92, 0.0590128
FILLER_0_132_638, 295.14, 369.92, 0.0590128
_08007_, 295.14, 364.48, 0.0591176
_08045_, 295.14, 364.48, 0.0591176
clkbuf_leaf_32_clk, 295.14, 364.48, 0.0591176
hold457, 295.14, 364.48, 0.0591176
ANTENNA__08007__B1, 295.14, 364.48, 0.0591176
ANTENNA__06610__A, 295.14, 364.48, 0.0591176
ANTENNA__08045__A2, 295.14, 364.48, 0.0591176
FILLER_0_129_627, 295.14, 364.48, 0.0591176
FILLER_0_131_634, 295.14, 364.48, 0.0591176
_07966_, 295.14, 359.04, 0.0589057
_08006_, 295.14, 359.04, 0.0589057
_08008_, 295.14, 359.04, 0.0589057
_11233_, 295.14, 359.04, 0.0589057
hold469, 295.14, 359.04, 0.0589057
_07911_, 295.14, 353.6, 0.0587939
_07965_, 295.14, 353.6, 0.0587939
_07967_, 295.14, 353.6, 0.0587939
_11232_, 295.14, 353.6, 0.0587939
ANTENNA__07967__A, 295.14, 353.6, 0.0587939
ANTENNA__11232__RESET_B, 295.14, 353.6, 0.0587939
FILLER_0_126_628, 295.14, 353.6, 0.0587939
FILLER_0_126_635, 295.14, 353.6, 0.0587939
_07914_, 295.14, 348.16, 0.0587054
_07917_, 295.14, 348.16, 0.0587054
_07920_, 295.14, 348.16, 0.0587054
ANTENNA__08008__B2, 295.14, 348.16, 0.0587054
FILLER_0_124_629, 295.14, 348.16, 0.0587054
FILLER_0_124_640, 295.14, 348.16, 0.0587054
FILLER_0_125_638, 295.14, 348.16, 0.0587054
_07855_, 295.14, 342.72, 0.0585097
_07912_, 295.14, 342.72, 0.0585097
_07913_, 295.14, 342.72, 0.0585097
FILLER_0_122_639, 295.14, 342.72, 0.0585097
_10381_, 295.14, 337.28, 0.0580055
_11341_, 295.14, 337.28, 0.0580055
ANTENNA__10380__S, 295.14, 337.28, 0.0580055
ANTENNA__11341__RESET_B, 295.14, 337.28, 0.0580055
FILLER_0_120_637, 295.14, 337.28, 0.0580055
_07798_, 295.14, 331.84, 0.0579854
_07853_, 295.14, 331.84, 0.0579854
_07854_, 295.14, 331.84, 0.0579854
_10380_, 295.14, 331.84, 0.0579854
ANTENNA__10380__A1, 295.14, 326.4, 0.0575903
FILLER_0_115_629, 295.14, 326.4, 0.0575903
FILLER_0_116_633, 295.14, 326.4, 0.0575903
_07799_, 295.14, 320.96, 0.0576503
_07857_, 295.14, 320.96, 0.0576503
_07919_, 295.14, 320.96, 0.0576503
FILLER_0_113_626, 295.14, 320.96, 0.0576503
FILLER_0_114_625, 295.14, 320.96, 0.0576503
_07741_, 295.14, 315.52, 0.0572858
_07752_, 295.14, 315.52, 0.0572858
_07856_, 295.14, 315.52, 0.0572858
FILLER_0_112_637, 295.14, 315.52, 0.0572858
FILLER_0_113_634, 295.14, 315.52, 0.0572858
FILLER_0_113_640, 295.14, 315.52, 0.0572858
_07693_, 295.14, 310.08, 0.0570896
_07740_, 295.14, 310.08, 0.0570896
_07742_, 295.14, 310.08, 0.0570896
_07753_, 295.14, 310.08, 0.0570896
_07681_, 295.14, 304.64, 0.0567282
_07745_, 295.14, 304.64, 0.0567282
FILLER_0_109_631, 295.14, 304.64, 0.0567282
FILLER_0_106_637, 295.14, 299.2, 0.0561456
_07587_, 295.14, 293.76, 0.0559259
_07616_, 295.14, 293.76, 0.0559259
_07632_, 295.14, 293.76, 0.0559259
_07682_, 295.14, 293.76, 0.0559259
_07684_, 295.14, 293.76, 0.0559259
FILLER_0_104_634, 295.14, 293.76, 0.0559259
_07617_, 295.14, 288.32, 0.0555464
_07683_, 295.14, 288.32, 0.0555464
FILLER_0_102_625, 295.14, 288.32, 0.0555464
FILLER_0_102_640, 295.14, 288.32, 0.0555464
_07620_, 295.14, 282.88, 0.0553192
FILLER_0_100_629, 295.14, 282.88, 0.0553192
_07554_, 295.14, 277.44, 0.0548149
_07619_, 295.14, 277.44, 0.0548149
_07553_, 295.14, 272, 0.0544018
_07618_, 295.14, 272, 0.0544018
FILLER_0_95_629, 295.14, 272, 0.0544018
_07557_, 295.14, 266.56, 0.0543535
_07622_, 295.14, 266.56, 0.0543535
_07623_, 295.14, 266.56, 0.0543535
FILLER_0_93_629, 295.14, 266.56, 0.0543535
_07558_, 295.14, 261.12, 0.0538709
FILLER_0_92_633, 295.14, 261.12, 0.0538709
_07471_, 295.14, 255.68, 0.0534768
FILLER_0_90_637, 295.14, 255.68, 0.0534768
_07470_, 295.14, 250.24, 0.0531395
_07472_, 295.14, 250.24, 0.0531395
_07479_, 295.14, 250.24, 0.0531395
_07480_, 295.14, 250.24, 0.0531395
FILLER_0_88_622, 295.14, 250.24, 0.0531395
FILLER_0_89_636, 295.14, 250.24, 0.0531395
FILLER_0_85_627, 295.14, 244.8, 0.0525232
FILLER_0_86_634, 295.14, 244.8, 0.0525232
_07393_, 295.14, 239.36, 0.0523308
_07394_, 295.14, 239.36, 0.0523308
_07473_, 295.14, 239.36, 0.0523308
_07474_, 295.14, 239.36, 0.0523308
FILLER_0_84_639, 295.14, 239.36, 0.0523308
FILLER_0_83_632, 295.14, 233.92, 0.0516663
_07310_, 295.14, 228.48, 0.0514569
_07395_, 295.14, 228.48, 0.0514569
_07396_, 295.14, 228.48, 0.0514569
_07311_, 295.14, 223.04, 0.0508659
_07397_, 295.14, 223.04, 0.0508659
FILLER_0_77_629, 295.14, 223.04, 0.0508659
FILLER_0_78_620, 295.14, 223.04, 0.0508659
FILLER_0_79_640, 295.14, 223.04, 0.0508659
_07230_, 295.14, 217.6, 0.0506992
_07402_, 295.14, 217.6, 0.0506992
_07475_, 295.14, 217.6, 0.0506992
_07476_, 295.14, 217.6, 0.0506992
_07229_, 295.14, 212.16, 0.0501767
_07312_, 295.14, 212.16, 0.0501767
_07313_, 295.14, 212.16, 0.0501767
_07318_, 295.14, 212.16, 0.0501767
FILLER_0_73_626, 295.14, 212.16, 0.0501767
FILLER_0_74_625, 295.14, 212.16, 0.0501767
FILLER_0_75_636, 295.14, 212.16, 0.0501767
_07234_, 295.14, 206.72, 0.0496776
FILLER_0_72_637, 295.14, 206.72, 0.0496776
FILLER_0_73_635, 295.14, 206.72, 0.0496776
_07231_, 295.14, 201.28, 0.0493966
_07232_, 295.14, 201.28, 0.0493966
_07314_, 295.14, 201.28, 0.0493966
_07315_, 295.14, 201.28, 0.0493966
_07235_, 295.14, 195.84, 0.0488277
FILLER_0_68_633, 295.14, 195.84, 0.0488277
FILLER_0_69_634, 295.14, 195.84, 0.0488277
_07233_, 295.14, 190.4, 0.0485549
_07237_, 295.14, 190.4, 0.0485549
ANTENNA__07237__A1, 295.14, 190.4, 0.0485549
FILLER_0_65_627, 295.14, 190.4, 0.0485549
FILLER_0_66_623, 295.14, 190.4, 0.0485549
_07161_, 295.14, 184.96, 0.0480722
_07162_, 295.14, 184.96, 0.0480722
_07163_, 295.14, 184.96, 0.0480722
_11220_, 295.14, 184.96, 0.0480722
ANTENNA__11220__RESET_B, 295.14, 184.96, 0.0480722
FILLER_0_63_624, 295.14, 184.96, 0.0480722
_07089_, 295.14, 179.52, 0.0476457
_09846_, 295.14, 179.52, 0.0476457
ANTENNA__09846__A1, 295.14, 179.52, 0.0476457
FILLER_0_62_638, 295.14, 179.52, 0.0476457
_09720_, 295.14, 174.08, 0.0473995
_09721_, 295.14, 174.08, 0.0473995
_11329_, 295.14, 174.08, 0.0473995
ANTENNA__09721__B1, 295.14, 174.08, 0.0473995
ANTENNA__11329__RESET_B, 295.14, 174.08, 0.0473995
ANTENNA_clkbuf_leaf_50_clk_A, 295.14, 174.08, 0.0473995
FILLER_0_60_620, 295.14, 174.08, 0.0473995
FILLER_0_60_625, 295.14, 174.08, 0.0473995
FILLER_0_60_636, 295.14, 174.08, 0.0473995
_07094_, 295.14, 168.64, 0.0470593
_07095_, 295.14, 168.64, 0.0470593
_09722_, 295.14, 168.64, 0.0470593
clkbuf_leaf_50_clk, 295.14, 168.64, 0.0470593
hold28, 295.14, 168.64, 0.0470593
ANTENNA__07094__A, 295.14, 168.64, 0.0470593
ANTENNA__09722__A2, 295.14, 168.64, 0.0470593
_11327_, 295.14, 163.2, 0.0467373
ANTENNA__07095__B2, 295.14, 163.2, 0.0467373
ANTENNA__11327__RESET_B, 295.14, 163.2, 0.0467373
FILLER_0_57_632, 295.14, 163.2, 0.0467373
ANTENNA__11325__RESET_B, 295.14, 157.76, 0.0465394
FILLER_0_54_632, 295.14, 157.76, 0.0465394
_05565_, 295.14, 152.32, 0.0461894
_05566_, 295.14, 152.32, 0.0461894
_05580_, 295.14, 152.32, 0.0461894
_05581_, 295.14, 152.32, 0.0461894
_09514_, 295.14, 152.32, 0.0461894
hold468, 295.14, 152.32, 0.0461894
FILLER_0_53_637, 295.14, 152.32, 0.0461894
_05579_, 295.14, 146.88, 0.0461134
_05583_, 295.14, 146.88, 0.0461134
_05584_, 295.14, 146.88, 0.0461134
ANTENNA__09514__S, 295.14, 146.88, 0.0461134
FILLER_0_50_639, 295.14, 146.88, 0.0461134
FILLER_0_51_634, 295.14, 146.88, 0.0461134
_11219_, 295.14, 141.44, 0.0460988
ANTENNA__07031__S, 295.14, 141.44, 0.0460988
ANTENNA__11219__RESET_B, 295.14, 141.44, 0.0460988
FILLER_0_48_628, 295.14, 141.44, 0.0460988
FILLER_0_48_635, 295.14, 141.44, 0.0460988
_05623_, 295.14, 136, 0.0460494
_05625_, 295.14, 136, 0.0460494
FILLER_0_46_640, 295.14, 136, 0.0460494
FILLER_0_44_636, 295.14, 130.56, 0.0459664
FILLER_0_45_638, 295.14, 130.56, 0.0459664
_08897_, 295.14, 125.12, 0.0462316
_08898_, 295.14, 125.12, 0.0462316
_08899_, 295.14, 125.12, 0.0462316
ANTENNA__08898__B1, 295.14, 125.12, 0.0462316
ANTENNA__08223__A2, 295.14, 125.12, 0.0462316
FILLER_0_42_628, 295.14, 125.12, 0.0462316
_08252_, 295.14, 119.68, 0.0460834
hold42, 295.14, 119.68, 0.0460834
ANTENNA__08222__A, 295.14, 119.68, 0.0460834
FILLER_0_41_631, 295.14, 119.68, 0.0460834
FILLER_0_41_639, 295.14, 119.68, 0.0460834
_08250_, 295.14, 114.24, 0.0462072
_08251_, 295.14, 114.24, 0.0462072
_11244_, 295.14, 114.24, 0.0462072
ANTENNA__08251__B1, 295.14, 114.24, 0.0462072
ANTENNA__08252__B2, 295.14, 114.24, 0.0462072
ANTENNA__11244__RESET_B, 295.14, 114.24, 0.0462072
FILLER_0_38_634, 295.14, 114.24, 0.0462072
_08303_, 295.14, 108.8, 0.0461318
FILLER_0_36_625, 295.14, 108.8, 0.0461318
_08301_, 295.14, 103.36, 0.0461578
_08302_, 295.14, 103.36, 0.0461578
_08304_, 295.14, 103.36, 0.0461578
ANTENNA__08302__B1, 295.14, 103.36, 0.0461578
FILLER_0_34_630, 295.14, 103.36, 0.0461578
_08298_, 295.14, 97.92, 0.0462622
_08299_, 295.14, 97.92, 0.0462622
_08300_, 295.14, 97.92, 0.0462622
FILLER_0_31_625, 295.14, 97.92, 0.0462622
FILLER_0_32_637, 295.14, 97.92, 0.0462622
_08297_, 295.14, 92.48, 0.046279
FILLER_0_30_624, 295.14, 92.48, 0.046279
FILLER_0_30_639, 295.14, 92.48, 0.046279
_08295_, 295.14, 87.04, 0.0463683
_08296_, 295.14, 87.04, 0.0463683
_08287_, 295.14, 81.6, 0.0463365
_08290_, 295.14, 81.6, 0.0463365
_08288_, 295.14, 76.16, 0.0464389
_08289_, 295.14, 76.16, 0.0464389
_08291_, 295.14, 76.16, 0.0464389
_08292_, 295.14, 76.16, 0.0464389
_08337_, 295.14, 76.16, 0.0464389
_08285_, 295.14, 70.72, 0.0465383
ANTENNA__06746__A, 295.14, 70.72, 0.0465383
FILLER_0_21_621, 295.14, 70.72, 0.0465383
_08284_, 295.14, 65.28, 0.0465328
_08331_, 295.14, 65.28, 0.0465328
_08332_, 295.14, 65.28, 0.0465328
FILLER_0_21_634, 295.14, 65.28, 0.0465328
_08383_, 295.14, 59.84, 0.046507
FILLER_0_17_629, 295.14, 59.84, 0.046507
FILLER_0_18_637, 295.14, 59.84, 0.046507
FILLER_0_19_633, 295.14, 59.84, 0.046507
_08330_, 295.14, 54.4, 0.0467262
_08380_, 295.14, 54.4, 0.0467262
FILLER_0_16_621, 295.14, 54.4, 0.0467262
FILLER_0_16_638, 295.14, 54.4, 0.0467262
_08375_, 295.14, 48.96, 0.0466218
_08376_, 295.14, 48.96, 0.0466218
_08378_, 295.14, 48.96, 0.0466218
FILLER_0_14_627, 295.14, 48.96, 0.0466218
FILLER_0_14_639, 295.14, 48.96, 0.0466218
FILLER_0_15_634, 295.14, 48.96, 0.0466218
_08374_, 295.14, 43.52, 0.0466772
_08377_, 295.14, 43.52, 0.0466772
_08447_, 295.14, 43.52, 0.0466772
ANTENNA__08373__A1, 295.14, 43.52, 0.0466772
ANTENNA__08374__C, 295.14, 43.52, 0.0466772
ANTENNA__08373__A2, 295.14, 43.52, 0.0466772
FILLER_0_12_621, 295.14, 43.52, 0.0466772
FILLER_0_12_632, 295.14, 43.52, 0.0466772
_08373_, 295.14, 38.08, 0.0468034
_08434_, 295.14, 38.08, 0.0468034
_08435_, 295.14, 38.08, 0.0468034
ANTENNA__08435__A1, 295.14, 38.08, 0.0468034
ANTENNA__08434__B1, 295.14, 38.08, 0.0468034
FILLER_0_10_638, 295.14, 38.08, 0.0468034
FILLER_0_11_636, 295.14, 38.08, 0.0468034
_08504_, 295.14, 32.64, 0.046712
_08505_, 295.14, 32.64, 0.046712
_08571_, 295.14, 32.64, 0.046712
FILLER_0_8_633, 295.14, 32.64, 0.046712
FILLER_0_8_639, 295.14, 32.64, 0.046712
FILLER_0_9_635, 295.14, 32.64, 0.046712
_10399_, 295.14, 27.2, 0.0466899
hold224, 295.14, 27.2, 0.0466899
FILLER_0_6_639, 295.14, 27.2, 0.0466899
hold237, 295.14, 21.76, 0.0466432
ANTENNA__10397__S, 295.14, 21.76, 0.0466432
FILLER_0_4_636, 295.14, 21.76, 0.0466432
FILLER_0_146_557, 265.14, 408, 0.0571675
_08040_, 265.14, 380.8, 0.0571955
_08039_, 265.14, 375.36, 0.0573638
_08075_, 265.14, 375.36, 0.0573638
_08095_, 265.14, 375.36, 0.0573638
FILLER_0_133_557, 265.14, 375.36, 0.0573638
_07924_, 265.14, 369.92, 0.0572894
_07956_, 265.14, 369.92, 0.0572894
_07957_, 265.14, 369.92, 0.0572894
FILLER_0_132_570, 265.14, 369.92, 0.0572894
_07904_, 265.14, 364.48, 0.0571743
_07958_, 265.14, 364.48, 0.0571743
FILLER_0_129_556, 265.14, 364.48, 0.0571743
FILLER_0_130_558, 265.14, 364.48, 0.0571743
FILLER_0_131_567, 265.14, 364.48, 0.0571743
_07847_, 265.14, 359.04, 0.0569747
FILLER_0_129_573, 265.14, 359.04, 0.0569747
_07905_, 265.14, 353.6, 0.0567684
_07906_, 265.14, 353.6, 0.0567684
_07817_, 265.14, 348.16, 0.056672
_07848_, 265.14, 348.16, 0.056672
_07866_, 265.14, 348.16, 0.056672
FILLER_0_123_561, 265.14, 348.16, 0.056672
_08097_, 265.14, 342.72, 0.0563983
_11235_, 265.14, 342.72, 0.0563983
ANTENNA__08097__B, 265.14, 342.72, 0.0563983
ANTENNA__11235__RESET_B, 265.14, 342.72, 0.0563983
FILLER_0_121_556, 265.14, 342.72, 0.0563983
_07766_, 265.14, 337.28, 0.0561319
_07805_, 265.14, 337.28, 0.0561319
FILLER_0_119_561, 265.14, 337.28, 0.0561319
_07702_, 265.14, 331.84, 0.056027
_07756_, 265.14, 331.84, 0.056027
_07791_, 265.14, 331.84, 0.056027
_07845_, 265.14, 331.84, 0.056027
FILLER_0_119_569, 265.14, 331.84, 0.056027
FILLER_0_115_561, 265.14, 326.4, 0.0556455
_07731_, 265.14, 320.96, 0.0555434
_07732_, 265.14, 320.96, 0.0555434
_07733_, 265.14, 320.96, 0.0555434
_07734_, 265.14, 320.96, 0.0555434
_07657_, 265.14, 315.52, 0.0551108
FILLER_0_111_557, 265.14, 315.52, 0.0551108
FILLER_0_111_561, 265.14, 315.52, 0.0551108
FILLER_0_112_569, 265.14, 315.52, 0.0551108
FILLER_0_113_573, 265.14, 315.52, 0.0551108
_07672_, 265.14, 310.08, 0.0549031
_07675_, 265.14, 310.08, 0.0549031
_07695_, 265.14, 310.08, 0.0549031
_07735_, 265.14, 310.08, 0.0549031
FILLER_0_109_555, 265.14, 310.08, 0.0549031
FILLER_0_111_575, 265.14, 310.08, 0.0549031
_07674_, 265.14, 304.64, 0.0544891
FILLER_0_109_573, 265.14, 304.64, 0.0544891
_07600_, 265.14, 299.2, 0.0541696
_07611_, 265.14, 299.2, 0.0541696
FILLER_0_105_556, 265.14, 299.2, 0.0541696
FILLER_0_106_554, 265.14, 299.2, 0.0541696
FILLER_0_106_565, 265.14, 299.2, 0.0541696
_07528_, 265.14, 293.76, 0.0537956
_07536_, 265.14, 293.76, 0.0537956
_07601_, 265.14, 293.76, 0.0537956
FILLER_0_105_573, 265.14, 293.76, 0.0537956
_07529_, 265.14, 288.32, 0.0534183
_07549_, 265.14, 288.32, 0.0534183
_07570_, 265.14, 288.32, 0.0534183
FILLER_0_102_558, 265.14, 288.32, 0.0534183
FILLER_0_99_556, 265.14, 282.88, 0.053093
FILLER_0_101_573, 265.14, 282.88, 0.053093
_07444_, 265.14, 277.44, 0.0526797
_07452_, 265.14, 277.44, 0.0526797
_07463_, 265.14, 277.44, 0.0526797
FILLER_0_97_557, 265.14, 277.44, 0.0526797
_07455_, 265.14, 272, 0.0523415
_07457_, 265.14, 272, 0.0523415
_07464_, 265.14, 272, 0.0523415
FILLER_0_95_557, 265.14, 272, 0.0523415
FILLER_0_95_561, 265.14, 272, 0.0523415
FILLER_0_96_563, 265.14, 272, 0.0523415
FILLER_0_96_571, 265.14, 272, 0.0523415
_07323_, 265.14, 266.56, 0.0519235
_07324_, 265.14, 266.56, 0.0519235
_07327_, 265.14, 266.56, 0.0519235
ANTENNA__07324__A, 265.14, 266.56, 0.0519235
FILLER_0_93_557, 265.14, 266.56, 0.0519235
_07328_, 265.14, 261.12, 0.051582
_07346_, 265.14, 261.12, 0.051582
FILLER_0_92_571, 265.14, 261.12, 0.051582
_07249_, 265.14, 255.68, 0.051076
_07332_, 265.14, 255.68, 0.051076
_07453_, 265.14, 255.68, 0.051076
ANTENNA__07343__A1, 265.14, 255.68, 0.051076
FILLER_0_91_574, 265.14, 255.68, 0.051076
_07238_, 265.14, 250.24, 0.0506862
_07242_, 265.14, 250.24, 0.0506862
_07250_, 265.14, 250.24, 0.0506862
clkbuf_3_6__f_clk, 265.14, 250.24, 0.0506862
ANTENNA__07174__B, 265.14, 250.24, 0.0506862
ANTENNA_clkbuf_3_6__f_clk_A, 265.14, 250.24, 0.0506862
FILLER_0_88_569, 265.14, 250.24, 0.0506862
_07181_, 265.14, 244.8, 0.050171
_07190_, 265.14, 239.36, 0.0497934
_07191_, 265.14, 239.36, 0.0497934
_07275_, 265.14, 239.36, 0.0497934
_07299_, 265.14, 239.36, 0.0497934
FILLER_0_83_557, 265.14, 239.36, 0.0497934
FILLER_0_85_573, 265.14, 239.36, 0.0497934
_07220_, 265.14, 233.92, 0.0492044
ANTENNA__07099__A, 265.14, 233.92, 0.0492044
FILLER_0_81_557, 265.14, 233.92, 0.0492044
_07112_, 265.14, 228.48, 0.0488513
_07103_, 265.14, 223.04, 0.0482938
_07113_, 265.14, 223.04, 0.0482938
_07193_, 265.14, 223.04, 0.0482938
_07194_, 265.14, 223.04, 0.0482938
FILLER_0_77_557, 265.14, 223.04, 0.0482938
FILLER_0_78_561, 265.14, 223.04, 0.0482938
FILLER_0_78_570, 265.14, 223.04, 0.0482938
_07117_, 265.14, 217.6, 0.0478155
_07147_, 265.14, 217.6, 0.0478155
FILLER_0_75_557, 265.14, 217.6, 0.0478155
_07042_, 265.14, 212.16, 0.0473677
_07043_, 265.14, 212.16, 0.0473677
_07118_, 265.14, 212.16, 0.0473677
_07146_, 265.14, 212.16, 0.0473677
FILLER_0_73_555, 265.14, 212.16, 0.0473677
FILLER_0_74_571, 265.14, 212.16, 0.0473677
FILLER_0_75_571, 265.14, 212.16, 0.0473677
_07033_, 265.14, 206.72, 0.0468173
_07075_, 265.14, 206.72, 0.0468173
FILLER_0_71_557, 265.14, 206.72, 0.0468173
FILLER_0_72_564, 265.14, 206.72, 0.0468173
_06989_, 265.14, 201.28, 0.0463808
_07017_, 265.14, 201.28, 0.0463808
_07045_, 265.14, 201.28, 0.0463808
FILLER_0_70_560, 265.14, 201.28, 0.0463808
_06992_, 265.14, 195.84, 0.0458137
FILLER_0_67_557, 265.14, 195.84, 0.0458137
_06941_, 265.14, 190.4, 0.0454211
_06979_, 265.14, 190.4, 0.0454211
_07018_, 265.14, 190.4, 0.0454211
FILLER_0_66_567, 265.14, 190.4, 0.0454211
_07026_, 265.14, 184.96, 0.0448621
FILLER_0_65_573, 265.14, 184.96, 0.0448621
_06942_, 265.14, 179.52, 0.0444021
_06943_, 265.14, 179.52, 0.0444021
_06970_, 265.14, 179.52, 0.0444021
_07023_, 265.14, 179.52, 0.0444021
FILLER_0_61_555, 265.14, 179.52, 0.0444021
FILLER_0_61_561, 265.14, 179.52, 0.0444021
FILLER_0_62_557, 265.14, 179.52, 0.0444021
FILLER_0_62_568, 265.14, 179.52, 0.0444021
FILLER_0_63_567, 265.14, 179.52, 0.0444021
_06920_, 265.14, 174.08, 0.0440227
_06921_, 265.14, 174.08, 0.0440227
_06922_, 265.14, 174.08, 0.0440227
_06971_, 265.14, 174.08, 0.0440227
FILLER_0_61_569, 265.14, 174.08, 0.0440227
_06881_, 265.14, 168.64, 0.0435708
_06845_, 265.14, 163.2, 0.0431947
_06882_, 265.14, 163.2, 0.0431947
_06923_, 265.14, 163.2, 0.0431947
_06925_, 265.14, 163.2, 0.0431947
_06876_, 265.14, 157.76, 0.042821
_06877_, 265.14, 157.76, 0.042821
ANTENNA__06928__B1, 265.14, 157.76, 0.042821
FILLER_0_53_561, 265.14, 157.76, 0.042821
FILLER_0_54_571, 265.14, 157.76, 0.042821
_06878_, 265.14, 152.32, 0.0424382
ANTENNA__11213__RESET_B, 265.14, 152.32, 0.0424382
ANTENNA_fanout94_A, 265.14, 152.32, 0.0424382
FILLER_0_52_575, 265.14, 152.32, 0.0424382
_05575_, 265.14, 146.88, 0.0423626
_06880_, 265.14, 146.88, 0.0423626
fanout94, 265.14, 146.88, 0.0423626
FILLER_0_49_561, 265.14, 146.88, 0.0423626
_05574_, 265.14, 141.44, 0.0423918
_06879_, 265.14, 141.44, 0.0423918
_11214_, 265.14, 141.44, 0.0423918
ANTENNA__11214__RESET_B, 265.14, 141.44, 0.0423918
ANTENNA__11212__RESET_B, 265.14, 141.44, 0.0423918
FILLER_0_48_562, 265.14, 141.44, 0.0423918
_05617_, 265.14, 136, 0.0424287
ANTENNA__08100__A2, 265.14, 136, 0.0424287
ANTENNA__08107__A2, 265.14, 136, 0.0424287
ANTENNA__11239__RESET_B, 265.14, 136, 0.0424287
ANTENNA__11236__RESET_B, 265.14, 136, 0.0424287
FILLER_0_46_567, 265.14, 136, 0.0424287
FILLER_0_47_573, 265.14, 136, 0.0424287
_05616_, 265.14, 130.56, 0.0424826
_11239_, 265.14, 130.56, 0.0424826
hold34, 265.14, 130.56, 0.0424826
hold41, 265.14, 130.56, 0.0424826
ANTENNA__08106__A, 265.14, 130.56, 0.0424826
_08106_, 265.14, 125.12, 0.0426188
_08119_, 265.14, 125.12, 0.0426188
_11238_, 265.14, 125.12, 0.0426188
hold53, 265.14, 125.12, 0.0426188
ANTENNA__11237__RESET_B, 265.14, 125.12, 0.0426188
FILLER_0_42_561, 265.14, 125.12, 0.0426188
_08117_, 265.14, 119.68, 0.0428018
_08118_, 265.14, 119.68, 0.0428018
clkbuf_3_4__f_clk, 265.14, 119.68, 0.0428018
ANTENNA__08118__B1, 265.14, 119.68, 0.0428018
ANTENNA_clkbuf_3_4__f_clk_A, 265.14, 119.68, 0.0428018
FILLER_0_40_556, 265.14, 119.68, 0.0428018
_08127_, 265.14, 114.24, 0.0429377
ANTENNA__08120__C, 265.14, 114.24, 0.0429377
FILLER_0_37_555, 265.14, 114.24, 0.0429377
FILLER_0_38_570, 265.14, 114.24, 0.0429377
_08124_, 265.14, 108.8, 0.0428983
_08128_, 265.14, 108.8, 0.0428983
_08135_, 265.14, 108.8, 0.0428983
ANTENNA__08120__A, 265.14, 108.8, 0.0428983
FILLER_0_35_557, 265.14, 108.8, 0.0428983
FILLER_0_36_564, 265.14, 108.8, 0.0428983
_08148_, 265.14, 103.36, 0.0430211
_08149_, 265.14, 103.36, 0.0430211
_08138_, 265.14, 97.92, 0.0431346
_08150_, 265.14, 97.92, 0.0431346
_08157_, 265.14, 97.92, 0.0431346
ANTENNA__08138__A, 265.14, 97.92, 0.0431346
FILLER_0_31_554, 265.14, 97.92, 0.0431346
FILLER_0_32_561, 265.14, 97.92, 0.0431346
FILLER_0_32_572, 265.14, 97.92, 0.0431346
FILLER_0_33_569, 265.14, 97.92, 0.0431346
ANTENNA__08137__A, 265.14, 92.48, 0.0432391
FILLER_0_29_561, 265.14, 92.48, 0.0432391
FILLER_0_30_567, 265.14, 92.48, 0.0432391
FILLER_0_31_573, 265.14, 92.48, 0.0432391
_08136_, 265.14, 87.04, 0.043367
_08167_, 265.14, 87.04, 0.043367
_08172_, 265.14, 87.04, 0.043367
_08173_, 265.14, 87.04, 0.043367
_08210_, 265.14, 87.04, 0.043367
_08169_, 265.14, 81.6, 0.0433891
_08171_, 265.14, 81.6, 0.0433891
ANTENNA__08198__A, 265.14, 81.6, 0.0433891
ANTENNA__08169__A, 265.14, 81.6, 0.0433891
ANTENNA__08198__B, 265.14, 81.6, 0.0433891
ANTENNA__08169__B, 265.14, 81.6, 0.0433891
FILLER_0_26_573, 265.14, 81.6, 0.0433891
_08101_, 265.14, 76.16, 0.0435435
_08170_, 265.14, 76.16, 0.0435435
_08198_, 265.14, 76.16, 0.0435435
_08199_, 265.14, 76.16, 0.0435435
_08241_, 265.14, 76.16, 0.0435435
ANTENNA__08170__A, 265.14, 76.16, 0.0435435
ANTENNA__08170__B, 265.14, 76.16, 0.0435435
ANTENNA__08101__A, 265.14, 76.16, 0.0435435
FILLER_0_24_570, 265.14, 76.16, 0.0435435
_08102_, 265.14, 70.72, 0.0436392
_08105_, 265.14, 70.72, 0.0436392
ANTENNA__08101__B, 265.14, 70.72, 0.0436392
_08125_, 265.14, 65.28, 0.0437205
_08203_, 265.14, 65.28, 0.0437205
_08235_, 265.14, 65.28, 0.0437205
_08236_, 265.14, 65.28, 0.0437205
max_cap68, 265.14, 65.28, 0.0437205
ANTENNA__08125__B, 265.14, 65.28, 0.0437205
FILLER_0_20_559, 265.14, 65.28, 0.0437205
FILLER_0_20_568, 265.14, 65.28, 0.0437205
FILLER_0_21_573, 265.14, 65.28, 0.0437205
_08104_, 265.14, 59.84, 0.0437856
_08126_, 265.14, 59.84, 0.0437856
_08233_, 265.14, 59.84, 0.0437856
_08265_, 265.14, 59.84, 0.0437856
_08266_, 265.14, 59.84, 0.0437856
_08274_, 265.14, 59.84, 0.0437856
_08275_, 265.14, 59.84, 0.0437856
ANTENNA__08125__A, 265.14, 59.84, 0.0437856
ANTENNA__08104__A, 265.14, 59.84, 0.0437856
_08103_, 265.14, 54.4, 0.0438861
_08147_, 265.14, 54.4, 0.0438861
ANTENNA__08103__A, 265.14, 54.4, 0.0438861
ANTENNA__08103__B, 265.14, 54.4, 0.0438861
ANTENNA__08266__A1, 265.14, 54.4, 0.0438861
ANTENNA__08126__A, 265.14, 54.4, 0.0438861
FILLER_0_16_554, 265.14, 54.4, 0.0438861
FILLER_0_16_574, 265.14, 54.4, 0.0438861
FILLER_0_17_571, 265.14, 54.4, 0.0438861
_08307_, 265.14, 48.96, 0.0439259
_08308_, 265.14, 48.96, 0.0439259
_08309_, 265.14, 48.96, 0.0439259
_08367_, 265.14, 48.96, 0.0439259
ANTENNA__08367__A1, 265.14, 48.96, 0.0439259
ANTENNA__08367__A2, 265.14, 48.96, 0.0439259
FILLER_0_13_557, 265.14, 48.96, 0.0439259
FILLER_0_13_561, 265.14, 48.96, 0.0439259
FILLER_0_14_555, 265.14, 48.96, 0.0439259
FILLER_0_15_566, 265.14, 48.96, 0.0439259
_08439_, 265.14, 43.52, 0.0439795
_08496_, 265.14, 43.52, 0.0439795
ANTENNA__08439__A2, 265.14, 43.52, 0.0439795
ANTENNA__08439__A1, 265.14, 43.52, 0.0439795
FILLER_0_11_561, 265.14, 43.52, 0.0439795
FILLER_0_12_561, 265.14, 43.52, 0.0439795
FILLER_0_13_566, 265.14, 43.52, 0.0439795
_08497_, 265.14, 38.08, 0.0440716
_08498_, 265.14, 38.08, 0.0440716
_08499_, 265.14, 38.08, 0.0440716
_08523_, 265.14, 38.08, 0.0440716
ANTENNA__08523__A1, 265.14, 38.08, 0.0440716
ANTENNA__08523__A2, 265.14, 38.08, 0.0440716
FILLER_0_9_561, 265.14, 38.08, 0.0440716
_08432_, 265.14, 32.64, 0.0441567
_08433_, 265.14, 32.64, 0.0441567
_08490_, 265.14, 32.64, 0.0441567
_08501_, 265.14, 32.64, 0.0441567
FILLER_0_9_566, 265.14, 32.64, 0.0441567
_11350_, 265.14, 27.2, 0.0441373
ANTENNA__11350__RESET_B, 265.14, 27.2, 0.0441373
FILLER_0_5_561, 265.14, 27.2, 0.0441373
FILLER_0_6_557, 265.14, 27.2, 0.0441373
_10405_, 265.14, 21.76, 0.0440807
_10406_, 265.14, 21.76, 0.0440807
hold179, 265.14, 21.76, 0.0440807
ANTENNA__10406__S, 265.14, 21.76, 0.0440807
ANTENNA__10404__S, 265.14, 21.76, 0.0440807
ANTENNA__11351__RESET_B, 265.14, 21.76, 0.0440807
FILLER_0_4_558, 265.14, 21.76, 0.0440807
FILLER_0_5_575, 265.14, 21.76, 0.0440807
_10407_, 265.14, 16.32, 0.0440807
_10409_, 265.14, 16.32, 0.0440807
_10411_, 265.14, 16.32, 0.0440807
_11351_, 265.14, 16.32, 0.0440807
ANTENNA_clkbuf_leaf_61_clk_A, 265.14, 16.32, 0.0440807
FILLER_0_1_564, 265.14, 16.32, 0.0440807
FILLER_0_3_565, 265.14, 16.32, 0.0440807
_11352_, 265.14, 10.88, 0.0441033
hold323, 265.14, 10.88, 0.0441033
ANTENNA__11352__RESET_B, 265.14, 10.88, 0.0441033
FILLER_0_0_573, 265.14, 10.88, 0.0441033
FILLER_0_145_497, 235.14, 408, 0.0554211
FILLER_0_146_501, 235.14, 408, 0.0554211
FILLER_0_143_497, 235.14, 402.56, 0.0554153
FILLER_0_141_497, 235.14, 397.12, 0.0554112
FILLER_0_139_497, 235.14, 391.68, 0.0554068
_08035_, 235.14, 386.24, 0.055493
_08036_, 235.14, 380.8, 0.0555148
_08037_, 235.14, 380.8, 0.0555148
_08068_, 235.14, 380.8, 0.0555148
FILLER_0_135_496, 235.14, 380.8, 0.0555148
FILLER_0_136_502, 235.14, 380.8, 0.0555148
_07951_, 235.14, 375.36, 0.0554824
FILLER_0_134_509, 235.14, 375.36, 0.0554824
_07897_, 235.14, 369.92, 0.055344
_07899_, 235.14, 369.92, 0.055344
_07952_, 235.14, 369.92, 0.055344
FILLER_0_131_496, 235.14, 369.92, 0.055344
FILLER_0_132_501, 235.14, 369.92, 0.055344
FILLER_0_133_505, 235.14, 369.92, 0.055344
_07896_, 235.14, 364.48, 0.0552082
FILLER_0_131_505, 235.14, 364.48, 0.0552082
_07824_, 235.14, 359.04, 0.0550476
_07826_, 235.14, 359.04, 0.0550476
_07870_, 235.14, 359.04, 0.0550476
FILLER_0_128_489, 235.14, 359.04, 0.0550476
FILLER_0_128_507, 235.14, 359.04, 0.0550476
FILLER_0_129_505, 235.14, 359.04, 0.0550476
_07825_, 235.14, 353.6, 0.0548347
ANTENNA__07827__B, 235.14, 353.6, 0.0548347
FILLER_0_125_494, 235.14, 353.6, 0.0548347
FILLER_0_127_505, 235.14, 353.6, 0.0548347
_07872_, 235.14, 348.16, 0.0546735
_07875_, 235.14, 348.16, 0.0546735
_07925_, 235.14, 348.16, 0.0546735
_07933_, 235.14, 348.16, 0.0546735
FILLER_0_124_494, 235.14, 348.16, 0.0546735
FILLER_0_125_505, 235.14, 348.16, 0.0546735
ANTENNA__07872__A, 235.14, 342.72, 0.0544305
FILLER_0_121_499, 235.14, 342.72, 0.0544305
FILLER_0_122_505, 235.14, 342.72, 0.0544305
FILLER_0_123_505, 235.14, 342.72, 0.0544305
_07819_, 235.14, 337.28, 0.054232
ANTENNA__07699__A1, 235.14, 337.28, 0.054232
ANTENNA__07640__A, 235.14, 337.28, 0.054232
ANTENNA__07819__B2, 235.14, 337.28, 0.054232
ANTENNA__07696__A1_N, 235.14, 337.28, 0.054232
FILLER_0_120_493, 235.14, 337.28, 0.054232
FILLER_0_120_501, 235.14, 337.28, 0.054232
FILLER_0_121_505, 235.14, 337.28, 0.054232
_07640_, 235.14, 331.84, 0.0540676
_07696_, 235.14, 331.84, 0.0540676
_07785_, 235.14, 331.84, 0.0540676
_07787_, 235.14, 331.84, 0.0540676
ANTENNA__07785__A, 235.14, 331.84, 0.0540676
FILLER_0_117_497, 235.14, 331.84, 0.0540676
_07641_, 235.14, 326.4, 0.0537314
ANTENNA__07641__B2, 235.14, 326.4, 0.0537314
ANTENNA__07641__A1, 235.14, 326.4, 0.0537314
_07713_, 235.14, 320.96, 0.0535629
_07714_, 235.14, 320.96, 0.0535629
_07757_, 235.14, 320.96, 0.0535629
_07758_, 235.14, 320.96, 0.0535629
FILLER_0_114_489, 235.14, 320.96, 0.0535629
_07651_, 235.14, 315.52, 0.0531561
_07653_, 235.14, 315.52, 0.0531561
_07705_, 235.14, 315.52, 0.0531561
FILLER_0_112_505, 235.14, 315.52, 0.0531561
FILLER_0_113_505, 235.14, 315.52, 0.0531561
_07669_, 235.14, 310.08, 0.0528827
_07671_, 235.14, 310.08, 0.0528827
_07706_, 235.14, 310.08, 0.0528827
ANTENNA__07648__A1, 235.14, 310.08, 0.0528827
ANTENNA__07647__A, 235.14, 310.08, 0.0528827
ANTENNA__07828__A1, 235.14, 310.08, 0.0528827
FILLER_0_110_493, 235.14, 310.08, 0.0528827
_07668_, 235.14, 304.64, 0.0525126
_07670_, 235.14, 304.64, 0.0525126
ANTENNA__07670__A, 235.14, 304.64, 0.0525126
ANTENNA__07667__B2, 235.14, 304.64, 0.0525126
ANTENNA__07668__C, 235.14, 304.64, 0.0525126
ANTENNA__07670__B, 235.14, 304.64, 0.0525126
FILLER_0_107_497, 235.14, 304.64, 0.0525126
FILLER_0_108_499, 235.14, 304.64, 0.0525126
_07610_, 235.14, 299.2, 0.0522264
_07655_, 235.14, 299.2, 0.0522264
_07656_, 235.14, 299.2, 0.0522264
FILLER_0_105_490, 235.14, 299.2, 0.0522264
FILLER_0_106_499, 235.14, 299.2, 0.0522264
_07544_, 235.14, 293.76, 0.0518484
_07545_, 235.14, 293.76, 0.0518484
_07548_, 235.14, 293.76, 0.0518484
_07605_, 235.14, 293.76, 0.0518484
_07606_, 235.14, 293.76, 0.0518484
ANTENNA__07411__A, 235.14, 293.76, 0.0518484
ANTENNA__07608__A, 235.14, 293.76, 0.0518484
ANTENNA__07544__A, 235.14, 293.76, 0.0518484
_07541_, 235.14, 288.32, 0.0514186
ANTENNA__07542__A1, 235.14, 288.32, 0.0514186
ANTENNA__07410__A1, 235.14, 288.32, 0.0514186
ANTENNA__07544__B, 235.14, 288.32, 0.0514186
ANTENNA__07541__A, 235.14, 288.32, 0.0514186
FILLER_0_101_493, 235.14, 288.32, 0.0514186
FILLER_0_103_505, 235.14, 288.32, 0.0514186
_07459_, 235.14, 282.88, 0.0510794
_07461_, 235.14, 282.88, 0.0510794
_07462_, 235.14, 282.88, 0.0510794
_07542_, 235.14, 282.88, 0.0510794
ANTENNA__07459__A, 235.14, 282.88, 0.0510794
FILLER_0_99_498, 235.14, 282.88, 0.0510794
FILLER_0_100_489, 235.14, 282.88, 0.0510794
_07356_, 235.14, 277.44, 0.0506569
_07381_, 235.14, 277.44, 0.0506569
ANTENNA__07357__A, 235.14, 277.44, 0.0506569
ANTENNA__07459__B, 235.14, 277.44, 0.0506569
ANTENNA__07356__A, 235.14, 277.44, 0.0506569
ANTENNA__07356__B, 235.14, 277.44, 0.0506569
FILLER_0_99_505, 235.14, 277.44, 0.0506569
_07321_, 235.14, 272, 0.0503485
_07360_, 235.14, 272, 0.0503485
_07405_, 235.14, 272, 0.0503485
_07408_, 235.14, 272, 0.0503485
ANTENNA__07276__B2, 235.14, 272, 0.0503485
ANTENNA__07276__A1, 235.14, 272, 0.0503485
ANTENNA__06966__B, 235.14, 272, 0.0503485
ANTENNA__07276__B1, 235.14, 272, 0.0503485
ANTENNA__07170__B1, 235.14, 272, 0.0503485
FILLER_0_96_505, 235.14, 272, 0.0503485
FILLER_0_96_510, 235.14, 272, 0.0503485
_07383_, 235.14, 266.56, 0.0498058
_07406_, 235.14, 266.56, 0.0498058
ANTENNA__07321__B2, 235.14, 266.56, 0.0498058
ANTENNA__07322__A, 235.14, 266.56, 0.0498058
ANTENNA__07321__A2, 235.14, 266.56, 0.0498058
ANTENNA__07321__B1, 235.14, 266.56, 0.0498058
FILLER_0_93_493, 235.14, 266.56, 0.0498058
FILLER_0_94_502, 235.14, 266.56, 0.0498058
_07257_, 235.14, 261.12, 0.0495016
_07258_, 235.14, 261.12, 0.0495016
_07263_, 235.14, 261.12, 0.0495016
_07264_, 235.14, 261.12, 0.0495016
_07384_, 235.14, 261.12, 0.0495016
ANTENNA__07257__A, 235.14, 261.12, 0.0495016
ANTENNA__07406__A1, 235.14, 261.12, 0.0495016
FILLER_0_93_501, 235.14, 261.12, 0.0495016
_07261_, 235.14, 255.68, 0.0488251
ANTENNA__07261__A, 235.14, 255.68, 0.0488251
ANTENNA__07261__B, 235.14, 255.68, 0.0488251
ANTENNA__07384__A, 235.14, 255.68, 0.0488251
_07266_, 235.14, 250.24, 0.0483833
_07354_, 235.14, 250.24, 0.0483833
_07355_, 235.14, 250.24, 0.0483833
ANTENNA__07176__A, 235.14, 250.24, 0.0483833
ANTENNA__07176__B, 235.14, 250.24, 0.0483833
FILLER_0_87_495, 235.14, 250.24, 0.0483833
FILLER_0_88_509, 235.14, 250.24, 0.0483833
FILLER_0_89_500, 235.14, 250.24, 0.0483833
FILLER_0_89_505, 235.14, 250.24, 0.0483833
_07259_, 235.14, 244.8, 0.0478289
_07267_, 235.14, 244.8, 0.0478289
_07353_, 235.14, 244.8, 0.0478289
FILLER_0_85_498, 235.14, 244.8, 0.0478289
FILLER_0_86_494, 235.14, 244.8, 0.0478289
FILLER_0_86_502, 235.14, 244.8, 0.0478289
_07137_, 235.14, 239.36, 0.0473297
_07142_, 235.14, 239.36, 0.0473297
_07216_, 235.14, 239.36, 0.0473297
_07219_, 235.14, 239.36, 0.0473297
ANTENNA__07137__A, 235.14, 239.36, 0.0473297
ANTENNA__07137__B, 235.14, 239.36, 0.0473297
ANTENNA__07140__B, 235.14, 239.36, 0.0473297
ANTENNA_clkbuf_leaf_31_clk_A, 235.14, 239.36, 0.0473297
FILLER_0_84_490, 235.14, 239.36, 0.0473297
_06936_, 235.14, 233.92, 0.0468172
_07143_, 235.14, 233.92, 0.0468172
_07187_, 235.14, 233.92, 0.0468172
_07214_, 235.14, 233.92, 0.0468172
ANTENNA__07214__A1, 235.14, 233.92, 0.0468172
ANTENNA__06936__B1, 235.14, 233.92, 0.0468172
ANTENNA__07214__B1, 235.14, 233.92, 0.0468172
FILLER_0_83_501, 235.14, 233.92, 0.0468172
_07066_, 235.14, 228.48, 0.0462437
_07106_, 235.14, 228.48, 0.0462437
ANTENNA__06936__B2, 235.14, 228.48, 0.0462437
ANTENNA__07066__A, 235.14, 228.48, 0.0462437
ANTENNA__07065__A, 235.14, 228.48, 0.0462437
ANTENNA__06936__A2, 235.14, 228.48, 0.0462437
ANTENNA__07066__B, 235.14, 228.48, 0.0462437
ANTENNA__07106__B, 235.14, 228.48, 0.0462437
FILLER_0_79_498, 235.14, 228.48, 0.0462437
FILLER_0_80_496, 235.14, 228.48, 0.0462437
FILLER_0_81_501, 235.14, 228.48, 0.0462437
_07067_, 235.14, 223.04, 0.0457293
_07110_, 235.14, 223.04, 0.0457293
_07144_, 235.14, 223.04, 0.0457293
ANTENNA__07110__A, 235.14, 223.04, 0.0457293
ANTENNA__07069__A, 235.14, 223.04, 0.0457293
FILLER_0_78_505, 235.14, 223.04, 0.0457293
_07068_, 235.14, 217.6, 0.0451049
_07069_, 235.14, 217.6, 0.0451049
ANTENNA__07069__B, 235.14, 217.6, 0.0451049
ANTENNA__07068__A2, 235.14, 217.6, 0.0451049
ANTENNA_hold472_A, 235.14, 217.6, 0.0451049
ANTENNA_hold456_A, 235.14, 217.6, 0.0451049
FILLER_0_75_498, 235.14, 217.6, 0.0451049
FILLER_0_76_489, 235.14, 217.6, 0.0451049
FILLER_0_76_497, 235.14, 217.6, 0.0451049
_07013_, 235.14, 212.16, 0.0445274
_07014_, 235.14, 212.16, 0.0445274
_07070_, 235.14, 212.16, 0.0445274
_07072_, 235.14, 212.16, 0.0445274
_07116_, 235.14, 212.16, 0.0445274
ANTENNA__07013__A1, 235.14, 212.16, 0.0445274
ANTENNA__07014__C, 235.14, 212.16, 0.0445274
ANTENNA__11331__CLK, 235.14, 212.16, 0.0445274
_06866_, 235.14, 206.72, 0.0439194
_07009_, 235.14, 206.72, 0.0439194
_07012_, 235.14, 206.72, 0.0439194
_07015_, 235.14, 206.72, 0.0439194
_07016_, 235.14, 206.72, 0.0439194
_07071_, 235.14, 206.72, 0.0439194
ANTENNA__07014__A, 235.14, 206.72, 0.0439194
_06785_, 235.14, 201.28, 0.0432784
_06787_, 235.14, 201.28, 0.0432784
_06808_, 235.14, 201.28, 0.0432784
ANTENNA__06838__B, 235.14, 201.28, 0.0432784
ANTENNA__07012__A, 235.14, 201.28, 0.0432784
ANTENNA__07253__A, 235.14, 201.28, 0.0432784
ANTENNA__07009__B, 235.14, 201.28, 0.0432784
FILLER_0_70_492, 235.14, 201.28, 0.0432784
FILLER_0_70_500, 235.14, 201.28, 0.0432784
FILLER_0_71_509, 235.14, 201.28, 0.0432784
_06786_, 235.14, 195.84, 0.0426666
_07253_, 235.14, 195.84, 0.0426666
ANTENNA__06786__B, 235.14, 195.84, 0.0426666
ANTENNA__06785__A_N, 235.14, 195.84, 0.0426666
ANTENNA__06786__A_N, 235.14, 195.84, 0.0426666
FILLER_0_68_509, 235.14, 195.84, 0.0426666
ANTENNA__06832__B, 235.14, 190.4, 0.0420288
ANTENNA__06857__A, 235.14, 190.4, 0.0420288
ANTENNA__06898__B, 235.14, 190.4, 0.0420288
FILLER_0_66_496, 235.14, 190.4, 0.0420288
FILLER_0_66_504, 235.14, 190.4, 0.0420288
FILLER_0_67_505, 235.14, 190.4, 0.0420288
_06804_, 235.14, 184.96, 0.0414214
_06831_, 235.14, 184.96, 0.0414214
FILLER_0_65_500, 235.14, 184.96, 0.0414214
FILLER_0_65_505, 235.14, 184.96, 0.0414214
_06805_, 235.14, 179.52, 0.0408144
_06806_, 235.14, 179.52, 0.0408144
_06817_, 235.14, 179.52, 0.0408144
fanout96, 235.14, 179.52, 0.0408144
FILLER_0_63_505, 235.14, 179.52, 0.0408144
fanout95, 235.14, 174.08, 0.0402244
hold160, 235.14, 174.08, 0.0402244
ANTENNA__06803__B, 235.14, 174.08, 0.0402244
_09443_, 235.14, 168.64, 0.0396269
_09444_, 235.14, 168.64, 0.0396269
_09446_, 235.14, 168.64, 0.0396269
ANTENNA__09444__A1, 235.14, 168.64, 0.0396269
ANTENNA__09443__A2, 235.14, 168.64, 0.0396269
ANTENNA__11328__RESET_B, 235.14, 168.64, 0.0396269
_09436_, 235.14, 163.2, 0.0390585
_09445_, 235.14, 163.2, 0.0390585
_11319_, 235.14, 163.2, 0.0390585
hold168, 235.14, 163.2, 0.0390585
ANTENNA__09675__B2, 235.14, 163.2, 0.0390585
_09447_, 235.14, 157.76, 0.038519
_09461_, 235.14, 157.76, 0.038519
_09462_, 235.14, 157.76, 0.038519
_09487_, 235.14, 157.76, 0.038519
ANTENNA__09436__A, 235.14, 157.76, 0.038519
ANTENNA__09487__B1, 235.14, 157.76, 0.038519
ANTENNA__09436__B_N, 235.14, 157.76, 0.038519
ANTENNA__11326__RESET_B, 235.14, 157.76, 0.038519
FILLER_0_54_496, 235.14, 157.76, 0.038519
FILLER_0_54_505, 235.14, 157.76, 0.038519
_09488_, 235.14, 152.32, 0.0379475
hold131, 235.14, 152.32, 0.0379475
ANTENNA__09576__A2, 235.14, 152.32, 0.0379475
ANTENNA__11320__RESET_B, 235.14, 152.32, 0.0379475
FILLER_0_52_501, 235.14, 152.32, 0.0379475
FILLER_0_53_505, 235.14, 152.32, 0.0379475
_09486_, 235.14, 146.88, 0.0379429
clkbuf_leaf_65_clk, 235.14, 146.88, 0.0379429
FILLER_0_51_508, 235.14, 146.88, 0.0379429
_09437_, 235.14, 141.44, 0.0381021
ANTENNA__06788__B, 235.14, 141.44, 0.0381021
ANTENNA__09437__A2, 235.14, 141.44, 0.0381021
ANTENNA__11324__RESET_B, 235.14, 141.44, 0.0381021
ANTENNA__11323__RESET_B, 235.14, 141.44, 0.0381021
FILLER_0_48_493, 235.14, 141.44, 0.0381021
_06788_, 235.14, 136, 0.0383416
_11318_, 235.14, 136, 0.0383416
hold36, 235.14, 136, 0.0383416
ANTENNA__09437__B1, 235.14, 136, 0.0383416
ANTENNA__09020__B2, 235.14, 136, 0.0383416
ANTENNA__09020__B1, 235.14, 136, 0.0383416
_08988_, 235.14, 130.56, 0.0386001
clkbuf_leaf_64_clk, 235.14, 130.56, 0.0386001
ANTENNA__11318__RESET_B, 235.14, 130.56, 0.0386001
ANTENNA__11258__RESET_B, 235.14, 130.56, 0.0386001
FILLER_0_43_493, 235.14, 130.56, 0.0386001
FILLER_0_44_509, 235.14, 130.56, 0.0386001
FILLER_0_45_501, 235.14, 130.56, 0.0386001
FILLER_0_45_505, 235.14, 130.56, 0.0386001
_08952_, 235.14, 125.12, 0.0388841
_08953_, 235.14, 125.12, 0.0388841
_08984_, 235.14, 125.12, 0.0388841
_08986_, 235.14, 125.12, 0.0388841
ANTENNA__11256__RESET_B, 235.14, 125.12, 0.0388841
ANTENNA__11211__RESET_B, 235.14, 125.12, 0.0388841
FILLER_0_42_510, 235.14, 125.12, 0.0388841
FILLER_0_43_505, 235.14, 125.12, 0.0388841
_08985_, 235.14, 119.68, 0.03917
_11257_, 235.14, 119.68, 0.03917
FILLER_0_39_496, 235.14, 119.68, 0.03917
FILLER_0_41_501, 235.14, 119.68, 0.03917
_07109_, 235.14, 114.24, 0.0394517
_07168_, 235.14, 114.24, 0.0394517
FILLER_0_37_490, 235.14, 114.24, 0.0394517
FILLER_0_37_498, 235.14, 114.24, 0.0394517
_08793_, 235.14, 108.8, 0.0395672
_08804_, 235.14, 108.8, 0.0395672
_08842_, 235.14, 108.8, 0.0395672
_08843_, 235.14, 108.8, 0.0395672
_08844_, 235.14, 108.8, 0.0395672
ANTENNA__07109__A, 235.14, 108.8, 0.0395672
FILLER_0_36_507, 235.14, 108.8, 0.0395672
wire71, 235.14, 103.36, 0.0397345
ANTENNA_wire71_A, 235.14, 103.36, 0.0397345
FILLER_0_33_497, 235.14, 103.36, 0.0397345
FILLER_0_35_500, 235.14, 103.36, 0.0397345
FILLER_0_35_505, 235.14, 103.36, 0.0397345
_08737_, 235.14, 97.92, 0.0399495
_08738_, 235.14, 97.92, 0.0399495
_08794_, 235.14, 97.92, 0.0399495
FILLER_0_32_494, 235.14, 97.92, 0.0399495
_08714_, 235.14, 92.48, 0.0401625
FILLER_0_29_499, 235.14, 92.48, 0.0401625
FILLER_0_30_507, 235.14, 92.48, 0.0401625
_08682_, 235.14, 87.04, 0.0403652
_08683_, 235.14, 87.04, 0.0403652
_08684_, 235.14, 87.04, 0.0403652
_08687_, 235.14, 87.04, 0.0403652
_08736_, 235.14, 87.04, 0.0403652
FILLER_0_28_501, 235.14, 87.04, 0.0403652
_08656_, 235.14, 81.6, 0.0404532
_08657_, 235.14, 81.6, 0.0404532
_08701_, 235.14, 81.6, 0.0404532
ANTENNA__08162__A2, 235.14, 81.6, 0.0404532
FILLER_0_27_500, 235.14, 81.6, 0.0404532
_08653_, 235.14, 76.16, 0.0406734
_08654_, 235.14, 76.16, 0.0406734
_08655_, 235.14, 76.16, 0.0406734
_08659_, 235.14, 76.16, 0.0406734
_08700_, 235.14, 76.16, 0.0406734
ANTENNA__08656__B, 235.14, 76.16, 0.0406734
FILLER_0_23_491, 235.14, 76.16, 0.0406734
FILLER_0_23_498, 235.14, 76.16, 0.0406734
FILLER_0_24_491, 235.14, 76.16, 0.0406734
FILLER_0_24_503, 235.14, 76.16, 0.0406734
FILLER_0_25_505, 235.14, 76.16, 0.0406734
_08685_, 235.14, 70.72, 0.0408212
_08699_, 235.14, 70.72, 0.0408212
ANTENNA__08160__B, 235.14, 70.72, 0.0408212
ANTENNA__08159__B, 235.14, 70.72, 0.0408212
ANTENNA__08160__C, 235.14, 70.72, 0.0408212
FILLER_0_21_491, 235.14, 70.72, 0.0408212
FILLER_0_22_497, 235.14, 70.72, 0.0408212
FILLER_0_22_507, 235.14, 70.72, 0.0408212
FILLER_0_23_505, 235.14, 70.72, 0.0408212
_08160_, 235.14, 65.28, 0.0410049
_08187_, 235.14, 65.28, 0.0410049
_08626_, 235.14, 65.28, 0.0410049
_08686_, 235.14, 65.28, 0.0410049
ANTENNA__08187__C, 235.14, 65.28, 0.0410049
ANTENNA__08187__A, 235.14, 65.28, 0.0410049
ANTENNA__08160__A, 235.14, 65.28, 0.0410049
FILLER_0_20_503, 235.14, 65.28, 0.0410049
_08315_, 235.14, 59.84, 0.0411224
_08595_, 235.14, 59.84, 0.0411224
_08652_, 235.14, 59.84, 0.0411224
ANTENNA__08589__A, 235.14, 59.84, 0.0411224
ANTENNA__08187__B, 235.14, 59.84, 0.0411224
ANTENNA__08315__B, 235.14, 59.84, 0.0411224
ANTENNA__08315__A, 235.14, 59.84, 0.0411224
FILLER_0_17_496, 235.14, 59.84, 0.0411224
FILLER_0_19_505, 235.14, 59.84, 0.0411224
_08596_, 235.14, 54.4, 0.0412211
_08645_, 235.14, 54.4, 0.0412211
ANTENNA__08595__A, 235.14, 54.4, 0.0412211
FILLER_0_15_497, 235.14, 54.4, 0.0412211
FILLER_0_16_507, 235.14, 54.4, 0.0412211
FILLER_0_17_505, 235.14, 54.4, 0.0412211
_08598_, 235.14, 48.96, 0.0413468
_08599_, 235.14, 48.96, 0.0413468
_08600_, 235.14, 48.96, 0.0413468
_08644_, 235.14, 48.96, 0.0413468
FILLER_0_13_499, 235.14, 48.96, 0.0413468
FILLER_0_14_490, 235.14, 48.96, 0.0413468
_08529_, 235.14, 43.52, 0.0414029
_08531_, 235.14, 43.52, 0.0414029
_08532_, 235.14, 43.52, 0.0414029
_08586_, 235.14, 43.52, 0.0414029
ANTENNA__08531__A_N, 235.14, 43.52, 0.0414029
ANTENNA__08530__A2, 235.14, 43.52, 0.0414029
FILLER_0_11_492, 235.14, 43.52, 0.0414029
FILLER_0_12_499, 235.14, 43.52, 0.0414029
_08525_, 235.14, 38.08, 0.0415233
_08530_, 235.14, 38.08, 0.0415233
_08534_, 235.14, 38.08, 0.0415233
ANTENNA__08530__A1, 235.14, 38.08, 0.0415233
FILLER_0_10_494, 235.14, 38.08, 0.0415233
_08487_, 235.14, 32.64, 0.0416536
_08488_, 235.14, 32.64, 0.0416536
_08533_, 235.14, 32.64, 0.0416536
_08535_, 235.14, 32.64, 0.0416536
max_cap61, 235.14, 32.64, 0.0416536
FILLER_0_9_510, 235.14, 32.64, 0.0416536
_08568_, 235.14, 27.2, 0.041664
hold181, 235.14, 27.2, 0.041664
ANTENNA__11358__RESET_B, 235.14, 27.2, 0.041664
FILLER_0_5_497, 235.14, 27.2, 0.041664
FILLER_0_6_503, 235.14, 27.2, 0.041664
FILLER_0_7_508, 235.14, 27.2, 0.041664
ANTENNA__11357__RESET_B, 235.14, 21.76, 0.0416004
ANTENNA_clkbuf_leaf_62_clk_A, 235.14, 21.76, 0.0416004
FILLER_0_4_508, 235.14, 21.76, 0.0416004
_10418_, 235.14, 16.32, 0.0416111
_10419_, 235.14, 16.32, 0.0416111
_11356_, 235.14, 16.32, 0.0416111
hold167, 235.14, 16.32, 0.0416111
ANTENNA__11356__RESET_B, 235.14, 16.32, 0.0416111
FILLER_0_1_499, 235.14, 16.32, 0.0416111
_10417_, 235.14, 10.88, 0.04166
ANTENNA__10416__S, 235.14, 10.88, 0.04166
FILLER_0_0_501, 235.14, 10.88, 0.04166
FILLER_0_0_505, 235.14, 10.88, 0.04166
FILLER_0_1_505, 235.14, 10.88, 0.04166
input26, 205.14, 408, 0.053816
ANTENNA_input26_A, 205.14, 408, 0.053816
FILLER_0_145_441, 205.14, 402.56, 0.0538112
FILLER_0_143_441, 205.14, 397.12, 0.053805
_08066_, 205.14, 391.68, 0.0538284
FILLER_0_141_441, 205.14, 391.68, 0.0538284
_08031_, 205.14, 386.24, 0.0539401
_08065_, 205.14, 386.24, 0.0539401
_08077_, 205.14, 386.24, 0.0539401
FILLER_0_137_428, 205.14, 386.24, 0.0539401
FILLER_0_138_440, 205.14, 386.24, 0.0539401
FILLER_0_139_444, 205.14, 386.24, 0.0539401
_08064_, 205.14, 380.8, 0.0538508
FILLER_0_135_432, 205.14, 380.8, 0.0538508
FILLER_0_137_443, 205.14, 380.8, 0.0538508
_07993_, 205.14, 375.36, 0.0537806
_08029_, 205.14, 375.36, 0.0537806
_08030_, 205.14, 375.36, 0.0537806
FILLER_0_134_428, 205.14, 375.36, 0.0537806
_07990_, 205.14, 369.92, 0.053631
_07992_, 205.14, 369.92, 0.053631
FILLER_0_133_443, 205.14, 369.92, 0.053631
_07984_, 205.14, 364.48, 0.0534736
_07985_, 205.14, 364.48, 0.0534736
_07986_, 205.14, 364.48, 0.0534736
_07943_, 205.14, 359.04, 0.0533263
_07983_, 205.14, 359.04, 0.0533263
ANTENNA__07982__A1, 205.14, 359.04, 0.0533263
ANTENNA__07981__A, 205.14, 359.04, 0.0533263
FILLER_0_129_442, 205.14, 359.04, 0.0533263
_07978_, 205.14, 353.6, 0.053144
_07979_, 205.14, 353.6, 0.053144
_07981_, 205.14, 353.6, 0.053144
_07982_, 205.14, 353.6, 0.053144
ANTENNA__07979__C1, 205.14, 353.6, 0.053144
FILLER_0_127_440, 205.14, 353.6, 0.053144
_07881_, 205.14, 348.16, 0.052919
_07883_, 205.14, 348.16, 0.052919
ANTENNA__07978__A1, 205.14, 348.16, 0.052919
ANTENNA__07941__A, 205.14, 348.16, 0.052919
ANTENNA__08027__A, 205.14, 348.16, 0.052919
FILLER_0_123_433, 205.14, 348.16, 0.052919
FILLER_0_124_434, 205.14, 348.16, 0.052919
FILLER_0_125_441, 205.14, 348.16, 0.052919
_07893_, 205.14, 342.72, 0.0527154
_07941_, 205.14, 342.72, 0.0527154
_07942_, 205.14, 342.72, 0.0527154
ANTENNA__07942__A1, 205.14, 342.72, 0.0527154
ANTENNA__08050__A1, 205.14, 342.72, 0.0527154
ANTENNA__07942__A2, 205.14, 342.72, 0.0527154
ANTENNA__07941__B, 205.14, 342.72, 0.0527154
ANTENNA__07893__A, 205.14, 342.72, 0.0527154
FILLER_0_121_430, 205.14, 342.72, 0.0527154
FILLER_0_123_444, 205.14, 342.72, 0.0527154
_07940_, 205.14, 337.28, 0.0525173
_07946_, 205.14, 337.28, 0.0525173
_08050_, 205.14, 337.28, 0.0525173
ANTENNA__07940__A1_N, 205.14, 337.28, 0.0525173
ANTENNA__08016__A2, 205.14, 337.28, 0.0525173
ANTENNA__07940__B2, 205.14, 337.28, 0.0525173
FILLER_0_121_443, 205.14, 337.28, 0.0525173
_07486_, 205.14, 331.84, 0.0523477
_07880_, 205.14, 331.84, 0.0523477
_07980_, 205.14, 331.84, 0.0523477
ANTENNA__08016__A1, 205.14, 331.84, 0.0523477
ANTENNA__07975__A2, 205.14, 331.84, 0.0523477
_07882_, 205.14, 326.4, 0.0520158
_07891_, 205.14, 326.4, 0.0520158
ANTENNA__07711__A, 205.14, 326.4, 0.0520158
ANTENNA__07710__A, 205.14, 326.4, 0.0520158
ANTENNA__07891__A2_N, 205.14, 326.4, 0.0520158
FILLER_0_116_428, 205.14, 326.4, 0.0520158
_07709_, 205.14, 320.96, 0.0517866
_07710_, 205.14, 320.96, 0.0517866
_07711_, 205.14, 320.96, 0.0517866
_07773_, 205.14, 320.96, 0.0517866
ANTENNA__07709__C, 205.14, 320.96, 0.0517866
ANTENNA__07929__A, 205.14, 320.96, 0.0517866
FILLER_0_113_431, 205.14, 320.96, 0.0517866
FILLER_0_114_428, 205.14, 320.96, 0.0517866
FILLER_0_115_435, 205.14, 320.96, 0.0517866
_07707_, 205.14, 315.52, 0.0513994
_07769_, 205.14, 315.52, 0.0513994
ANTENNA__07891__A1_N, 205.14, 315.52, 0.0513994
ANTENNA__07515__A, 205.14, 315.52, 0.0513994
FILLER_0_111_429, 205.14, 315.52, 0.0513994
FILLER_0_112_440, 205.14, 315.52, 0.0513994
FILLER_0_113_437, 205.14, 315.52, 0.0513994
clkbuf_leaf_30_clk, 205.14, 310.08, 0.0510794
hold459, 205.14, 310.08, 0.0510794
ANTENNA__07707__B, 205.14, 310.08, 0.0510794
ANTENNA__07707__A, 205.14, 310.08, 0.0510794
ANTENNA__10299__A2, 205.14, 310.08, 0.0510794
ANTENNA_hold459_A, 205.14, 310.08, 0.0510794
FILLER_0_111_437, 205.14, 310.08, 0.0510794
FILLER_0_111_442, 205.14, 310.08, 0.0510794
_11337_, 205.14, 304.64, 0.0507729
hold454, 205.14, 304.64, 0.0507729
fanout104, 205.14, 299.2, 0.0504054
ANTENNA__07380__B1, 205.14, 299.2, 0.0504054
ANTENNA__07725__B1, 205.14, 299.2, 0.0504054
ANTENNA__10267__A2, 205.14, 299.2, 0.0504054
ANTENNA_fanout104_A, 205.14, 299.2, 0.0504054
FILLER_0_106_427, 205.14, 299.2, 0.0504054
_07378_, 205.14, 293.76, 0.0500755
_07379_, 205.14, 293.76, 0.0500755
_07380_, 205.14, 293.76, 0.0500755
_07539_, 205.14, 293.76, 0.0500755
_07725_, 205.14, 293.76, 0.0500755
_06793_, 205.14, 288.32, 0.0495731
_07210_, 205.14, 288.32, 0.0495731
_07293_, 205.14, 288.32, 0.0495731
_07376_, 205.14, 288.32, 0.0495731
ANTENNA__06793__A, 205.14, 288.32, 0.0495731
ANTENNA__06793__B, 205.14, 288.32, 0.0495731
FILLER_0_101_427, 205.14, 288.32, 0.0495731
FILLER_0_102_425, 205.14, 288.32, 0.0495731
FILLER_0_102_444, 205.14, 288.32, 0.0495731
FILLER_0_103_442, 205.14, 288.32, 0.0495731
_07209_, 205.14, 282.88, 0.0492052
_07280_, 205.14, 282.88, 0.0492052
_07294_, 205.14, 282.88, 0.0492052
_07377_, 205.14, 282.88, 0.0492052
ANTENNA__07209__B, 205.14, 282.88, 0.0492052
_07211_, 205.14, 277.44, 0.0488255
_10215_, 205.14, 277.44, 0.0488255
FILLER_0_97_425, 205.14, 277.44, 0.0488255
_10176_, 205.14, 272, 0.0485143
_10262_, 205.14, 272, 0.0485143
FILLER_0_95_431, 205.14, 272, 0.0485143
FILLER_0_96_441, 205.14, 272, 0.0485143
_10120_, 205.14, 266.56, 0.0479206
_10171_, 205.14, 266.56, 0.0479206
_10263_, 205.14, 266.56, 0.0479206
FILLER_0_94_433, 205.14, 266.56, 0.0479206
_10020_, 205.14, 261.12, 0.0476535
_10068_, 205.14, 261.12, 0.0476535
_10170_, 205.14, 261.12, 0.0476535
_10013_, 205.14, 255.68, 0.0467668
_10074_, 205.14, 255.68, 0.0467668
FILLER_0_91_442, 205.14, 255.68, 0.0467668
_10173_, 205.14, 250.24, 0.0462567
ANTENNA__10173__B1, 205.14, 250.24, 0.0462567
ANTENNA__07240__B, 205.14, 250.24, 0.0462567
FILLER_0_88_427, 205.14, 250.24, 0.0462567
FILLER_0_88_435, 205.14, 250.24, 0.0462567
FILLER_0_89_443, 205.14, 250.24, 0.0462567
_07131_, 205.14, 244.8, 0.0456458
_07196_, 205.14, 244.8, 0.0456458
_10172_, 205.14, 244.8, 0.0456458
ANTENNA__07134__A, 205.14, 244.8, 0.0456458
ANTENNA__07129__A, 205.14, 244.8, 0.0456458
FILLER_0_85_426, 205.14, 244.8, 0.0456458
FILLER_0_86_428, 205.14, 244.8, 0.0456458
_07129_, 205.14, 239.36, 0.045039
_07130_, 205.14, 239.36, 0.045039
_07134_, 205.14, 239.36, 0.045039
_07136_, 205.14, 239.36, 0.045039
ANTENNA__07050__B, 205.14, 239.36, 0.045039
FILLER_0_83_428, 205.14, 239.36, 0.045039
FILLER_0_85_444, 205.14, 239.36, 0.045039
_07007_, 205.14, 233.92, 0.044478
_07049_, 205.14, 233.92, 0.044478
_07050_, 205.14, 233.92, 0.044478
_07051_, 205.14, 233.92, 0.044478
_07135_, 205.14, 233.92, 0.044478
ANTENNA__07007__A, 205.14, 233.92, 0.044478
ANTENNA__07049__B, 205.14, 233.92, 0.044478
ANTENNA__07007__B, 205.14, 233.92, 0.044478
ANTENNA__07050__A, 205.14, 233.92, 0.044478
ANTENNA__07049__A, 205.14, 233.92, 0.044478
_09957_, 205.14, 228.48, 0.0437308
_09956_, 205.14, 223.04, 0.0431758
_09965_, 205.14, 223.04, 0.0431758
FILLER_0_78_439, 205.14, 223.04, 0.0431758
FILLER_0_79_444, 205.14, 223.04, 0.0431758
_09848_, 205.14, 217.6, 0.0424827
_09905_, 205.14, 217.6, 0.0424827
_09906_, 205.14, 217.6, 0.0424827
_09958_, 205.14, 217.6, 0.0424827
FILLER_0_75_424, 205.14, 217.6, 0.0424827
FILLER_0_77_439, 205.14, 217.6, 0.0424827
_09837_, 205.14, 212.16, 0.0417393
FILLER_0_73_431, 205.14, 212.16, 0.0417393
FILLER_0_75_444, 205.14, 212.16, 0.0417393
_09788_, 205.14, 206.72, 0.0409986
_09839_, 205.14, 206.72, 0.0409986
_09907_, 205.14, 206.72, 0.0409986
_09910_, 205.14, 206.72, 0.0409986
ANTENNA__09788__B, 205.14, 206.72, 0.0409986
FILLER_0_71_425, 205.14, 206.72, 0.0409986
_09840_, 205.14, 201.28, 0.0401029
FILLER_0_71_438, 205.14, 201.28, 0.0401029
_09838_, 205.14, 195.84, 0.0394
clkbuf_0_clk, 205.14, 195.84, 0.0394
FILLER_0_68_438, 205.14, 195.84, 0.0394
FILLER_0_69_443, 205.14, 195.84, 0.0394
_09775_, 205.14, 190.4, 0.0384866
_09776_, 205.14, 190.4, 0.0384866
ANTENNA_clkbuf_0_clk_A, 205.14, 190.4, 0.0384866
ANTENNA__06961__B, 205.14, 190.4, 0.0384866
FILLER_0_66_428, 205.14, 190.4, 0.0384866
_09715_, 205.14, 184.96, 0.0376981
_09777_, 205.14, 184.96, 0.0376981
ANTENNA__06962__B, 205.14, 184.96, 0.0376981
FILLER_0_64_433, 205.14, 184.96, 0.0376981
_09716_, 205.14, 179.52, 0.036878
_09723_, 205.14, 179.52, 0.036878
FILLER_0_62_429, 205.14, 179.52, 0.036878
FILLER_0_63_444, 205.14, 179.52, 0.036878
_09670_, 205.14, 174.08, 0.0360044
FILLER_0_61_440, 205.14, 174.08, 0.0360044
_09717_, 205.14, 168.64, 0.0350446
ANTENNA__09458__A1, 205.14, 168.64, 0.0350446
FILLER_0_58_425, 205.14, 168.64, 0.0350446
_08185_, 205.14, 163.2, 0.0341215
_09623_, 205.14, 163.2, 0.0341215
ANTENNA__08185__A, 205.14, 163.2, 0.0341215
FILLER_0_56_426, 205.14, 163.2, 0.0341215
FILLER_0_56_434, 205.14, 163.2, 0.0341215
FILLER_0_57_442, 205.14, 163.2, 0.0341215
_06837_, 205.14, 157.76, 0.0332509
_09489_, 205.14, 157.76, 0.0332509
_09624_, 205.14, 157.76, 0.0332509
ANTENNA__06837__B, 205.14, 157.76, 0.0332509
ANTENNA__06837__A, 205.14, 157.76, 0.0332509
ANTENNA__08185__B, 205.14, 157.76, 0.0332509
_09511_, 205.14, 152.32, 0.0323699
_09542_, 205.14, 152.32, 0.0323699
_09543_, 205.14, 152.32, 0.0323699
_07048_, 205.14, 141.44, 0.0329811
_11260_, 205.14, 141.44, 0.0329811
ANTENNA__07048__A, 205.14, 141.44, 0.0329811
FILLER_0_47_428, 205.14, 141.44, 0.0329811
FILLER_0_49_441, 205.14, 141.44, 0.0329811
_09046_, 205.14, 136, 0.0335704
_09068_, 205.14, 136, 0.0335704
_09069_, 205.14, 136, 0.0335704
_09070_, 205.14, 136, 0.0335704
ANTENNA__09070__A2, 205.14, 136, 0.0335704
ANTENNA__09069__B1, 205.14, 136, 0.0335704
FILLER_0_45_429, 205.14, 136, 0.0335704
FILLER_0_46_443, 205.14, 136, 0.0335704
_09016_, 205.14, 130.56, 0.0340706
_09022_, 205.14, 130.56, 0.0340706
_09050_, 205.14, 130.56, 0.0340706
FILLER_0_44_432, 205.14, 130.56, 0.0340706
_08981_, 205.14, 125.12, 0.0346055
FILLER_0_42_433, 205.14, 125.12, 0.0346055
FILLER_0_43_442, 205.14, 125.12, 0.0346055
_08944_, 205.14, 119.68, 0.0351155
_08945_, 205.14, 119.68, 0.0351155
_08946_, 205.14, 119.68, 0.0351155
_08979_, 205.14, 119.68, 0.0351155
_08980_, 205.14, 119.68, 0.0351155
FILLER_0_40_440, 205.14, 119.68, 0.0351155
FILLER_0_41_441, 205.14, 119.68, 0.0351155
_08885_, 205.14, 114.24, 0.0354958
_08943_, 205.14, 114.24, 0.0354958
FILLER_0_39_440, 205.14, 114.24, 0.0354958
_06960_, 205.14, 108.8, 0.0358639
_08820_, 205.14, 108.8, 0.0358639
FILLER_0_37_443, 205.14, 108.8, 0.0358639
_08886_, 205.14, 103.36, 0.0362554
FILLER_0_34_439, 205.14, 103.36, 0.0362554
_08818_, 205.14, 97.92, 0.0366382
_08819_, 205.14, 97.92, 0.0366382
_08836_, 205.14, 97.92, 0.0366382
_08837_, 205.14, 97.92, 0.0366382
FILLER_0_32_441, 205.14, 97.92, 0.0366382
FILLER_0_33_441, 205.14, 97.92, 0.0366382
_08768_, 205.14, 92.48, 0.0370068
_08889_, 205.14, 92.48, 0.0370068
FILLER_0_31_441, 205.14, 92.48, 0.0370068
_08832_, 205.14, 87.04, 0.0373085
_08833_, 205.14, 87.04, 0.0373085
_08784_, 205.14, 81.6, 0.0375648
_08785_, 205.14, 81.6, 0.0375648
ANTENNA__08829__A, 205.14, 81.6, 0.0375648
FILLER_0_26_428, 205.14, 81.6, 0.0375648
FILLER_0_26_436, 205.14, 81.6, 0.0375648
FILLER_0_27_440, 205.14, 81.6, 0.0375648
_08779_, 205.14, 76.16, 0.0378369
_08780_, 205.14, 76.16, 0.0378369
_08781_, 205.14, 76.16, 0.0378369
_08782_, 205.14, 76.16, 0.0378369
_08783_, 205.14, 76.16, 0.0378369
_08821_, 205.14, 76.16, 0.0378369
ANTENNA__08780__B, 205.14, 76.16, 0.0378369
FILLER_0_25_441, 205.14, 76.16, 0.0378369
ANTENNA__08780__A, 205.14, 70.72, 0.0380785
ANTENNA__08540__B, 205.14, 70.72, 0.0380785
ANTENNA__08775__A2, 205.14, 70.72, 0.0380785
FILLER_0_23_439, 205.14, 70.72, 0.0380785
_08601_, 205.14, 65.28, 0.0383665
_08608_, 205.14, 65.28, 0.0383665
_08647_, 205.14, 65.28, 0.0383665
_08680_, 205.14, 65.28, 0.0383665
FILLER_0_21_444, 205.14, 65.28, 0.0383665
_08623_, 205.14, 59.84, 0.0385808
_08646_, 205.14, 59.84, 0.0385808
FILLER_0_17_427, 205.14, 59.84, 0.0385808
FILLER_0_18_425, 205.14, 59.84, 0.0385808
FILLER_0_19_441, 205.14, 59.84, 0.0385808
_08256_, 205.14, 54.4, 0.0387183
ANTENNA__08256__A1, 205.14, 54.4, 0.0387183
ANTENNA__08226__A1, 205.14, 54.4, 0.0387183
ANTENNA__08226__A2, 205.14, 54.4, 0.0387183
FILLER_0_16_436, 205.14, 54.4, 0.0387183
FILLER_0_16_444, 205.14, 54.4, 0.0387183
FILLER_0_17_435, 205.14, 54.4, 0.0387183
_08325_, 205.14, 48.96, 0.0388768
_08326_, 205.14, 48.96, 0.0388768
ANTENNA__08257__A, 205.14, 48.96, 0.0388768
ANTENNA__08257__B, 205.14, 48.96, 0.0388768
FILLER_0_14_441, 205.14, 48.96, 0.0388768
FILLER_0_15_440, 205.14, 48.96, 0.0388768
_08259_, 205.14, 43.52, 0.038988
_08361_, 205.14, 43.52, 0.038988
_08363_, 205.14, 43.52, 0.038988
_08364_, 205.14, 43.52, 0.038988
FILLER_0_12_433, 205.14, 43.52, 0.038988
FILLER_0_12_443, 205.14, 43.52, 0.038988
_08362_, 205.14, 38.08, 0.03916
_08365_, 205.14, 38.08, 0.03916
_08366_, 205.14, 38.08, 0.03916
FILLER_0_9_437, 205.14, 32.64, 0.0392792
FILLER_0_7_441, 205.14, 27.2, 0.0392645
_10428_, 205.14, 21.76, 0.0392751
ANTENNA__10428__S, 205.14, 21.76, 0.0392751
FILLER_0_4_429, 205.14, 21.76, 0.0392751
FILLER_0_4_443, 205.14, 21.76, 0.0392751
FILLER_0_5_441, 205.14, 21.76, 0.0392751
_10429_, 205.14, 16.32, 0.0393042
_11361_, 205.14, 16.32, 0.0393042
clkbuf_leaf_68_clk, 205.14, 16.32, 0.0393042
ANTENNA_clkbuf_leaf_68_clk_A, 205.14, 16.32, 0.0393042
FILLER_0_3_442, 205.14, 16.32, 0.0393042
output56, 205.14, 10.88, 0.0395333
FILLER_0_146_361, 175.14, 408, 0.0523626
_10357_, 175.14, 375.36, 0.0523479
_10358_, 175.14, 375.36, 0.0523479
_10362_, 175.14, 375.36, 0.0523479
_10378_, 175.14, 375.36, 0.0523479
_10326_, 175.14, 369.92, 0.0521349
_10332_, 175.14, 369.92, 0.0521349
_10333_, 175.14, 369.92, 0.0521349
_10250_, 175.14, 364.48, 0.0519734
FILLER_0_130_377, 175.14, 364.48, 0.0519734
FILLER_0_131_371, 175.14, 364.48, 0.0519734
_10253_, 175.14, 359.04, 0.0518141
_10255_, 175.14, 359.04, 0.0518141
_08052_, 175.14, 353.6, 0.0516044
_08053_, 175.14, 353.6, 0.0516044
_10247_, 175.14, 353.6, 0.0516044
FILLER_0_126_365, 175.14, 353.6, 0.0516044
FILLER_0_126_373, 175.14, 353.6, 0.0516044
FILLER_0_127_373, 175.14, 353.6, 0.0516044
_10205_, 175.14, 348.16, 0.0513976
FILLER_0_124_359, 175.14, 348.16, 0.0513976
_08051_, 175.14, 342.72, 0.0511617
FILLER_0_122_361, 175.14, 342.72, 0.0511617
FILLER_0_122_377, 175.14, 342.72, 0.0511617
_10208_, 175.14, 337.28, 0.0509843
FILLER_0_119_363, 175.14, 337.28, 0.0509843
_10159_, 175.14, 331.84, 0.050778
_10256_, 175.14, 331.84, 0.050778
_10257_, 175.14, 331.84, 0.050778
_10258_, 175.14, 331.84, 0.050778
FILLER_0_117_367, 175.14, 331.84, 0.050778
FILLER_0_118_361, 175.14, 331.84, 0.050778
FILLER_0_118_365, 175.14, 331.84, 0.050778
_10210_, 175.14, 326.4, 0.0504698
_10095_, 175.14, 320.96, 0.0501914
_10162_, 175.14, 320.96, 0.0501914
_10211_, 175.14, 320.96, 0.0501914
FILLER_0_114_358, 175.14, 320.96, 0.0501914
FILLER_0_114_365, 175.14, 320.96, 0.0501914
_10160_, 175.14, 315.52, 0.0497874
_10161_, 175.14, 315.52, 0.0497874
_10212_, 175.14, 315.52, 0.0497874
FILLER_0_111_359, 175.14, 315.52, 0.0497874
_10109_, 175.14, 310.08, 0.049482
_10164_, 175.14, 310.08, 0.049482
FILLER_0_110_360, 175.14, 310.08, 0.049482
FILLER_0_110_365, 175.14, 310.08, 0.049482
FILLER_0_111_374, 175.14, 310.08, 0.049482
_09992_, 175.14, 304.64, 0.0491268
_10043_, 175.14, 304.64, 0.0491268
FILLER_0_108_359, 175.14, 304.64, 0.0491268
FILLER_0_109_373, 175.14, 304.64, 0.0491268
_10001_, 175.14, 299.2, 0.04875
_10110_, 175.14, 299.2, 0.04875
FILLER_0_106_372, 175.14, 299.2, 0.04875
FILLER_0_107_376, 175.14, 299.2, 0.04875
_10057_, 175.14, 293.76, 0.048353
_10058_, 175.14, 293.76, 0.048353
ANTENNA__07427__A, 175.14, 293.76, 0.048353
FILLER_0_104_360, 175.14, 293.76, 0.048353
FILLER_0_104_377, 175.14, 293.76, 0.048353
_10055_, 175.14, 288.32, 0.0478651
_10113_, 175.14, 288.32, 0.0478651
FILLER_0_102_377, 175.14, 288.32, 0.0478651
FILLER_0_103_379, 175.14, 288.32, 0.0478651
_09946_, 175.14, 282.88, 0.0474368
_10003_, 175.14, 282.88, 0.0474368
_10004_, 175.14, 282.88, 0.0474368
FILLER_0_99_361, 175.14, 282.88, 0.0474368
FILLER_0_100_373, 175.14, 282.88, 0.0474368
_09970_, 175.14, 277.44, 0.0469832
FILLER_0_97_366, 175.14, 277.44, 0.0469832
FILLER_0_98_377, 175.14, 277.44, 0.0469832
FILLER_0_99_375, 175.14, 277.44, 0.0469832
_09979_, 175.14, 272, 0.046573
_09980_, 175.14, 272, 0.046573
_09981_, 175.14, 272, 0.046573
_09982_, 175.14, 272, 0.046573
_10021_, 175.14, 272, 0.046573
_09927_, 175.14, 266.56, 0.0459658
_09928_, 175.14, 266.56, 0.0459658
FILLER_0_94_359, 175.14, 266.56, 0.0459658
FILLER_0_94_377, 175.14, 266.56, 0.0459658
_09929_, 175.14, 261.12, 0.0454829
_09966_, 175.14, 261.12, 0.0454829
_09978_, 175.14, 261.12, 0.0454829
ANTENNA__09977__A, 175.14, 261.12, 0.0454829
_09974_, 175.14, 255.68, 0.0447507
_09975_, 175.14, 255.68, 0.0447507
_09976_, 175.14, 255.68, 0.0447507
_09977_, 175.14, 255.68, 0.0447507
_10044_, 175.14, 255.68, 0.0447507
ANTENNA__10044__A2, 175.14, 255.68, 0.0447507
ANTENNA__09977__B, 175.14, 255.68, 0.0447507
ANTENNA__10044__A1, 175.14, 255.68, 0.0447507
FILLER_0_90_359, 175.14, 255.68, 0.0447507
FILLER_0_91_377, 175.14, 255.68, 0.0447507
_09816_, 175.14, 250.24, 0.0441976
FILLER_0_88_361, 175.14, 250.24, 0.0441976
FILLER_0_88_377, 175.14, 250.24, 0.0441976
FILLER_0_89_371, 175.14, 250.24, 0.0441976
_09797_, 175.14, 244.8, 0.0435522
_09885_, 175.14, 244.8, 0.0435522
FILLER_0_85_360, 175.14, 244.8, 0.0435522
FILLER_0_86_361, 175.14, 244.8, 0.0435522
_09892_, 175.14, 239.36, 0.0428665
_09893_, 175.14, 239.36, 0.0428665
_09916_, 175.14, 239.36, 0.0428665
ANTENNA__09924__B, 175.14, 239.36, 0.0428665
ANTENNA__09968__A2, 175.14, 239.36, 0.0428665
FILLER_0_84_365, 175.14, 239.36, 0.0428665
_09890_, 175.14, 233.92, 0.0421558
_09891_, 175.14, 233.92, 0.0421558
ANTENNA__09890__A, 175.14, 233.92, 0.0421558
ANTENNA__09890__B, 175.14, 233.92, 0.0421558
ANTENNA__09973__A1, 175.14, 233.92, 0.0421558
FILLER_0_81_365, 175.14, 233.92, 0.0421558
FILLER_0_82_365, 175.14, 233.92, 0.0421558
FILLER_0_82_378, 175.14, 233.92, 0.0421558
_09917_, 175.14, 228.48, 0.0413528
_09918_, 175.14, 228.48, 0.0413528
_09973_, 175.14, 228.48, 0.0413528
ANTENNA__09918__A1, 175.14, 228.48, 0.0413528
ANTENNA__09829__B, 175.14, 228.48, 0.0413528
_09825_, 175.14, 223.04, 0.0405915
_09829_, 175.14, 223.04, 0.0405915
_09883_, 175.14, 223.04, 0.0405915
ANTENNA__09829__A, 175.14, 223.04, 0.0405915
ANTENNA__09473__C1, 175.14, 223.04, 0.0405915
FILLER_0_77_361, 175.14, 223.04, 0.0405915
FILLER_0_78_365, 175.14, 223.04, 0.0405915
_06862_, 175.14, 217.6, 0.0398045
_09474_, 175.14, 217.6, 0.0398045
_09822_, 175.14, 217.6, 0.0398045
_09824_, 175.14, 217.6, 0.0398045
_09826_, 175.14, 217.6, 0.0398045
ANTENNA__06862__B, 175.14, 217.6, 0.0398045
FILLER_0_75_363, 175.14, 217.6, 0.0398045
_06884_, 175.14, 212.16, 0.0389983
_09701_, 175.14, 212.16, 0.0389983
_09702_, 175.14, 212.16, 0.0389983
_09703_, 175.14, 212.16, 0.0389983
_09707_, 175.14, 212.16, 0.0389983
ANTENNA__06884__B, 175.14, 212.16, 0.0389983
FILLER_0_75_369, 175.14, 212.16, 0.0389983
_09498_, 175.14, 206.72, 0.0380298
_09500_, 175.14, 206.72, 0.0380298
_09704_, 175.14, 206.72, 0.0380298
_09705_, 175.14, 206.72, 0.0380298
_09823_, 175.14, 206.72, 0.0380298
ANTENNA__09823__A1, 175.14, 206.72, 0.0380298
FILLER_0_71_359, 175.14, 206.72, 0.0380298
FILLER_0_72_359, 175.14, 206.72, 0.0380298
_09651_, 175.14, 201.28, 0.0369777
ANTENNA__09498__B, 175.14, 201.28, 0.0369777
ANTENNA__09651__A1, 175.14, 201.28, 0.0369777
ANTENNA__09499__A, 175.14, 201.28, 0.0369777
FILLER_0_70_361, 175.14, 201.28, 0.0369777
FILLER_0_70_377, 175.14, 201.28, 0.0369777
FILLER_0_71_373, 175.14, 201.28, 0.0369777
_09650_, 175.14, 195.84, 0.0359903
_09652_, 175.14, 195.84, 0.0359903
_09653_, 175.14, 195.84, 0.0359903
_09697_, 175.14, 195.84, 0.0359903
max_cap70, 175.14, 195.84, 0.0359903
ANTENNA_max_cap70_A, 175.14, 195.84, 0.0359903
ANTENNA__09651__A2, 175.14, 195.84, 0.0359903
ANTENNA__09650__A, 175.14, 195.84, 0.0359903
FILLER_0_67_367, 175.14, 195.84, 0.0359903
FILLER_0_68_360, 175.14, 195.84, 0.0359903
_09434_, 175.14, 190.4, 0.0348791
_09466_, 175.14, 190.4, 0.0348791
_09654_, 175.14, 190.4, 0.0348791
_09656_, 175.14, 190.4, 0.0348791
ANTENNA__09435__A, 175.14, 190.4, 0.0348791
ANTENNA__09434__A, 175.14, 190.4, 0.0348791
ANTENNA__09466__B, 175.14, 190.4, 0.0348791
FILLER_0_65_361, 175.14, 190.4, 0.0348791
FILLER_0_66_365, 175.14, 190.4, 0.0348791
_09435_, 175.14, 184.96, 0.0338126
_09454_, 175.14, 184.96, 0.0338126
_09455_, 175.14, 184.96, 0.0338126
_09602_, 175.14, 184.96, 0.0338126
ANTENNA__09454__A, 175.14, 184.96, 0.0338126
ANTENNA__09454__B, 175.14, 184.96, 0.0338126
FILLER_0_63_368, 175.14, 184.96, 0.0338126
_09603_, 175.14, 179.52, 0.0326432
ANTENNA__09602__A1, 175.14, 179.52, 0.0326432
ANTENNA__09502__A, 175.14, 179.52, 0.0326432
FILLER_0_61_365, 175.14, 179.52, 0.0326432
FILLER_0_62_360, 175.14, 179.52, 0.0326432
FILLER_0_62_377, 175.14, 179.52, 0.0326432
FILLER_0_63_377, 175.14, 179.52, 0.0326432
_09501_, 175.14, 174.08, 0.0312643
_09502_, 175.14, 174.08, 0.0312643
_09503_, 175.14, 174.08, 0.0312643
_09605_, 175.14, 174.08, 0.0312643
ANTENNA__09606__A, 175.14, 174.08, 0.0312643
ANTENNA__09501__A, 175.14, 174.08, 0.0312643
FILLER_0_59_365, 175.14, 174.08, 0.0312643
FILLER_0_60_373, 175.14, 174.08, 0.0312643
_09535_, 175.14, 168.64, 0.0298194
ANTENNA__09536__A2, 175.14, 168.64, 0.0298194
ANTENNA__09535__C1, 175.14, 168.64, 0.0298194
_09451_, 175.14, 163.2, 0.0283798
_09452_, 175.14, 163.2, 0.0283798
_09537_, 175.14, 163.2, 0.0283798
_09570_, 175.14, 163.2, 0.0283798
ANTENNA__09452__A1, 175.14, 163.2, 0.0283798
ANTENNA__09451__B, 175.14, 163.2, 0.0283798
FILLER_0_56_365, 175.14, 163.2, 0.0283798
_08672_, 175.14, 157.76, 0.0268577
ANTENNA__08672__A, 175.14, 157.76, 0.0268577
ANTENNA__09451__A, 175.14, 157.76, 0.0268577
ANTENNA__08672__B, 175.14, 157.76, 0.0268577
FILLER_0_53_360, 175.14, 157.76, 0.0268577
FILLER_0_55_372, 175.14, 157.76, 0.0268577
_06885_, 175.14, 152.32, 0.0253722
_06933_, 175.14, 152.32, 0.0253722
_08673_, 175.14, 152.32, 0.0253722
ANTENNA__06933__A, 175.14, 152.32, 0.0253722
ANTENNA__09059__A, 175.14, 152.32, 0.0253722
ANTENNA__08808__A, 175.14, 152.32, 0.0253722
FILLER_0_51_367, 175.14, 152.32, 0.0253722
FILLER_0_53_372, 175.14, 152.32, 0.0253722
_08615_, 175.14, 146.88, 0.0257444
_09027_, 175.14, 146.88, 0.0257444
_09059_, 175.14, 146.88, 0.0257444
_09060_, 175.14, 146.88, 0.0257444
_09062_, 175.14, 146.88, 0.0257444
ANTENNA__09027__B, 175.14, 146.88, 0.0257444
ANTENNA__09027__A, 175.14, 146.88, 0.0257444
FILLER_0_50_379, 175.14, 146.88, 0.0257444
FILLER_0_51_372, 175.14, 146.88, 0.0257444
_09037_, 175.14, 141.44, 0.0268523
_09061_, 175.14, 141.44, 0.0268523
ANTENNA__09061__A1, 175.14, 141.44, 0.0268523
ANTENNA__08615__A, 175.14, 141.44, 0.0268523
ANTENNA__09060__A, 175.14, 141.44, 0.0268523
FILLER_0_47_366, 175.14, 141.44, 0.0268523
FILLER_0_48_369, 175.14, 141.44, 0.0268523
FILLER_0_48_374, 175.14, 141.44, 0.0268523
_08806_, 175.14, 136, 0.0279474
_09023_, 175.14, 136, 0.0279474
_09024_, 175.14, 136, 0.0279474
ANTENNA__08806__A, 175.14, 136, 0.0279474
ANTENNA__08806__B, 175.14, 136, 0.0279474
_08807_, 175.14, 130.56, 0.0289942
_08991_, 175.14, 130.56, 0.0289942
_09007_, 175.14, 130.56, 0.0289942
_09042_, 175.14, 130.56, 0.0289942
ANTENNA__08968__B1, 175.14, 130.56, 0.0289942
FILLER_0_44_365, 175.14, 130.56, 0.0289942
_08968_, 175.14, 125.12, 0.030018
_08971_, 175.14, 125.12, 0.030018
_09006_, 175.14, 125.12, 0.030018
ANTENNA__08807__A1, 175.14, 125.12, 0.030018
FILLER_0_41_360, 175.14, 125.12, 0.030018
FILLER_0_43_373, 175.14, 125.12, 0.030018
_08919_, 175.14, 119.68, 0.0309366
_08966_, 175.14, 119.68, 0.0309366
_08970_, 175.14, 119.68, 0.0309366
_08972_, 175.14, 119.68, 0.0309366
FILLER_0_40_359, 175.14, 119.68, 0.0309366
_08935_, 175.14, 114.24, 0.0316212
_08936_, 175.14, 114.24, 0.0316212
_08976_, 175.14, 114.24, 0.0316212
FILLER_0_38_378, 175.14, 114.24, 0.0316212
FILLER_0_39_374, 175.14, 114.24, 0.0316212
_08811_, 175.14, 108.8, 0.0322316
_08933_, 175.14, 108.8, 0.0322316
ANTENNA__08811__A, 175.14, 108.8, 0.0322316
FILLER_0_35_359, 175.14, 108.8, 0.0322316
FILLER_0_35_368, 175.14, 108.8, 0.0322316
FILLER_0_36_361, 175.14, 108.8, 0.0322316
FILLER_0_36_377, 175.14, 108.8, 0.0322316
FILLER_0_37_375, 175.14, 108.8, 0.0322316
_08755_, 175.14, 103.36, 0.0328861
_08756_, 175.14, 103.36, 0.0328861
_08757_, 175.14, 103.36, 0.0328861
_08815_, 175.14, 103.36, 0.0328861
_08816_, 175.14, 103.36, 0.0328861
_08871_, 175.14, 103.36, 0.0328861
ANTENNA__08717__A, 175.14, 103.36, 0.0328861
ANTENNA__08755__A1, 175.14, 103.36, 0.0328861
FILLER_0_34_376, 175.14, 103.36, 0.0328861
_08758_, 175.14, 97.92, 0.0334659
ANTENNA__08928__A1, 175.14, 97.92, 0.0334659
ANTENNA__08759__B1, 175.14, 97.92, 0.0334659
FILLER_0_33_377, 175.14, 97.92, 0.0334659
_08721_, 175.14, 92.48, 0.0340885
_08759_, 175.14, 92.48, 0.0340885
_08874_, 175.14, 92.48, 0.0340885
FILLER_0_30_371, 175.14, 92.48, 0.0340885
_08722_, 175.14, 87.04, 0.0345276
_08823_, 175.14, 87.04, 0.0345276
ANTENNA__08761__A1, 175.14, 87.04, 0.0345276
FILLER_0_28_372, 175.14, 87.04, 0.0345276
FILLER_0_29_379, 175.14, 87.04, 0.0345276
_08676_, 175.14, 81.6, 0.0349239
_08678_, 175.14, 81.6, 0.0349239
_08731_, 175.14, 81.6, 0.0349239
FILLER_0_26_359, 175.14, 81.6, 0.0349239
FILLER_0_26_365, 175.14, 81.6, 0.0349239
_08677_, 175.14, 76.16, 0.0352741
_08727_, 175.14, 76.16, 0.0352741
ANTENNA__08467__C1, 175.14, 76.16, 0.0352741
_08665_, 175.14, 70.72, 0.0356379
_08666_, 175.14, 70.72, 0.0356379
FILLER_0_22_358, 175.14, 70.72, 0.0356379
FILLER_0_22_378, 175.14, 70.72, 0.0356379
_08664_, 175.14, 65.28, 0.0359781
_08702_, 175.14, 65.28, 0.0359781
_08703_, 175.14, 65.28, 0.0359781
ANTENNA__08346__C, 175.14, 65.28, 0.0359781
ANTENNA__08346__B, 175.14, 65.28, 0.0359781
FILLER_0_19_366, 175.14, 65.28, 0.0359781
_07057_, 175.14, 59.84, 0.0362839
_07058_, 175.14, 59.84, 0.0362839
_08228_, 175.14, 59.84, 0.0362839
_08413_, 175.14, 59.84, 0.0362839
ANTENNA__07057__A, 175.14, 59.84, 0.0362839
ANTENNA__08413__B, 175.14, 59.84, 0.0362839
ANTENNA__08547__A, 175.14, 59.84, 0.0362839
FILLER_0_18_365, 175.14, 59.84, 0.0362839
FILLER_0_19_374, 175.14, 59.84, 0.0362839
_08225_, 175.14, 54.4, 0.036472
ANTENNA__08228__A, 175.14, 54.4, 0.036472
ANTENNA__08321__B, 175.14, 54.4, 0.036472
ANTENNA__08228__C, 175.14, 54.4, 0.036472
ANTENNA__08225__C, 175.14, 54.4, 0.036472
ANTENNA__08321__A_N, 175.14, 54.4, 0.036472
ANTENNA__08228__B, 175.14, 54.4, 0.036472
FILLER_0_15_364, 175.14, 54.4, 0.036472
FILLER_0_16_365, 175.14, 54.4, 0.036472
FILLER_0_16_372, 175.14, 54.4, 0.036472
_08348_, 175.14, 48.96, 0.0366413
_08349_, 175.14, 48.96, 0.0366413
_08352_, 175.14, 48.96, 0.0366413
_08407_, 175.14, 48.96, 0.0366413
ANTENNA__08348__B1, 175.14, 48.96, 0.0366413
ANTENNA__08407__A2, 175.14, 48.96, 0.0366413
ANTENNA__08352__B, 175.14, 48.96, 0.0366413
ANTENNA__08322__A1, 175.14, 48.96, 0.0366413
FILLER_0_15_370, 175.14, 48.96, 0.0366413
_08355_, 175.14, 43.52, 0.036807
_08475_, 175.14, 43.52, 0.036807
ANTENNA__08319__A, 175.14, 43.52, 0.036807
ANTENNA__08349__A1, 175.14, 43.52, 0.036807
ANTENNA__08349__A2, 175.14, 43.52, 0.036807
ANTENNA__08352__A, 175.14, 43.52, 0.036807
ANTENNA__08348__A2, 175.14, 43.52, 0.036807
_08409_, 175.14, 38.08, 0.0369714
_08476_, 175.14, 38.08, 0.0369714
_08477_, 175.14, 38.08, 0.0369714
FILLER_0_10_361, 175.14, 38.08, 0.0369714
_08565_, 175.14, 32.64, 0.0371446
_08566_, 175.14, 32.64, 0.0371446
FILLER_0_9_373, 175.14, 32.64, 0.0371446
FILLER_0_0_361, 175.14, 10.88, 0.0372527
FILLER_0_146_305, 145.14, 408, 0.0510976
FILLER_0_144_301, 145.14, 402.56, 0.051093
FILLER_0_142_301, 145.14, 397.12, 0.0510838
FILLER_0_140_301, 145.14, 391.68, 0.0510715
FILLER_0_138_301, 145.14, 386.24, 0.0510124
_10354_, 145.14, 380.8, 0.0509577
_10355_, 145.14, 380.8, 0.0509577
FILLER_0_135_294, 145.14, 380.8, 0.0509577
FILLER_0_136_301, 145.14, 380.8, 0.0509577
_10317_, 145.14, 375.36, 0.0508926
_10320_, 145.14, 375.36, 0.0508926
_10334_, 145.14, 375.36, 0.0508926
_10353_, 145.14, 375.36, 0.0508926
FILLER_0_133_293, 145.14, 375.36, 0.0508926
_10287_, 145.14, 369.92, 0.0507881
_10288_, 145.14, 369.92, 0.0507881
_10289_, 145.14, 369.92, 0.0507881
_10315_, 145.14, 369.92, 0.0507881
_10316_, 145.14, 369.92, 0.0507881
_10129_, 145.14, 364.48, 0.050637
_10273_, 145.14, 364.48, 0.050637
FILLER_0_130_299, 145.14, 364.48, 0.050637
_10241_, 145.14, 359.04, 0.0504695
FILLER_0_128_309, 145.14, 359.04, 0.0504695
FILLER_0_129_310, 145.14, 359.04, 0.0504695
_10184_, 145.14, 353.6, 0.0502663
_10185_, 145.14, 353.6, 0.0502663
_10186_, 145.14, 353.6, 0.0502663
_10221_, 145.14, 353.6, 0.0502663
FILLER_0_124_302, 145.14, 348.16, 0.050049
FILLER_0_124_309, 145.14, 348.16, 0.050049
_10135_, 145.14, 342.72, 0.0498315
_10136_, 145.14, 342.72, 0.0498315
_10191_, 145.14, 342.72, 0.0498315
ANTENNA__10373__A1, 145.14, 342.72, 0.0498315
ANTENNA__10304__A1, 145.14, 342.72, 0.0498315
ANTENNA__10081__A2, 145.14, 342.72, 0.0498315
ANTENNA__10232__A1, 145.14, 342.72, 0.0498315
FILLER_0_121_300, 145.14, 342.72, 0.0498315
FILLER_0_122_301, 145.14, 342.72, 0.0498315
_10079_, 145.14, 337.28, 0.0496064
_10082_, 145.14, 337.28, 0.0496064
_10131_, 145.14, 337.28, 0.0496064
_10192_, 145.14, 337.28, 0.0496064
ANTENNA__10179__A, 145.14, 337.28, 0.0496064
FILLER_0_120_309, 145.14, 337.28, 0.0496064
_10083_, 145.14, 331.84, 0.0493625
ANTENNA__10079__A, 145.14, 331.84, 0.0493625
ANTENNA__10180__A, 145.14, 331.84, 0.0493625
FILLER_0_118_299, 145.14, 331.84, 0.0493625
FILLER_0_119_312, 145.14, 331.84, 0.0493625
_10086_, 145.14, 326.4, 0.0490699
FILLER_0_115_300, 145.14, 326.4, 0.0490699
FILLER_0_116_302, 145.14, 326.4, 0.0490699
_10090_, 145.14, 320.96, 0.0487579
_10091_, 145.14, 320.96, 0.0487579
_10132_, 145.14, 320.96, 0.0487579
_10133_, 145.14, 320.96, 0.0487579
_10134_, 145.14, 320.96, 0.0487579
FILLER_0_113_297, 145.14, 320.96, 0.0487579
_09865_, 145.14, 315.52, 0.0483793
_10144_, 145.14, 315.52, 0.0483793
ANTENNA__09865__A, 145.14, 315.52, 0.0483793
ANTENNA__09865__D, 145.14, 315.52, 0.0483793
FILLER_0_112_297, 145.14, 315.52, 0.0483793
FILLER_0_112_305, 145.14, 315.52, 0.0483793
_10039_, 145.14, 310.08, 0.0480676
_10088_, 145.14, 310.08, 0.0480676
_10089_, 145.14, 310.08, 0.0480676
ANTENNA__10026__B, 145.14, 310.08, 0.0480676
ANTENNA__09865__B, 145.14, 310.08, 0.0480676
ANTENNA__10026__A, 145.14, 310.08, 0.0480676
FILLER_0_109_301, 145.14, 310.08, 0.0480676
FILLER_0_110_309, 145.14, 310.08, 0.0480676
_06888_, 145.14, 304.64, 0.0477001
_09800_, 145.14, 304.64, 0.0477001
_10130_, 145.14, 304.64, 0.0477001
ANTENNA__09938__A1, 145.14, 304.64, 0.0477001
FILLER_0_108_304, 145.14, 304.64, 0.0477001
_09866_, 145.14, 299.2, 0.047325
_09867_, 145.14, 299.2, 0.047325
_09942_, 145.14, 299.2, 0.047325
_10038_, 145.14, 299.2, 0.047325
_10085_, 145.14, 299.2, 0.047325
ANTENNA__09864__A, 145.14, 299.2, 0.047325
ANTENNA__09800__A, 145.14, 299.2, 0.047325
_09994_, 145.14, 293.76, 0.0468691
_10037_, 145.14, 293.76, 0.0468691
ANTENNA__09811__B, 145.14, 293.76, 0.0468691
ANTENNA__09811__A, 145.14, 293.76, 0.0468691
FILLER_0_104_304, 145.14, 293.76, 0.0468691
_09735_, 145.14, 288.32, 0.0464079
_09944_, 145.14, 288.32, 0.0464079
_10036_, 145.14, 288.32, 0.0464079
ANTENNA__09734__A, 145.14, 288.32, 0.0464079
ANTENNA__10036__A1, 145.14, 288.32, 0.0464079
ANTENNA__09735__A, 145.14, 288.32, 0.0464079
FILLER_0_101_297, 145.14, 288.32, 0.0464079
FILLER_0_103_305, 145.14, 288.32, 0.0464079
FILLER_0_103_313, 145.14, 288.32, 0.0464079
_09728_, 145.14, 282.88, 0.0459232
_09801_, 145.14, 282.88, 0.0459232
_09873_, 145.14, 282.88, 0.0459232
ANTENNA__09728__A, 145.14, 282.88, 0.0459232
ANTENNA__09870__A, 145.14, 282.88, 0.0459232
ANTENNA__09729__A, 145.14, 282.88, 0.0459232
FILLER_0_99_300, 145.14, 282.88, 0.0459232
FILLER_0_100_297, 145.14, 282.88, 0.0459232
FILLER_0_100_305, 145.14, 282.88, 0.0459232
FILLER_0_101_306, 145.14, 282.88, 0.0459232
_09798_, 145.14, 277.44, 0.045459
_09802_, 145.14, 277.44, 0.045459
_10147_, 145.14, 277.44, 0.045459
_10195_, 145.14, 277.44, 0.045459
ANTENNA__09798__A, 145.14, 277.44, 0.045459
ANTENNA__09802__B, 145.14, 277.44, 0.045459
ANTENNA__10195__A1, 145.14, 277.44, 0.045459
ANTENNA__09801__B, 145.14, 277.44, 0.045459
ANTENNA__09731__B, 145.14, 277.44, 0.045459
_09799_, 145.14, 272, 0.0449816
_09803_, 145.14, 272, 0.0449816
_09805_, 145.14, 272, 0.0449816
ANTENNA__09802__A, 145.14, 272, 0.0449816
ANTENNA__09632__A, 145.14, 272, 0.0449816
ANTENNA__09799__A2, 145.14, 272, 0.0449816
ANTENNA__09799__A1, 145.14, 272, 0.0449816
FILLER_0_95_301, 145.14, 272, 0.0449816
FILLER_0_96_294, 145.14, 272, 0.0449816
_09852_, 145.14, 266.56, 0.0443701
_09993_, 145.14, 266.56, 0.0443701
ANTENNA__09634__B, 145.14, 266.56, 0.0443701
ANTENNA__09799__B2, 145.14, 266.56, 0.0443701
FILLER_0_94_305, 145.14, 266.56, 0.0443701
FILLER_0_94_309, 145.14, 266.56, 0.0443701
FILLER_0_95_312, 145.14, 266.56, 0.0443701
_07254_, 145.14, 261.12, 0.0437963
_09856_, 145.14, 261.12, 0.0437963
ANTENNA__09932__A2, 145.14, 261.12, 0.0437963
ANTENNA__09932__A1, 145.14, 261.12, 0.0437963
ANTENNA__09518__A, 145.14, 261.12, 0.0437963
FILLER_0_91_298, 145.14, 261.12, 0.0437963
FILLER_0_93_305, 145.14, 261.12, 0.0437963
_09516_, 145.14, 255.68, 0.0431278
_09685_, 145.14, 255.68, 0.0431278
_09855_, 145.14, 255.68, 0.0431278
ANTENNA__09516__A, 145.14, 255.68, 0.0431278
ANTENNA__09516__B, 145.14, 255.68, 0.0431278
ANTENNA__09853__A1, 145.14, 255.68, 0.0431278
ANTENNA__09685__A, 145.14, 255.68, 0.0431278
FILLER_0_90_298, 145.14, 255.68, 0.0431278
FILLER_0_90_303, 145.14, 255.68, 0.0431278
_09519_, 145.14, 250.24, 0.0425167
_09641_, 145.14, 250.24, 0.0425167
_09686_, 145.14, 250.24, 0.0425167
_09853_, 145.14, 250.24, 0.0425167
_09854_, 145.14, 250.24, 0.0425167
_09930_, 145.14, 250.24, 0.0425167
_09582_, 145.14, 244.8, 0.0418364
_09684_, 145.14, 244.8, 0.0418364
_09793_, 145.14, 244.8, 0.0418364
ANTENNA__09739__A, 145.14, 244.8, 0.0418364
ANTENNA__09577__A, 145.14, 244.8, 0.0418364
ANTENNA__09684__B, 145.14, 244.8, 0.0418364
ANTENNA__09638__A, 145.14, 244.8, 0.0418364
ANTENNA__09684__A, 145.14, 244.8, 0.0418364
FILLER_0_86_305, 145.14, 244.8, 0.0418364
FILLER_0_87_304, 145.14, 244.8, 0.0418364
_09548_, 145.14, 239.36, 0.0411458
_09549_, 145.14, 239.36, 0.0411458
_09550_, 145.14, 239.36, 0.0411458
_09687_, 145.14, 239.36, 0.0411458
_09794_, 145.14, 239.36, 0.0411458
ANTENNA__09549__A, 145.14, 239.36, 0.0411458
ANTENNA__09548__A, 145.14, 239.36, 0.0411458
ANTENNA__09548__B, 145.14, 239.36, 0.0411458
FILLER_0_84_313, 145.14, 239.36, 0.0411458
FILLER_0_85_308, 145.14, 239.36, 0.0411458
_09581_, 145.14, 233.92, 0.0403188
ANTENNA__09551__A, 145.14, 233.92, 0.0403188
ANTENNA__09580__B2, 145.14, 233.92, 0.0403188
ANTENNA__09581__B, 145.14, 233.92, 0.0403188
ANTENNA__09550__A1, 145.14, 233.92, 0.0403188
FILLER_0_81_300, 145.14, 233.92, 0.0403188
FILLER_0_82_305, 145.14, 233.92, 0.0403188
_09551_, 145.14, 228.48, 0.0395011
_09552_, 145.14, 228.48, 0.0395011
_09585_, 145.14, 228.48, 0.0395011
_09588_, 145.14, 228.48, 0.0395011
_09589_, 145.14, 228.48, 0.0395011
_09590_, 145.14, 228.48, 0.0395011
ANTENNA__09551__B, 145.14, 228.48, 0.0395011
FILLER_0_81_305, 145.14, 228.48, 0.0395011
_06778_, 145.14, 223.04, 0.0386246
_06779_, 145.14, 223.04, 0.0386246
_09587_, 145.14, 223.04, 0.0386246
_10511_, 145.14, 223.04, 0.0386246
_09586_, 145.14, 217.6, 0.0377551
_09683_, 145.14, 217.6, 0.0377551
_09695_, 145.14, 217.6, 0.0377551
ANTENNA__09586__B, 145.14, 217.6, 0.0377551
FILLER_0_76_298, 145.14, 217.6, 0.0377551
FILLER_0_77_304, 145.14, 217.6, 0.0377551
FILLER_0_77_314, 145.14, 217.6, 0.0377551
_06792_, 145.14, 212.16, 0.0368747
_06931_, 145.14, 212.16, 0.0368747
_09646_, 145.14, 212.16, 0.0368747
FILLER_0_75_306, 145.14, 212.16, 0.0368747
_06883_, 145.14, 206.72, 0.0357467
_09592_, 145.14, 206.72, 0.0357467
ANTENNA__06883__B, 145.14, 206.72, 0.0357467
ANTENNA__06887__A1, 145.14, 206.72, 0.0357467
ANTENNA__06887__B1, 145.14, 206.72, 0.0357467
ANTENNA__09491__D, 145.14, 206.72, 0.0357467
FILLER_0_71_303, 145.14, 206.72, 0.0357467
_09591_, 145.14, 201.28, 0.0345428
_09647_, 145.14, 201.28, 0.0345428
ANTENNA__06883__A, 145.14, 201.28, 0.0345428
ANTENNA__09886__A1, 145.14, 201.28, 0.0345428
FILLER_0_69_302, 145.14, 201.28, 0.0345428
_06932_, 145.14, 195.84, 0.0333383
_09467_, 145.14, 195.84, 0.0333383
_09477_, 145.14, 195.84, 0.0333383
ANTENNA__09448__B, 145.14, 195.84, 0.0333383
ANTENNA__09467__A, 145.14, 195.84, 0.0333383
ANTENNA__09520__A2, 145.14, 195.84, 0.0333383
FILLER_0_67_299, 145.14, 195.84, 0.0333383
_09520_, 145.14, 190.4, 0.0320141
_09522_, 145.14, 190.4, 0.0320141
_09553_, 145.14, 190.4, 0.0320141
ANTENNA__09520__B1, 145.14, 190.4, 0.0320141
ANTENNA__09477__A, 145.14, 190.4, 0.0320141
ANTENNA__09553__A, 145.14, 190.4, 0.0320141
ANTENNA__09522__C_N, 145.14, 190.4, 0.0320141
FILLER_0_66_297, 145.14, 190.4, 0.0320141
FILLER_0_66_302, 145.14, 190.4, 0.0320141
FILLER_0_67_314, 145.14, 190.4, 0.0320141
_09521_, 145.14, 184.96, 0.0307246
_09524_, 145.14, 184.96, 0.0307246
_09594_, 145.14, 184.96, 0.0307246
_09595_, 145.14, 184.96, 0.0307246
_09596_, 145.14, 184.96, 0.0307246
ANTENNA__09521__A2_N, 145.14, 184.96, 0.0307246
ANTENNA__09521__B1, 145.14, 184.96, 0.0307246
FILLER_0_64_301, 145.14, 184.96, 0.0307246
_09559_, 145.14, 179.52, 0.0292302
_09597_, 145.14, 179.52, 0.0292302
_09598_, 145.14, 179.52, 0.0292302
_09610_, 145.14, 174.08, 0.0272341
_09661_, 145.14, 174.08, 0.0272341
FILLER_0_60_297, 145.14, 174.08, 0.0272341
FILLER_0_60_305, 145.14, 174.08, 0.0272341
FILLER_0_61_312, 145.14, 174.08, 0.0272341
_09612_, 145.14, 168.64, 0.0251722
FILLER_0_58_304, 145.14, 168.64, 0.0251722
FILLER_0_58_309, 145.14, 168.64, 0.0251722
_07928_, 145.14, 163.2, 0.0230227
_09611_, 145.14, 163.2, 0.0230227
FILLER_0_55_300, 145.14, 163.2, 0.0230227
FILLER_0_56_305, 145.14, 163.2, 0.0230227
FILLER_0_57_308, 145.14, 163.2, 0.0230227
_07499_, 145.14, 157.76, 0.0207428
_08557_, 145.14, 157.76, 0.0207428
_08558_, 145.14, 157.76, 0.0207428
_09561_, 145.14, 157.76, 0.0207428
ANTENNA__08558__B1, 145.14, 157.76, 0.0207428
FILLER_0_55_308, 145.14, 157.76, 0.0207428
_07498_, 145.14, 152.32, 0.0183796
_07500_, 145.14, 152.32, 0.0183796
_07501_, 145.14, 152.32, 0.0183796
_08556_, 145.14, 152.32, 0.0183796
_08560_, 145.14, 152.32, 0.0183796
ANTENNA__07500__B, 145.14, 152.32, 0.0183796
ANTENNA__08556__B1, 145.14, 152.32, 0.0183796
_08718_, 145.14, 146.88, 0.0191565
_08753_, 145.14, 146.88, 0.0191565
ANTENNA_max_cap67_A, 145.14, 146.88, 0.0191565
ANTENNA__08560__C1, 145.14, 146.88, 0.0191565
FILLER_0_49_293, 145.14, 146.88, 0.0191565
FILLER_0_50_301, 145.14, 146.88, 0.0191565
_09001_, 145.14, 141.44, 0.0210824
_09002_, 145.14, 141.44, 0.0210824
max_cap67, 145.14, 141.44, 0.0210824
ANTENNA__08753__B1, 145.14, 141.44, 0.0210824
ANTENNA__09001__A, 145.14, 141.44, 0.0210824
ANTENNA__09001__B, 145.14, 141.44, 0.0210824
FILLER_0_47_298, 145.14, 141.44, 0.0210824
FILLER_0_49_309, 145.14, 141.44, 0.0210824
_09003_, 145.14, 136, 0.0228858
_09004_, 145.14, 136, 0.0228858
_09025_, 145.14, 136, 0.0228858
FILLER_0_45_302, 145.14, 136, 0.0228858
FILLER_0_46_294, 145.14, 136, 0.0228858
_08996_, 145.14, 130.56, 0.0245725
_08998_, 145.14, 130.56, 0.0245725
_09000_, 145.14, 130.56, 0.0245725
FILLER_0_43_293, 145.14, 130.56, 0.0245725
_07203_, 145.14, 125.12, 0.0261949
_08995_, 145.14, 125.12, 0.0261949
_08999_, 145.14, 125.12, 0.0261949
ANTENNA__09029__A2, 145.14, 125.12, 0.0261949
ANTENNA__08995__B, 145.14, 125.12, 0.0261949
FILLER_0_41_302, 145.14, 125.12, 0.0261949
FILLER_0_42_297, 145.14, 125.12, 0.0261949
FILLER_0_42_309, 145.14, 125.12, 0.0261949
ANTENNA__07201__B, 145.14, 119.68, 0.0276127
ANTENNA__08995__A, 145.14, 119.68, 0.0276127
FILLER_0_40_298, 145.14, 119.68, 0.0276127
FILLER_0_41_309, 145.14, 119.68, 0.0276127
_08857_, 145.14, 114.24, 0.028556
_08861_, 145.14, 114.24, 0.028556
_08862_, 145.14, 114.24, 0.028556
ANTENNA__08857__A, 145.14, 114.24, 0.028556
ANTENNA__08857__B, 145.14, 114.24, 0.028556
FILLER_0_38_298, 145.14, 114.24, 0.028556
_08962_, 145.14, 108.8, 0.0294193
_08994_, 145.14, 108.8, 0.0294193
ANTENNA__08253__A1, 145.14, 108.8, 0.0294193
FILLER_0_35_294, 145.14, 108.8, 0.0294193
_08958_, 145.14, 103.36, 0.030235
_08960_, 145.14, 103.36, 0.030235
_08993_, 145.14, 103.36, 0.030235
ANTENNA__08957__A, 145.14, 103.36, 0.030235
ANTENNA__08961__B, 145.14, 103.36, 0.030235
FILLER_0_33_293, 145.14, 103.36, 0.030235
FILLER_0_34_313, 145.14, 103.36, 0.030235
_08957_, 145.14, 97.92, 0.0310155
_08997_, 145.14, 97.92, 0.0310155
hold272, 145.14, 97.92, 0.0310155
ANTENNA__08957__B, 145.14, 97.92, 0.0310155
FILLER_0_32_300, 145.14, 97.92, 0.0310155
FILLER_0_32_313, 145.14, 97.92, 0.0310155
_08959_, 145.14, 92.48, 0.0318008
ANTENNA__08959__A2, 145.14, 92.48, 0.0318008
FILLER_0_29_301, 145.14, 92.48, 0.0318008
FILLER_0_30_303, 145.14, 92.48, 0.0318008
_08464_, 145.14, 87.04, 0.0323596
_08763_, 145.14, 87.04, 0.0323596
_08764_, 145.14, 87.04, 0.0323596
ANTENNA__08555__A, 145.14, 87.04, 0.0323596
ANTENNA__08763__A, 145.14, 87.04, 0.0323596
ANTENNA__08464__B, 145.14, 87.04, 0.0323596
ANTENNA__08763__B, 145.14, 87.04, 0.0323596
FILLER_0_28_295, 145.14, 87.04, 0.0323596
FILLER_0_28_309, 145.14, 87.04, 0.0323596
_08555_, 145.14, 81.6, 0.0328065
_08561_, 145.14, 81.6, 0.0328065
_08613_, 145.14, 81.6, 0.0328065
_08614_, 145.14, 81.6, 0.0328065
_08616_, 145.14, 81.6, 0.0328065
max_cap64, 145.14, 81.6, 0.0328065
ANTENNA__08561__A2, 145.14, 81.6, 0.0328065
FILLER_0_27_314, 145.14, 81.6, 0.0328065
_08667_, 145.14, 76.16, 0.0332587
wire65, 145.14, 76.16, 0.0332587
hold425, 145.14, 76.16, 0.0332587
ANTENNA__06783__A, 145.14, 76.16, 0.0332587
ANTENNA__08555__B, 145.14, 76.16, 0.0332587
ANTENNA__08614__A2, 145.14, 76.16, 0.0332587
FILLER_0_23_301, 145.14, 76.16, 0.0332587
FILLER_0_24_296, 145.14, 76.16, 0.0332587
ANTENNA__08610__A, 145.14, 70.72, 0.0336582
ANTENNA__08610__C, 145.14, 70.72, 0.0336582
ANTENNA__08614__A1, 145.14, 70.72, 0.0336582
FILLER_0_21_301, 145.14, 70.72, 0.0336582
FILLER_0_22_305, 145.14, 70.72, 0.0336582
FILLER_0_22_309, 145.14, 70.72, 0.0336582
_08612_, 145.14, 65.28, 0.0340715
_08618_, 145.14, 65.28, 0.0340715
FILLER_0_20_303, 145.14, 65.28, 0.0340715
_08562_, 145.14, 59.84, 0.034411
FILLER_0_18_301, 145.14, 59.84, 0.034411
_06812_, 145.14, 54.4, 0.0346526
_08554_, 145.14, 54.4, 0.0346526
ANTENNA__08554__A, 145.14, 54.4, 0.0346526
ANTENNA__08554__B, 145.14, 54.4, 0.0346526
ANTENNA__08402__B, 145.14, 54.4, 0.0346526
FILLER_0_15_293, 145.14, 54.4, 0.0346526
FILLER_0_16_301, 145.14, 54.4, 0.0346526
FILLER_0_16_309, 145.14, 54.4, 0.0346526
FILLER_0_17_314, 145.14, 54.4, 0.0346526
FILLER_0_14_301, 145.14, 48.96, 0.034819
FILLER_0_14_309, 145.14, 48.96, 0.034819
FILLER_0_12_297, 145.14, 43.52, 0.0350129
FILLER_0_12_305, 145.14, 43.52, 0.0350129
FILLER_0_10_301, 145.14, 38.08, 0.0351857
FILLER_0_8_301, 145.14, 32.64, 0.035358
FILLER_0_6_301, 145.14, 27.2, 0.0354213
FILLER_0_4_301, 145.14, 21.76, 0.0354494
FILLER_0_2_301, 145.14, 16.32, 0.0354692
FILLER_0_0_305, 145.14, 10.88, 0.0354968
FILLER_0_146_249, 115.14, 408, 0.0500606
FILLER_0_144_245, 115.14, 402.56, 0.0500556
FILLER_0_142_245, 115.14, 397.12, 0.0500455
FILLER_0_140_245, 115.14, 391.68, 0.0500307
FILLER_0_138_245, 115.14, 386.24, 0.0499521
FILLER_0_136_245, 115.14, 380.8, 0.0498696
FILLER_0_134_245, 115.14, 375.36, 0.0497707
_10312_, 115.14, 369.92, 0.0496717
FILLER_0_132_245, 115.14, 369.92, 0.0496717
_10313_, 115.14, 364.48, 0.0495356
_10348_, 115.14, 364.48, 0.0495356
FILLER_0_130_233, 115.14, 364.48, 0.0495356
FILLER_0_130_246, 115.14, 364.48, 0.0495356
_10285_, 115.14, 359.04, 0.0493855
_10286_, 115.14, 359.04, 0.0493855
_10319_, 115.14, 359.04, 0.0493855
FILLER_0_128_233, 115.14, 359.04, 0.0493855
FILLER_0_129_249, 115.14, 359.04, 0.0493855
_10318_, 115.14, 353.6, 0.0491723
FILLER_0_126_245, 115.14, 353.6, 0.0491723
FILLER_0_123_233, 115.14, 348.16, 0.0489456
FILLER_0_124_245, 115.14, 348.16, 0.0489456
FILLER_0_125_249, 115.14, 348.16, 0.0489456
_10374_, 115.14, 342.72, 0.0487321
_10375_, 115.14, 342.72, 0.0487321
fanout93, 115.14, 342.72, 0.0487321
ANTENNA_fanout93_A, 115.14, 342.72, 0.0487321
ANTENNA_fanout92_A, 115.14, 342.72, 0.0487321
FILLER_0_121_229, 115.14, 342.72, 0.0487321
FILLER_0_122_238, 115.14, 342.72, 0.0487321
FILLER_0_122_249, 115.14, 342.72, 0.0487321
_10341_, 115.14, 337.28, 0.0485044
_10370_, 115.14, 337.28, 0.0485044
ANTENNA__11071__S, 115.14, 337.28, 0.0485044
ANTENNA__11596__RESET_B, 115.14, 337.28, 0.0485044
ANTENNA__11599__RESET_B, 115.14, 337.28, 0.0485044
FILLER_0_119_237, 115.14, 337.28, 0.0485044
FILLER_0_120_244, 115.14, 337.28, 0.0485044
FILLER_0_121_243, 115.14, 337.28, 0.0485044
_10308_, 115.14, 331.84, 0.0482655
_10309_, 115.14, 331.84, 0.0482655
_10310_, 115.14, 331.84, 0.0482655
_10311_, 115.14, 331.84, 0.0482655
ANTENNA__10309__A1, 115.14, 331.84, 0.0482655
ANTENNA_fanout90_A, 115.14, 331.84, 0.0482655
FILLER_0_118_231, 115.14, 331.84, 0.0482655
FILLER_0_119_247, 115.14, 331.84, 0.0482655
_10283_, 115.14, 326.4, 0.0479527
ANTENNA__10309__A2, 115.14, 326.4, 0.0479527
FILLER_0_117_244, 115.14, 326.4, 0.0479527
_10280_, 115.14, 320.96, 0.0476334
_10281_, 115.14, 320.96, 0.0476334
_10282_, 115.14, 320.96, 0.0476334
_10303_, 115.14, 320.96, 0.0476334
ANTENNA__10283__A, 115.14, 320.96, 0.0476334
ANTENNA__11598__RESET_B, 115.14, 320.96, 0.0476334
FILLER_0_113_229, 115.14, 320.96, 0.0476334
FILLER_0_114_240, 115.14, 320.96, 0.0476334
_10227_, 115.14, 315.52, 0.0472759
_10228_, 115.14, 315.52, 0.0472759
ANTENNA__10275__A2, 115.14, 315.52, 0.0472759
ANTENNA__10227__B, 115.14, 315.52, 0.0472759
ANTENNA__10227__A, 115.14, 315.52, 0.0472759
FILLER_0_113_248, 115.14, 315.52, 0.0472759
_10224_, 115.14, 310.08, 0.0469434
_10226_, 115.14, 310.08, 0.0469434
_10275_, 115.14, 310.08, 0.0469434
FILLER_0_109_237, 115.14, 310.08, 0.0469434
_06667_, 115.14, 304.64, 0.0465738
_10274_, 115.14, 304.64, 0.0465738
FILLER_0_108_244, 115.14, 304.64, 0.0465738
_07424_, 115.14, 299.2, 0.0462046
_07425_, 115.14, 299.2, 0.0462046
_07504_, 115.14, 299.2, 0.0462046
ANTENNA__07506__D1, 115.14, 299.2, 0.0462046
ANTENNA__07502__B, 115.14, 299.2, 0.0462046
ANTENNA__10193__A, 115.14, 299.2, 0.0462046
FILLER_0_106_231, 115.14, 299.2, 0.0462046
FILLER_0_106_239, 115.14, 299.2, 0.0462046
FILLER_0_106_244, 115.14, 299.2, 0.0462046
FILLER_0_107_245, 115.14, 299.2, 0.0462046
_07423_, 115.14, 293.76, 0.0457585
_07426_, 115.14, 293.76, 0.0457585
_09725_, 115.14, 293.76, 0.0457585
ANTENNA__07425__B, 115.14, 293.76, 0.0457585
FILLER_0_104_236, 115.14, 293.76, 0.0457585
FILLER_0_104_245, 115.14, 293.76, 0.0457585
_07370_, 115.14, 288.32, 0.0452748
_07371_, 115.14, 288.32, 0.0452748
_07372_, 115.14, 288.32, 0.0452748
ANTENNA__07371__B1, 115.14, 288.32, 0.0452748
ANTENNA__09725__A2, 115.14, 288.32, 0.0452748
FILLER_0_102_243, 115.14, 288.32, 0.0452748
FILLER_0_102_248, 115.14, 288.32, 0.0452748
_06646_, 115.14, 282.88, 0.0447974
_07285_, 115.14, 282.88, 0.0447974
_09633_, 115.14, 282.88, 0.0447974
_09726_, 115.14, 282.88, 0.0447974
ANTENNA__09633__B2, 115.14, 282.88, 0.0447974
ANTENNA__07285__B, 115.14, 282.88, 0.0447974
ANTENNA__09689__C1, 115.14, 282.88, 0.0447974
FILLER_0_100_237, 115.14, 282.88, 0.0447974
FILLER_0_101_247, 115.14, 282.88, 0.0447974
_07126_, 115.14, 277.44, 0.044318
_07206_, 115.14, 277.44, 0.044318
_07207_, 115.14, 277.44, 0.044318
_07208_, 115.14, 277.44, 0.044318
ANTENNA__07207__B1, 115.14, 277.44, 0.044318
ANTENNA__07208__A2, 115.14, 277.44, 0.044318
ANTENNA__07127__B1, 115.14, 277.44, 0.044318
FILLER_0_97_238, 115.14, 277.44, 0.044318
FILLER_0_98_248, 115.14, 277.44, 0.044318
_10149_, 115.14, 272, 0.0438343
ANTENNA__07128__A2_N, 115.14, 272, 0.0438343
FILLER_0_96_242, 115.14, 272, 0.0438343
FILLER_0_97_246, 115.14, 272, 0.0438343
_06615_, 115.14, 266.56, 0.0432354
_10152_, 115.14, 266.56, 0.0432354
FILLER_0_95_246, 115.14, 266.56, 0.0432354
_07060_, 115.14, 261.12, 0.0426267
_07061_, 115.14, 261.12, 0.0426267
ANTENNA__07061__B, 115.14, 261.12, 0.0426267
FILLER_0_92_249, 115.14, 261.12, 0.0426267
_06619_, 115.14, 255.68, 0.042011
_07062_, 115.14, 255.68, 0.042011
_07132_, 115.14, 255.68, 0.042011
ANTENNA__06619__B1, 115.14, 255.68, 0.042011
ANTENNA__11000__S, 115.14, 250.24, 0.0413693
FILLER_0_87_238, 115.14, 250.24, 0.0413693
_06291_, 115.14, 244.8, 0.0407316
_06604_, 115.14, 244.8, 0.0407316
_07059_, 115.14, 244.8, 0.0407316
clkbuf_leaf_14_clk, 115.14, 244.8, 0.0407316
ANTENNA__06291__A, 115.14, 244.8, 0.0407316
_06611_, 115.14, 239.36, 0.0400452
_07004_, 115.14, 239.36, 0.0400452
_09517_, 115.14, 239.36, 0.0400452
FILLER_0_83_237, 115.14, 239.36, 0.0400452
FILLER_0_84_229, 115.14, 239.36, 0.0400452
FILLER_0_85_245, 115.14, 239.36, 0.0400452
_07005_, 115.14, 233.92, 0.0392448
_10390_, 115.14, 233.92, 0.0392448
ANTENNA__07005__A, 115.14, 233.92, 0.0392448
FILLER_0_82_248, 115.14, 233.92, 0.0392448
FILLER_0_83_249, 115.14, 233.92, 0.0392448
_06225_, 115.14, 228.48, 0.0384555
_06776_, 115.14, 228.48, 0.0384555
_11344_, 115.14, 228.48, 0.0384555
ANTENNA__06776__S, 115.14, 228.48, 0.0384555
ANTENNA__11342__RESET_B, 115.14, 228.48, 0.0384555
FILLER_0_81_239, 115.14, 228.48, 0.0384555
_06227_, 115.14, 223.04, 0.0376183
_06289_, 115.14, 223.04, 0.0376183
_10388_, 115.14, 223.04, 0.0376183
_10389_, 115.14, 223.04, 0.0376183
ANTENNA__10388__A1, 115.14, 223.04, 0.0376183
ANTENNA__10389__S, 115.14, 223.04, 0.0376183
FILLER_0_78_249, 115.14, 223.04, 0.0376183
_06226_, 115.14, 217.6, 0.0367965
_06228_, 115.14, 217.6, 0.0367965
_06229_, 115.14, 217.6, 0.0367965
_10387_, 115.14, 217.6, 0.0367965
ANTENNA__10387__A, 115.14, 217.6, 0.0367965
ANTENNA__06228__A, 115.14, 217.6, 0.0367965
ANTENNA__06226__A, 115.14, 217.6, 0.0367965
_11153_, 115.14, 212.16, 0.0359584
ANTENNA__06229__A, 115.14, 212.16, 0.0359584
ANTENNA__11153__RESET_B, 115.14, 212.16, 0.0359584
FILLER_0_73_229, 115.14, 212.16, 0.0359584
FILLER_0_74_231, 115.14, 212.16, 0.0359584
FILLER_0_74_248, 115.14, 212.16, 0.0359584
FILLER_0_75_245, 115.14, 212.16, 0.0359584
_06547_, 115.14, 206.72, 0.0349547
hold9, 115.14, 206.72, 0.0349547
ANTENNA__06547__B, 115.14, 206.72, 0.0349547
ANTENNA__06547__A, 115.14, 206.72, 0.0349547
FILLER_0_71_237, 115.14, 206.72, 0.0349547
_06548_, 115.14, 201.28, 0.0339122
ANTENNA__06856__S, 115.14, 201.28, 0.0339122
ANTENNA__06547__C, 115.14, 201.28, 0.0339122
ANTENNA__11642__RESET_B, 115.14, 201.28, 0.0339122
FILLER_0_69_237, 115.14, 201.28, 0.0339122
FILLER_0_70_228, 115.14, 201.28, 0.0339122
FILLER_0_70_239, 115.14, 201.28, 0.0339122
FILLER_0_70_247, 115.14, 201.28, 0.0339122
_06823_, 115.14, 195.84, 0.0328606
_06824_, 115.14, 195.84, 0.0328606
_06827_, 115.14, 195.84, 0.0328606
ANTENNA__06827__A1, 115.14, 195.84, 0.0328606
ANTENNA__06561__B1, 115.14, 195.84, 0.0328606
FILLER_0_67_235, 115.14, 195.84, 0.0328606
FILLER_0_68_232, 115.14, 195.84, 0.0328606
FILLER_0_69_244, 115.14, 195.84, 0.0328606
_06551_, 115.14, 190.4, 0.0317454
_06552_, 115.14, 190.4, 0.0317454
_06822_, 115.14, 190.4, 0.0317454
_06826_, 115.14, 190.4, 0.0317454
ANTENNA__06826__B, 115.14, 190.4, 0.0317454
FILLER_0_66_228, 115.14, 190.4, 0.0317454
FILLER_0_66_239, 115.14, 190.4, 0.0317454
FILLER_0_66_247, 115.14, 190.4, 0.0317454
FILLER_0_67_245, 115.14, 190.4, 0.0317454
_06553_, 115.14, 184.96, 0.0306467
_06795_, 115.14, 184.96, 0.0306467
_06796_, 115.14, 184.96, 0.0306467
ANTENNA__06795__B, 115.14, 184.96, 0.0306467
FILLER_0_64_235, 115.14, 184.96, 0.0306467
_10989_, 115.14, 179.52, 0.0294568
_11152_, 115.14, 179.52, 0.0294568
ANTENNA__10989__S, 115.14, 179.52, 0.0294568
ANTENNA__11587__RESET_B, 115.14, 179.52, 0.0294568
FILLER_0_62_241, 115.14, 179.52, 0.0294568
FILLER_0_62_249, 115.14, 179.52, 0.0294568
FILLER_0_63_249, 115.14, 179.52, 0.0294568
_06542_, 115.14, 174.08, 0.0280242
_06543_, 115.14, 174.08, 0.0280242
hold141, 115.14, 174.08, 0.0280242
ANTENNA__11152__RESET_B, 115.14, 174.08, 0.0280242
FILLER_0_59_233, 115.14, 174.08, 0.0280242
FILLER_0_60_246, 115.14, 174.08, 0.0280242
_06531_, 115.14, 168.64, 0.0265802
_06539_, 115.14, 168.64, 0.0265802
hold123, 115.14, 168.64, 0.0265802
ANTENNA__06542__S, 115.14, 168.64, 0.0265802
ANTENNA__11100__S, 115.14, 168.64, 0.0265802
FILLER_0_58_239, 115.14, 168.64, 0.0265802
FILLER_0_59_241, 115.14, 168.64, 0.0265802
_06537_, 115.14, 163.2, 0.0251054
_06538_, 115.14, 163.2, 0.0251054
ANTENNA__06531__A1, 115.14, 163.2, 0.0251054
_06536_, 115.14, 157.76, 0.0235944
_06540_, 115.14, 157.76, 0.0235944
hold132, 115.14, 157.76, 0.0235944
ANTENNA__06540__A, 115.14, 157.76, 0.0235944
ANTENNA__10379__A, 115.14, 157.76, 0.0235944
ANTENNA__11611__RESET_B, 115.14, 157.76, 0.0235944
FILLER_0_54_249, 115.14, 157.76, 0.0235944
_06493_, 115.14, 152.32, 0.0220754
_06525_, 115.14, 152.32, 0.0220754
_10981_, 115.14, 152.32, 0.0220754
ANTENNA__06222__A, 115.14, 152.32, 0.0220754
FILLER_0_51_238, 115.14, 152.32, 0.0220754
FILLER_0_53_248, 115.14, 152.32, 0.0220754
_06484_, 115.14, 146.88, 0.0224609
ANTENNA__11583__RESET_B, 115.14, 146.88, 0.0224609
FILLER_0_50_246, 115.14, 146.88, 0.0224609
FILLER_0_51_247, 115.14, 146.88, 0.0224609
_10979_, 115.14, 141.44, 0.0235598
hold227, 115.14, 141.44, 0.0235598
ANTENNA__06484__S, 115.14, 141.44, 0.0235598
ANTENNA__06290__A, 115.14, 141.44, 0.0235598
ANTENNA__11149__RESET_B, 115.14, 141.44, 0.0235598
FILLER_0_49_245, 115.14, 141.44, 0.0235598
_11582_, 115.14, 136, 0.0246503
_11610_, 115.14, 136, 0.0246503
clkbuf_leaf_11_clk, 115.14, 136, 0.0246503
ANTENNA__11638__RESET_B, 115.14, 130.56, 0.0256801
FILLER_0_44_244, 115.14, 130.56, 0.0256801
FILLER_0_41_237, 115.14, 125.12, 0.0266861
FILLER_0_42_246, 115.14, 125.12, 0.0266861
_06230_, 115.14, 119.68, 0.027639
_06373_, 115.14, 119.68, 0.027639
_06432_, 115.14, 119.68, 0.027639
_06554_, 115.14, 119.68, 0.027639
ANTENNA__06431__B1, 115.14, 119.68, 0.027639
FILLER_0_40_233, 115.14, 119.68, 0.027639
_06399_, 115.14, 114.24, 0.0283403
_06400_, 115.14, 114.24, 0.0283403
_06401_, 115.14, 114.24, 0.0283403
_06402_, 115.14, 114.24, 0.0283403
ANTENNA__06230__A, 115.14, 114.24, 0.0283403
FILLER_0_38_240, 115.14, 114.24, 0.0283403
FILLER_0_38_249, 115.14, 114.24, 0.0283403
_06956_, 115.14, 108.8, 0.0290302
_06959_, 115.14, 108.8, 0.0290302
_06999_, 115.14, 108.8, 0.0290302
_07000_, 115.14, 108.8, 0.0290302
_07053_, 115.14, 108.8, 0.0290302
ANTENNA__07000__B1, 115.14, 108.8, 0.0290302
FILLER_0_36_245, 115.14, 108.8, 0.0290302
FILLER_0_37_241, 115.14, 108.8, 0.0290302
_06958_, 115.14, 103.36, 0.0296352
ANTENNA__06959__A1, 115.14, 103.36, 0.0296352
ANTENNA__06958__B, 115.14, 103.36, 0.0296352
FILLER_0_33_237, 115.14, 103.36, 0.0296352
FILLER_0_34_248, 115.14, 103.36, 0.0296352
_06463_, 115.14, 97.92, 0.0302656
_11148_, 115.14, 97.92, 0.0302656
hold275, 115.14, 97.92, 0.0302656
ANTENNA__06462__S, 115.14, 97.92, 0.0302656
ANTENNA__11603__RESET_B, 115.14, 97.92, 0.0302656
ANTENNA_fanout78_A, 115.14, 97.92, 0.0302656
_06434_, 115.14, 92.48, 0.0308874
_11147_, 115.14, 92.48, 0.0308874
ANTENNA__06433__S, 115.14, 92.48, 0.0308874
FILLER_0_31_242, 115.14, 92.48, 0.0308874
_06433_, 115.14, 87.04, 0.0313697
ANTENNA__11022__S, 115.14, 87.04, 0.0313697
ANTENNA_clkbuf_3_1__f_clk_A, 115.14, 87.04, 0.0313697
FILLER_0_27_233, 115.14, 87.04, 0.0313697
FILLER_0_28_242, 115.14, 87.04, 0.0313697
_10972_, 115.14, 81.6, 0.0317553
_11091_, 115.14, 81.6, 0.0317553
_11578_, 115.14, 81.6, 0.0317553
_11636_, 115.14, 81.6, 0.0317553
FILLER_0_26_236, 115.14, 81.6, 0.0317553
FILLER_0_26_246, 115.14, 81.6, 0.0317553
_10971_, 115.14, 76.16, 0.0321569
_11029_, 115.14, 76.16, 0.0321569
hold251, 115.14, 76.16, 0.0321569
ANTENNA__06405__S, 115.14, 76.16, 0.0321569
FILLER_0_24_228, 115.14, 76.16, 0.0321569
_11030_, 115.14, 70.72, 0.0325139
_11081_, 115.14, 70.72, 0.0325139
_11606_, 115.14, 70.72, 0.0325139
hold252, 115.14, 70.72, 0.0325139
hold385, 115.14, 70.72, 0.0325139
ANTENNA__11086__S, 115.14, 70.72, 0.0325139
_06221_, 115.14, 65.28, 0.0328657
max_cap3, 115.14, 65.28, 0.0328657
ANTENNA__11029__S, 115.14, 65.28, 0.0328657
ANTENNA__11634__RESET_B, 115.14, 65.28, 0.0328657
ANTENNA__11606__RESET_B, 115.14, 65.28, 0.0328657
FILLER_0_20_229, 115.14, 65.28, 0.0328657
FILLER_0_20_238, 115.14, 65.28, 0.0328657
_06294_, 115.14, 59.84, 0.0331857
_10401_, 115.14, 59.84, 0.0331857
_10434_, 115.14, 59.84, 0.0331857
_10435_, 115.14, 59.84, 0.0331857
_11365_, 115.14, 59.84, 0.0331857
hold330, 115.14, 59.84, 0.0331857
ANTENNA__06294__A, 115.14, 59.84, 0.0331857
ANTENNA__06221__A, 115.14, 59.84, 0.0331857
FILLER_0_18_229, 115.14, 59.84, 0.0331857
_06216_, 115.14, 54.4, 0.0333894
_10436_, 115.14, 54.4, 0.0333894
_11366_, 115.14, 54.4, 0.0333894
hold67, 115.14, 54.4, 0.0333894
FILLER_0_16_247, 115.14, 54.4, 0.0333894
_10437_, 115.14, 48.96, 0.0335717
_10438_, 115.14, 48.96, 0.0335717
hold35, 115.14, 48.96, 0.0335717
hold72, 115.14, 48.96, 0.0335717
FILLER_0_14_246, 115.14, 48.96, 0.0335717
_10439_, 115.14, 43.52, 0.0337591
_11367_, 115.14, 43.52, 0.0337591
ANTENNA__11367__RESET_B, 115.14, 43.52, 0.0337591
FILLER_0_12_249, 115.14, 43.52, 0.0337591
FILLER_0_13_245, 115.14, 43.52, 0.0337591
FILLER_0_10_246, 115.14, 38.08, 0.0339206
_10454_, 115.14, 32.64, 0.0340893
hold91, 115.14, 32.64, 0.0340893
ANTENNA__11374__RESET_B, 115.14, 32.64, 0.0340893
_10455_, 115.14, 27.2, 0.0341552
FILLER_0_6_245, 115.14, 27.2, 0.0341552
_06217_, 115.14, 21.76, 0.0341845
ANTENNA__11375__RESET_B, 115.14, 21.76, 0.0341845
FILLER_0_4_249, 115.14, 21.76, 0.0341845
FILLER_0_2_249, 115.14, 16.32, 0.0342021
FILLER_0_0_249, 115.14, 10.88, 0.0342515
FILLER_0_146_165, 85.14, 408, 0.0492733
FILLER_0_129_164, 85.14, 364.48, 0.0487124
ANTENNA__11448__RESET_B, 85.14, 359.04, 0.0485624
hold301, 85.14, 353.6, 0.0483531
ANTENNA__11424__RESET_B, 85.14, 353.6, 0.0483531
ANTENNA__10503__S, 85.14, 348.16, 0.0481328
ANTENNA__11399__RESET_B, 85.14, 348.16, 0.0481328
_11011_, 85.14, 342.72, 0.0479121
_11597_, 85.14, 342.72, 0.0479121
ANTENNA__11625__RESET_B, 85.14, 342.72, 0.0479121
_11010_, 85.14, 337.28, 0.047696
clkbuf_leaf_28_clk, 85.14, 337.28, 0.047696
_11009_, 85.14, 331.84, 0.0474411
_11624_, 85.14, 331.84, 0.0474411
ANTENNA__11067__S, 85.14, 331.84, 0.0474411
ANTENNA__11010__S, 85.14, 331.84, 0.0474411
ANTENNA__11653__RESET_B, 85.14, 331.84, 0.0474411
ANTENNA_clkbuf_leaf_28_clk_A, 85.14, 331.84, 0.0474411
FILLER_0_117_173, 85.14, 331.84, 0.0474411
FILLER_0_118_168, 85.14, 331.84, 0.0474411
FILLER_0_119_178, 85.14, 331.84, 0.0474411
_11065_, 85.14, 326.4, 0.0471312
_11066_, 85.14, 326.4, 0.0471312
_11123_, 85.14, 326.4, 0.0471312
_11652_, 85.14, 326.4, 0.0471312
hold195, 85.14, 326.4, 0.0471312
ANTENNA__11065__S, 85.14, 326.4, 0.0471312
ANTENNA__11124__S, 85.14, 326.4, 0.0471312
FILLER_0_115_169, 85.14, 326.4, 0.0471312
_06651_, 85.14, 320.96, 0.0468098
_11122_, 85.14, 320.96, 0.0468098
_11163_, 85.14, 320.96, 0.0468098
ANTENNA__06661__S, 85.14, 320.96, 0.0468098
ANTENNA__11164__RESET_B, 85.14, 320.96, 0.0468098
FILLER_0_114_168, 85.14, 320.96, 0.0468098
_06650_, 85.14, 315.52, 0.0464469
ANTENNA__06650__S, 85.14, 315.52, 0.0464469
FILLER_0_112_165, 85.14, 315.52, 0.0464469
_11165_, 85.14, 310.08, 0.0461091
_11654_, 85.14, 310.08, 0.0461091
ANTENNA__11623__RESET_B, 85.14, 310.08, 0.0461091
_06673_, 85.14, 304.64, 0.0457552
_06674_, 85.14, 304.64, 0.0457552
hold389, 85.14, 304.64, 0.0457552
ANTENNA__11063__S, 85.14, 304.64, 0.0457552
ANTENNA__11120__S, 85.14, 304.64, 0.0457552
FILLER_0_107_173, 85.14, 304.64, 0.0457552
FILLER_0_108_173, 85.14, 304.64, 0.0457552
_11006_, 85.14, 299.2, 0.0453733
_11007_, 85.14, 299.2, 0.0453733
ANTENNA__06574__A, 85.14, 299.2, 0.0453733
ANTENNA__11595__RESET_B, 85.14, 299.2, 0.0453733
FILLER_0_107_178, 85.14, 299.2, 0.0453733
_06292_, 85.14, 293.76, 0.044927
_06574_, 85.14, 293.76, 0.044927
_06660_, 85.14, 293.76, 0.044927
ANTENNA__06649__A0, 85.14, 293.76, 0.044927
ANTENNA_clkbuf_leaf_23_clk_A, 85.14, 293.76, 0.044927
FILLER_0_103_169, 85.14, 293.76, 0.044927
_06648_, 85.14, 288.32, 0.0444475
_06649_, 85.14, 288.32, 0.0444475
ANTENNA__06660__S, 85.14, 288.32, 0.0444475
ANTENNA__06660__A0, 85.14, 288.32, 0.0444475
ANTENNA__06640__S, 85.14, 288.32, 0.0444475
ANTENNA__11162__RESET_B, 85.14, 288.32, 0.0444475
ANTENNA__11622__RESET_B, 85.14, 288.32, 0.0444475
FILLER_0_101_173, 85.14, 288.32, 0.0444475
_11004_, 85.14, 282.88, 0.0439773
fanout87, 85.14, 282.88, 0.0439773
ANTENNA__11594__RESET_B, 85.14, 282.88, 0.0439773
FILLER_0_99_165, 85.14, 282.88, 0.0439773
_06635_, 85.14, 277.44, 0.0435071
hold148, 85.14, 277.44, 0.0435071
ANTENNA__11061__S, 85.14, 277.44, 0.0435071
ANTENNA__11118__S, 85.14, 277.44, 0.0435071
ANTENNA__11004__S, 85.14, 277.44, 0.0435071
ANTENNA__11650__RESET_B, 85.14, 277.44, 0.0435071
FILLER_0_98_169, 85.14, 277.44, 0.0435071
FILLER_0_98_180, 85.14, 277.44, 0.0435071
FILLER_0_99_178, 85.14, 277.44, 0.0435071
_06629_, 85.14, 272, 0.0430213
_06631_, 85.14, 272, 0.0430213
_06632_, 85.14, 272, 0.0430213
_06633_, 85.14, 272, 0.0430213
ANTENNA__06629__B2, 85.14, 272, 0.0430213
ANTENNA__11161__RESET_B, 85.14, 272, 0.0430213
_11060_, 85.14, 266.56, 0.0424588
hold214, 85.14, 266.56, 0.0424588
ANTENNA__11059__S, 85.14, 266.56, 0.0424588
ANTENNA__06629__B1, 85.14, 266.56, 0.0424588
ANTENNA__06630__S, 85.14, 266.56, 0.0424588
ANTENNA__11628__RESET_B, 85.14, 266.56, 0.0424588
ANTENNA__11621__RESET_B, 85.14, 266.56, 0.0424588
FILLER_0_93_173, 85.14, 266.56, 0.0424588
FILLER_0_94_169, 85.14, 266.56, 0.0424588
FILLER_0_94_176, 85.14, 266.56, 0.0424588
FILLER_0_95_181, 85.14, 266.56, 0.0424588
_11059_, 85.14, 261.12, 0.041856
_11117_, 85.14, 261.12, 0.041856
_11621_, 85.14, 261.12, 0.041856
FILLER_0_91_169, 85.14, 261.12, 0.041856
_11116_, 85.14, 255.68, 0.0412673
_11649_, 85.14, 255.68, 0.0412673
clkbuf_leaf_15_clk, 85.14, 255.68, 0.0412673
ANTENNA__11073__S, 85.14, 255.68, 0.0412673
ANTENNA__11656__RESET_B, 85.14, 255.68, 0.0412673
FILLER_0_90_165, 85.14, 255.68, 0.0412673
FILLER_0_91_175, 85.14, 255.68, 0.0412673
_11131_, 85.14, 250.24, 0.0406448
ANTENNA__11130__C, 85.14, 250.24, 0.0406448
ANTENNA__11131__A2, 85.14, 250.24, 0.0406448
_06608_, 85.14, 244.8, 0.040029
_11130_, 85.14, 244.8, 0.040029
_11159_, 85.14, 244.8, 0.040029
ANTENNA__06608__A2, 85.14, 244.8, 0.040029
ANTENNA__06608__B1, 85.14, 244.8, 0.040029
ANTENNA__11130__A, 85.14, 244.8, 0.040029
ANTENNA__11572__RESET_B, 85.14, 244.8, 0.040029
FILLER_0_85_173, 85.14, 244.8, 0.040029
_06595_, 85.14, 239.36, 0.0393749
_06609_, 85.14, 239.36, 0.0393749
hold134, 85.14, 239.36, 0.0393749
ANTENNA__06595__A, 85.14, 239.36, 0.0393749
ANTENNA__06608__A1, 85.14, 239.36, 0.0393749
ANTENNA__11112__S, 85.14, 239.36, 0.0393749
ANTENNA__06609__A2, 85.14, 239.36, 0.0393749
FILLER_0_84_174, 85.14, 239.36, 0.0393749
_06596_, 85.14, 233.92, 0.0386574
_11619_, 85.14, 233.92, 0.0386574
hold218, 85.14, 233.92, 0.0386574
FILLER_0_82_170, 85.14, 233.92, 0.0386574
_11055_, 85.14, 228.48, 0.0379264
clkbuf_leaf_16_clk, 85.14, 228.48, 0.0379264
ANTENNA__11647__RESET_B, 85.14, 228.48, 0.0379264
FILLER_0_79_163, 85.14, 228.48, 0.0379264
ANTENNA__06233__A1, 85.14, 223.04, 0.0371739
ANTENNA__06233__A2, 85.14, 223.04, 0.0371739
ANTENNA__11345__RESET_B, 85.14, 223.04, 0.0371739
FILLER_0_77_169, 85.14, 223.04, 0.0371739
FILLER_0_78_181, 85.14, 223.04, 0.0371739
_11053_, 85.14, 217.6, 0.0364226
_11054_, 85.14, 217.6, 0.0364226
_11618_, 85.14, 217.6, 0.0364226
ANTENNA__10393__S, 85.14, 217.6, 0.0364226
ANTENNA__06236__A2, 85.14, 217.6, 0.0364226
_11111_, 85.14, 212.16, 0.0356679
_11646_, 85.14, 212.16, 0.0356679
ANTENNA__06566__A1, 85.14, 212.16, 0.0356679
ANTENNA__06236__A1, 85.14, 212.16, 0.0356679
FILLER_0_73_173, 85.14, 212.16, 0.0356679
FILLER_0_75_177, 85.14, 212.16, 0.0356679
_11157_, 85.14, 206.72, 0.0348361
hold108, 85.14, 206.72, 0.0348361
ANTENNA__11155__RESET_B, 85.14, 206.72, 0.0348361
_11106_, 85.14, 201.28, 0.0339643
_11107_, 85.14, 201.28, 0.0339643
ANTENNA__06564__S, 85.14, 201.28, 0.0339643
FILLER_0_69_163, 85.14, 201.28, 0.0339643
FILLER_0_71_181, 85.14, 201.28, 0.0339643
_06555_, 85.14, 195.84, 0.0331006
_06575_, 85.14, 195.84, 0.0331006
_11644_, 85.14, 195.84, 0.0331006
ANTENNA__06563__A3, 85.14, 195.84, 0.0331006
ANTENNA__11106__S, 85.14, 195.84, 0.0331006
FILLER_0_67_169, 85.14, 195.84, 0.0331006
_11156_, 85.14, 190.4, 0.032218
ANTENNA__06555__A2, 85.14, 190.4, 0.032218
ANTENNA__06575__B1, 85.14, 190.4, 0.032218
FILLER_0_65_169, 85.14, 190.4, 0.032218
_06253_, 85.14, 184.96, 0.0313328
_06576_, 85.14, 184.96, 0.0313328
hold22, 85.14, 184.96, 0.0313328
FILLER_0_63_169, 85.14, 184.96, 0.0313328
FILLER_0_64_182, 85.14, 184.96, 0.0313328
_06296_, 85.14, 179.52, 0.0304499
_11108_, 85.14, 179.52, 0.0304499
clkbuf_leaf_9_clk, 85.14, 179.52, 0.0304499
ANTENNA__11108__S, 85.14, 179.52, 0.0304499
FILLER_0_61_169, 85.14, 179.52, 0.0304499
_06529_, 85.14, 174.08, 0.0294942
_11109_, 85.14, 174.08, 0.0294942
_11645_, 85.14, 174.08, 0.0294942
hold409, 85.14, 174.08, 0.0294942
ANTENNA__06530__B1, 85.14, 174.08, 0.0294942
FILLER_0_60_163, 85.14, 174.08, 0.0294942
_06523_, 85.14, 168.64, 0.0285608
_11151_, 85.14, 168.64, 0.0285608
ANTENNA__10514__A, 85.14, 168.64, 0.0285608
FILLER_0_58_173, 85.14, 168.64, 0.0285608
_06509_, 85.14, 163.2, 0.0276213
_06510_, 85.14, 163.2, 0.0276213
_11150_, 85.14, 163.2, 0.0276213
ANTENNA__06509__S, 85.14, 163.2, 0.0276213
ANTENNA__10545__A, 85.14, 163.2, 0.0276213
FILLER_0_56_183, 85.14, 163.2, 0.0276213
FILLER_0_57_181, 85.14, 163.2, 0.0276213
_06508_, 85.14, 157.76, 0.0266918
FILLER_0_53_164, 85.14, 157.76, 0.0266918
FILLER_0_54_171, 85.14, 157.76, 0.0266918
_10961_, 85.14, 152.32, 0.0257923
_11601_, 85.14, 152.32, 0.0257923
clkbuf_leaf_10_clk, 85.14, 152.32, 0.0257923
ANTENNA_clkbuf_leaf_10_clk_A, 85.14, 152.32, 0.0257923
FILLER_0_52_164, 85.14, 152.32, 0.0257923
FILLER_0_53_181, 85.14, 152.32, 0.0257923
_10963_, 85.14, 146.88, 0.0258845
_11018_, 85.14, 146.88, 0.0258845
_11019_, 85.14, 146.88, 0.0258845
_11574_, 85.14, 141.44, 0.0263841
ANTENNA__06278__A2, 85.14, 141.44, 0.0263841
ANTENNA__10962__S, 85.14, 141.44, 0.0263841
ANTENNA__06278__B1, 85.14, 141.44, 0.0263841
ANTENNA__11573__RESET_B, 85.14, 141.44, 0.0263841
FILLER_0_49_180, 85.14, 141.44, 0.0263841
_11136_, 85.14, 136, 0.026899
_11137_, 85.14, 136, 0.026899
ANTENNA__11132__C, 85.14, 136, 0.026899
ANTENNA__06278__A1, 85.14, 136, 0.026899
FILLER_0_46_165, 85.14, 136, 0.026899
FILLER_0_46_176, 85.14, 136, 0.026899
_06265_, 85.14, 130.56, 0.0274115
_06282_, 85.14, 130.56, 0.0274115
_06284_, 85.14, 130.56, 0.0274115
_06285_, 85.14, 130.56, 0.0274115
ANTENNA__06414__A2, 85.14, 130.56, 0.0274115
ANTENNA__11139__A2, 85.14, 130.56, 0.0274115
FILLER_0_43_169, 85.14, 130.56, 0.0274115
FILLER_0_45_179, 85.14, 130.56, 0.0274115
_06414_, 85.14, 125.12, 0.0279203
_06848_, 85.14, 125.12, 0.0279203
_11138_, 85.14, 125.12, 0.0279203
ANTENNA__06414__B1, 85.14, 125.12, 0.0279203
ANTENNA__06414__A1, 85.14, 125.12, 0.0279203
_06264_, 85.14, 119.68, 0.0284275
_06286_, 85.14, 119.68, 0.0284275
_06293_, 85.14, 119.68, 0.0284275
_06299_, 85.14, 119.68, 0.0284275
ANTENNA__11138__C, 85.14, 119.68, 0.0284275
ANTENNA__06293__A2, 85.14, 119.68, 0.0284275
FILLER_0_40_165, 85.14, 119.68, 0.0284275
_06297_, 85.14, 114.24, 0.0288823
_06320_, 85.14, 114.24, 0.0288823
ANTENNA__06323__B1, 85.14, 114.24, 0.0288823
ANTENNA__06335__B1, 85.14, 114.24, 0.0288823
ANTENNA__06293__C1, 85.14, 114.24, 0.0288823
ANTENNA__06323__A1, 85.14, 114.24, 0.0288823
FILLER_0_37_169, 85.14, 114.24, 0.0288823
FILLER_0_38_169, 85.14, 114.24, 0.0288823
_06321_, 85.14, 108.8, 0.0293512
_06324_, 85.14, 108.8, 0.0293512
_06344_, 85.14, 108.8, 0.0293512
_06349_, 85.14, 108.8, 0.0293512
ANTENNA__06324__A1, 85.14, 108.8, 0.0293512
FILLER_0_35_169, 85.14, 108.8, 0.0293512
FILLER_0_36_178, 85.14, 108.8, 0.0293512
_06326_, 85.14, 103.36, 0.0297674
ANTENNA__06349__B2, 85.14, 103.36, 0.0297674
ANTENNA__06326__S, 85.14, 103.36, 0.0297674
_06327_, 85.14, 97.92, 0.0302068
_11143_, 85.14, 97.92, 0.0302068
_11576_, 85.14, 97.92, 0.0302068
clkbuf_leaf_3_clk, 85.14, 97.92, 0.0302068
FILLER_0_33_178, 85.14, 97.92, 0.0302068
_11025_, 85.14, 92.48, 0.0306322
_11082_, 85.14, 92.48, 0.0306322
hold212, 85.14, 92.48, 0.0306322
hold213, 85.14, 92.48, 0.0306322
hold270, 85.14, 92.48, 0.0306322
_11024_, 85.14, 87.04, 0.0309971
_11604_, 85.14, 87.04, 0.0309971
FILLER_0_27_165, 85.14, 87.04, 0.0309971
FILLER_0_27_169, 85.14, 87.04, 0.0309971
_06298_, 85.14, 81.6, 0.0313012
_11142_, 85.14, 81.6, 0.0313012
ANTENNA__10462__S, 85.14, 81.6, 0.0313012
FILLER_0_26_167, 85.14, 81.6, 0.0313012
_06350_, 85.14, 76.16, 0.0316198
hold173, 85.14, 76.16, 0.0316198
FILLER_0_23_165, 85.14, 76.16, 0.0316198
FILLER_0_25_181, 85.14, 76.16, 0.0316198
_11084_, 85.14, 70.72, 0.0319068
_11085_, 85.14, 70.72, 0.0319068
hold174, 85.14, 70.72, 0.0319068
ANTENNA__06350__S, 85.14, 70.72, 0.0319068
ANTENNA__10515__S, 85.14, 70.72, 0.0319068
FILLER_0_21_169, 85.14, 70.72, 0.0319068
FILLER_0_23_181, 85.14, 70.72, 0.0319068
_11633_, 85.14, 65.28, 0.0321969
hold265, 85.14, 65.28, 0.0321969
FILLER_0_19_164, 85.14, 65.28, 0.0321969
FILLER_0_20_178, 85.14, 65.28, 0.0321969
_10467_, 85.14, 59.84, 0.0324702
clkbuf_leaf_72_clk, 85.14, 59.84, 0.0324702
_10466_, 85.14, 54.4, 0.0326325
_10520_, 85.14, 54.4, 0.0326325
ANTENNA__10519__S, 85.14, 54.4, 0.0326325
ANTENNA__10466__A0, 85.14, 54.4, 0.0326325
hold325, 85.14, 48.96, 0.0327977
ANTENNA__11430__RESET_B, 85.14, 48.96, 0.0327977
ANTENNA__11406__RESET_B, 85.14, 48.96, 0.0327977
FILLER_0_13_169, 85.14, 48.96, 0.0327977
_11370_, 85.14, 43.52, 0.0329513
FILLER_0_13_177, 85.14, 43.52, 0.0329513
FILLER_0_10_177, 85.14, 38.08, 0.033097
FILLER_0_11_181, 85.14, 38.08, 0.033097
_11371_, 85.14, 32.64, 0.0332476
FILLER_0_8_165, 85.14, 32.64, 0.0332476
FILLER_0_8_173, 85.14, 32.64, 0.0332476
FILLER_0_9_181, 85.14, 32.64, 0.0332476
FILLER_0_5_181, 85.14, 21.76, 0.033334
FILLER_0_145_105, 55.14, 408, 0.0487465
FILLER_0_146_109, 55.14, 408, 0.0487465
FILLER_0_143_105, 55.14, 402.56, 0.048741
FILLER_0_141_105, 55.14, 397.12, 0.0487303
FILLER_0_139_105, 55.14, 391.68, 0.0487142
FILLER_0_137_105, 55.14, 386.24, 0.0486269
FILLER_0_135_105, 55.14, 380.8, 0.0485227
FILLER_0_133_105, 55.14, 375.36, 0.0484124
FILLER_0_131_105, 55.14, 369.92, 0.0482969
_10502_, 55.14, 364.48, 0.0481761
ANTENNA__10501__S, 55.14, 364.48, 0.0481761
ANTENNA__10554__S, 55.14, 364.48, 0.0481761
ANTENNA__10501__A0, 55.14, 364.48, 0.0481761
_11398_, 55.14, 359.04, 0.0480326
fanout89, 55.14, 359.04, 0.0480326
ANTENNA__11520__RESET_B, 55.14, 359.04, 0.0480326
FILLER_0_127_100, 55.14, 359.04, 0.0480326
FILLER_0_129_109, 55.14, 359.04, 0.0480326
_10706_, 55.14, 353.6, 0.0478192
_11472_, 55.14, 353.6, 0.0478192
_11496_, 55.14, 353.6, 0.0478192
ANTENNA__11423__RESET_B, 55.14, 353.6, 0.0478192
_10705_, 55.14, 348.16, 0.0476103
_10712_, 55.14, 348.16, 0.0476103
hold71, 55.14, 348.16, 0.0476103
hold300, 55.14, 348.16, 0.0476103
hold408, 55.14, 348.16, 0.0476103
FILLER_0_123_107, 55.14, 348.16, 0.0476103
_10711_, 55.14, 342.72, 0.0473772
_10760_, 55.14, 342.72, 0.0473772
_11499_, 55.14, 342.72, 0.0473772
ANTENNA__10705__S, 55.14, 342.72, 0.0473772
ANTENNA__10760__S, 55.14, 342.72, 0.0473772
_10508_, 55.14, 337.28, 0.0471412
fanout88, 55.14, 337.28, 0.0471412
ANTENNA__10507__S, 55.14, 337.28, 0.0471412
ANTENNA__11523__RESET_B, 55.14, 337.28, 0.0471412
FILLER_0_120_107, 55.14, 337.28, 0.0471412
FILLER_0_121_117, 55.14, 337.28, 0.0471412
_10811_, 55.14, 331.84, 0.0469031
hold70, 55.14, 331.84, 0.0469031
ANTENNA__11401__RESET_B, 55.14, 331.84, 0.0469031
FILLER_0_117_101, 55.14, 331.84, 0.0469031
FILLER_0_118_102, 55.14, 331.84, 0.0469031
FILLER_0_118_114, 55.14, 331.84, 0.0469031
_10810_, 55.14, 326.4, 0.0465876
ANTENNA__10810__S, 55.14, 326.4, 0.0465876
ANTENNA__11547__RESET_B, 55.14, 326.4, 0.0465876
ANTENNA_clkbuf_leaf_24_clk_A, 55.14, 326.4, 0.0465876
FILLER_0_116_117, 55.14, 326.4, 0.0465876
FILLER_0_117_109, 55.14, 326.4, 0.0465876
_10956_, 55.14, 320.96, 0.0462723
_11571_, 55.14, 320.96, 0.0462723
clkbuf_leaf_24_clk, 55.14, 320.96, 0.0462723
ANTENNA__11568__RESET_B, 55.14, 320.96, 0.0462723
FILLER_0_113_100, 55.14, 320.96, 0.0462723
FILLER_0_115_109, 55.14, 320.96, 0.0462723
_10952_, 55.14, 315.52, 0.0459072
_10953_, 55.14, 315.52, 0.0459072
ANTENNA__10956__S, 55.14, 315.52, 0.0459072
ANTENNA__10955__B1, 55.14, 315.52, 0.0459072
ANTENNA__10952__A, 55.14, 315.52, 0.0459072
FILLER_0_112_98, 55.14, 315.52, 0.0459072
FILLER_0_112_115, 55.14, 315.52, 0.0459072
_06495_, 55.14, 310.08, 0.0455675
_10954_, 55.14, 310.08, 0.0455675
_10955_, 55.14, 310.08, 0.0455675
ANTENNA__10954__B1, 55.14, 310.08, 0.0455675
ANTENNA__06472__B, 55.14, 310.08, 0.0455675
_06472_, 55.14, 304.64, 0.0452201
_06473_, 55.14, 304.64, 0.0452201
_06474_, 55.14, 304.64, 0.0452201
_06498_, 55.14, 304.64, 0.0452201
ANTENNA__10942__B1, 55.14, 304.64, 0.0452201
ANTENNA__10940__B_N, 55.14, 304.64, 0.0452201
ANTENNA__06473__B, 55.14, 304.64, 0.0452201
ANTENNA__06496__B, 55.14, 304.64, 0.0452201
FILLER_0_107_103, 55.14, 304.64, 0.0452201
FILLER_0_108_116, 55.14, 304.64, 0.0452201
FILLER_0_109_113, 55.14, 304.64, 0.0452201
_06436_, 55.14, 299.2, 0.0448347
_06438_, 55.14, 299.2, 0.0448347
_06476_, 55.14, 299.2, 0.0448347
ANTENNA__06436__A, 55.14, 299.2, 0.0448347
_06437_, 55.14, 293.76, 0.0443854
_06475_, 55.14, 293.76, 0.0443854
ANTENNA__10931__A2, 55.14, 293.76, 0.0443854
ANTENNA__06652__A0, 55.14, 293.76, 0.0443854
ANTENNA__10934__B_N, 55.14, 293.76, 0.0443854
ANTENNA__06437__B, 55.14, 293.76, 0.0443854
FILLER_0_104_101, 55.14, 293.76, 0.0443854
FILLER_0_104_109, 55.14, 293.76, 0.0443854
_06419_, 55.14, 288.32, 0.0439232
_06420_, 55.14, 288.32, 0.0439232
_06441_, 55.14, 288.32, 0.0439232
ANTENNA__06420__A, 55.14, 288.32, 0.0439232
ANTENNA__06419__A, 55.14, 288.32, 0.0439232
ANTENNA__06420__B, 55.14, 288.32, 0.0439232
FILLER_0_102_97, 55.14, 288.32, 0.0439232
FILLER_0_102_104, 55.14, 288.32, 0.0439232
FILLER_0_102_115, 55.14, 288.32, 0.0439232
_06439_, 55.14, 282.88, 0.0434631
_06440_, 55.14, 282.88, 0.0434631
_10922_, 55.14, 282.88, 0.0434631
ANTENNA__10924__A2, 55.14, 282.88, 0.0434631
ANTENNA__06439__B, 55.14, 282.88, 0.0434631
ANTENNA__06419__B, 55.14, 282.88, 0.0434631
FILLER_0_99_106, 55.14, 282.88, 0.0434631
FILLER_0_100_101, 55.14, 282.88, 0.0434631
FILLER_0_100_115, 55.14, 282.88, 0.0434631
_06391_, 55.14, 277.44, 0.0430054
_06416_, 55.14, 277.44, 0.0430054
_06418_, 55.14, 277.44, 0.0430054
_06423_, 55.14, 277.44, 0.0430054
ANTENNA__10923__B1, 55.14, 277.44, 0.0430054
ANTENNA__06424__B1, 55.14, 277.44, 0.0430054
ANTENNA__06391__B, 55.14, 277.44, 0.0430054
ANTENNA__06418__B, 55.14, 277.44, 0.0430054
FILLER_0_98_103, 55.14, 277.44, 0.0430054
FILLER_0_99_113, 55.14, 277.44, 0.0430054
_06355_, 55.14, 272, 0.0425189
_06356_, 55.14, 272, 0.0425189
_06357_, 55.14, 272, 0.0425189
_06392_, 55.14, 272, 0.0425189
_06417_, 55.14, 272, 0.0425189
ANTENNA__06355__B, 55.14, 272, 0.0425189
FILLER_0_97_109, 55.14, 272, 0.0425189
FILLER_0_97_113, 55.14, 272, 0.0425189
_10916_, 55.14, 266.56, 0.0419686
_10917_, 55.14, 266.56, 0.0419686
ANTENNA__06360__B, 55.14, 266.56, 0.0419686
ANTENNA__10917__B1, 55.14, 266.56, 0.0419686
ANTENNA__10918__A2, 55.14, 266.56, 0.0419686
FILLER_0_95_108, 55.14, 266.56, 0.0419686
_06358_, 55.14, 261.12, 0.0414025
_06359_, 55.14, 261.12, 0.0414025
hold221, 55.14, 261.12, 0.0414025
FILLER_0_91_106, 55.14, 261.12, 0.0414025
FILLER_0_92_98, 55.14, 261.12, 0.0414025
FILLER_0_92_111, 55.14, 261.12, 0.0414025
FILLER_0_93_108, 55.14, 261.12, 0.0414025
_10911_, 55.14, 255.68, 0.0408211
ANTENNA__10911__S, 55.14, 255.68, 0.0408211
ANTENNA__10912__S, 55.14, 255.68, 0.0408211
FILLER_0_89_97, 55.14, 255.68, 0.0408211
FILLER_0_90_117, 55.14, 255.68, 0.0408211
FILLER_0_91_113, 55.14, 255.68, 0.0408211
_06338_, 55.14, 250.24, 0.0402519
_06353_, 55.14, 250.24, 0.0402519
_10910_, 55.14, 250.24, 0.0402519
_10914_, 55.14, 250.24, 0.0402519
_10915_, 55.14, 250.24, 0.0402519
ANTENNA__10914__A_N, 55.14, 250.24, 0.0402519
ANTENNA__10911__A0, 55.14, 250.24, 0.0402519
ANTENNA__06338__B, 55.14, 250.24, 0.0402519
FILLER_0_87_102, 55.14, 250.24, 0.0402519
_06339_, 55.14, 244.8, 0.0396441
_10906_, 55.14, 239.36, 0.0390299
ANTENNA__10906__C1, 55.14, 239.36, 0.0390299
ANTENNA__10906__A2, 55.14, 239.36, 0.0390299
ANTENNA__10908__A, 55.14, 239.36, 0.0390299
ANTENNA__06302__B, 55.14, 239.36, 0.0390299
FILLER_0_83_101, 55.14, 239.36, 0.0390299
FILLER_0_84_105, 55.14, 239.36, 0.0390299
_10904_, 55.14, 233.92, 0.0383603
_10905_, 55.14, 233.92, 0.0383603
_10908_, 55.14, 233.92, 0.0383603
ANTENNA__10907__A2, 55.14, 233.92, 0.0383603
ANTENNA__10906__A1, 55.14, 233.92, 0.0383603
FILLER_0_81_105, 55.14, 233.92, 0.0383603
_10902_, 55.14, 228.48, 0.0376816
ANTENNA__10902__A2, 55.14, 228.48, 0.0376816
FILLER_0_81_113, 55.14, 228.48, 0.0376816
_06248_, 55.14, 223.04, 0.0370062
_10897_, 55.14, 223.04, 0.0370062
_10903_, 55.14, 223.04, 0.0370062
hold366, 55.14, 223.04, 0.0370062
ANTENNA__10541__S, 55.14, 223.04, 0.0370062
_10901_, 55.14, 217.6, 0.0363194
ANTENNA__10900__B1, 55.14, 217.6, 0.0363194
FILLER_0_75_104, 55.14, 217.6, 0.0363194
FILLER_0_76_108, 55.14, 217.6, 0.0363194
FILLER_0_77_113, 55.14, 217.6, 0.0363194
_10489_, 55.14, 212.16, 0.0356283
_10490_, 55.14, 212.16, 0.0356283
_10898_, 55.14, 212.16, 0.0356283
hold442, 55.14, 212.16, 0.0356283
ANTENNA__10898__A, 55.14, 212.16, 0.0356283
_10894_, 55.14, 206.72, 0.0349123
ANTENNA__10894__A1, 55.14, 206.72, 0.0349123
ANTENNA__10485__A0, 55.14, 206.72, 0.0349123
FILLER_0_71_104, 55.14, 206.72, 0.0349123
FILLER_0_72_113, 55.14, 206.72, 0.0349123
FILLER_0_73_113, 55.14, 206.72, 0.0349123
hold101, 55.14, 201.28, 0.034176
hold140, 55.14, 201.28, 0.034176
_10787_, 55.14, 195.84, 0.0334459
_10889_, 55.14, 195.84, 0.0334459
_10890_, 55.14, 195.84, 0.0334459
_11560_, 55.14, 195.84, 0.0334459
ANTENNA__10738__S, 55.14, 195.84, 0.0334459
ANTENNA__11512__RESET_B, 55.14, 195.84, 0.0334459
FILLER_0_67_102, 55.14, 195.84, 0.0334459
FILLER_0_68_110, 55.14, 195.84, 0.0334459
_10589_, 55.14, 190.4, 0.0327255
hold256, 55.14, 190.4, 0.0327255
hold449, 55.14, 190.4, 0.0327255
ANTENNA__10589__S, 55.14, 190.4, 0.0327255
ANTENNA__10787__S, 55.14, 190.4, 0.0327255
FILLER_0_67_117, 55.14, 190.4, 0.0327255
_10590_, 55.14, 184.96, 0.0319835
_11440_, 55.14, 184.96, 0.0319835
fanout80, 55.14, 184.96, 0.0319835
ANTENNA__11464__RESET_B, 55.14, 184.96, 0.0319835
_10539_, 55.14, 179.52, 0.0312796
_11391_, 55.14, 179.52, 0.0312796
_11416_, 55.14, 179.52, 0.0312796
ANTENNA__06487__A, 55.14, 179.52, 0.0312796
FILLER_0_61_102, 55.14, 179.52, 0.0312796
_06488_, 55.14, 174.08, 0.0306062
_06489_, 55.14, 174.08, 0.0306062
_06521_, 55.14, 174.08, 0.0306062
_10540_, 55.14, 174.08, 0.0306062
ANTENNA__06488__A, 55.14, 174.08, 0.0306062
ANTENNA__11416__RESET_B, 55.14, 174.08, 0.0306062
FILLER_0_61_113, 55.14, 174.08, 0.0306062
_06466_, 55.14, 168.64, 0.0299526
_06491_, 55.14, 168.64, 0.0299526
_06520_, 55.14, 168.64, 0.0299526
_06522_, 55.14, 168.64, 0.0299526
_10731_, 55.14, 168.64, 0.0299526
ANTENNA__06521__B1, 55.14, 168.64, 0.0299526
ANTENNA__06466__A, 55.14, 168.64, 0.0299526
FILLER_0_58_97, 55.14, 168.64, 0.0299526
_06464_, 55.14, 163.2, 0.0293052
_06465_, 55.14, 163.2, 0.0293052
_06467_, 55.14, 163.2, 0.0293052
_06490_, 55.14, 163.2, 0.0293052
_06518_, 55.14, 163.2, 0.0293052
_10793_, 55.14, 163.2, 0.0293052
ANTENNA__06464__A, 55.14, 163.2, 0.0293052
FILLER_0_56_98, 55.14, 163.2, 0.0293052
FILLER_0_56_116, 55.14, 163.2, 0.0293052
_06470_, 55.14, 157.76, 0.0286816
_10700_, 55.14, 157.76, 0.0286816
ANTENNA__10869__B1, 55.14, 157.76, 0.0286816
FILLER_0_55_113, 55.14, 157.76, 0.0286816
_06448_, 55.14, 152.32, 0.0280758
_06449_, 55.14, 152.32, 0.0280758
_10607_, 55.14, 152.32, 0.0280758
fanout79, 55.14, 152.32, 0.0280758
FILLER_0_52_115, 55.14, 152.32, 0.0280758
FILLER_0_53_108, 55.14, 152.32, 0.0280758
_06450_, 55.14, 146.88, 0.028038
_06469_, 55.14, 146.88, 0.028038
ANTENNA__10866__A2, 55.14, 146.88, 0.028038
ANTENNA__10861__B_N, 55.14, 146.88, 0.028038
FILLER_0_49_103, 55.14, 146.88, 0.028038
_06452_, 55.14, 141.44, 0.0282308
_10475_, 55.14, 141.44, 0.0282308
_10862_, 55.14, 141.44, 0.0282308
ANTENNA__10474__S, 55.14, 141.44, 0.0282308
ANTENNA__10474__A0, 55.14, 141.44, 0.0282308
FILLER_0_47_108, 55.14, 136, 0.0284365
FILLER_0_47_113, 55.14, 136, 0.0284365
_06408_, 55.14, 130.56, 0.0286669
_06409_, 55.14, 130.56, 0.0286669
_06446_, 55.14, 130.56, 0.0286669
_06447_, 55.14, 130.56, 0.0286669
ANTENNA__10857__A2, 55.14, 130.56, 0.0286669
ANTENNA__06446__A, 55.14, 130.56, 0.0286669
ANTENNA__06409__A, 55.14, 130.56, 0.0286669
ANTENNA_clkbuf_leaf_4_clk_A, 55.14, 130.56, 0.0286669
FILLER_0_43_105, 55.14, 130.56, 0.0286669
_06382_, 55.14, 125.12, 0.0288938
_06407_, 55.14, 125.12, 0.0288938
_06411_, 55.14, 125.12, 0.0288938
_06412_, 55.14, 125.12, 0.0288938
_06413_, 55.14, 125.12, 0.0288938
ANTENNA__06407__A, 55.14, 125.12, 0.0288938
ANTENNA__06383__B_N, 55.14, 125.12, 0.0288938
ANTENNA__06382__A, 55.14, 125.12, 0.0288938
FILLER_0_41_101, 55.14, 125.12, 0.0288938
FILLER_0_41_106, 55.14, 125.12, 0.0288938
_06386_, 55.14, 119.68, 0.029137
_06387_, 55.14, 119.68, 0.029137
_06388_, 55.14, 119.68, 0.029137
FILLER_0_39_106, 55.14, 119.68, 0.029137
_06371_, 55.14, 114.24, 0.029431
_06385_, 55.14, 114.24, 0.029431
_11548_, 55.14, 114.24, 0.029431
ANTENNA__06371__B1, 55.14, 114.24, 0.029431
FILLER_0_37_99, 55.14, 114.24, 0.029431
FILLER_0_38_101, 55.14, 114.24, 0.029431
FILLER_0_39_113, 55.14, 114.24, 0.029431
_06329_, 55.14, 108.8, 0.0297345
_06369_, 55.14, 108.8, 0.0297345
_06370_, 55.14, 108.8, 0.0297345
ANTENNA__10838__B, 55.14, 108.8, 0.0297345
ANTENNA__06329__A, 55.14, 108.8, 0.0297345
_06328_, 55.14, 103.36, 0.0300571
_06330_, 55.14, 103.36, 0.0300571
_06331_, 55.14, 103.36, 0.0300571
_06365_, 55.14, 103.36, 0.0300571
_10836_, 55.14, 103.36, 0.0300571
clkbuf_3_0__f_clk, 55.14, 103.36, 0.0300571
ANTENNA__06331__A, 55.14, 103.36, 0.0300571
FILLER_0_35_108, 55.14, 103.36, 0.0300571
_06313_, 55.14, 97.92, 0.0303209
ANTENNA__06312__B, 55.14, 97.92, 0.0303209
ANTENNA__06328__A, 55.14, 97.92, 0.0303209
ANTENNA__06258__B, 55.14, 97.92, 0.0303209
FILLER_0_31_104, 55.14, 97.92, 0.0303209
FILLER_0_32_99, 55.14, 97.92, 0.0303209
FILLER_0_32_107, 55.14, 97.92, 0.0303209
FILLER_0_33_113, 55.14, 97.92, 0.0303209
_10829_, 55.14, 92.48, 0.0306183
ANTENNA__10819__S, 55.14, 92.48, 0.0306183
ANTENNA__10834__A, 55.14, 92.48, 0.0306183
ANTENNA__10828__A, 55.14, 92.48, 0.0306183
FILLER_0_29_107, 55.14, 92.48, 0.0306183
FILLER_0_30_112, 55.14, 92.48, 0.0306183
FILLER_0_31_113, 55.14, 92.48, 0.0306183
_10826_, 55.14, 87.04, 0.0308951
_10827_, 55.14, 87.04, 0.0308951
hold29, 55.14, 87.04, 0.0308951
ANTENNA__10827__A2, 55.14, 87.04, 0.0308951
ANTENNA__10826__C1, 55.14, 87.04, 0.0308951
ANTENNA__10825__A, 55.14, 87.04, 0.0308951
ANTENNA__11549__RESET_B, 55.14, 87.04, 0.0308951
_11550_, 55.14, 81.6, 0.031136
fanout76, 55.14, 81.6, 0.031136
hold348, 55.14, 81.6, 0.031136
FILLER_0_26_97, 55.14, 81.6, 0.031136
_10767_, 55.14, 76.16, 0.031379
_10768_, 55.14, 76.16, 0.031379
hold185, 55.14, 76.16, 0.031379
ANTENNA__10765__S, 55.14, 76.16, 0.031379
FILLER_0_23_101, 55.14, 76.16, 0.031379
FILLER_0_25_113, 55.14, 76.16, 0.031379
_10718_, 55.14, 70.72, 0.0316268
_11526_, 55.14, 70.72, 0.0316268
clkbuf_leaf_2_clk, 55.14, 70.72, 0.0316268
hold54, 55.14, 70.72, 0.0316268
hold158, 55.14, 70.72, 0.0316268
ANTENNA_clkbuf_leaf_2_clk_A, 55.14, 70.72, 0.0316268
FILLER_0_23_113, 55.14, 70.72, 0.0316268
_10717_, 55.14, 65.28, 0.0318498
_11502_, 55.14, 65.28, 0.0318498
hold284, 55.14, 65.28, 0.0318498
ANTENNA__11502__RESET_B, 55.14, 65.28, 0.0318498
FILLER_0_20_97, 55.14, 65.28, 0.0318498
_10667_, 55.14, 59.84, 0.0320735
hold110, 55.14, 59.84, 0.0320735
ANTENNA__10665__S, 55.14, 59.84, 0.0320735
ANTENNA__11477__RESET_B, 55.14, 59.84, 0.0320735
FILLER_0_19_109, 55.14, 59.84, 0.0320735
FILLER_0_19_113, 55.14, 59.84, 0.0320735
_10668_, 55.14, 54.4, 0.0322098
_11478_, 55.14, 54.4, 0.0322098
hold407, 55.14, 54.4, 0.0322098
ANTENNA__10616__S, 55.14, 54.4, 0.0322098
FILLER_0_16_117, 55.14, 54.4, 0.0322098
_10566_, 55.14, 48.96, 0.0323602
_10567_, 55.14, 48.96, 0.0323602
clkbuf_leaf_74_clk, 55.14, 48.96, 0.0323602
hold236, 55.14, 48.96, 0.0323602
ANTENNA__11453__RESET_B, 55.14, 48.96, 0.0323602
ANTENNA_clkbuf_leaf_74_clk_A, 55.14, 48.96, 0.0323602
FILLER_0_14_108, 55.14, 48.96, 0.0323602
FILLER_0_15_113, 55.14, 48.96, 0.0323602
_10518_, 55.14, 43.52, 0.0324827
_11405_, 55.14, 43.52, 0.0324827
hold235, 55.14, 43.52, 0.0324827
_10517_, 55.14, 38.08, 0.0326039
ANTENNA__11429__RESET_B, 55.14, 38.08, 0.0326039
ANTENNA__11382__RESET_B, 55.14, 38.08, 0.0326039
FILLER_0_9_105, 55.14, 38.08, 0.0326039
FILLER_0_10_97, 55.14, 38.08, 0.0326039
FILLER_0_10_105, 55.14, 38.08, 0.0326039
FILLER_0_7_105, 55.14, 32.64, 0.0327221
FILLER_0_5_105, 55.14, 27.2, 0.032778
FILLER_0_3_105, 55.14, 21.76, 0.0328016
FILLER_0_1_105, 55.14, 16.32, 0.0328189
FILLER_0_0_109, 55.14, 10.88, 0.0329396
FILLER_0_146_53, 25.14, 408, 0.0484831
FILLER_0_145_51, 25.14, 402.56, 0.0484772
FILLER_0_143_51, 25.14, 397.12, 0.0484664
FILLER_0_141_51, 25.14, 391.68, 0.0484505
FILLER_0_139_51, 25.14, 386.24, 0.0483623
FILLER_0_137_51, 25.14, 380.8, 0.0482569
FILLER_0_135_51, 25.14, 375.36, 0.0481459
FILLER_0_133_47, 25.14, 369.92, 0.0480298
FILLER_0_131_51, 25.14, 364.48, 0.0479086
_11471_, 25.14, 359.04, 0.0477655
FILLER_0_128_41, 25.14, 359.04, 0.0477655
FILLER_0_129_51, 25.14, 359.04, 0.0477655
_10654_, 25.14, 353.6, 0.0475467
hold417, 25.14, 353.6, 0.0475467
ANTENNA__10659__S, 25.14, 353.6, 0.0475467
FILLER_0_126_53, 25.14, 353.6, 0.0475467
_10704_, 25.14, 348.16, 0.0473426
_11495_, 25.14, 348.16, 0.0473426
ANTENNA__11474__RESET_B, 25.14, 348.16, 0.0473426
FILLER_0_124_38, 25.14, 348.16, 0.0473426
FILLER_0_125_48, 25.14, 348.16, 0.0473426
_10610_, 25.14, 342.72, 0.0471138
_10611_, 25.14, 342.72, 0.0471138
_11450_, 25.14, 342.72, 0.0471138
hold443, 25.14, 342.72, 0.0471138
ANTENNA__10610__S, 25.14, 342.72, 0.0471138
ANTENNA__11522__RESET_B, 25.14, 342.72, 0.0471138
FILLER_0_121_35, 25.14, 342.72, 0.0471138
_10561_, 25.14, 337.28, 0.0468876
clkbuf_leaf_26_clk, 25.14, 337.28, 0.0468876
FILLER_0_120_33, 25.14, 337.28, 0.0468876
FILLER_0_121_50, 25.14, 337.28, 0.0468876
_10808_, 25.14, 331.84, 0.0466373
_10809_, 25.14, 331.84, 0.0466373
hold118, 25.14, 331.84, 0.0466373
ANTENNA__10808__S, 25.14, 331.84, 0.0466373
ANTENNA__11546__RESET_B, 25.14, 331.84, 0.0466373
FILLER_0_118_35, 25.14, 331.84, 0.0466373
FILLER_0_118_51, 25.14, 331.84, 0.0466373
FILLER_0_119_49, 25.14, 331.84, 0.0466373
_11545_, 25.14, 326.4, 0.0463243
ANTENNA__10756__S, 25.14, 326.4, 0.0463243
FILLER_0_115_39, 25.14, 326.4, 0.0463243
_10807_, 25.14, 320.96, 0.0460005
_10950_, 25.14, 320.96, 0.0460005
_10951_, 25.14, 320.96, 0.0460005
_11570_, 25.14, 320.96, 0.0460005
hold117, 25.14, 320.96, 0.0460005
ANTENNA__11473__RESET_B, 25.14, 320.96, 0.0460005
FILLER_0_113_37, 25.14, 320.96, 0.0460005
_10558_, 25.14, 315.52, 0.0456499
_11569_, 25.14, 315.52, 0.0456499
ANTENNA__10558__S, 25.14, 315.52, 0.0456499
ANTENNA__11570__RESET_B, 25.14, 315.52, 0.0456499
FILLER_0_112_37, 25.14, 315.52, 0.0456499
FILLER_0_113_44, 25.14, 315.52, 0.0456499
_10945_, 25.14, 310.08, 0.0453091
hold371, 25.14, 310.08, 0.0453091
ANTENNA__11425__RESET_B, 25.14, 310.08, 0.0453091
FILLER_0_110_53, 25.14, 310.08, 0.0453091
_10506_, 25.14, 304.64, 0.0449656
hold383, 25.14, 304.64, 0.0449656
hold384, 25.14, 304.64, 0.0449656
ANTENNA__11470__RESET_B, 25.14, 304.64, 0.0449656
ANTENNA_clkbuf_leaf_25_clk_A, 25.14, 304.64, 0.0449656
_10553_, 25.14, 299.2, 0.0445761
_10601_, 25.14, 299.2, 0.0445761
_11422_, 25.14, 299.2, 0.0445761
ANTENNA__10601__S, 25.14, 299.2, 0.0445761
_10552_, 25.14, 293.76, 0.0441189
ANTENNA__10552__S, 25.14, 293.76, 0.0441189
FILLER_0_105_53, 25.14, 293.76, 0.0441189
_10800_, 25.14, 288.32, 0.0436773
_10801_, 25.14, 288.32, 0.0436773
_11566_, 25.14, 288.32, 0.0436773
hold64, 25.14, 288.32, 0.0436773
ANTENNA__10800__S, 25.14, 288.32, 0.0436773
ANTENNA__11542__RESET_B, 25.14, 288.32, 0.0436773
FILLER_0_103_53, 25.14, 288.32, 0.0436773
_10550_, 25.14, 282.88, 0.0432142
FILLER_0_100_37, 25.14, 282.88, 0.0432142
FILLER_0_101_45, 25.14, 282.88, 0.0432142
_11421_, 25.14, 277.44, 0.0427675
hold154, 25.14, 277.44, 0.0427675
ANTENNA__10599__S, 25.14, 277.44, 0.0427675
_10798_, 25.14, 272, 0.0422974
_11492_, 25.14, 272, 0.0422974
hold124, 25.14, 272, 0.0422974
ANTENNA__10798__S, 25.14, 272, 0.0422974
FILLER_0_96_46, 25.14, 272, 0.0422974
FILLER_0_97_50, 25.14, 272, 0.0422974
_10696_, 25.14, 266.56, 0.0417452
_10697_, 25.14, 266.56, 0.0417452
hold125, 25.14, 266.56, 0.0417452
ANTENNA__10696__S, 25.14, 266.56, 0.0417452
_10648_, 25.14, 261.12, 0.0411881
_11468_, 25.14, 261.12, 0.0411881
hold97, 25.14, 261.12, 0.0411881
FILLER_0_91_38, 25.14, 261.12, 0.0411881
_10598_, 25.14, 255.68, 0.0406294
_11444_, 25.14, 255.68, 0.0406294
ANTENNA__10595__S, 25.14, 255.68, 0.0406294
FILLER_0_89_42, 25.14, 255.68, 0.0406294
FILLER_0_91_45, 25.14, 255.68, 0.0406294
_10546_, 25.14, 250.24, 0.0400925
_10547_, 25.14, 250.24, 0.0400925
_11419_, 25.14, 250.24, 0.0400925
hold85, 25.14, 250.24, 0.0400925
hold86, 25.14, 250.24, 0.0400925
ANTENNA__10546__S, 25.14, 250.24, 0.0400925
FILLER_0_88_52, 25.14, 250.24, 0.0400925
_10794_, 25.14, 244.8, 0.0394822
hold114, 25.14, 244.8, 0.0394822
_11442_, 25.14, 239.36, 0.0389031
clkbuf_leaf_20_clk, 25.14, 239.36, 0.0389031
hold375, 25.14, 239.36, 0.0389031
ANTENNA__10794__S, 25.14, 239.36, 0.0389031
FILLER_0_84_42, 25.14, 239.36, 0.0389031
FILLER_0_85_46, 25.14, 239.36, 0.0389031
_10543_, 25.14, 233.92, 0.0382476
_10593_, 25.14, 233.92, 0.0382476
hold374, 25.14, 233.92, 0.0382476
FILLER_0_81_36, 25.14, 233.92, 0.0382476
FILLER_0_82_33, 25.14, 233.92, 0.0382476
_10544_, 25.14, 228.48, 0.0376014
_11489_, 25.14, 228.48, 0.0376014
ANTENNA__10593__S, 25.14, 228.48, 0.0376014
FILLER_0_80_53, 25.14, 228.48, 0.0376014
FILLER_0_81_47, 25.14, 228.48, 0.0376014
FILLER_0_81_53, 25.14, 228.48, 0.0376014
_10690_, 25.14, 223.04, 0.0369548
_10691_, 25.14, 223.04, 0.0369548
_10740_, 25.14, 217.6, 0.03631
_10741_, 25.14, 217.6, 0.03631
_11537_, 25.14, 217.6, 0.03631
hold290, 25.14, 217.6, 0.03631
ANTENNA__10740__S, 25.14, 217.6, 0.03631
FILLER_0_75_37, 25.14, 217.6, 0.03631
_10587_, 25.14, 212.16, 0.0356628
clkbuf_leaf_19_clk, 25.14, 212.16, 0.0356628
hold289, 25.14, 212.16, 0.0356628
_10538_, 25.14, 206.72, 0.0349939
_10588_, 25.14, 206.72, 0.0349939
_11415_, 25.14, 206.72, 0.0349939
_11439_, 25.14, 206.72, 0.0349939
ANTENNA__10587__S, 25.14, 206.72, 0.0349939
FILLER_0_72_37, 25.14, 206.72, 0.0349939
FILLER_0_73_52, 25.14, 206.72, 0.0349939
ANTENNA__10785__S, 25.14, 201.28, 0.0343278
FILLER_0_71_53, 25.14, 201.28, 0.0343278
_10484_, 25.14, 195.84, 0.0336602
_10785_, 25.14, 195.84, 0.0336602
_10786_, 25.14, 195.84, 0.0336602
hold104, 25.14, 195.84, 0.0336602
ANTENNA__11535__RESET_B, 25.14, 195.84, 0.0336602
FILLER_0_67_34, 25.14, 195.84, 0.0336602
_10536_, 25.14, 190.4, 0.033015
_11414_, 25.14, 190.4, 0.033015
ANTENNA__10585__S, 25.14, 190.4, 0.033015
FILLER_0_67_49, 25.14, 190.4, 0.033015
ANTENNA__11438__RESET_B, 25.14, 184.96, 0.0323486
ANTENNA_clkbuf_leaf_7_clk_A, 25.14, 184.96, 0.0323486
FILLER_0_65_52, 25.14, 184.96, 0.0323486
_10783_, 25.14, 179.52, 0.031734
_10886_, 25.14, 179.52, 0.031734
hold427, 25.14, 179.52, 0.031734
_10784_, 25.14, 174.08, 0.031177
_11558_, 25.14, 174.08, 0.031177
hold268, 25.14, 174.08, 0.031177
ANTENNA__10783__S, 25.14, 174.08, 0.031177
ANTENNA__11534__RESET_B, 25.14, 174.08, 0.031177
FILLER_0_61_46, 25.14, 174.08, 0.031177
_10879_, 25.14, 168.64, 0.0306358
_11557_, 25.14, 168.64, 0.0306358
ANTENNA__10781__S, 25.14, 168.64, 0.0306358
ANTENNA__11533__RESET_B, 25.14, 168.64, 0.0306358
FILLER_0_57_32, 25.14, 168.64, 0.0306358
FILLER_0_57_40, 25.14, 168.64, 0.0306358
FILLER_0_59_50, 25.14, 168.64, 0.0306358
_10534_, 25.14, 163.2, 0.0301134
_10583_, 25.14, 163.2, 0.0301134
_10872_, 25.14, 163.2, 0.0301134
hold250, 25.14, 163.2, 0.0301134
hold405, 25.14, 163.2, 0.0301134
ANTENNA__10583__S, 25.14, 163.2, 0.0301134
FILLER_0_56_49, 25.14, 163.2, 0.0301134
_11413_, 25.14, 157.76, 0.0296175
_11437_, 25.14, 157.76, 0.0296175
hold249, 25.14, 157.76, 0.0296175
ANTENNA__11461__RESET_B, 25.14, 157.76, 0.0296175
_10581_, 25.14, 152.32, 0.0291166
hold161, 25.14, 152.32, 0.0291166
hold162, 25.14, 152.32, 0.0291166
ANTENNA__10630__S, 25.14, 152.32, 0.0291166
ANTENNA__11437__RESET_B, 25.14, 152.32, 0.0291166
FILLER_0_53_43, 25.14, 152.32, 0.0291166
_10582_, 25.14, 146.88, 0.0290344
_11436_, 25.14, 146.88, 0.0290344
FILLER_0_49_42, 25.14, 146.88, 0.0290344
_10779_, 25.14, 141.44, 0.029098
hold128, 25.14, 141.44, 0.029098
ANTENNA__10779__S, 25.14, 141.44, 0.029098
FILLER_0_49_50, 25.14, 141.44, 0.029098
hold203, 25.14, 136, 0.0291825
FILLER_0_46_41, 25.14, 136, 0.0291825
FILLER_0_47_49, 25.14, 136, 0.0291825
hold264, 25.14, 130.56, 0.0293053
ANTENNA__10577__S, 25.14, 130.56, 0.0293053
ANTENNA_clkbuf_leaf_5_clk_A, 25.14, 130.56, 0.0293053
FILLER_0_44_47, 25.14, 130.56, 0.0293053
FILLER_0_45_48, 25.14, 130.56, 0.0293053
_10529_, 25.14, 125.12, 0.0293936
_10579_, 25.14, 125.12, 0.0293936
_10580_, 25.14, 125.12, 0.0293936
hold263, 25.14, 125.12, 0.0293936
_10776_, 25.14, 119.68, 0.029531
_11530_, 25.14, 119.68, 0.029531
ANTENNA__10579__S, 25.14, 119.68, 0.029531
ANTENNA__10725__S, 25.14, 119.68, 0.029531
FILLER_0_39_33, 25.14, 119.68, 0.029531
FILLER_0_40_41, 25.14, 119.68, 0.029531
FILLER_0_40_48, 25.14, 119.68, 0.029531
FILLER_0_41_51, 25.14, 119.68, 0.029531
_10628_, 25.14, 114.24, 0.0297488
_10775_, 25.14, 114.24, 0.0297488
hold82, 25.14, 108.8, 0.0299715
hold341, 25.14, 108.8, 0.0299715
ANTENNA__10628__S, 25.14, 108.8, 0.0299715
ANTENNA__11507__RESET_B, 25.14, 108.8, 0.0299715
FILLER_0_36_37, 25.14, 108.8, 0.0299715
FILLER_0_37_51, 25.14, 108.8, 0.0299715
_10778_, 25.14, 103.36, 0.0302104
_10840_, 25.14, 103.36, 0.0302104
_10841_, 25.14, 103.36, 0.0302104
_11531_, 25.14, 103.36, 0.0302104
ANTENNA__10727__S, 25.14, 103.36, 0.0302104
FILLER_0_35_47, 25.14, 103.36, 0.0302104
_10777_, 25.14, 97.92, 0.0304253
hold315, 25.14, 97.92, 0.0304253
ANTENNA__11528__RESET_B, 25.14, 97.92, 0.0304253
_10846_, 25.14, 92.48, 0.0306606
_10847_, 25.14, 92.48, 0.0306606
_11553_, 25.14, 92.48, 0.0306606
ANTENNA__10840__S, 25.14, 92.48, 0.0306606
ANTENNA__11552__RESET_B, 25.14, 92.48, 0.0306606
FILLER_0_30_37, 25.14, 92.48, 0.0306606
FILLER_0_31_53, 25.14, 92.48, 0.0306606
_10572_, 25.14, 87.04, 0.0308987
ANTENNA__10572__S, 25.14, 87.04, 0.0308987
ANTENNA__10846__S, 25.14, 87.04, 0.0308987
ANTENNA_clkbuf_leaf_0_clk_A, 25.14, 87.04, 0.0308987
FILLER_0_28_37, 25.14, 87.04, 0.0308987
FILLER_0_28_43, 25.14, 87.04, 0.0308987
_10573_, 25.14, 81.6, 0.0310963
_11408_, 25.14, 81.6, 0.0310963
_11432_, 25.14, 81.6, 0.0310963
FILLER_0_27_50, 25.14, 81.6, 0.0310963
hold354, 25.14, 76.16, 0.0312928
ANTENNA__10773__S, 25.14, 76.16, 0.0312928
ANTENNA__11456__RESET_B, 25.14, 76.16, 0.0312928
ANTENNA__11432__RESET_B, 25.14, 76.16, 0.0312928
FILLER_0_24_53, 25.14, 76.16, 0.0312928
FILLER_0_25_47, 25.14, 76.16, 0.0312928
_10671_, 25.14, 70.72, 0.0315093
_11503_, 25.14, 70.72, 0.0315093
ANTENNA__11529__RESET_B, 25.14, 70.72, 0.0315093
FILLER_0_23_44, 25.14, 70.72, 0.0315093
_10670_, 25.14, 65.28, 0.0317048
_10720_, 25.14, 65.28, 0.0317048
_11479_, 25.14, 65.28, 0.0317048
hold393, 25.14, 65.28, 0.0317048
hold394, 25.14, 65.28, 0.0317048
_10575_, 25.14, 59.84, 0.0319196
_11433_, 25.14, 59.84, 0.0319196
clkbuf_leaf_75_clk, 25.14, 59.84, 0.0319196
hold420, 25.14, 59.84, 0.0319196
ANTENNA__11479__RESET_B, 25.14, 59.84, 0.0319196
FILLER_0_18_42, 25.14, 59.84, 0.0319196
_10574_, 25.14, 54.4, 0.0320145
hold398, 25.14, 54.4, 0.0320145
hold419, 25.14, 54.4, 0.0320145
ANTENNA__10574__S, 25.14, 54.4, 0.0320145
FILLER_0_16_44, 25.14, 54.4, 0.0320145
_10620_, 25.14, 48.96, 0.0321468
_10621_, 25.14, 48.96, 0.0321468
ANTENNA__10570__S, 25.14, 48.96, 0.0321468
ANTENNA__11455__RESET_B, 25.14, 48.96, 0.0321468
FILLER_0_13_40, 25.14, 48.96, 0.0321468
_10570_, 25.14, 43.52, 0.0322616
_10571_, 25.14, 43.52, 0.0322616
_11431_, 25.14, 43.52, 0.0322616
FILLER_0_11_51, 25.14, 38.08, 0.0323678
FILLER_0_9_51, 25.14, 32.64, 0.0324752
FILLER_0_7_47, 25.14, 27.2, 0.0325259
FILLER_0_5_51, 25.14, 21.76, 0.0325447
FILLER_0_3_51, 25.14, 16.32, 0.0325583
FILLER_0_0_53, 25.14, 10.88, 0.0325943
FILLER_0_1_51, 25.14, 10.88, 0.0325943
PHY_290, 5.52, 408, 0.0484842
PHY_292, 5.52, 408, 0.0484842
input16, 5.52, 408, 0.0484842
ANTENNA_input16_A, 5.52, 408, 0.0484842
_06215_, 406.18, 408, 0.0781946
PHY_291, 406.18, 408, 0.0781946
PHY_293, 406.18, 408, 0.0781946
FILLER_0_145_863, 406.18, 408, 0.0781946
FILLER_0_146_23, 15.33, 408, 0.0484836
FILLER_0_146_81, 45.14, 408, 0.0486587
FILLER_0_146_137, 65.14, 408, 0.0489221
FILLER_0_146_193, 95.14, 408, 0.0495357
FILLER_0_146_221, 105.14, 408, 0.0497982
input1, 125.14, 408, 0.0504063
ANTENNA_input1_A, 125.14, 408, 0.0504063
FILLER_0_145_273, 135.14, 408, 0.0507519
FILLER_0_146_275, 135.14, 408, 0.0507519
FILLER_0_146_333, 155.14, 408, 0.0515193
FILLER_0_145_385, 185.14, 408, 0.052847
FILLER_0_146_389, 185.14, 408, 0.052847
FILLER_0_146_417, 195.14, 408, 0.0533315
FILLER_0_146_473, 225.14, 408, 0.054886
FILLER_0_146_529, 245.14, 408, 0.0560032
FILLER_0_146_585, 275.14, 408, 0.0577991
input25, 285.14, 408, 0.0584307
ANTENNA_input25_A, 285.14, 408, 0.0584307
FILLER_0_145_665, 315.14, 408, 0.0605323
FILLER_0_146_669, 315.14, 408, 0.0605323
FILLER_0_146_725, 335.14, 408, 0.0623388
ANTENNA_input2_A, 365.14, 408, 0.0667111
FILLER_0_145_777, 365.14, 408, 0.0667111
FILLER_0_146_781, 365.14, 408, 0.0667111
FILLER_0_146_785, 365.14, 408, 0.0667111
input2, 375.14, 408, 0.0689421
FILLER_0_146_809, 375.14, 408, 0.0689421
output47, 395.66, 408, 0.0781917
FILLER_0_146_837, 395.66, 408, 0.0781917
FILLER_0_146_841, 395.66, 408, 0.0781917
PHY_286, 5.52, 402.56, 0.0484772
PHY_288, 5.52, 402.56, 0.0484772
PHY_287, 406.18, 402.56, 0.0656639
PHY_289, 406.18, 402.56, 0.0656639
FILLER_0_143_865, 406.18, 402.56, 0.0656639
FILLER_0_144_861, 406.18, 402.56, 0.0656639
FILLER_0_144_77, 45.14, 402.56, 0.0486531
FILLER_0_144_133, 65.14, 402.56, 0.0489167
FILLER_0_145_161, 75.14, 402.56, 0.0490923
FILLER_0_144_189, 95.14, 402.56, 0.0495305
FILLER_0_145_217, 105.14, 402.56, 0.049793
FILLER_0_143_273, 135.14, 402.56, 0.0507472
FILLER_0_145_329, 155.14, 402.56, 0.0515148
FILLER_0_144_357, 165.14, 402.56, 0.0519366
FILLER_0_143_385, 185.14, 402.56, 0.0528426
FILLER_0_144_413, 195.14, 402.56, 0.0533269
FILLER_0_144_469, 225.14, 402.56, 0.0548806
FILLER_0_144_525, 245.14, 402.56, 0.0559943
FILLER_0_145_553, 255.14, 402.56, 0.0565732
FILLER_0_144_581, 275.14, 402.56, 0.0577682
FILLER_0_145_609, 285.14, 402.56, 0.0583842
FILLER_0_143_665, 315.14, 402.56, 0.0603362
FILLER_0_145_721, 335.14, 402.56, 0.0617636
FILLER_0_144_749, 345.14, 402.56, 0.0625231
FILLER_0_143_777, 365.14, 402.56, 0.0640763
FILLER_0_144_805, 375.14, 402.56, 0.0648701
FILLER_0_145_853, 395.66, 402.56, 0.0656639
PHY_282, 5.52, 397.12, 0.0484664
PHY_284, 5.52, 397.12, 0.0484664
PHY_283, 406.18, 397.12, 0.0774709
PHY_285, 406.18, 397.12, 0.0774709
FILLER_0_141_865, 406.18, 397.12, 0.0774709
FILLER_0_142_77, 45.14, 397.12, 0.0486423
FILLER_0_142_133, 65.14, 397.12, 0.048906
FILLER_0_143_161, 75.14, 397.12, 0.0490817
FILLER_0_142_189, 95.14, 397.12, 0.0495201
FILLER_0_143_217, 105.14, 397.12, 0.0497828
FILLER_0_141_273, 135.14, 397.12, 0.0507377
FILLER_0_143_329, 155.14, 397.12, 0.0515061
FILLER_0_142_357, 165.14, 397.12, 0.0519284
FILLER_0_141_385, 185.14, 397.12, 0.0528355
FILLER_0_142_413, 195.14, 397.12, 0.0533202
FILLER_0_142_469, 225.14, 397.12, 0.0548758
FILLER_0_142_525, 245.14, 397.12, 0.0559923
FILLER_0_143_553, 255.14, 397.12, 0.0565735
FILLER_0_142_581, 275.14, 397.12, 0.0577806
FILLER_0_143_609, 285.14, 397.12, 0.0584066
FILLER_0_141_665, 315.14, 397.12, 0.0604723
FILLER_0_143_721, 335.14, 397.12, 0.0622176
FILLER_0_142_749, 345.14, 397.12, 0.0632431
FILLER_0_141_777, 365.14, 397.12, 0.0663872
FILLER_0_142_805, 375.14, 397.12, 0.0685059
output46, 395.66, 397.12, 0.0774709
FILLER_0_142_837, 395.66, 397.12, 0.0774709
FILLER_0_142_845, 395.66, 397.12, 0.0774709
PHY_278, 5.52, 391.68, 0.0484513
PHY_280, 5.52, 391.68, 0.0484513
input15, 5.52, 391.68, 0.0484513
ANTENNA_input15_A, 5.52, 391.68, 0.0484513
PHY_279, 406.18, 391.68, 0.0650586
PHY_281, 406.18, 391.68, 0.0650586
FILLER_0_139_865, 406.18, 391.68, 0.0650586
FILLER_0_140_861, 406.18, 391.68, 0.0650586
FILLER_0_140_23, 15.33, 391.68, 0.0484509
FILLER_0_140_77, 45.14, 391.68, 0.0486263
FILLER_0_140_133, 65.14, 391.68, 0.0488901
FILLER_0_141_161, 75.14, 391.68, 0.0490659
FILLER_0_140_189, 95.14, 391.68, 0.0495047
FILLER_0_141_217, 105.14, 391.68, 0.0497677
FILLER_0_139_273, 135.14, 391.68, 0.0507246
FILLER_0_141_329, 155.14, 391.68, 0.0514963
FILLER_0_140_357, 165.14, 391.68, 0.0519212
FILLER_0_139_385, 185.14, 391.68, 0.0528401
FILLER_0_140_413, 195.14, 391.68, 0.0533342
FILLER_0_140_469, 225.14, 391.68, 0.0548807
FILLER_0_140_525, 245.14, 391.68, 0.0559827
FILLER_0_141_553, 255.14, 391.68, 0.0565586
FILLER_0_140_581, 275.14, 391.68, 0.0577433
FILLER_0_141_609, 285.14, 391.68, 0.058352
FILLER_0_139_665, 315.14, 391.68, 0.0602533
FILLER_0_141_721, 335.14, 391.68, 0.0616038
FILLER_0_140_749, 345.14, 391.68, 0.0623081
FILLER_0_139_777, 365.14, 391.68, 0.0636944
FILLER_0_140_805, 375.14, 391.68, 0.0643765
PHY_274, 5.52, 386.24, 0.0483623
PHY_276, 5.52, 386.24, 0.0483623
PHY_275, 406.18, 386.24, 0.0775978
PHY_277, 406.18, 386.24, 0.0775978
FILLER_0_138_861, 406.18, 386.24, 0.0775978
FILLER_0_138_77, 45.14, 386.24, 0.0485387
FILLER_0_138_133, 65.14, 386.24, 0.0488035
FILLER_0_139_161, 75.14, 386.24, 0.04898
FILLER_0_138_189, 95.14, 386.24, 0.0494218
FILLER_0_139_217, 105.14, 386.24, 0.0496869
FILLER_0_137_273, 135.14, 386.24, 0.050659
FILLER_0_139_329, 155.14, 386.24, 0.0514602
FILLER_0_138_357, 165.14, 386.24, 0.051908
_08083_, 185.14, 386.24, 0.0529454
FILLER_0_138_401, 185.14, 386.24, 0.0529454
_08061_, 195.14, 386.24, 0.0535058
_08063_, 195.14, 386.24, 0.0535058
_08078_, 195.14, 386.24, 0.0535058
_08080_, 195.14, 386.24, 0.0535058
FILLER_0_139_417, 195.14, 386.24, 0.0535058
_08032_, 215.14, 386.24, 0.0545253
_08033_, 215.14, 386.24, 0.0545253
_08067_, 215.14, 386.24, 0.0545253
FILLER_0_137_449, 215.14, 386.24, 0.0545253
FILLER_0_138_448, 215.14, 386.24, 0.0545253
FILLER_0_138_465, 215.14, 386.24, 0.0545253
_07976_, 225.14, 386.24, 0.0550248
_08034_, 225.14, 386.24, 0.0550248
ANTENNA__07976__B, 225.14, 386.24, 0.0550248
FILLER_0_137_476, 225.14, 386.24, 0.0550248
FILLER_0_138_473, 225.14, 386.24, 0.0550248
FILLER_0_138_477, 225.14, 386.24, 0.0550248
FILLER_0_138_485, 225.14, 386.24, 0.0550248
_08046_, 245.14, 386.24, 0.0561038
_08069_, 245.14, 386.24, 0.0561038
FILLER_0_138_528, 245.14, 386.24, 0.0561038
FILLER_0_139_553, 255.14, 386.24, 0.0566281
FILLER_0_138_581, 275.14, 386.24, 0.0577608
FILLER_0_139_609, 285.14, 386.24, 0.0583691
FILLER_0_137_665, 315.14, 386.24, 0.0603788
ANTENNA__06736__S, 335.14, 386.24, 0.0620794
ANTENNA__11195__RESET_B, 335.14, 386.24, 0.0620794
FILLER_0_137_709, 335.14, 386.24, 0.0620794
FILLER_0_139_721, 335.14, 386.24, 0.0620794
FILLER_0_138_749, 345.14, 386.24, 0.0630794
FILLER_0_138_805, 375.14, 386.24, 0.0683069
output45, 395.66, 386.24, 0.0775978
FILLER_0_137_837, 395.66, 386.24, 0.0775978
FILLER_0_137_841, 395.66, 386.24, 0.0775978
PHY_270, 5.52, 380.8, 0.0482569
PHY_272, 5.52, 380.8, 0.0482569
PHY_271, 406.18, 380.8, 0.0648151
PHY_273, 406.18, 380.8, 0.0648151
FILLER_0_135_865, 406.18, 380.8, 0.0648151
FILLER_0_136_77, 45.14, 380.8, 0.0484341
FILLER_0_136_133, 65.14, 380.8, 0.0487007
FILLER_0_137_161, 75.14, 380.8, 0.0488787
FILLER_0_136_189, 95.14, 380.8, 0.0493277
FILLER_0_137_217, 105.14, 380.8, 0.0495987
_10368_, 135.14, 380.8, 0.0506227
_10377_, 135.14, 380.8, 0.0506227
FILLER_0_137_329, 155.14, 380.8, 0.0514048
FILLER_0_136_357, 165.14, 380.8, 0.0518518
_08084_, 185.14, 380.8, 0.0529112
FILLER_0_135_385, 185.14, 380.8, 0.0529112
FILLER_0_137_393, 185.14, 380.8, 0.0529112
_08062_, 195.14, 380.8, 0.0534543
_08079_, 195.14, 380.8, 0.0534543
_08094_, 195.14, 380.8, 0.0534543
FILLER_0_136_409, 195.14, 380.8, 0.0534543
FILLER_0_136_417, 195.14, 380.8, 0.0534543
FILLER_0_137_420, 195.14, 380.8, 0.0534543
_07994_, 215.14, 380.8, 0.0544681
FILLER_0_136_445, 215.14, 380.8, 0.0544681
FILLER_0_137_457, 215.14, 380.8, 0.0544681
_07997_, 225.14, 380.8, 0.0550531
_07998_, 225.14, 380.8, 0.0550531
_08013_, 225.14, 380.8, 0.0550531
_08014_, 225.14, 380.8, 0.0550531
FILLER_0_136_467, 225.14, 380.8, 0.0550531
FILLER_0_136_477, 225.14, 380.8, 0.0550531
FILLER_0_136_526, 245.14, 380.8, 0.0561061
_08001_, 255.14, 380.8, 0.0566974
_08038_, 255.14, 380.8, 0.0566974
_08070_, 275.14, 380.8, 0.0578326
_08074_, 275.14, 380.8, 0.0578326
FILLER_0_136_581, 275.14, 380.8, 0.0578326
FILLER_0_135_607, 285.14, 380.8, 0.0583739
FILLER_0_137_609, 285.14, 380.8, 0.0583739
ANTENNA_fanout102_A, 305.14, 380.8, 0.059534
_11195_, 335.14, 380.8, 0.061463
FILLER_0_137_718, 335.14, 380.8, 0.061463
_06708_, 345.14, 380.8, 0.0621511
_06740_, 345.14, 380.8, 0.0621511
_09148_, 345.14, 380.8, 0.0621511
ANTENNA__06740__A0, 345.14, 380.8, 0.0621511
FILLER_0_136_741, 345.14, 380.8, 0.0621511
_09154_, 365.14, 380.8, 0.0635044
_09431_, 365.14, 380.8, 0.0635044
_11316_, 365.14, 380.8, 0.0635044
hold115, 365.14, 380.8, 0.0635044
ANTENNA__11316__RESET_B, 365.14, 380.8, 0.0635044
ANTENNA__11274__RESET_B, 365.14, 380.8, 0.0635044
ANTENNA__11179__RESET_B, 365.14, 380.8, 0.0635044
_06214_, 375.14, 380.8, 0.0641613
ANTENNA__06214__S, 375.14, 380.8, 0.0641613
FILLER_0_135_801, 375.14, 380.8, 0.0641613
FILLER_0_136_806, 375.14, 380.8, 0.0641613
FILLER_0_136_859, 395.66, 380.8, 0.0648151
PHY_266, 5.52, 375.36, 0.0481459
PHY_268, 5.52, 375.36, 0.0481459
PHY_267, 406.18, 375.36, 0.0646428
PHY_269, 406.18, 375.36, 0.0646428
FILLER_0_133_865, 406.18, 375.36, 0.0646428
FILLER_0_134_865, 406.18, 375.36, 0.0646428
FILLER_0_134_77, 45.14, 375.36, 0.0483235
FILLER_0_134_133, 65.14, 375.36, 0.0485913
FILLER_0_135_161, 75.14, 375.36, 0.0487702
FILLER_0_134_189, 95.14, 375.36, 0.0492229
FILLER_0_135_217, 105.14, 375.36, 0.0494968
_10367_, 125.14, 375.36, 0.0501577
_10376_, 125.14, 375.36, 0.0501577
FILLER_0_134_253, 125.14, 375.36, 0.0501577
FILLER_0_135_261, 125.14, 375.36, 0.0501577
FILLER_0_134_287, 135.14, 375.36, 0.0505252
FILLER_0_135_329, 155.14, 375.36, 0.0513922
_10321_, 165.14, 375.36, 0.0518918
_10323_, 165.14, 375.36, 0.0518918
_10356_, 165.14, 375.36, 0.0518918
_10361_, 165.14, 375.36, 0.0518918
FILLER_0_133_346, 165.14, 375.36, 0.0518918
FILLER_0_134_353, 165.14, 375.36, 0.0518918
_08093_, 185.14, 375.36, 0.0529123
_10329_, 185.14, 375.36, 0.0529123
FILLER_0_134_393, 185.14, 375.36, 0.0529123
_08028_, 195.14, 375.36, 0.0533578
FILLER_0_133_405, 195.14, 375.36, 0.0533578
_07938_, 215.14, 375.36, 0.0543851
_07973_, 215.14, 375.36, 0.0543851
FILLER_0_134_450, 215.14, 375.36, 0.0543851
FILLER_0_135_461, 215.14, 375.36, 0.0543851
_07939_, 225.14, 375.36, 0.0549605
_07972_, 225.14, 375.36, 0.0549605
_07996_, 225.14, 375.36, 0.0549605
FILLER_0_133_473, 225.14, 375.36, 0.0549605
FILLER_0_134_477, 225.14, 375.36, 0.0549605
_07954_, 245.14, 375.36, 0.0562731
_07999_, 245.14, 375.36, 0.0562731
_08000_, 245.14, 375.36, 0.0562731
_08002_, 245.14, 375.36, 0.0562731
FILLER_0_133_512, 245.14, 375.36, 0.0562731
FILLER_0_134_520, 245.14, 375.36, 0.0562731
_08003_, 255.14, 375.36, 0.0569286
_08004_, 255.14, 375.36, 0.0569286
FILLER_0_134_533, 255.14, 375.36, 0.0569286
FILLER_0_135_552, 255.14, 375.36, 0.0569286
_08041_, 275.14, 375.36, 0.0580427
_08096_, 275.14, 375.36, 0.0580427
FILLER_0_133_585, 275.14, 375.36, 0.0580427
FILLER_0_134_585, 275.14, 375.36, 0.0580427
_08011_, 285.14, 375.36, 0.0585591
FILLER_0_133_599, 285.14, 375.36, 0.0585591
_10330_, 305.14, 375.36, 0.0595783
fanout102, 305.14, 375.36, 0.0595783
ANTENNA__10330__S, 305.14, 375.36, 0.0595783
ANTENNA__10330__A1, 305.14, 375.36, 0.0595783
ANTENNA__11339__RESET_B, 305.14, 375.36, 0.0595783
FILLER_0_133_663, 315.14, 375.36, 0.0601492
_06741_, 335.14, 375.36, 0.0613902
hold356, 335.14, 375.36, 0.0613902
ANTENNA__06740__S, 335.14, 375.36, 0.0613902
FILLER_0_134_721, 335.14, 375.36, 0.0613902
_06707_, 345.14, 375.36, 0.0620578
_09147_, 345.14, 375.36, 0.0620578
_11273_, 345.14, 375.36, 0.0620578
ANTENNA__09147__S, 345.14, 375.36, 0.0620578
ANTENNA__11273__RESET_B, 345.14, 375.36, 0.0620578
FILLER_0_133_729, 345.14, 375.36, 0.0620578
FILLER_0_135_741, 345.14, 375.36, 0.0620578
_06211_, 365.14, 375.36, 0.063367
_06710_, 365.14, 375.36, 0.063367
_09430_, 365.14, 375.36, 0.063367
ANTENNA__06709__S, 365.14, 375.36, 0.063367
ANTENNA__09430__S, 365.14, 375.36, 0.063367
_06213_, 375.14, 375.36, 0.0640095
_09427_, 375.14, 375.36, 0.0640095
ANTENNA__06210__A1, 375.14, 375.36, 0.0640095
FILLER_0_133_796, 375.14, 375.36, 0.0640095
PHY_262, 5.52, 369.92, 0.0480306
PHY_264, 5.52, 369.92, 0.0480306
input13, 5.52, 369.92, 0.0480306
ANTENNA_input13_A, 5.52, 369.92, 0.0480306
PHY_263, 406.18, 369.92, 0.0645136
PHY_265, 406.18, 369.92, 0.0645136
FILLER_0_131_864, 406.18, 369.92, 0.0645136
FILLER_0_132_77, 45.14, 369.92, 0.0482078
FILLER_0_132_133, 65.14, 369.92, 0.0484768
FILLER_0_133_161, 75.14, 369.92, 0.0486568
FILLER_0_132_189, 95.14, 369.92, 0.0491151
FILLER_0_133_217, 105.14, 369.92, 0.0493934
_10347_, 125.14, 369.92, 0.0500696
_10349_, 125.14, 369.92, 0.0500696
_10350_, 125.14, 369.92, 0.0500696
_10351_, 125.14, 369.92, 0.0500696
_10352_, 125.14, 369.92, 0.0500696
_10369_, 125.14, 369.92, 0.0500696
FILLER_0_132_253, 125.14, 369.92, 0.0500696
FILLER_0_133_261, 125.14, 369.92, 0.0500696
_10314_, 135.14, 369.92, 0.0504362
_10335_, 135.14, 369.92, 0.0504362
FILLER_0_131_275, 135.14, 369.92, 0.0504362
FILLER_0_132_272, 135.14, 369.92, 0.0504362
FILLER_0_132_288, 135.14, 369.92, 0.0504362
_10291_, 155.14, 369.92, 0.0512833
_10293_, 155.14, 369.92, 0.0512833
_10322_, 155.14, 369.92, 0.0512833
FILLER_0_131_316, 155.14, 369.92, 0.0512833
FILLER_0_132_321, 155.14, 369.92, 0.0512833
_10302_, 165.14, 369.92, 0.0517211
_10324_, 165.14, 369.92, 0.0517211
_10325_, 165.14, 369.92, 0.0517211
_08087_, 185.14, 369.92, 0.0526735
_08092_, 185.14, 369.92, 0.0526735
FILLER_0_131_388, 185.14, 369.92, 0.0526735
_08023_, 195.14, 369.92, 0.0531814
_08059_, 195.14, 369.92, 0.0531814
_08060_, 195.14, 369.92, 0.0531814
FILLER_0_131_412, 195.14, 369.92, 0.0531814
FILLER_0_132_417, 195.14, 369.92, 0.0531814
_07944_, 215.14, 369.92, 0.0542494
_07948_, 215.14, 369.92, 0.0542494
_07991_, 215.14, 369.92, 0.0542494
FILLER_0_131_445, 215.14, 369.92, 0.0542494
FILLER_0_133_461, 215.14, 369.92, 0.0542494
_07950_, 225.14, 369.92, 0.0548158
_07995_, 225.14, 369.92, 0.0548158
FILLER_0_132_473, 225.14, 369.92, 0.0548158
_07900_, 245.14, 369.92, 0.0560712
_07953_, 245.14, 369.92, 0.0560712
_07955_, 245.14, 369.92, 0.0560712
FILLER_0_132_522, 245.14, 369.92, 0.0560712
FILLER_0_133_521, 245.14, 369.92, 0.0560712
_07923_, 255.14, 369.92, 0.0566859
FILLER_0_131_541, 255.14, 369.92, 0.0566859
FILLER_0_132_545, 255.14, 369.92, 0.0566859
FILLER_0_132_552, 255.14, 369.92, 0.0566859
FILLER_0_133_549, 255.14, 369.92, 0.0566859
_07970_, 275.14, 369.92, 0.0581708
_08005_, 275.14, 369.92, 0.0581708
_08010_, 275.14, 369.92, 0.0581708
_08076_, 275.14, 369.92, 0.0581708
_08009_, 285.14, 369.92, 0.0587367
_08042_, 285.14, 369.92, 0.0587367
_08071_, 285.14, 369.92, 0.0587367
_08072_, 285.14, 369.92, 0.0587367
_11234_, 285.14, 369.92, 0.0587367
FILLER_0_132_608, 285.14, 369.92, 0.0587367
FILLER_0_133_608, 285.14, 369.92, 0.0587367
_10360_, 305.14, 369.92, 0.059579
_11340_, 305.14, 369.92, 0.059579
_06738_, 315.14, 369.92, 0.0601202
_06739_, 315.14, 369.92, 0.0601202
_09241_, 315.14, 369.92, 0.0601202
_11288_, 315.14, 369.92, 0.0601202
ANTENNA__11340__RESET_B, 315.14, 369.92, 0.0601202
ANTENNA__11288__RESET_B, 315.14, 369.92, 0.0601202
FILLER_0_132_669, 315.14, 369.92, 0.0601202
ANTENNA__09235__S, 335.14, 369.92, 0.0613108
_06208_, 345.14, 369.92, 0.0619687
_06209_, 345.14, 369.92, 0.0619687
clkbuf_leaf_36_clk, 345.14, 369.92, 0.0619687
hold248, 345.14, 369.92, 0.0619687
FILLER_0_132_729, 345.14, 369.92, 0.0619687
_06210_, 365.14, 369.92, 0.0632477
FILLER_0_132_785, 365.14, 369.92, 0.0632477
FILLER_0_133_785, 365.14, 369.92, 0.0632477
_09423_, 375.14, 369.92, 0.0638894
_09426_, 375.14, 369.92, 0.0638894
_09429_, 375.14, 369.92, 0.0638894
clkbuf_leaf_37_clk, 375.14, 369.92, 0.0638894
ANTENNA__09428__B1, 375.14, 369.92, 0.0638894
ANTENNA_clkbuf_leaf_37_clk_A, 375.14, 369.92, 0.0638894
FILLER_0_132_794, 375.14, 369.92, 0.0638894
FILLER_0_132_804, 375.14, 369.92, 0.0638894
_09344_, 395.66, 369.92, 0.0645136
_11302_, 395.66, 369.92, 0.0645136
ANTENNA__06204__A1, 395.66, 369.92, 0.0645136
ANTENNA__11302__RESET_B, 395.66, 369.92, 0.0645136
PHY_258, 5.52, 364.48, 0.0479086
PHY_260, 5.52, 364.48, 0.0479086
PHY_259, 406.18, 364.48, 0.077017
PHY_261, 406.18, 364.48, 0.077017
_10604_, 35.14, 364.48, 0.047999
ANTENNA__11471__RESET_B, 35.14, 364.48, 0.047999
FILLER_0_129_57, 35.14, 364.48, 0.047999
_10554_, 45.14, 364.48, 0.0480888
hold339, 45.14, 364.48, 0.0480888
FILLER_0_130_77, 45.14, 364.48, 0.0480888
FILLER_0_130_93, 45.14, 364.48, 0.0480888
ANTENNA_fanout89_A, 65.14, 364.48, 0.0483548
ANTENNA__10605__S, 75.14, 364.48, 0.0485336
FILLER_0_131_161, 75.14, 364.48, 0.0485336
FILLER_0_130_189, 95.14, 364.48, 0.0489868
FILLER_0_131_217, 105.14, 364.48, 0.0492612
_10346_, 125.14, 364.48, 0.0499099
_10272_, 135.14, 364.48, 0.0502755
_10364_, 135.14, 364.48, 0.0502755
FILLER_0_129_281, 135.14, 364.48, 0.0502755
FILLER_0_130_277, 135.14, 364.48, 0.0502755
FILLER_0_131_287, 135.14, 364.48, 0.0502755
_10242_, 155.14, 364.48, 0.0511267
_10243_, 155.14, 364.48, 0.0511267
_10290_, 155.14, 364.48, 0.0511267
_10301_, 155.14, 364.48, 0.0511267
_10248_, 165.14, 364.48, 0.0515892
_10249_, 165.14, 364.48, 0.0515892
_10295_, 165.14, 364.48, 0.0515892
_10300_, 165.14, 364.48, 0.0515892
FILLER_0_129_337, 165.14, 364.48, 0.0515892
FILLER_0_130_340, 165.14, 364.48, 0.0515892
FILLER_0_131_349, 165.14, 364.48, 0.0515892
_08056_, 185.14, 364.48, 0.0525135
_08058_, 185.14, 364.48, 0.0525135
_08086_, 185.14, 364.48, 0.0525135
FILLER_0_129_388, 185.14, 364.48, 0.0525135
_08022_, 195.14, 364.48, 0.0530016
FILLER_0_129_405, 195.14, 364.48, 0.0530016
FILLER_0_130_411, 195.14, 364.48, 0.0530016
FILLER_0_130_421, 195.14, 364.48, 0.0530016
_07935_, 215.14, 364.48, 0.0540912
_07947_, 215.14, 364.48, 0.0540912
_07894_, 225.14, 364.48, 0.0546835
_07895_, 225.14, 364.48, 0.0546835
_07949_, 225.14, 364.48, 0.0546835
FILLER_0_129_473, 225.14, 364.48, 0.0546835
FILLER_0_131_480, 225.14, 364.48, 0.0546835
_07835_, 245.14, 364.48, 0.0559616
_07841_, 245.14, 364.48, 0.0559616
_07898_, 245.14, 364.48, 0.0559616
_07843_, 255.14, 364.48, 0.0566388
_07901_, 255.14, 364.48, 0.0566388
_07902_, 255.14, 364.48, 0.0566388
_07903_, 255.14, 364.48, 0.0566388
FILLER_0_129_533, 255.14, 364.48, 0.0566388
FILLER_0_131_552, 255.14, 364.48, 0.0566388
_07959_, 275.14, 364.48, 0.0579554
_07969_, 275.14, 364.48, 0.0579554
FILLER_0_130_583, 275.14, 364.48, 0.0579554
_08043_, 285.14, 364.48, 0.0586555
_08044_, 285.14, 364.48, 0.0586555
_08073_, 285.14, 364.48, 0.0586555
ANTENNA__08044__A, 285.14, 364.48, 0.0586555
FILLER_0_130_601, 285.14, 364.48, 0.0586555
FILLER_0_131_613, 285.14, 364.48, 0.0586555
_07968_, 305.14, 364.48, 0.0598012
_10359_, 305.14, 364.48, 0.0598012
ANTENNA__10359__S, 305.14, 364.48, 0.0598012
ANTENNA__10359__A1, 305.14, 364.48, 0.0598012
ANTENNA_clkbuf_leaf_32_clk_A, 305.14, 364.48, 0.0598012
FILLER_0_130_662, 305.14, 364.48, 0.0598012
FILLER_0_131_661, 305.14, 364.48, 0.0598012
_11194_, 315.14, 364.48, 0.0603285
FILLER_0_129_673, 315.14, 364.48, 0.0603285
_06072_, 335.14, 364.48, 0.0617929
_09237_, 335.14, 364.48, 0.0617929
_09238_, 335.14, 364.48, 0.0617929
ANTENNA__09239__S, 335.14, 364.48, 0.0617929
ANTENNA__09240__S, 335.14, 364.48, 0.0617929
FILLER_0_131_721, 335.14, 364.48, 0.0617929
_06080_, 345.14, 364.48, 0.0627237
_09145_, 345.14, 364.48, 0.0627237
_09146_, 345.14, 364.48, 0.0627237
ANTENNA__06208__B1, 345.14, 364.48, 0.0627237
FILLER_0_129_736, 345.14, 364.48, 0.0627237
FILLER_0_130_735, 345.14, 364.48, 0.0627237
_06082_, 365.14, 364.48, 0.0657057
_06199_, 365.14, 364.48, 0.0657057
_09428_, 365.14, 364.48, 0.0657057
ANTENNA__06199__A1, 365.14, 364.48, 0.0657057
ANTENNA__06082__A1, 365.14, 364.48, 0.0657057
ANTENNA__09428__A1, 365.14, 364.48, 0.0657057
FILLER_0_130_773, 365.14, 364.48, 0.0657057
FILLER_0_131_785, 365.14, 364.48, 0.0657057
_06106_, 375.14, 364.48, 0.0677611
_06111_, 375.14, 364.48, 0.0677611
_09341_, 375.14, 364.48, 0.0677611
_09422_, 375.14, 364.48, 0.0677611
ANTENNA__09341__B1, 375.14, 364.48, 0.0677611
ANTENNA__09341__A1, 375.14, 364.48, 0.0677611
FILLER_0_130_809, 375.14, 364.48, 0.0677611
_06112_, 395.66, 364.48, 0.077017
_09343_, 395.66, 364.48, 0.077017
output44, 395.66, 364.48, 0.077017
ANTENNA__06115__S, 395.66, 364.48, 0.077017
ANTENNA__09343__S, 395.66, 364.48, 0.077017
PHY_254, 5.52, 359.04, 0.0477656
PHY_256, 5.52, 359.04, 0.0477656
_09340_, 406.18, 359.04, 0.0641789
PHY_255, 406.18, 359.04, 0.0641789
PHY_257, 406.18, 359.04, 0.0641789
_11447_, 35.14, 359.04, 0.0478628
hold282, 35.14, 359.04, 0.0478628
hold362, 35.14, 359.04, 0.0478628
hold363, 35.14, 359.04, 0.0478628
_10501_, 45.14, 359.04, 0.0479513
_10555_, 45.14, 359.04, 0.0479513
_11423_, 45.14, 359.04, 0.0479513
hold338, 45.14, 359.04, 0.0479513
FILLER_0_127_77, 45.14, 359.04, 0.0479513
_10656_, 65.14, 359.04, 0.0482104
ANTENNA__11398__RESET_B, 65.14, 359.04, 0.0482104
ANTENNA__11472__RESET_B, 65.14, 359.04, 0.0482104
FILLER_0_128_127, 65.14, 359.04, 0.0482104
FILLER_0_128_136, 65.14, 359.04, 0.0482104
FILLER_0_129_140, 65.14, 359.04, 0.0482104
_10605_, 75.14, 359.04, 0.0483875
hold378, 75.14, 359.04, 0.0483875
FILLER_0_129_217, 105.14, 359.04, 0.0491112
_10363_, 125.14, 359.04, 0.0497519
FILLER_0_127_260, 125.14, 359.04, 0.0497519
_10237_, 135.14, 359.04, 0.0501149
_10238_, 135.14, 359.04, 0.0501149
_10239_, 135.14, 359.04, 0.0501149
_10271_, 135.14, 359.04, 0.0501149
FILLER_0_127_276, 135.14, 359.04, 0.0501149
FILLER_0_128_277, 135.14, 359.04, 0.0501149
_10229_, 155.14, 359.04, 0.0509481
_10240_, 155.14, 359.04, 0.0509481
_10244_, 155.14, 359.04, 0.0509481
_10245_, 155.14, 359.04, 0.0509481
_10292_, 155.14, 359.04, 0.0509481
_10254_, 165.14, 359.04, 0.05139
_10294_, 165.14, 359.04, 0.05139
FILLER_0_129_353, 165.14, 359.04, 0.05139
_08021_, 185.14, 359.04, 0.0523539
_08048_, 185.14, 359.04, 0.0523539
_08054_, 185.14, 359.04, 0.0523539
_08055_, 185.14, 359.04, 0.0523539
_08082_, 185.14, 359.04, 0.0523539
FILLER_0_127_388, 185.14, 359.04, 0.0523539
FILLER_0_128_380, 185.14, 359.04, 0.0523539
FILLER_0_128_396, 185.14, 359.04, 0.0523539
_07989_, 195.14, 359.04, 0.0528491
_08047_, 195.14, 359.04, 0.0528491
FILLER_0_129_420, 195.14, 359.04, 0.0528491
_07840_, 215.14, 359.04, 0.0539449
_07889_, 215.14, 359.04, 0.0539449
FILLER_0_127_449, 215.14, 359.04, 0.0539449
FILLER_0_128_457, 215.14, 359.04, 0.0539449
FILLER_0_129_456, 215.14, 359.04, 0.0539449
_07890_, 225.14, 359.04, 0.0545121
ANTENNA__07887__A, 225.14, 359.04, 0.0545121
ANTENNA__07887__B, 225.14, 359.04, 0.0545121
FILLER_0_127_477, 225.14, 359.04, 0.0545121
_07829_, 245.14, 359.04, 0.0557408
_07830_, 245.14, 359.04, 0.0557408
_07831_, 245.14, 359.04, 0.0557408
_07832_, 245.14, 359.04, 0.0557408
_07833_, 245.14, 359.04, 0.0557408
_07834_, 245.14, 359.04, 0.0557408
FILLER_0_128_523, 245.14, 359.04, 0.0557408
_07844_, 255.14, 359.04, 0.056396
_07877_, 255.14, 359.04, 0.056396
_07907_, 275.14, 359.04, 0.0577627
_07960_, 275.14, 359.04, 0.0577627
FILLER_0_128_585, 275.14, 359.04, 0.0577627
FILLER_0_128_589, 275.14, 359.04, 0.0577627
_06610_, 285.14, 359.04, 0.0584263
_07962_, 285.14, 359.04, 0.0584263
_07963_, 285.14, 359.04, 0.0584263
_07964_, 285.14, 359.04, 0.0584263
FILLER_0_127_606, 285.14, 359.04, 0.0584263
FILLER_0_128_605, 285.14, 359.04, 0.0584263
FILLER_0_129_611, 285.14, 359.04, 0.0584263
FILLER_0_129_617, 285.14, 359.04, 0.0584263
_11231_, 305.14, 359.04, 0.059443
hold473, 305.14, 359.04, 0.059443
ANTENNA__07968__A2, 305.14, 359.04, 0.059443
FILLER_0_128_645, 305.14, 359.04, 0.059443
_05789_, 315.14, 359.04, 0.0599532
clkbuf_leaf_35_clk, 315.14, 359.04, 0.0599532
FILLER_0_127_668, 315.14, 359.04, 0.0599532
_06079_, 335.14, 359.04, 0.0610904
_06205_, 335.14, 359.04, 0.0610904
_06206_, 335.14, 359.04, 0.0610904
_09234_, 335.14, 359.04, 0.0610904
FILLER_0_128_713, 335.14, 359.04, 0.0610904
_06092_, 345.14, 359.04, 0.0617167
_06094_, 345.14, 359.04, 0.0617167
_09150_, 345.14, 359.04, 0.0617167
_06081_, 365.14, 359.04, 0.0629396
_06108_, 365.14, 359.04, 0.0629396
_06110_, 365.14, 359.04, 0.0629396
ANTENNA__06081__A, 365.14, 359.04, 0.0629396
ANTENNA__11178__RESET_B, 365.14, 359.04, 0.0629396
FILLER_0_127_772, 365.14, 359.04, 0.0629396
_06105_, 375.14, 359.04, 0.063545
_09420_, 375.14, 359.04, 0.063545
_09421_, 375.14, 359.04, 0.063545
ANTENNA__06110__C_N, 375.14, 359.04, 0.063545
ANTENNA__09421__B1, 375.14, 359.04, 0.063545
FILLER_0_127_797, 375.14, 359.04, 0.063545
FILLER_0_128_804, 375.14, 359.04, 0.063545
_06114_, 395.66, 359.04, 0.0641763
_06115_, 395.66, 359.04, 0.0641763
_09339_, 395.66, 359.04, 0.0641763
_09342_, 395.66, 359.04, 0.0641763
rebuffer1, 395.66, 359.04, 0.0641763
rebuffer3, 395.66, 359.04, 0.0641763
ANTENNA__09342__A1, 395.66, 359.04, 0.0641763
FILLER_0_127_845, 395.66, 359.04, 0.0641763
PHY_250, 5.52, 353.6, 0.0475475
PHY_252, 5.52, 353.6, 0.0475475
input12, 5.52, 353.6, 0.0475475
ANTENNA_input12_A, 5.52, 353.6, 0.0475475
PHY_251, 406.18, 353.6, 0.0761634
PHY_253, 406.18, 353.6, 0.0761634
FILLER_0_125_865, 406.18, 353.6, 0.0761634
FILLER_0_125_15, 15.33, 353.6, 0.0475471
FILLER_0_126_23, 15.33, 353.6, 0.0475471
_10603_, 35.14, 353.6, 0.0476399
_10653_, 35.14, 353.6, 0.0476399
hold281, 35.14, 353.6, 0.0476399
ANTENNA__10653__S, 35.14, 353.6, 0.0476399
ANTENNA__11495__RESET_B, 35.14, 353.6, 0.0476399
FILLER_0_125_57, 35.14, 353.6, 0.0476399
FILLER_0_126_71, 35.14, 353.6, 0.0476399
FILLER_0_127_65, 35.14, 353.6, 0.0476399
ANTENNA__10603__S, 45.14, 353.6, 0.0477295
ANTENNA__11519__RESET_B, 45.14, 353.6, 0.0477295
ANTENNA__11447__RESET_B, 45.14, 353.6, 0.0477295
FILLER_0_125_76, 45.14, 353.6, 0.0477295
FILLER_0_125_85, 45.14, 353.6, 0.0477295
FILLER_0_126_79, 45.14, 353.6, 0.0477295
FILLER_0_126_89, 45.14, 353.6, 0.0477295
_10655_, 65.14, 353.6, 0.0480034
_11448_, 65.14, 353.6, 0.0480034
hold422, 65.14, 353.6, 0.0480034
ANTENNA__11496__RESET_B, 65.14, 353.6, 0.0480034
FILLER_0_125_127, 65.14, 353.6, 0.0480034
_10556_, 75.14, 353.6, 0.0481815
_10557_, 75.14, 353.6, 0.0481815
_11424_, 75.14, 353.6, 0.0481815
hold302, 75.14, 353.6, 0.0481815
FILLER_0_126_185, 95.14, 353.6, 0.0486261
FILLER_0_126_193, 95.14, 353.6, 0.0486261
FILLER_0_127_217, 105.14, 353.6, 0.0488992
FILLER_0_127_225, 105.14, 353.6, 0.0488992
_10234_, 125.14, 353.6, 0.0495564
_10344_, 125.14, 353.6, 0.0495564
_10345_, 125.14, 353.6, 0.0495564
_10371_, 125.14, 353.6, 0.0495564
FILLER_0_126_260, 125.14, 353.6, 0.0495564
FILLER_0_126_268, 125.14, 353.6, 0.0495564
_10183_, 135.14, 353.6, 0.04992
_10233_, 135.14, 353.6, 0.04992
_10236_, 135.14, 353.6, 0.04992
_10276_, 135.14, 353.6, 0.04992
FILLER_0_125_281, 135.14, 353.6, 0.04992
FILLER_0_126_282, 135.14, 353.6, 0.04992
_10230_, 155.14, 353.6, 0.0507244
_10231_, 155.14, 353.6, 0.0507244
FILLER_0_126_329, 155.14, 353.6, 0.0507244
_10024_, 165.14, 353.6, 0.0511721
_10187_, 165.14, 353.6, 0.0511721
_08020_, 185.14, 353.6, 0.0521401
_08081_, 185.14, 353.6, 0.0521401
FILLER_0_125_383, 185.14, 353.6, 0.0521401
FILLER_0_126_399, 185.14, 353.6, 0.0521401
FILLER_0_127_393, 185.14, 353.6, 0.0521401
_08017_, 195.14, 353.6, 0.0526577
_08018_, 195.14, 353.6, 0.0526577
_08019_, 195.14, 353.6, 0.0526577
_08024_, 195.14, 353.6, 0.0526577
_08026_, 195.14, 353.6, 0.0526577
ANTENNA__08025__A1, 195.14, 353.6, 0.0526577
ANTENNA__08018__A1, 195.14, 353.6, 0.0526577
FILLER_0_126_407, 195.14, 353.6, 0.0526577
FILLER_0_127_421, 195.14, 353.6, 0.0526577
_07884_, 215.14, 353.6, 0.0537567
_07887_, 215.14, 353.6, 0.0537567
_07888_, 215.14, 353.6, 0.0537567
_07977_, 215.14, 353.6, 0.0537567
ANTENNA__07888__A1, 215.14, 353.6, 0.0537567
ANTENNA__07934__A, 215.14, 353.6, 0.0537567
FILLER_0_125_449, 215.14, 353.6, 0.0537567
FILLER_0_126_452, 215.14, 353.6, 0.0537567
FILLER_0_126_460, 215.14, 353.6, 0.0537567
_07818_, 225.14, 353.6, 0.0543223
_07823_, 225.14, 353.6, 0.0543223
_07869_, 225.14, 353.6, 0.0543223
_07885_, 225.14, 353.6, 0.0543223
ANTENNA__07888__A2, 225.14, 353.6, 0.0543223
ANTENNA__07818__A1, 225.14, 353.6, 0.0543223
ANTENNA__07818__B1, 225.14, 353.6, 0.0543223
FILLER_0_126_469, 225.14, 353.6, 0.0543223
_07827_, 245.14, 353.6, 0.0555112
_07876_, 245.14, 353.6, 0.0555112
ANTENNA__07827__A, 245.14, 353.6, 0.0555112
FILLER_0_127_521, 245.14, 353.6, 0.0555112
_07868_, 255.14, 353.6, 0.0561578
_07921_, 255.14, 353.6, 0.0561578
_07922_, 255.14, 353.6, 0.0561578
FILLER_0_126_533, 255.14, 353.6, 0.0561578
FILLER_0_126_543, 255.14, 353.6, 0.0561578
FILLER_0_127_552, 255.14, 353.6, 0.0561578
_07908_, 275.14, 353.6, 0.0575584
_07961_, 275.14, 353.6, 0.0575584
FILLER_0_126_580, 275.14, 353.6, 0.0575584
FILLER_0_126_589, 275.14, 353.6, 0.0575584
_08012_, 285.14, 353.6, 0.0582218
FILLER_0_126_611, 285.14, 353.6, 0.0582218
_07916_, 305.14, 353.6, 0.0594551
_11230_, 305.14, 353.6, 0.0594551
_09230_, 315.14, 353.6, 0.0600009
_11286_, 315.14, 353.6, 0.0600009
ANTENNA__11286__RESET_B, 315.14, 353.6, 0.0600009
ANTENNA__11231__RESET_B, 315.14, 353.6, 0.0600009
FILLER_0_127_677, 315.14, 353.6, 0.0600009
_09232_, 335.14, 353.6, 0.0614665
_09233_, 335.14, 353.6, 0.0614665
ANTENNA__09234__A1, 335.14, 353.6, 0.0614665
ANTENNA__09233__B1, 335.14, 353.6, 0.0614665
ANTENNA__09229__S, 335.14, 353.6, 0.0614665
FILLER_0_127_719, 335.14, 353.6, 0.0614665
_06706_, 345.14, 353.6, 0.0623858
_11272_, 345.14, 353.6, 0.0623858
hold226, 345.14, 353.6, 0.0623858
FILLER_0_126_734, 345.14, 353.6, 0.0623858
FILLER_0_126_742, 345.14, 353.6, 0.0623858
_06098_, 365.14, 353.6, 0.0653086
_09329_, 365.14, 353.6, 0.0653086
ANTENNA__06098__B1_N, 365.14, 353.6, 0.0653086
_06083_, 375.14, 353.6, 0.0673131
_06192_, 375.14, 353.6, 0.0673131
_09419_, 375.14, 353.6, 0.0673131
ANTENNA__06099__A1, 375.14, 353.6, 0.0673131
FILLER_0_126_804, 375.14, 353.6, 0.0673131
_06100_, 395.66, 353.6, 0.0761634
_06113_, 395.66, 353.6, 0.0761634
_09338_, 395.66, 353.6, 0.0761634
output43, 395.66, 353.6, 0.0761634
rebuffer4, 395.66, 353.6, 0.0761634
PHY_246, 5.52, 348.16, 0.0473483
PHY_248, 5.52, 348.16, 0.0473483
FILLER_0_124_3, 5.52, 348.16, 0.0473483
PHY_247, 406.18, 348.16, 0.0639699
PHY_249, 406.18, 348.16, 0.0639699
FILLER_0_123_863, 406.18, 348.16, 0.0639699
_10659_, 15.33, 348.16, 0.0473483
_10660_, 15.33, 348.16, 0.0473483
_10709_, 15.33, 348.16, 0.0473483
_10710_, 15.33, 348.16, 0.0473483
hold358, 15.33, 348.16, 0.0473483
hold359, 15.33, 348.16, 0.0473483
FILLER_0_125_28, 15.33, 348.16, 0.0473483
_10703_, 35.14, 348.16, 0.0474437
_10753_, 35.14, 348.16, 0.0474437
_11519_, 35.14, 348.16, 0.0474437
ANTENNA__10703__S, 35.14, 348.16, 0.0474437
FILLER_0_123_57, 35.14, 348.16, 0.0474437
_10754_, 45.14, 348.16, 0.0475394
_10755_, 45.14, 348.16, 0.0475394
_11520_, 45.14, 348.16, 0.0475394
clkbuf_leaf_27_clk, 45.14, 348.16, 0.0475394
hold274, 45.14, 348.16, 0.0475394
ANTENNA_clkbuf_leaf_27_clk_A, 45.14, 348.16, 0.0475394
_10606_, 65.14, 348.16, 0.0477893
hold273, 65.14, 348.16, 0.0477893
hold379, 65.14, 348.16, 0.0477893
ANTENNA__10655__S, 65.14, 348.16, 0.0477893
ANTENNA__11499__RESET_B, 65.14, 348.16, 0.0477893
FILLER_0_124_137, 65.14, 348.16, 0.0477893
FILLER_0_125_132, 65.14, 348.16, 0.0477893
_10503_, 75.14, 348.16, 0.0479644
_11399_, 75.14, 348.16, 0.0479644
ANTENNA__10556__S, 75.14, 348.16, 0.0479644
ANTENNA__10503__A0, 75.14, 348.16, 0.0479644
FILLER_0_124_141, 75.14, 348.16, 0.0479644
FILLER_0_125_161, 75.14, 348.16, 0.0479644
FILLER_0_124_191, 95.14, 348.16, 0.0484037
FILLER_0_125_217, 105.14, 348.16, 0.0486747
_10372_, 125.14, 348.16, 0.0493217
_10128_, 135.14, 348.16, 0.0496947
_10178_, 135.14, 348.16, 0.0496947
_10182_, 135.14, 348.16, 0.0496947
_10220_, 135.14, 348.16, 0.0496947
_10235_, 135.14, 348.16, 0.0496947
ANTENNA__10178__A, 135.14, 348.16, 0.0496947
ANTENNA__10220__A, 135.14, 348.16, 0.0496947
ANTENNA__10178__B, 135.14, 348.16, 0.0496947
FILLER_0_124_271, 135.14, 348.16, 0.0496947
_10137_, 155.14, 348.16, 0.0505293
_10188_, 155.14, 348.16, 0.0505293
FILLER_0_125_331, 155.14, 348.16, 0.0505293
_10189_, 165.14, 348.16, 0.0509831
_10203_, 165.14, 348.16, 0.0509831
_10246_, 165.14, 348.16, 0.0509831
ANTENNA__10204__A, 165.14, 348.16, 0.0509831
_08091_, 185.14, 348.16, 0.0519302
FILLER_0_125_393, 185.14, 348.16, 0.0519302
_07836_, 195.14, 348.16, 0.0524497
_08015_, 195.14, 348.16, 0.0524497
_08025_, 195.14, 348.16, 0.0524497
_08027_, 195.14, 348.16, 0.0524497
ANTENNA__07836__A, 195.14, 348.16, 0.0524497
ANTENNA__08017__A, 195.14, 348.16, 0.0524497
FILLER_0_124_402, 195.14, 348.16, 0.0524497
FILLER_0_124_421, 195.14, 348.16, 0.0524497
FILLER_0_125_420, 195.14, 348.16, 0.0524497
_07926_, 215.14, 348.16, 0.0535205
_07927_, 215.14, 348.16, 0.0535205
_07934_, 215.14, 348.16, 0.0535205
ANTENNA__07878__A1, 215.14, 348.16, 0.0535205
ANTENNA__07878__B1, 215.14, 348.16, 0.0535205
FILLER_0_123_449, 215.14, 348.16, 0.0535205
FILLER_0_124_447, 215.14, 348.16, 0.0535205
_07971_, 225.14, 348.16, 0.0541038
ANTENNA__07931__A, 225.14, 348.16, 0.0541038
FILLER_0_123_474, 225.14, 348.16, 0.0541038
FILLER_0_124_469, 225.14, 348.16, 0.0541038
FILLER_0_124_477, 225.14, 348.16, 0.0541038
_07874_, 245.14, 348.16, 0.0553662
ANTENNA__07874__A1, 245.14, 348.16, 0.0553662
FILLER_0_124_524, 245.14, 348.16, 0.0553662
_07810_, 255.14, 348.16, 0.0560489
_07813_, 255.14, 348.16, 0.0560489
_07814_, 255.14, 348.16, 0.0560489
_07815_, 255.14, 348.16, 0.0560489
_07816_, 255.14, 348.16, 0.0560489
FILLER_0_124_539, 255.14, 348.16, 0.0560489
_08098_, 275.14, 348.16, 0.0574846
ANTENNA__08098__A1, 275.14, 348.16, 0.0574846
_07852_, 285.14, 348.16, 0.0582
_07909_, 285.14, 348.16, 0.0582
FILLER_0_123_606, 285.14, 348.16, 0.0582
FILLER_0_125_611, 285.14, 348.16, 0.0582
_07915_, 305.14, 348.16, 0.0592775
FILLER_0_124_645, 305.14, 348.16, 0.0592775
_06047_, 315.14, 348.16, 0.059735
_06735_, 315.14, 348.16, 0.059735
_11192_, 315.14, 348.16, 0.059735
ANTENNA__07915__S, 315.14, 348.16, 0.059735
ANTENNA__07915__A0, 315.14, 348.16, 0.059735
ANTENNA__11230__RESET_B, 315.14, 348.16, 0.059735
ANTENNA__11192__RESET_B, 315.14, 348.16, 0.059735
_06037_, 335.14, 348.16, 0.0608247
_06038_, 335.14, 348.16, 0.0608247
_09227_, 335.14, 348.16, 0.0608247
_09228_, 335.14, 348.16, 0.0608247
ANTENNA__09228__S, 335.14, 348.16, 0.0608247
ANTENNA__11272__RESET_B, 335.14, 348.16, 0.0608247
FILLER_0_125_717, 335.14, 348.16, 0.0608247
_06071_, 345.14, 348.16, 0.0614468
_06705_, 345.14, 348.16, 0.0614468
_09142_, 345.14, 348.16, 0.0614468
_09143_, 345.14, 348.16, 0.0614468
FILLER_0_124_738, 345.14, 348.16, 0.0614468
_09416_, 365.14, 348.16, 0.0626995
_11314_, 365.14, 348.16, 0.0626995
ANTENNA__06192__A1, 365.14, 348.16, 0.0626995
ANTENNA__09329__A1, 365.14, 348.16, 0.0626995
ANTENNA__09415__S, 365.14, 348.16, 0.0626995
ANTENNA__11314__RESET_B, 365.14, 348.16, 0.0626995
FILLER_0_125_785, 365.14, 348.16, 0.0626995
_06041_, 375.14, 348.16, 0.0633346
_06193_, 375.14, 348.16, 0.0633346
_06198_, 375.14, 348.16, 0.0633346
_09418_, 375.14, 348.16, 0.0633346
ANTENNA__06041__A1, 375.14, 348.16, 0.0633346
FILLER_0_124_795, 375.14, 348.16, 0.0633346
_06067_, 395.66, 348.16, 0.0639699
_09333_, 395.66, 348.16, 0.0639699
_09334_, 395.66, 348.16, 0.0639699
_09336_, 395.66, 348.16, 0.0639699
_11301_, 395.66, 348.16, 0.0639699
ANTENNA__09334__B1, 395.66, 348.16, 0.0639699
FILLER_0_125_857, 395.66, 348.16, 0.0639699
_11498_, 5.52, 342.72, 0.0471246
PHY_242, 5.52, 342.72, 0.0471246
PHY_244, 5.52, 342.72, 0.0471246
ANTENNA__10709__S, 5.52, 342.72, 0.0471246
FILLER_0_122_3, 5.52, 342.72, 0.0471246
FILLER_0_123_3, 5.52, 342.72, 0.0471246
PHY_243, 406.18, 342.72, 0.0637836
PHY_245, 406.18, 342.72, 0.0637836
_11474_, 15.33, 342.72, 0.047121
ANTENNA__11498__RESET_B, 15.33, 342.72, 0.047121
_10752_, 35.14, 342.72, 0.0472083
_11426_, 35.14, 342.72, 0.0472083
hold431, 35.14, 342.72, 0.0472083
ANTENNA__11450__RESET_B, 35.14, 342.72, 0.0472083
_10761_, 45.14, 342.72, 0.0472969
_11523_, 45.14, 342.72, 0.0472969
hold430, 45.14, 342.72, 0.0472969
hold451, 45.14, 342.72, 0.0472969
ANTENNA__10752__S, 45.14, 342.72, 0.0472969
FILLER_0_121_85, 45.14, 342.72, 0.0472969
_10661_, 65.14, 342.72, 0.0475603
_10662_, 65.14, 342.72, 0.0475603
_11475_, 65.14, 342.72, 0.0475603
hold299, 65.14, 342.72, 0.0475603
ANTENNA__10661__S, 65.14, 342.72, 0.0475603
ANTENNA__10711__S, 65.14, 342.72, 0.0475603
_10504_, 75.14, 342.72, 0.0477373
hold271, 75.14, 342.72, 0.0477373
ANTENNA__11475__RESET_B, 75.14, 342.72, 0.0477373
ANTENNA__11597__RESET_B, 95.14, 342.72, 0.0481862
FILLER_0_121_192, 95.14, 342.72, 0.0481862
FILLER_0_122_184, 95.14, 342.72, 0.0481862
fanout91, 105.14, 342.72, 0.0484602
fanout92, 105.14, 342.72, 0.0484602
hold303, 105.14, 342.72, 0.0484602
ANTENNA_fanout91_A, 105.14, 342.72, 0.0484602
FILLER_0_123_217, 105.14, 342.72, 0.0484602
_10343_, 125.14, 342.72, 0.0491062
FILLER_0_122_265, 125.14, 342.72, 0.0491062
FILLER_0_123_265, 125.14, 342.72, 0.0491062
_10126_, 135.14, 342.72, 0.049474
_10127_, 135.14, 342.72, 0.049474
_10304_, 135.14, 342.72, 0.049474
_10373_, 135.14, 342.72, 0.049474
ANTENNA__10081__C1, 135.14, 342.72, 0.049474
ANTENNA__10304__A2, 135.14, 342.72, 0.049474
ANTENNA__10373__A2, 135.14, 342.72, 0.049474
ANTENNA__10373__B1, 135.14, 342.72, 0.049474
FILLER_0_122_280, 135.14, 342.72, 0.049474
FILLER_0_122_287, 135.14, 342.72, 0.049474
_10031_, 155.14, 342.72, 0.0502922
_10202_, 155.14, 342.72, 0.0502922
ANTENNA__10031__A, 155.14, 342.72, 0.0502922
ANTENNA__10031__B, 155.14, 342.72, 0.0502922
FILLER_0_121_317, 155.14, 342.72, 0.0502922
FILLER_0_122_336, 155.14, 342.72, 0.0502922
_10204_, 165.14, 342.72, 0.0507361
_10251_, 165.14, 342.72, 0.0507361
_10252_, 165.14, 342.72, 0.0507361
ANTENNA__10252__A1, 165.14, 342.72, 0.0507361
FILLER_0_121_337, 165.14, 342.72, 0.0507361
FILLER_0_121_347, 165.14, 342.72, 0.0507361
FILLER_0_122_353, 165.14, 342.72, 0.0507361
_08085_, 185.14, 342.72, 0.051697
_08090_, 185.14, 342.72, 0.051697
ANTENNA__08049__A, 185.14, 342.72, 0.051697
FILLER_0_121_387, 185.14, 342.72, 0.051697
FILLER_0_123_401, 185.14, 342.72, 0.051697
_07987_, 195.14, 342.72, 0.0522203
_07988_, 195.14, 342.72, 0.0522203
_08049_, 195.14, 342.72, 0.0522203
_08057_, 195.14, 342.72, 0.0522203
ANTENNA__08057__A1, 195.14, 342.72, 0.0522203
ANTENNA__08057__B1, 195.14, 342.72, 0.0522203
FILLER_0_121_405, 195.14, 342.72, 0.0522203
FILLER_0_122_413, 195.14, 342.72, 0.0522203
FILLER_0_123_423, 195.14, 342.72, 0.0522203
_07839_, 215.14, 342.72, 0.0533321
_07878_, 215.14, 342.72, 0.0533321
_07879_, 215.14, 342.72, 0.0533321
ANTENNA__07879__A1, 215.14, 342.72, 0.0533321
ANTENNA__07893__B, 215.14, 342.72, 0.0533321
FILLER_0_121_449, 215.14, 342.72, 0.0533321
FILLER_0_122_452, 215.14, 342.72, 0.0533321
FILLER_0_123_466, 215.14, 342.72, 0.0533321
_07871_, 225.14, 342.72, 0.0539011
_07930_, 225.14, 342.72, 0.0539011
_07931_, 225.14, 342.72, 0.0539011
_07932_, 225.14, 342.72, 0.0539011
ANTENNA__07930__A1, 225.14, 342.72, 0.0539011
FILLER_0_122_477, 225.14, 342.72, 0.0539011
_07761_, 245.14, 342.72, 0.0551181
_07809_, 245.14, 342.72, 0.0551181
_07811_, 245.14, 342.72, 0.0551181
_07812_, 245.14, 342.72, 0.0551181
_07873_, 245.14, 342.72, 0.0551181
ANTENNA__07761__B, 245.14, 342.72, 0.0551181
ANTENNA__07812__A, 245.14, 342.72, 0.0551181
FILLER_0_122_521, 245.14, 342.72, 0.0551181
FILLER_0_122_529, 245.14, 342.72, 0.0551181
_07764_, 255.14, 342.72, 0.0557765
_07867_, 255.14, 342.72, 0.0557765
ANTENNA__07810__A, 255.14, 342.72, 0.0557765
FILLER_0_123_543, 255.14, 342.72, 0.0557765
_07851_, 275.14, 342.72, 0.057254
_07864_, 275.14, 342.72, 0.057254
FILLER_0_122_580, 275.14, 342.72, 0.057254
FILLER_0_122_589, 275.14, 342.72, 0.057254
_07865_, 285.14, 342.72, 0.0579119
_07910_, 285.14, 342.72, 0.0579119
clkbuf_leaf_33_clk, 285.14, 342.72, 0.0579119
ANTENNA_clkbuf_leaf_33_clk_A, 285.14, 342.72, 0.0579119
FILLER_0_123_617, 285.14, 342.72, 0.0579119
_06048_, 305.14, 342.72, 0.059163
_07861_, 305.14, 342.72, 0.059163
FILLER_0_123_654, 305.14, 342.72, 0.059163
_06049_, 315.14, 342.72, 0.0595965
_06050_, 315.14, 342.72, 0.0595965
_06087_, 315.14, 342.72, 0.0595965
FILLER_0_121_665, 315.14, 342.72, 0.0595965
FILLER_0_122_664, 315.14, 342.72, 0.0595965
_06034_, 335.14, 342.72, 0.060659
_06039_, 335.14, 342.72, 0.060659
_06069_, 335.14, 342.72, 0.060659
_06070_, 335.14, 342.72, 0.060659
_06053_, 345.14, 342.72, 0.06128
_06090_, 345.14, 342.72, 0.06128
_06091_, 345.14, 342.72, 0.06128
FILLER_0_121_729, 345.14, 342.72, 0.06128
FILLER_0_122_729, 345.14, 342.72, 0.06128
FILLER_0_123_745, 345.14, 342.72, 0.06128
_06040_, 365.14, 342.72, 0.0625231
_06086_, 365.14, 342.72, 0.0625231
_09415_, 365.14, 342.72, 0.0625231
ANTENNA__06040__A, 365.14, 342.72, 0.0625231
FILLER_0_121_773, 365.14, 342.72, 0.0625231
FILLER_0_121_780, 365.14, 342.72, 0.0625231
FILLER_0_122_790, 365.14, 342.72, 0.0625231
_09413_, 375.14, 342.72, 0.0631506
_09414_, 375.14, 342.72, 0.0631506
_09417_, 375.14, 342.72, 0.0631506
ANTENNA__09414__S, 375.14, 342.72, 0.0631506
FILLER_0_122_807, 375.14, 342.72, 0.0631506
FILLER_0_122_813, 375.14, 342.72, 0.0631506
FILLER_0_123_810, 375.14, 342.72, 0.0631506
_09327_, 395.66, 342.72, 0.0637836
_09328_, 395.66, 342.72, 0.0637836
_11300_, 395.66, 342.72, 0.0637836
hold122, 395.66, 342.72, 0.0637836
ANTENNA__09325__B1, 395.66, 342.72, 0.0637836
ANTENNA__09336__B, 395.66, 342.72, 0.0637836
ANTENNA__11301__RESET_B, 395.66, 342.72, 0.0637836
ANTENNA__11300__RESET_B, 395.66, 342.72, 0.0637836
FILLER_0_123_852, 395.66, 342.72, 0.0637836
_10759_, 5.52, 337.28, 0.0469
_11522_, 5.52, 337.28, 0.0469
PHY_238, 5.52, 337.28, 0.0469
PHY_240, 5.52, 337.28, 0.0469
FILLER_0_120_3, 5.52, 337.28, 0.0469
PHY_239, 406.18, 337.28, 0.0754548
PHY_241, 406.18, 337.28, 0.0754548
FILLER_0_119_865, 406.18, 337.28, 0.0754548
_10758_, 15.33, 337.28, 0.0468956
hold376, 15.33, 337.28, 0.0468956
hold377, 15.33, 337.28, 0.0468956
ANTENNA__10758__S, 15.33, 337.28, 0.0468956
FILLER_0_119_11, 15.33, 337.28, 0.0468956
FILLER_0_120_12, 15.33, 337.28, 0.0468956
FILLER_0_120_25, 15.33, 337.28, 0.0468956
_10560_, 35.14, 337.28, 0.0469729
ANTENNA__10560__S, 35.14, 337.28, 0.0469729
ANTENNA_clkbuf_leaf_26_clk_A, 35.14, 337.28, 0.0469729
FILLER_0_119_57, 35.14, 337.28, 0.0469729
FILLER_0_119_63, 35.14, 337.28, 0.0469729
FILLER_0_120_74, 35.14, 337.28, 0.0469729
_10507_, 45.14, 337.28, 0.0470574
ANTENNA__10754__S, 45.14, 337.28, 0.0470574
ANTENNA__11544__RESET_B, 45.14, 337.28, 0.0470574
ANTENNA__11543__RESET_B, 45.14, 337.28, 0.0470574
ANTENNA__11426__RESET_B, 45.14, 337.28, 0.0470574
FILLER_0_120_85, 45.14, 337.28, 0.0470574
_10612_, 65.14, 337.28, 0.0473296
_10613_, 65.14, 337.28, 0.0473296
ANTENNA__10612__S, 65.14, 337.28, 0.0473296
ANTENNA_fanout88_A, 65.14, 337.28, 0.0473296
FILLER_0_120_135, 65.14, 337.28, 0.0473296
_11625_, 75.14, 337.28, 0.0475169
hold287, 75.14, 337.28, 0.0475169
hold288, 75.14, 337.28, 0.0475169
FILLER_0_120_141, 75.14, 337.28, 0.0475169
_11008_, 95.14, 337.28, 0.0479773
_11072_, 95.14, 337.28, 0.0479773
_11596_, 95.14, 337.28, 0.0479773
_11627_, 95.14, 337.28, 0.0479773
hold304, 95.14, 337.28, 0.0479773
ANTENNA__11008__S, 95.14, 337.28, 0.0479773
FILLER_0_121_198, 95.14, 337.28, 0.0479773
_11014_, 105.14, 337.28, 0.0482447
_11071_, 105.14, 337.28, 0.0482447
_11599_, 105.14, 337.28, 0.0482447
ANTENNA__11627__RESET_B, 105.14, 337.28, 0.0482447
FILLER_0_121_221, 105.14, 337.28, 0.0482447
_10339_, 125.14, 337.28, 0.0488796
_10340_, 125.14, 337.28, 0.0488796
ANTENNA__10310__A, 125.14, 337.28, 0.0488796
FILLER_0_120_253, 125.14, 337.28, 0.0488796
FILLER_0_120_263, 125.14, 337.28, 0.0488796
_10081_, 135.14, 337.28, 0.049249
_10181_, 135.14, 337.28, 0.049249
_10232_, 135.14, 337.28, 0.049249
_10337_, 135.14, 337.28, 0.049249
ANTENNA__10081__A1, 135.14, 337.28, 0.049249
ANTENNA__10366__A2, 135.14, 337.28, 0.049249
ANTENNA__10125__A, 135.14, 337.28, 0.049249
FILLER_0_119_281, 135.14, 337.28, 0.049249
FILLER_0_121_289, 135.14, 337.28, 0.049249
_10196_, 155.14, 337.28, 0.0500846
_10197_, 155.14, 337.28, 0.0500846
_10198_, 155.14, 337.28, 0.0500846
_10199_, 155.14, 337.28, 0.0500846
_10200_, 155.14, 337.28, 0.0500846
_10201_, 155.14, 337.28, 0.0500846
ANTENNA__10199__B, 155.14, 337.28, 0.0500846
ANTENNA__10199__A, 155.14, 337.28, 0.0500846
FILLER_0_120_317, 155.14, 337.28, 0.0500846
_10084_, 165.14, 337.28, 0.0505525
_10139_, 165.14, 337.28, 0.0505525
_10141_, 165.14, 337.28, 0.0505525
_10206_, 165.14, 337.28, 0.0505525
FILLER_0_120_344, 165.14, 337.28, 0.0505525
_10259_, 185.14, 337.28, 0.0515389
_10270_, 185.14, 337.28, 0.0515389
_07945_, 195.14, 337.28, 0.0520406
_08089_, 195.14, 337.28, 0.0520406
ANTENNA__07987__A, 195.14, 337.28, 0.0520406
ANTENNA__08089__A1, 195.14, 337.28, 0.0520406
ANTENNA__07945__A, 195.14, 337.28, 0.0520406
FILLER_0_119_407, 195.14, 337.28, 0.0520406
FILLER_0_120_411, 195.14, 337.28, 0.0520406
FILLER_0_121_416, 195.14, 337.28, 0.0520406
_07837_, 215.14, 337.28, 0.0531194
_07936_, 215.14, 337.28, 0.0531194
ANTENNA__07837__A, 215.14, 337.28, 0.0531194
ANTENNA__07759__A, 215.14, 337.28, 0.0531194
ANTENNA__07837__B, 215.14, 337.28, 0.0531194
ANTENNA__07698__A, 215.14, 337.28, 0.0531194
ANTENNA__07980__A1, 215.14, 337.28, 0.0531194
FILLER_0_119_449, 215.14, 337.28, 0.0531194
FILLER_0_121_465, 215.14, 337.28, 0.0531194
_07699_, 225.14, 337.28, 0.0537096
_07700_, 225.14, 337.28, 0.0537096
_07759_, 225.14, 337.28, 0.0537096
_07760_, 225.14, 337.28, 0.0537096
_07762_, 225.14, 337.28, 0.0537096
ANTENNA__07762__A, 225.14, 337.28, 0.0537096
ANTENNA__07760__A1, 225.14, 337.28, 0.0537096
ANTENNA__07760__B2, 225.14, 337.28, 0.0537096
_07642_, 245.14, 337.28, 0.0549077
_07763_, 245.14, 337.28, 0.0549077
ANTENNA__07761__A, 245.14, 337.28, 0.0549077
_07701_, 255.14, 337.28, 0.0555525
_07765_, 255.14, 337.28, 0.0555525
_07806_, 255.14, 337.28, 0.0555525
ANTENNA__07764__A, 255.14, 337.28, 0.0555525
_07849_, 275.14, 337.28, 0.0568501
_07850_, 275.14, 337.28, 0.0568501
FILLER_0_120_583, 275.14, 337.28, 0.0568501
_07794_, 285.14, 337.28, 0.0574845
FILLER_0_120_614, 285.14, 337.28, 0.0574845
FILLER_0_121_612, 285.14, 337.28, 0.0574845
_06074_, 305.14, 337.28, 0.0586538
_06088_, 305.14, 337.28, 0.0586538
hold352, 305.14, 337.28, 0.0586538
_06030_, 315.14, 337.28, 0.0592967
_06031_, 315.14, 337.28, 0.0592967
_06089_, 315.14, 337.28, 0.0592967
_06732_, 335.14, 337.28, 0.060865
hold153, 335.14, 337.28, 0.060865
FILLER_0_119_707, 335.14, 337.28, 0.060865
FILLER_0_121_723, 335.14, 337.28, 0.060865
_06051_, 345.14, 337.28, 0.0617972
_06052_, 345.14, 337.28, 0.0617972
_06054_, 345.14, 337.28, 0.0617972
FILLER_0_120_730, 345.14, 337.28, 0.0617972
FILLER_0_120_739, 345.14, 337.28, 0.0617972
FILLER_0_121_746, 345.14, 337.28, 0.0617972
_05985_, 365.14, 337.28, 0.0647169
ANTENNA__05985__A, 365.14, 337.28, 0.0647169
FILLER_0_119_780, 365.14, 337.28, 0.0647169
FILLER_0_120_772, 365.14, 337.28, 0.0647169
_06042_, 375.14, 337.28, 0.0667073
_06058_, 375.14, 337.28, 0.0667073
_06068_, 375.14, 337.28, 0.0667073
ANTENNA__06058__A, 375.14, 337.28, 0.0667073
FILLER_0_120_801, 375.14, 337.28, 0.0667073
_06103_, 395.66, 337.28, 0.0754548
_09326_, 395.66, 337.28, 0.0754548
output42, 395.66, 337.28, 0.0754548
ANTENNA__09326__A1, 395.66, 337.28, 0.0754548
ANTENNA__06103__A, 395.66, 337.28, 0.0754548
FILLER_0_119_841, 395.66, 337.28, 0.0754548
PHY_234, 5.52, 331.84, 0.0466429
PHY_236, 5.52, 331.84, 0.0466429
input11, 5.52, 331.84, 0.0466429
ANTENNA_input11_A, 5.52, 331.84, 0.0466429
_06178_, 406.18, 331.84, 0.0632902
PHY_235, 406.18, 331.84, 0.0632902
PHY_237, 406.18, 331.84, 0.0632902
FILLER_0_117_865, 406.18, 331.84, 0.0632902
_10707_, 15.33, 331.84, 0.0466424
_11546_, 15.33, 331.84, 0.0466424
ANTENNA__10707__S, 15.33, 331.84, 0.0466424
FILLER_0_118_15, 15.33, 331.84, 0.0466424
FILLER_0_118_29, 15.33, 331.84, 0.0466424
FILLER_0_119_22, 15.33, 331.84, 0.0466424
_11543_, 35.14, 331.84, 0.0467345
_11544_, 35.14, 331.84, 0.0467345
ANTENNA__11545__RESET_B, 35.14, 331.84, 0.0467345
FILLER_0_117_57, 35.14, 331.84, 0.0467345
_10804_, 45.14, 331.84, 0.0468235
_10805_, 45.14, 331.84, 0.0468235
_11401_, 45.14, 331.84, 0.0468235
hold45, 45.14, 331.84, 0.0468235
hold436, 45.14, 331.84, 0.0468235
FILLER_0_117_81, 45.14, 331.84, 0.0468235
_10562_, 65.14, 331.84, 0.0470878
_11451_, 65.14, 331.84, 0.0470878
ANTENNA__11451__RESET_B, 65.14, 331.84, 0.0470878
_11067_, 75.14, 331.84, 0.0472682
_11068_, 75.14, 331.84, 0.0472682
_11653_, 75.14, 331.84, 0.0472682
hold20, 75.14, 331.84, 0.0472682
FILLER_0_118_161, 75.14, 331.84, 0.0472682
hold324, 95.14, 331.84, 0.0477185
ANTENNA__11624__RESET_B, 95.14, 331.84, 0.0477185
_11015_, 105.14, 331.84, 0.0479937
_11129_, 105.14, 331.84, 0.0479937
fanout90, 105.14, 331.84, 0.0479937
hold329, 105.14, 331.84, 0.0479937
ANTENNA__11014__S, 105.14, 331.84, 0.0479937
_10306_, 125.14, 331.84, 0.0486415
_10336_, 125.14, 331.84, 0.0486415
_10342_, 125.14, 331.84, 0.0486415
_10366_, 125.14, 331.84, 0.0486415
ANTENNA__10342__B, 125.14, 331.84, 0.0486415
ANTENNA__10366__A1, 125.14, 331.84, 0.0486415
ANTENNA__10310__B, 125.14, 331.84, 0.0486415
FILLER_0_118_265, 125.14, 331.84, 0.0486415
FILLER_0_119_266, 125.14, 331.84, 0.0486415
_10125_, 135.14, 331.84, 0.0490044
_10179_, 135.14, 331.84, 0.0490044
_10180_, 135.14, 331.84, 0.0490044
ANTENNA__10025__B, 135.14, 331.84, 0.0490044
ANTENNA__10180__B, 135.14, 331.84, 0.0490044
ANTENNA__10305__B, 135.14, 331.84, 0.0490044
ANTENNA__10125__B, 135.14, 331.84, 0.0490044
ANTENNA__10079__B, 135.14, 331.84, 0.0490044
FILLER_0_117_275, 135.14, 331.84, 0.0490044
FILLER_0_118_285, 135.14, 331.84, 0.0490044
FILLER_0_118_290, 135.14, 331.84, 0.0490044
_10078_, 155.14, 331.84, 0.0498456
FILLER_0_117_325, 155.14, 331.84, 0.0498456
_10138_, 165.14, 331.84, 0.0503255
_10140_, 165.14, 331.84, 0.0503255
_10207_, 165.14, 331.84, 0.0503255
FILLER_0_118_353, 165.14, 331.84, 0.0503255
FILLER_0_119_348, 165.14, 331.84, 0.0503255
_10296_, 185.14, 331.84, 0.0513833
_10327_, 185.14, 331.84, 0.0513833
_10328_, 185.14, 331.84, 0.0513833
FILLER_0_117_386, 185.14, 331.84, 0.0513833
FILLER_0_118_391, 185.14, 331.84, 0.0513833
FILLER_0_118_399, 185.14, 331.84, 0.0513833
_07697_, 195.14, 331.84, 0.0518984
_07975_, 195.14, 331.84, 0.0518984
_08016_, 195.14, 331.84, 0.0518984
_08088_, 195.14, 331.84, 0.0518984
ANTENNA__07820__A, 195.14, 331.84, 0.0518984
ANTENNA__07892__A, 195.14, 331.84, 0.0518984
ANTENNA__07838__A, 195.14, 331.84, 0.0518984
ANTENNA__07975__A1, 195.14, 331.84, 0.0518984
ANTENNA__07784__A, 195.14, 331.84, 0.0518984
_07487_, 215.14, 331.84, 0.0529615
_07698_, 215.14, 331.84, 0.0529615
_07822_, 215.14, 331.84, 0.0529615
_07937_, 215.14, 331.84, 0.0529615
ANTENNA__07487__A, 215.14, 331.84, 0.0529615
ANTENNA__07936__A, 215.14, 331.84, 0.0529615
ANTENNA__07882__A1, 215.14, 331.84, 0.0529615
ANTENNA__07821__B, 215.14, 331.84, 0.0529615
FILLER_0_117_449, 215.14, 331.84, 0.0529615
_07783_, 225.14, 331.84, 0.0535294
_07786_, 225.14, 331.84, 0.0535294
ANTENNA__07699__B1, 225.14, 331.84, 0.0535294
ANTENNA__07700__A1, 225.14, 331.84, 0.0535294
ANTENNA__07822__A1_N, 225.14, 331.84, 0.0535294
FILLER_0_117_477, 225.14, 331.84, 0.0535294
FILLER_0_118_477, 225.14, 331.84, 0.0535294
FILLER_0_119_486, 225.14, 331.84, 0.0535294
_07643_, 245.14, 331.84, 0.0547661
ANTENNA__07701__A, 245.14, 331.84, 0.0547661
ANTENNA__07643__A, 245.14, 331.84, 0.0547661
FILLER_0_118_513, 245.14, 331.84, 0.0547661
FILLER_0_118_529, 245.14, 331.84, 0.0547661
FILLER_0_119_522, 245.14, 331.84, 0.0547661
_07788_, 255.14, 331.84, 0.0554388
_07846_, 255.14, 331.84, 0.0554388
FILLER_0_118_545, 255.14, 331.84, 0.0554388
_07767_, 275.14, 331.84, 0.0568195
_07793_, 275.14, 331.84, 0.0568195
FILLER_0_118_583, 275.14, 331.84, 0.0568195
_07797_, 285.14, 331.84, 0.0574881
FILLER_0_118_602, 285.14, 331.84, 0.0574881
FILLER_0_119_617, 285.14, 331.84, 0.0574881
_06028_, 305.14, 331.84, 0.0585095
_06073_, 305.14, 331.84, 0.0585095
_06075_, 305.14, 331.84, 0.0585095
ANTENNA__06028__B, 305.14, 331.84, 0.0585095
ANTENNA__06074__B, 305.14, 331.84, 0.0585095
FILLER_0_118_649, 305.14, 331.84, 0.0585095
_06029_, 315.14, 331.84, 0.0590239
_06045_, 315.14, 331.84, 0.0590239
ANTENNA__06029__B, 315.14, 331.84, 0.0590239
FILLER_0_119_680, 315.14, 331.84, 0.0590239
_06733_, 335.14, 331.84, 0.0601774
_09222_, 335.14, 331.84, 0.0601774
_09225_, 335.14, 331.84, 0.0601774
_11191_, 335.14, 331.84, 0.0601774
ANTENNA__06732__S, 335.14, 331.84, 0.0601774
ANTENNA__09223__S, 335.14, 331.84, 0.0601774
ANTENNA__11191__RESET_B, 335.14, 331.84, 0.0601774
_06026_, 345.14, 331.84, 0.0607996
_11271_, 345.14, 331.84, 0.0607996
_09410_, 365.14, 331.84, 0.0620284
ANTENNA__11177__RESET_B, 365.14, 331.84, 0.0620284
FILLER_0_118_774, 365.14, 331.84, 0.0620284
_09411_, 375.14, 331.84, 0.0626449
_09412_, 375.14, 331.84, 0.0626449
FILLER_0_118_801, 375.14, 331.84, 0.0626449
FILLER_0_118_809, 375.14, 331.84, 0.0626449
FILLER_0_118_813, 375.14, 331.84, 0.0626449
_06060_, 395.66, 331.84, 0.0632874
_06064_, 395.66, 331.84, 0.0632874
_06101_, 395.66, 331.84, 0.0632874
_06102_, 395.66, 331.84, 0.0632874
_06104_, 395.66, 331.84, 0.0632874
_09331_, 395.66, 331.84, 0.0632874
ANTENNA__06104__A1, 395.66, 331.84, 0.0632874
FILLER_0_118_855, 395.66, 331.84, 0.0632874
_10708_, 5.52, 326.4, 0.0463349
_11521_, 5.52, 326.4, 0.0463349
PHY_230, 5.52, 326.4, 0.0463349
PHY_232, 5.52, 326.4, 0.0463349
PHY_231, 406.18, 326.4, 0.0795636
PHY_233, 406.18, 326.4, 0.0795636
_10756_, 15.33, 326.4, 0.0463307
hold441, 15.33, 326.4, 0.0463307
FILLER_0_117_24, 15.33, 326.4, 0.0463307
_10802_, 35.14, 326.4, 0.0464175
_10803_, 35.14, 326.4, 0.0464175
_10806_, 35.14, 326.4, 0.0464175
hold107, 35.14, 326.4, 0.0464175
hold437, 35.14, 326.4, 0.0464175
_11547_, 45.14, 326.4, 0.0465053
hold44, 45.14, 326.4, 0.0465053
ANTENNA__10806__S, 45.14, 326.4, 0.0465053
ANTENNA__10804__S, 45.14, 326.4, 0.0465053
ANTENNA__10802__S, 45.14, 326.4, 0.0465053
ANTENNA__11567__RESET_B, 45.14, 326.4, 0.0465053
FILLER_0_115_81, 45.14, 326.4, 0.0465053
_11427_, 65.14, 326.4, 0.0467733
hold21, 65.14, 326.4, 0.0467733
_06662_, 75.14, 326.4, 0.0469538
_11124_, 75.14, 326.4, 0.0469538
_11125_, 75.14, 326.4, 0.0469538
ANTENNA__10562__S, 75.14, 326.4, 0.0469538
ANTENNA__10509__A0, 75.14, 326.4, 0.0469538
ANTENNA__11427__RESET_B, 75.14, 326.4, 0.0469538
FILLER_0_116_149, 75.14, 326.4, 0.0469538
_06681_, 95.14, 326.4, 0.0474127
_11655_, 95.14, 326.4, 0.0474127
ANTENNA__11122__S, 95.14, 326.4, 0.0474127
ANTENNA__11652__RESET_B, 95.14, 326.4, 0.0474127
FILLER_0_116_197, 95.14, 326.4, 0.0474127
FILLER_0_116_204, 95.14, 326.4, 0.0474127
FILLER_0_117_196, 95.14, 326.4, 0.0474127
_10284_, 105.14, 326.4, 0.0476885
_11128_, 105.14, 326.4, 0.0476885
ANTENNA__11128__S, 105.14, 326.4, 0.0476885
ANTENNA__11655__RESET_B, 105.14, 326.4, 0.0476885
_10305_, 125.14, 326.4, 0.0483357
_10338_, 125.14, 326.4, 0.0483357
ANTENNA__10305__A, 125.14, 326.4, 0.0483357
ANTENNA__10342__A, 125.14, 326.4, 0.0483357
ANTENNA__10303__A1, 125.14, 326.4, 0.0483357
ANTENNA__10277__A1, 125.14, 326.4, 0.0483357
FILLER_0_115_253, 125.14, 326.4, 0.0483357
FILLER_0_116_253, 125.14, 326.4, 0.0483357
FILLER_0_116_261, 125.14, 326.4, 0.0483357
FILLER_0_116_268, 125.14, 326.4, 0.0483357
_10025_, 135.14, 326.4, 0.0487153
_10028_, 135.14, 326.4, 0.0487153
_10029_, 135.14, 326.4, 0.0487153
_10365_, 135.14, 326.4, 0.0487153
ANTENNA__10025__A, 135.14, 326.4, 0.0487153
ANTENNA__10365__B, 135.14, 326.4, 0.0487153
FILLER_0_115_276, 135.14, 326.4, 0.0487153
FILLER_0_116_281, 135.14, 326.4, 0.0487153
_10156_, 155.14, 326.4, 0.0495646
_10157_, 155.14, 326.4, 0.0495646
_10158_, 155.14, 326.4, 0.0495646
_10209_, 155.14, 326.4, 0.0495646
FILLER_0_115_325, 155.14, 326.4, 0.0495646
FILLER_0_116_321, 155.14, 326.4, 0.0495646
FILLER_0_117_333, 155.14, 326.4, 0.0495646
_10030_, 165.14, 326.4, 0.0500281
_10032_, 165.14, 326.4, 0.0500281
_10092_, 165.14, 326.4, 0.0500281
FILLER_0_117_349, 165.14, 326.4, 0.0500281
_10219_, 185.14, 326.4, 0.0510411
_10260_, 185.14, 326.4, 0.0510411
_10268_, 185.14, 326.4, 0.0510411
FILLER_0_115_381, 185.14, 326.4, 0.0510411
FILLER_0_115_389, 185.14, 326.4, 0.0510411
FILLER_0_117_398, 185.14, 326.4, 0.0510411
_07666_, 195.14, 326.4, 0.0515511
_07784_, 195.14, 326.4, 0.0515511
_07838_, 195.14, 326.4, 0.0515511
_07892_, 195.14, 326.4, 0.0515511
ANTENNA__07820__B, 195.14, 326.4, 0.0515511
ANTENNA__07891__B2, 195.14, 326.4, 0.0515511
FILLER_0_115_406, 195.14, 326.4, 0.0515511
FILLER_0_116_417, 195.14, 326.4, 0.0515511
FILLER_0_117_418, 195.14, 326.4, 0.0515511
_07712_, 215.14, 326.4, 0.0526104
_07821_, 215.14, 326.4, 0.0526104
ANTENNA__07711__B, 215.14, 326.4, 0.0526104
ANTENNA__07821__A, 215.14, 326.4, 0.0526104
ANTENNA__07774__A1, 215.14, 326.4, 0.0526104
FILLER_0_116_459, 215.14, 326.4, 0.0526104
_07776_, 225.14, 326.4, 0.0531896
ANTENNA__07783__A, 225.14, 326.4, 0.0531896
FILLER_0_116_468, 225.14, 326.4, 0.0531896
FILLER_0_115_511, 245.14, 326.4, 0.054412
FILLER_0_116_529, 245.14, 326.4, 0.054412
FILLER_0_117_528, 245.14, 326.4, 0.054412
_07719_, 255.14, 326.4, 0.0550926
_07782_, 255.14, 326.4, 0.0550926
_07790_, 255.14, 326.4, 0.0550926
_07842_, 255.14, 326.4, 0.0550926
_07703_, 275.14, 326.4, 0.0563765
_07792_, 275.14, 326.4, 0.0563765
FILLER_0_116_582, 275.14, 326.4, 0.0563765
_07704_, 285.14, 326.4, 0.0570266
_07755_, 285.14, 326.4, 0.0570266
FILLER_0_117_612, 285.14, 326.4, 0.0570266
_07918_, 305.14, 326.4, 0.058327
FILLER_0_116_641, 305.14, 326.4, 0.058327
FILLER_0_116_657, 305.14, 326.4, 0.058327
_05988_, 315.14, 326.4, 0.058979
_06004_, 315.14, 326.4, 0.058979
_06027_, 315.14, 326.4, 0.058979
_06046_, 315.14, 326.4, 0.058979
ANTENNA__05988__B, 315.14, 326.4, 0.058979
FILLER_0_116_665, 315.14, 326.4, 0.058979
_05995_, 335.14, 326.4, 0.060665
_09226_, 335.14, 326.4, 0.060665
ANTENNA__09222__S, 335.14, 326.4, 0.060665
FILLER_0_115_708, 335.14, 326.4, 0.060665
_06000_, 345.14, 326.4, 0.0616929
_06025_, 345.14, 326.4, 0.0616929
_09137_, 345.14, 326.4, 0.0616929
ANTENNA__11271__RESET_B, 345.14, 326.4, 0.0616929
FILLER_0_116_737, 345.14, 326.4, 0.0616929
FILLER_0_116_746, 345.14, 326.4, 0.0616929
_06187_, 365.14, 326.4, 0.0652243
_11313_, 365.14, 326.4, 0.0652243
ANTENNA__11313__RESET_B, 365.14, 326.4, 0.0652243
FILLER_0_115_774, 365.14, 326.4, 0.0652243
FILLER_0_117_785, 365.14, 326.4, 0.0652243
_06186_, 375.14, 326.4, 0.0677243
_06190_, 375.14, 326.4, 0.0677243
_06194_, 375.14, 326.4, 0.0677243
_09408_, 375.14, 326.4, 0.0677243
_09409_, 375.14, 326.4, 0.0677243
FILLER_0_117_807, 375.14, 326.4, 0.0677243
_06065_, 395.66, 326.4, 0.0795636
_09324_, 395.66, 326.4, 0.0795636
output41, 395.66, 326.4, 0.0795636
clkbuf_leaf_38_clk, 395.66, 326.4, 0.0795636
ANTENNA__06062__A1, 395.66, 326.4, 0.0795636
ANTENNA_clkbuf_leaf_38_clk_A, 395.66, 326.4, 0.0795636
FILLER_0_115_837, 395.66, 326.4, 0.0795636
FILLER_0_115_845, 395.66, 326.4, 0.0795636
_11497_, 5.52, 320.96, 0.0460118
PHY_226, 5.52, 320.96, 0.0460118
PHY_228, 5.52, 320.96, 0.0460118
ANTENNA_input10_A, 5.52, 320.96, 0.0460118
PHY_227, 406.18, 320.96, 0.0628693
PHY_229, 406.18, 320.96, 0.0628693
ANTENNA__06065__B2, 406.18, 320.96, 0.0628693
FILLER_0_113_865, 406.18, 320.96, 0.0628693
_10757_, 15.33, 320.96, 0.0460082
hold169, 15.33, 320.96, 0.0460082
hold440, 15.33, 320.96, 0.0460082
ANTENNA__11521__RESET_B, 15.33, 320.96, 0.0460082
ANTENNA__11497__RESET_B, 15.33, 320.96, 0.0460082
_10933_, 35.14, 320.96, 0.0460975
_11567_, 35.14, 320.96, 0.0460975
hold106, 35.14, 320.96, 0.0460975
ANTENNA__10950__S, 35.14, 320.96, 0.0460975
FILLER_0_113_57, 35.14, 320.96, 0.0460975
FILLER_0_113_64, 35.14, 320.96, 0.0460975
_10957_, 45.14, 320.96, 0.0461879
_11568_, 45.14, 320.96, 0.0461879
hold452, 45.14, 320.96, 0.0461879
FILLER_0_114_93, 45.14, 320.96, 0.0461879
_10509_, 65.14, 320.96, 0.0464611
_10510_, 65.14, 320.96, 0.0464611
_10563_, 65.14, 320.96, 0.0464611
_11402_, 65.14, 320.96, 0.0464611
hold191, 65.14, 320.96, 0.0464611
hold210, 65.14, 320.96, 0.0464611
ANTENNA__11571__RESET_B, 65.14, 320.96, 0.0464611
FILLER_0_113_121, 65.14, 320.96, 0.0464611
_11164_, 75.14, 320.96, 0.0466386
hold194, 75.14, 320.96, 0.0466386
FILLER_0_114_141, 75.14, 320.96, 0.0466386
FILLER_0_115_152, 75.14, 320.96, 0.0466386
_11166_, 95.14, 320.96, 0.0471004
clkbuf_leaf_29_clk, 95.14, 320.96, 0.0471004
hold298, 95.14, 320.96, 0.0471004
hold309, 95.14, 320.96, 0.0471004
ANTENNA_clkbuf_leaf_29_clk_A, 95.14, 320.96, 0.0471004
FILLER_0_114_197, 95.14, 320.96, 0.0471004
_11012_, 105.14, 320.96, 0.0473685
hold328, 105.14, 320.96, 0.0473685
ANTENNA__11166__RESET_B, 105.14, 320.96, 0.0473685
_10277_, 125.14, 320.96, 0.0480176
_10278_, 125.14, 320.96, 0.0480176
_10279_, 125.14, 320.96, 0.0480176
_10307_, 125.14, 320.96, 0.0480176
ANTENNA__10278__A, 125.14, 320.96, 0.0480176
ANTENNA__10278__B, 125.14, 320.96, 0.0480176
ANTENNA__10277__A2, 125.14, 320.96, 0.0480176
_09988_, 135.14, 320.96, 0.0483938
_10027_, 135.14, 320.96, 0.0483938
_10177_, 135.14, 320.96, 0.0483938
ANTENNA__10027__A, 135.14, 320.96, 0.0483938
FILLER_0_113_281, 135.14, 320.96, 0.0483938
FILLER_0_114_272, 135.14, 320.96, 0.0483938
FILLER_0_114_284, 135.14, 320.96, 0.0483938
_09985_, 155.14, 320.96, 0.0492476
_10145_, 155.14, 320.96, 0.0492476
_10155_, 155.14, 320.96, 0.0492476
ANTENNA__09985__A, 155.14, 320.96, 0.0492476
ANTENNA__10132__A1, 155.14, 320.96, 0.0492476
FILLER_0_113_317, 155.14, 320.96, 0.0492476
FILLER_0_113_325, 155.14, 320.96, 0.0492476
FILLER_0_114_327, 155.14, 320.96, 0.0492476
FILLER_0_115_333, 155.14, 320.96, 0.0492476
_09989_, 165.14, 320.96, 0.0497272
_10033_, 165.14, 320.96, 0.0497272
_10093_, 165.14, 320.96, 0.0497272
FILLER_0_113_344, 165.14, 320.96, 0.0497272
FILLER_0_114_341, 165.14, 320.96, 0.0497272
_10213_, 185.14, 320.96, 0.0508153
_10214_, 185.14, 320.96, 0.0508153
ANTENNA__07666__A, 185.14, 320.96, 0.0508153
FILLER_0_113_388, 185.14, 320.96, 0.0508153
_07580_, 195.14, 320.96, 0.0513469
_07637_, 195.14, 320.96, 0.0513469
_07638_, 195.14, 320.96, 0.0513469
_07771_, 195.14, 320.96, 0.0513469
_07820_, 195.14, 320.96, 0.0513469
ANTENNA__07637__C1, 195.14, 320.96, 0.0513469
ANTENNA__07771__B, 195.14, 320.96, 0.0513469
ANTENNA__07771__A, 195.14, 320.96, 0.0513469
FILLER_0_115_423, 195.14, 320.96, 0.0513469
_07728_, 215.14, 320.96, 0.052443
_07768_, 215.14, 320.96, 0.052443
_07772_, 215.14, 320.96, 0.052443
_07774_, 215.14, 320.96, 0.052443
_07775_, 215.14, 320.96, 0.052443
ANTENNA__07773__A, 215.14, 320.96, 0.052443
ANTENNA__07769__A_N, 215.14, 320.96, 0.052443
ANTENNA__07772__A, 215.14, 320.96, 0.052443
ANTENNA__07768__A, 215.14, 320.96, 0.052443
FILLER_0_113_445, 215.14, 320.96, 0.052443
FILLER_0_114_447, 215.14, 320.96, 0.052443
FILLER_0_114_456, 215.14, 320.96, 0.052443
_07807_, 225.14, 320.96, 0.0530172
_07808_, 225.14, 320.96, 0.0530172
ANTENNA__07772__B, 225.14, 320.96, 0.0530172
FILLER_0_114_470, 225.14, 320.96, 0.0530172
_07718_, 245.14, 320.96, 0.0542681
_07777_, 245.14, 320.96, 0.0542681
_07779_, 245.14, 320.96, 0.0542681
_07780_, 245.14, 320.96, 0.0542681
_07781_, 245.14, 320.96, 0.0542681
ANTENNA__07777__B, 245.14, 320.96, 0.0542681
FILLER_0_114_527, 245.14, 320.96, 0.0542681
FILLER_0_115_524, 245.14, 320.96, 0.0542681
_07720_, 255.14, 320.96, 0.0549356
_07721_, 255.14, 320.96, 0.0549356
_07722_, 255.14, 320.96, 0.0549356
_07729_, 255.14, 320.96, 0.0549356
_07789_, 255.14, 320.96, 0.0549356
FILLER_0_114_533, 255.14, 320.96, 0.0549356
_07644_, 275.14, 320.96, 0.0563538
_07694_, 275.14, 320.96, 0.0563538
FILLER_0_113_581, 275.14, 320.96, 0.0563538
FILLER_0_114_584, 275.14, 320.96, 0.0563538
FILLER_0_114_595, 275.14, 320.96, 0.0563538
FILLER_0_115_588, 275.14, 320.96, 0.0563538
_07737_, 285.14, 320.96, 0.0571338
_07738_, 285.14, 320.96, 0.0571338
_07754_, 285.14, 320.96, 0.0571338
_07795_, 285.14, 320.96, 0.0571338
FILLER_0_113_603, 285.14, 320.96, 0.0571338
_07858_, 305.14, 320.96, 0.0584006
_07859_, 305.14, 320.96, 0.0584006
_07860_, 305.14, 320.96, 0.0584006
FILLER_0_114_659, 305.14, 320.96, 0.0584006
FILLER_0_115_654, 305.14, 320.96, 0.0584006
_05987_, 315.14, 320.96, 0.0587984
_05989_, 315.14, 320.96, 0.0587984
_05991_, 315.14, 320.96, 0.0587984
_06006_, 315.14, 320.96, 0.0587984
ANTENNA__05987__B, 315.14, 320.96, 0.0587984
FILLER_0_115_683, 315.14, 320.96, 0.0587984
_05999_, 335.14, 320.96, 0.0598089
_09221_, 335.14, 320.96, 0.0598089
ANTENNA_clkbuf_leaf_34_clk_A, 335.14, 320.96, 0.0598089
FILLER_0_114_713, 335.14, 320.96, 0.0598089
_05998_, 345.14, 320.96, 0.0604186
_06008_, 345.14, 320.96, 0.0604186
_06010_, 345.14, 320.96, 0.0604186
_06043_, 345.14, 320.96, 0.0604186
_09139_, 345.14, 320.96, 0.0604186
ANTENNA__06000__B1, 345.14, 320.96, 0.0604186
FILLER_0_113_729, 345.14, 320.96, 0.0604186
FILLER_0_114_735, 345.14, 320.96, 0.0604186
_06015_, 365.14, 320.96, 0.0616361
_06017_, 365.14, 320.96, 0.0616361
_09407_, 365.14, 320.96, 0.0616361
ANTENNA__09409__S, 365.14, 320.96, 0.0616361
FILLER_0_115_785, 365.14, 320.96, 0.0616361
_06001_, 375.14, 320.96, 0.0622545
_06002_, 375.14, 320.96, 0.0622545
_06024_, 375.14, 320.96, 0.0622545
ANTENNA__06186__A1, 375.14, 320.96, 0.0622545
ANTENNA__09408__S, 375.14, 320.96, 0.0622545
FILLER_0_114_793, 375.14, 320.96, 0.0622545
FILLER_0_114_798, 375.14, 320.96, 0.0622545
_06063_, 395.66, 320.96, 0.0628693
_09319_, 395.66, 320.96, 0.0628693
ANTENNA__09318__B1, 395.66, 320.96, 0.0628693
ANTENNA__09319__A1, 395.66, 320.96, 0.0628693
ANTENNA__06063__B1, 395.66, 320.96, 0.0628693
FILLER_0_113_847, 395.66, 320.96, 0.0628693
FILLER_0_114_859, 395.66, 320.96, 0.0628693
_11473_, 5.52, 315.52, 0.0456646
PHY_222, 5.52, 315.52, 0.0456646
PHY_224, 5.52, 315.52, 0.0456646
input10, 5.52, 315.52, 0.0456646
hold170, 5.52, 315.52, 0.0456646
PHY_223, 406.18, 315.52, 0.0626108
PHY_225, 406.18, 315.52, 0.0626108
FILLER_0_111_863, 406.18, 315.52, 0.0626108
_10657_, 15.33, 315.52, 0.0456589
_10658_, 15.33, 315.52, 0.0456589
hold334, 15.33, 315.52, 0.0456589
ANTENNA__10657__S, 15.33, 315.52, 0.0456589
ANTENNA__11449__RESET_B, 15.33, 315.52, 0.0456589
_10932_, 35.14, 315.52, 0.0457374
_10944_, 35.14, 315.52, 0.0457374
ANTENNA__11569__RESET_B, 35.14, 315.52, 0.0457374
FILLER_0_112_66, 35.14, 315.52, 0.0457374
_10938_, 45.14, 315.52, 0.0458234
_10939_, 45.14, 315.52, 0.0458234
_10948_, 45.14, 315.52, 0.0458234
ANTENNA__10938__S, 45.14, 315.52, 0.0458234
ANTENNA__10932__S, 45.14, 315.52, 0.0458234
FILLER_0_111_78, 45.14, 315.52, 0.0458234
FILLER_0_112_78, 45.14, 315.52, 0.0458234
_06513_, 65.14, 315.52, 0.0460886
ANTENNA__10955__B2, 65.14, 315.52, 0.0460886
ANTENNA__06513__A, 65.14, 315.52, 0.0460886
_06661_, 75.14, 315.52, 0.0462686
ANTENNA__10509__S, 75.14, 315.52, 0.0462686
ANTENNA__11402__RESET_B, 75.14, 315.52, 0.0462686
FILLER_0_112_145, 75.14, 315.52, 0.0462686
_06680_, 95.14, 315.52, 0.046729
_11070_, 95.14, 315.52, 0.046729
_11127_, 95.14, 315.52, 0.046729
hold151, 95.14, 315.52, 0.046729
ANTENNA__06680__S, 95.14, 315.52, 0.046729
ANTENNA__11654__RESET_B, 95.14, 315.52, 0.046729
ANTENNA__11163__RESET_B, 95.14, 315.52, 0.046729
_11013_, 105.14, 315.52, 0.0470055
_11598_, 105.14, 315.52, 0.0470055
ANTENNA__11012__S, 105.14, 315.52, 0.0470055
FILLER_0_112_208, 105.14, 315.52, 0.0470055
FILLER_0_113_221, 105.14, 315.52, 0.0470055
_10222_, 125.14, 315.52, 0.0476486
ANTENNA__09986__B1, 125.14, 315.52, 0.0476486
ANTENNA__10275__A1, 125.14, 315.52, 0.0476486
ANTENNA__10222__A2, 125.14, 315.52, 0.0476486
FILLER_0_112_265, 125.14, 315.52, 0.0476486
FILLER_0_113_262, 125.14, 315.52, 0.0476486
_09986_, 135.14, 315.52, 0.048018
_09987_, 135.14, 315.52, 0.048018
ANTENNA__09986__A2, 135.14, 315.52, 0.048018
ANTENNA__09986__B2, 135.14, 315.52, 0.048018
ANTENNA__09865__C, 135.14, 315.52, 0.048018
ANTENNA__09986__A1, 135.14, 315.52, 0.048018
ANTENNA__09869__A, 135.14, 315.52, 0.048018
ANTENNA__09986__A3, 135.14, 315.52, 0.048018
FILLER_0_111_275, 135.14, 315.52, 0.048018
_10040_, 155.14, 315.52, 0.0488572
ANTENNA__09985__B, 155.14, 315.52, 0.0488572
FILLER_0_111_320, 155.14, 315.52, 0.0488572
FILLER_0_113_330, 155.14, 315.52, 0.0488572
_10094_, 165.14, 315.52, 0.0493257
FILLER_0_112_357, 165.14, 315.52, 0.0493257
FILLER_0_113_357, 165.14, 315.52, 0.0493257
_07579_, 185.14, 315.52, 0.0503547
ANTENNA__07510__A, 185.14, 315.52, 0.0503547
ANTENNA__07509__A, 185.14, 315.52, 0.0503547
ANTENNA__07510__B, 185.14, 315.52, 0.0503547
FILLER_0_111_386, 185.14, 315.52, 0.0503547
FILLER_0_112_385, 185.14, 315.52, 0.0503547
FILLER_0_113_393, 185.14, 315.52, 0.0503547
_07511_, 195.14, 315.52, 0.0509153
_07514_, 195.14, 315.52, 0.0509153
_07581_, 195.14, 315.52, 0.0509153
_07708_, 195.14, 315.52, 0.0509153
_07929_, 195.14, 315.52, 0.0509153
ANTENNA__07581__A, 195.14, 315.52, 0.0509153
_07724_, 215.14, 315.52, 0.0520243
_07727_, 215.14, 315.52, 0.0520243
_07770_, 215.14, 315.52, 0.0520243
ANTENNA__07724__A, 215.14, 315.52, 0.0520243
FILLER_0_112_465, 215.14, 315.52, 0.0520243
_07649_, 225.14, 315.52, 0.052597
_07650_, 225.14, 315.52, 0.052597
ANTENNA__07649__A, 225.14, 315.52, 0.052597
ANTENNA__07649__B, 225.14, 315.52, 0.052597
ANTENNA__07886__A1, 225.14, 315.52, 0.052597
ANTENNA__07647__D, 225.14, 315.52, 0.052597
FILLER_0_111_470, 225.14, 315.52, 0.052597
FILLER_0_112_477, 225.14, 315.52, 0.052597
FILLER_0_113_478, 225.14, 315.52, 0.052597
FILLER_0_113_485, 225.14, 315.52, 0.052597
_07716_, 245.14, 315.52, 0.0538251
ANTENNA__07574__A, 245.14, 315.52, 0.0538251
ANTENNA__07828__A2, 245.14, 315.52, 0.0538251
ANTENNA__07716__A, 245.14, 315.52, 0.0538251
ANTENNA__07777__A, 245.14, 315.52, 0.0538251
ANTENNA__07716__B, 245.14, 315.52, 0.0538251
ANTENNA__07574__B, 245.14, 315.52, 0.0538251
ANTENNA__07582__B, 245.14, 315.52, 0.0538251
FILLER_0_112_521, 245.14, 315.52, 0.0538251
_07582_, 255.14, 315.52, 0.0544869
_07723_, 255.14, 315.52, 0.0544869
_07658_, 275.14, 315.52, 0.0559041
_07736_, 275.14, 315.52, 0.0559041
FILLER_0_112_582, 275.14, 315.52, 0.0559041
_07796_, 285.14, 315.52, 0.0566408
FILLER_0_112_613, 285.14, 315.52, 0.0566408
FILLER_0_113_612, 285.14, 315.52, 0.0566408
_07802_, 305.14, 315.52, 0.0580041
FILLER_0_111_641, 305.14, 315.52, 0.0580041
_06005_, 315.14, 315.52, 0.0584451
_06007_, 315.14, 315.52, 0.0584451
ANTENNA__11284__RESET_B, 315.14, 315.52, 0.0584451
FILLER_0_111_663, 315.14, 315.52, 0.0584451
FILLER_0_112_669, 315.14, 315.52, 0.0584451
FILLER_0_112_677, 315.14, 315.52, 0.0584451
FILLER_0_113_682, 315.14, 315.52, 0.0584451
_05997_, 335.14, 315.52, 0.0595
hold145, 335.14, 315.52, 0.0595
ANTENNA__06730__S, 335.14, 315.52, 0.0595
ANTENNA__09217__S, 335.14, 315.52, 0.0595
_06009_, 345.14, 315.52, 0.0601147
_09138_, 345.14, 315.52, 0.0601147
FILLER_0_112_728, 345.14, 315.52, 0.0601147
FILLER_0_112_736, 345.14, 315.52, 0.0601147
_09404_, 365.14, 315.52, 0.0613531
_11312_, 365.14, 315.52, 0.0613531
ANTENNA__06017__B1, 365.14, 315.52, 0.0613531
ANTENNA__09403__S, 365.14, 315.52, 0.0613531
ANTENNA__11312__RESET_B, 365.14, 315.52, 0.0613531
FILLER_0_111_776, 365.14, 315.52, 0.0613531
_09406_, 375.14, 315.52, 0.0619768
FILLER_0_113_813, 375.14, 315.52, 0.0619768
_06019_, 395.66, 315.52, 0.0626108
_09321_, 395.66, 315.52, 0.0626108
_11299_, 395.66, 315.52, 0.0626108
ANTENNA__11299__RESET_B, 395.66, 315.52, 0.0626108
_10609_, 5.52, 310.08, 0.0453268
_11449_, 5.52, 310.08, 0.0453268
PHY_218, 5.52, 310.08, 0.0453268
PHY_220, 5.52, 310.08, 0.0453268
hold335, 5.52, 310.08, 0.0453268
FILLER_0_111_3, 5.52, 310.08, 0.0453268
PHY_219, 406.18, 310.08, 0.0753759
PHY_221, 406.18, 310.08, 0.0753759
_10559_, 15.33, 310.08, 0.0453211
_10608_, 15.33, 310.08, 0.0453211
_11425_, 15.33, 310.08, 0.0453211
hold337, 15.33, 310.08, 0.0453211
ANTENNA__10608__S, 15.33, 310.08, 0.0453211
FILLER_0_109_20, 15.33, 310.08, 0.0453211
FILLER_0_110_25, 15.33, 310.08, 0.0453211
_10505_, 35.14, 310.08, 0.0454004
_11400_, 35.14, 310.08, 0.0454004
ANTENNA__10505__S, 35.14, 310.08, 0.0454004
ANTENNA__10944__S, 35.14, 310.08, 0.0454004
FILLER_0_110_73, 35.14, 310.08, 0.0454004
FILLER_0_111_70, 35.14, 310.08, 0.0454004
_10943_, 45.14, 310.08, 0.0454861
_10946_, 45.14, 310.08, 0.0454861
_10947_, 45.14, 310.08, 0.0454861
_10949_, 45.14, 310.08, 0.0454861
ANTENNA__10949__A2, 45.14, 310.08, 0.0454861
ANTENNA__10948__B1, 45.14, 310.08, 0.0454861
ANTENNA__10949__A1, 45.14, 310.08, 0.0454861
FILLER_0_110_96, 45.14, 310.08, 0.0454861
_06496_, 65.14, 310.08, 0.0457531
_06497_, 65.14, 310.08, 0.0457531
_06512_, 65.14, 310.08, 0.0457531
_06514_, 65.14, 310.08, 0.0457531
ANTENNA__06513__B, 65.14, 310.08, 0.0457531
ANTENNA__06495__B, 65.14, 310.08, 0.0457531
FILLER_0_109_124, 65.14, 310.08, 0.0457531
FILLER_0_110_131, 65.14, 310.08, 0.0457531
_11064_, 75.14, 310.08, 0.0459339
_11121_, 75.14, 310.08, 0.0459339
_11623_, 75.14, 310.08, 0.0459339
ANTENNA__11651__RESET_B, 75.14, 310.08, 0.0459339
FILLER_0_110_141, 75.14, 310.08, 0.0459339
FILLER_0_111_157, 75.14, 310.08, 0.0459339
FILLER_0_111_162, 75.14, 310.08, 0.0459339
_11069_, 95.14, 310.08, 0.0463933
_11126_, 95.14, 310.08, 0.0463933
_11626_, 95.14, 310.08, 0.0463933
hold144, 95.14, 310.08, 0.0463933
ANTENNA__11069__S, 95.14, 310.08, 0.0463933
FILLER_0_110_197, 95.14, 310.08, 0.0463933
hold257, 105.14, 310.08, 0.0466695
ANTENNA__11626__RESET_B, 105.14, 310.08, 0.0466695
FILLER_0_111_221, 105.14, 310.08, 0.0466695
_07507_, 125.14, 310.08, 0.047332
_10223_, 125.14, 310.08, 0.047332
ANTENNA__10223__B, 125.14, 310.08, 0.047332
ANTENNA__10193__B, 125.14, 310.08, 0.047332
FILLER_0_109_251, 125.14, 310.08, 0.047332
FILLER_0_110_262, 125.14, 310.08, 0.047332
FILLER_0_111_262, 125.14, 310.08, 0.047332
FILLER_0_111_270, 125.14, 310.08, 0.047332
_07508_, 135.14, 310.08, 0.0477175
_09868_, 135.14, 310.08, 0.0477175
_09869_, 135.14, 310.08, 0.0477175
_10026_, 135.14, 310.08, 0.0477175
_10035_, 135.14, 310.08, 0.0477175
_10080_, 135.14, 310.08, 0.0477175
_10087_, 135.14, 310.08, 0.0477175
ANTENNA__09868__A, 135.14, 310.08, 0.0477175
ANTENNA__10087__A1, 135.14, 310.08, 0.0477175
ANTENNA__10087__A2, 135.14, 310.08, 0.0477175
FILLER_0_110_282, 135.14, 310.08, 0.0477175
_10097_, 155.14, 310.08, 0.0485555
_10098_, 155.14, 310.08, 0.0485555
_10106_, 155.14, 310.08, 0.0485555
FILLER_0_111_331, 155.14, 310.08, 0.0485555
_10041_, 165.14, 310.08, 0.0490362
_10105_, 165.14, 310.08, 0.0490362
_10107_, 165.14, 310.08, 0.0490362
_10108_, 165.14, 310.08, 0.0490362
_10163_, 165.14, 310.08, 0.0490362
FILLER_0_111_349, 165.14, 310.08, 0.0490362
_06780_, 185.14, 310.08, 0.0500406
_07509_, 185.14, 310.08, 0.0500406
_07510_, 185.14, 310.08, 0.0500406
_07578_, 185.14, 310.08, 0.0500406
ANTENNA__06780__A, 185.14, 310.08, 0.0500406
ANTENNA__06780__B, 185.14, 310.08, 0.0500406
ANTENNA__07578__A, 185.14, 310.08, 0.0500406
ANTENNA__07578__B, 185.14, 310.08, 0.0500406
ANTENNA__07509__B, 185.14, 310.08, 0.0500406
_07513_, 195.14, 310.08, 0.0505856
_07515_, 195.14, 310.08, 0.0505856
_10297_, 195.14, 310.08, 0.0505856
_10298_, 195.14, 310.08, 0.0505856
ANTENNA__07515__B, 195.14, 310.08, 0.0505856
ANTENNA__10298__B1, 195.14, 310.08, 0.0505856
FILLER_0_110_403, 195.14, 310.08, 0.0505856
FILLER_0_110_415, 195.14, 310.08, 0.0505856
FILLER_0_111_421, 195.14, 310.08, 0.0505856
_07594_, 215.14, 310.08, 0.0517061
_07726_, 215.14, 310.08, 0.0517061
_07886_, 215.14, 310.08, 0.0517061
ANTENNA__07594__A, 215.14, 310.08, 0.0517061
ANTENNA__07726__A, 215.14, 310.08, 0.0517061
ANTENNA_hold454_A, 215.14, 310.08, 0.0517061
ANTENNA_clkbuf_leaf_30_clk_A, 215.14, 310.08, 0.0517061
FILLER_0_109_445, 215.14, 310.08, 0.0517061
_07647_, 225.14, 310.08, 0.0523069
_07648_, 225.14, 310.08, 0.0523069
_07654_, 225.14, 310.08, 0.0523069
ANTENNA__07597__A1, 225.14, 310.08, 0.0523069
ANTENNA__07667__B1, 225.14, 310.08, 0.0523069
ANTENNA__07886__A2, 225.14, 310.08, 0.0523069
ANTENNA__07726__B, 225.14, 310.08, 0.0523069
ANTENNA__07648__B1, 225.14, 310.08, 0.0523069
FILLER_0_109_473, 225.14, 310.08, 0.0523069
FILLER_0_110_473, 225.14, 310.08, 0.0523069
FILLER_0_110_477, 225.14, 310.08, 0.0523069
_07530_, 245.14, 310.08, 0.0536008
_07574_, 245.14, 310.08, 0.0536008
_07575_, 245.14, 310.08, 0.0536008
_07576_, 245.14, 310.08, 0.0536008
_07577_, 245.14, 310.08, 0.0536008
_07639_, 245.14, 310.08, 0.0536008
_07828_, 245.14, 310.08, 0.0536008
ANTENNA__07530__B, 245.14, 310.08, 0.0536008
ANTENNA__07639__A2, 245.14, 310.08, 0.0536008
FILLER_0_111_521, 245.14, 310.08, 0.0536008
_07660_, 255.14, 310.08, 0.0542723
_07662_, 255.14, 310.08, 0.0542723
_07664_, 255.14, 310.08, 0.0542723
_07715_, 255.14, 310.08, 0.0542723
_07730_, 255.14, 310.08, 0.0542723
FILLER_0_110_538, 255.14, 310.08, 0.0542723
_07676_, 275.14, 310.08, 0.0557126
_07677_, 275.14, 310.08, 0.0557126
_07678_, 275.14, 310.08, 0.0557126
FILLER_0_109_585, 275.14, 310.08, 0.0557126
FILLER_0_110_579, 275.14, 310.08, 0.0557126
_07680_, 285.14, 310.08, 0.056441
FILLER_0_110_618, 285.14, 310.08, 0.056441
FILLER_0_111_609, 285.14, 310.08, 0.056441
_07800_, 305.14, 310.08, 0.057799
_07801_, 305.14, 310.08, 0.057799
ANTENNA__05968__A_N, 305.14, 310.08, 0.057799
FILLER_0_110_660, 305.14, 310.08, 0.057799
FILLER_0_111_652, 305.14, 310.08, 0.057799
_05968_, 315.14, 310.08, 0.058333
_05969_, 315.14, 310.08, 0.058333
_05970_, 315.14, 310.08, 0.058333
_05971_, 315.14, 310.08, 0.058333
_06003_, 315.14, 310.08, 0.058333
ANTENNA__05969__B, 315.14, 310.08, 0.058333
FILLER_0_109_669, 315.14, 310.08, 0.058333
FILLER_0_110_682, 315.14, 310.08, 0.058333
_05959_, 335.14, 310.08, 0.0598037
_05996_, 335.14, 310.08, 0.0598037
_09216_, 335.14, 310.08, 0.0598037
_09220_, 335.14, 310.08, 0.0598037
FILLER_0_109_709, 335.14, 310.08, 0.0598037
FILLER_0_111_717, 335.14, 310.08, 0.0598037
FILLER_0_111_725, 335.14, 310.08, 0.0598037
_05972_, 345.14, 310.08, 0.0607272
_05973_, 345.14, 310.08, 0.0607272
_05974_, 345.14, 310.08, 0.0607272
_09215_, 345.14, 310.08, 0.0607272
ANTENNA__09216__A1, 345.14, 310.08, 0.0607272
FILLER_0_110_730, 345.14, 310.08, 0.0607272
_06181_, 365.14, 310.08, 0.063744
_09403_, 365.14, 310.08, 0.063744
ANTENNA__06181__A1, 365.14, 310.08, 0.063744
FILLER_0_109_775, 365.14, 310.08, 0.063744
FILLER_0_110_782, 365.14, 310.08, 0.063744
_06182_, 375.14, 310.08, 0.0658423
_06188_, 375.14, 310.08, 0.0658423
_09405_, 375.14, 310.08, 0.0658423
ANTENNA__06188__A1, 375.14, 310.08, 0.0658423
FILLER_0_109_797, 375.14, 310.08, 0.0658423
FILLER_0_110_807, 375.14, 310.08, 0.0658423
FILLER_0_111_814, 375.14, 310.08, 0.0658423
_06022_, 395.66, 310.08, 0.0753759
_09317_, 395.66, 310.08, 0.0753759
_09320_, 395.66, 310.08, 0.0753759
output40, 395.66, 310.08, 0.0753759
ANTENNA__09320__S, 395.66, 310.08, 0.0753759
FILLER_0_109_837, 395.66, 310.08, 0.0753759
_11470_, 5.52, 304.64, 0.0449943
PHY_214, 5.52, 304.64, 0.0449943
PHY_216, 5.52, 304.64, 0.0449943
FILLER_0_109_3, 5.52, 304.64, 0.0449943
PHY_215, 406.18, 304.64, 0.0618298
PHY_217, 406.18, 304.64, 0.0618298
ANTENNA__06023__B2, 406.18, 304.64, 0.0618298
_10602_, 15.33, 304.64, 0.0449903
_10651_, 15.33, 304.64, 0.0449903
clkbuf_leaf_25_clk, 15.33, 304.64, 0.0449903
ANTENNA__10651__S, 15.33, 304.64, 0.0449903
FILLER_0_108_25, 15.33, 304.64, 0.0449903
ANTENNA__10946__A, 35.14, 304.64, 0.045051
ANTENNA__11446__RESET_B, 35.14, 304.64, 0.045051
ANTENNA__11422__RESET_B, 35.14, 304.64, 0.045051
FILLER_0_107_57, 35.14, 304.64, 0.045051
FILLER_0_108_67, 35.14, 304.64, 0.045051
_10941_, 45.14, 304.64, 0.0451365
_10942_, 45.14, 304.64, 0.0451365
ANTENNA__10943__A2, 45.14, 304.64, 0.0451365
ANTENNA__10940__A, 45.14, 304.64, 0.0451365
ANTENNA__10937__A1, 45.14, 304.64, 0.0451365
ANTENNA__10943__A1, 45.14, 304.64, 0.0451365
ANTENNA__11400__RESET_B, 45.14, 304.64, 0.0451365
FILLER_0_109_94, 45.14, 304.64, 0.0451365
_06377_, 65.14, 304.64, 0.045413
_06499_, 65.14, 304.64, 0.045413
_11651_, 65.14, 304.64, 0.045413
FILLER_0_108_126, 65.14, 304.64, 0.045413
FILLER_0_109_135, 65.14, 304.64, 0.045413
_10391_, 75.14, 304.64, 0.0455911
_11063_, 75.14, 304.64, 0.0455911
_11120_, 75.14, 304.64, 0.0455911
hold411, 75.14, 304.64, 0.0455911
ANTENNA__10391__A, 75.14, 304.64, 0.0455911
FILLER_0_108_152, 75.14, 304.64, 0.0455911
_06672_, 95.14, 304.64, 0.0460337
_06677_, 95.14, 304.64, 0.0460337
ANTENNA__11126__S, 95.14, 304.64, 0.0460337
ANTENNA__06673__S, 95.14, 304.64, 0.0460337
ANTENNA__11165__RESET_B, 95.14, 304.64, 0.0460337
FILLER_0_107_185, 95.14, 304.64, 0.0460337
FILLER_0_107_194, 95.14, 304.64, 0.0460337
FILLER_0_108_197, 95.14, 304.64, 0.0460337
_06676_, 105.14, 304.64, 0.0463085
_06678_, 105.14, 304.64, 0.0463085
_07503_, 105.14, 304.64, 0.0463085
ANTENNA__06679__A1, 105.14, 304.64, 0.0463085
FILLER_0_108_211, 105.14, 304.64, 0.0463085
FILLER_0_109_219, 105.14, 304.64, 0.0463085
_07502_, 125.14, 304.64, 0.0469611
_10193_, 125.14, 304.64, 0.0469611
_10194_, 125.14, 304.64, 0.0469611
_10225_, 125.14, 304.64, 0.0469611
ANTENNA__09868__B, 125.14, 304.64, 0.0469611
ANTENNA__09861__B1, 125.14, 304.64, 0.0469611
FILLER_0_107_260, 125.14, 304.64, 0.0469611
FILLER_0_108_269, 125.14, 304.64, 0.0469611
FILLER_0_109_262, 125.14, 304.64, 0.0469611
_09861_, 135.14, 304.64, 0.0473323
ANTENNA__09860__A, 135.14, 304.64, 0.0473323
ANTENNA__09862__A1, 135.14, 304.64, 0.0473323
ANTENNA__06888__A, 135.14, 304.64, 0.0473323
ANTENNA__09862__B2, 135.14, 304.64, 0.0473323
ANTENNA__09860__B, 135.14, 304.64, 0.0473323
FILLER_0_108_284, 135.14, 304.64, 0.0473323
FILLER_0_109_288, 135.14, 304.64, 0.0473323
ANTENNA__09983__A, 155.14, 304.64, 0.0481796
FILLER_0_107_322, 155.14, 304.64, 0.0481796
FILLER_0_109_328, 155.14, 304.64, 0.0481796
_09983_, 165.14, 304.64, 0.048659
_09984_, 165.14, 304.64, 0.048659
_09990_, 165.14, 304.64, 0.048659
_09991_, 165.14, 304.64, 0.048659
ANTENNA__09983__B, 165.14, 304.64, 0.048659
FILLER_0_108_337, 165.14, 304.64, 0.048659
_10111_, 185.14, 304.64, 0.0497307
_10112_, 185.14, 304.64, 0.0497307
FILLER_0_108_401, 185.14, 304.64, 0.0497307
FILLER_0_109_393, 185.14, 304.64, 0.0497307
_10265_, 195.14, 304.64, 0.0503049
_10266_, 195.14, 304.64, 0.0503049
_10269_, 195.14, 304.64, 0.0503049
_10299_, 195.14, 304.64, 0.0503049
_11338_, 195.14, 304.64, 0.0503049
ANTENNA__10266__B1, 195.14, 304.64, 0.0503049
ANTENNA__11338__RESET_B, 195.14, 304.64, 0.0503049
FILLER_0_108_411, 195.14, 304.64, 0.0503049
_07516_, 215.14, 304.64, 0.0513948
_07595_, 215.14, 304.64, 0.0513948
_07596_, 215.14, 304.64, 0.0513948
_07597_, 215.14, 304.64, 0.0513948
_07598_, 215.14, 304.64, 0.0513948
_07652_, 215.14, 304.64, 0.0513948
ANTENNA__11337__RESET_B, 215.14, 304.64, 0.0513948
FILLER_0_107_453, 215.14, 304.64, 0.0513948
FILLER_0_108_455, 215.14, 304.64, 0.0513948
_07599_, 225.14, 304.64, 0.0519667
_07667_, 225.14, 304.64, 0.0519667
ANTENNA__07595__A, 225.14, 304.64, 0.0519667
ANTENNA__07667__A2_N, 225.14, 304.64, 0.0519667
ANTENNA__07598__B, 225.14, 304.64, 0.0519667
ANTENNA__07597__A2, 225.14, 304.64, 0.0519667
ANTENNA__07668__A, 225.14, 304.64, 0.0519667
ANTENNA__07667__A1_N, 225.14, 304.64, 0.0519667
FILLER_0_108_473, 225.14, 304.64, 0.0519667
FILLER_0_108_481, 225.14, 304.64, 0.0519667
ANTENNA__07534__A, 245.14, 304.64, 0.0531774
ANTENNA__07532__A, 245.14, 304.64, 0.0531774
ANTENNA__07530__A, 245.14, 304.64, 0.0531774
FILLER_0_107_511, 245.14, 304.64, 0.0531774
FILLER_0_108_529, 245.14, 304.64, 0.0531774
FILLER_0_109_523, 245.14, 304.64, 0.0531774
_07659_, 255.14, 304.64, 0.0538422
_07663_, 255.14, 304.64, 0.0538422
_07665_, 255.14, 304.64, 0.0538422
ANTENNA__07589__A, 255.14, 304.64, 0.0538422
ANTENNA__07660__A, 255.14, 304.64, 0.0538422
ANTENNA__07660__B, 255.14, 304.64, 0.0538422
FILLER_0_108_533, 255.14, 304.64, 0.0538422
FILLER_0_108_539, 255.14, 304.64, 0.0538422
_07634_, 275.14, 304.64, 0.0552985
_07645_, 275.14, 304.64, 0.0552985
_07692_, 275.14, 304.64, 0.0552985
FILLER_0_108_585, 275.14, 304.64, 0.0552985
_07583_, 285.14, 304.64, 0.0560512
_07584_, 285.14, 304.64, 0.0560512
_07646_, 285.14, 304.64, 0.0560512
_07739_, 285.14, 304.64, 0.0560512
FILLER_0_108_601, 285.14, 304.64, 0.0560512
FILLER_0_108_614, 285.14, 304.64, 0.0560512
_07748_, 305.14, 304.64, 0.0575495
_07749_, 305.14, 304.64, 0.0575495
FILLER_0_108_641, 305.14, 304.64, 0.0575495
_05952_, 315.14, 304.64, 0.0579491
_05953_, 315.14, 304.64, 0.0579491
_05990_, 315.14, 304.64, 0.0579491
FILLER_0_108_681, 315.14, 304.64, 0.0579491
_05961_, 335.14, 304.64, 0.0589397
_09214_, 335.14, 304.64, 0.0589397
_09219_, 335.14, 304.64, 0.0589397
FILLER_0_107_710, 335.14, 304.64, 0.0589397
_05962_, 345.14, 304.64, 0.0595225
_06012_, 345.14, 304.64, 0.0595225
_09129_, 345.14, 304.64, 0.0595225
ANTENNA__05962__B1, 345.14, 304.64, 0.0595225
ANTENNA__09215__B1_N, 345.14, 304.64, 0.0595225
FILLER_0_108_747, 345.14, 304.64, 0.0595225
FILLER_0_109_744, 345.14, 304.64, 0.0595225
FILLER_0_107_778, 365.14, 304.64, 0.0606721
FILLER_0_108_788, 365.14, 304.64, 0.0606721
_05963_, 375.14, 304.64, 0.0612514
_05986_, 375.14, 304.64, 0.0612514
_06184_, 375.14, 304.64, 0.0612514
_09401_, 375.14, 304.64, 0.0612514
_09402_, 375.14, 304.64, 0.0612514
ANTENNA__05963__A1, 375.14, 304.64, 0.0612514
ANTENNA__09402__S, 375.14, 304.64, 0.0612514
FILLER_0_107_803, 375.14, 304.64, 0.0612514
FILLER_0_109_807, 375.14, 304.64, 0.0612514
_06020_, 395.66, 304.64, 0.0618298
_06021_, 395.66, 304.64, 0.0618298
_06023_, 395.66, 304.64, 0.0618298
ANTENNA__06021__B1, 395.66, 304.64, 0.0618298
ANTENNA__06020__A1, 395.66, 304.64, 0.0618298
FILLER_0_108_842, 395.66, 304.64, 0.0618298
_10652_, 5.52, 299.2, 0.0445903
_10702_, 5.52, 299.2, 0.0445903
_11494_, 5.52, 299.2, 0.0445903
PHY_210, 5.52, 299.2, 0.0445903
PHY_212, 5.52, 299.2, 0.0445903
FILLER_0_107_3, 5.52, 299.2, 0.0445903
PHY_211, 406.18, 299.2, 0.0614413
PHY_213, 406.18, 299.2, 0.0614413
_10701_, 15.33, 299.2, 0.0445854
_11446_, 15.33, 299.2, 0.0445854
ANTENNA__10701__S, 15.33, 299.2, 0.0445854
ANTENNA__11494__RESET_B, 15.33, 299.2, 0.0445854
FILLER_0_105_11, 15.33, 299.2, 0.0445854
FILLER_0_106_29, 15.33, 299.2, 0.0445854
_10500_, 35.14, 299.2, 0.0446692
_11397_, 35.14, 299.2, 0.0446692
hold439, 35.14, 299.2, 0.0446692
FILLER_0_106_72, 35.14, 299.2, 0.0446692
FILLER_0_107_75, 35.14, 299.2, 0.0446692
_10936_, 45.14, 299.2, 0.0447532
_10937_, 45.14, 299.2, 0.0447532
_10940_, 45.14, 299.2, 0.0447532
ANTENNA__10936__B1, 45.14, 299.2, 0.0447532
ANTENNA__10937__A2, 45.14, 299.2, 0.0447532
ANTENNA__11397__RESET_B, 45.14, 299.2, 0.0447532
_06500_, 65.14, 299.2, 0.0450249
ANTENNA__06500__S, 65.14, 299.2, 0.0450249
ANTENNA__06377__A, 65.14, 299.2, 0.0450249
ANTENNA__06665__A0, 65.14, 299.2, 0.0450249
ANTENNA__06437__A, 65.14, 299.2, 0.0450249
FILLER_0_105_123, 65.14, 299.2, 0.0450249
FILLER_0_106_129, 65.14, 299.2, 0.0450249
FILLER_0_107_137, 65.14, 299.2, 0.0450249
_06515_, 75.14, 299.2, 0.0452082
_06665_, 75.14, 299.2, 0.0452082
_11595_, 75.14, 299.2, 0.0452082
hold390, 75.14, 299.2, 0.0452082
ANTENNA__06665__S, 75.14, 299.2, 0.0452082
ANTENNA__06671__A, 75.14, 299.2, 0.0452082
ANTENNA__06671__B, 75.14, 299.2, 0.0452082
FILLER_0_106_154, 75.14, 299.2, 0.0452082
_06669_, 95.14, 299.2, 0.0456634
_06670_, 95.14, 299.2, 0.0456634
_06675_, 95.14, 299.2, 0.0456634
_06679_, 95.14, 299.2, 0.0456634
ANTENNA__06670__B1, 95.14, 299.2, 0.0456634
ANTENNA__11006__S, 95.14, 299.2, 0.0456634
FILLER_0_105_190, 95.14, 299.2, 0.0456634
FILLER_0_106_187, 95.14, 299.2, 0.0456634
FILLER_0_106_193, 95.14, 299.2, 0.0456634
_06655_, 105.14, 299.2, 0.0459455
_06666_, 105.14, 299.2, 0.0459455
_06668_, 105.14, 299.2, 0.0459455
_07505_, 105.14, 299.2, 0.0459455
_07506_, 105.14, 299.2, 0.0459455
FILLER_0_106_209, 105.14, 299.2, 0.0459455
_09808_, 125.14, 299.2, 0.0465995
_09860_, 125.14, 299.2, 0.0465995
ANTENNA__09808__A1, 125.14, 299.2, 0.0465995
ANTENNA__07426__A1, 125.14, 299.2, 0.0465995
ANTENNA__09863__A, 125.14, 299.2, 0.0465995
ANTENNA__09863__B, 125.14, 299.2, 0.0465995
FILLER_0_106_253, 125.14, 299.2, 0.0465995
FILLER_0_106_262, 125.14, 299.2, 0.0465995
_09862_, 135.14, 299.2, 0.0469725
_09863_, 135.14, 299.2, 0.0469725
_09864_, 135.14, 299.2, 0.0469725
_09938_, 135.14, 299.2, 0.0469725
_09941_, 135.14, 299.2, 0.0469725
ANTENNA__09807__B, 135.14, 299.2, 0.0469725
ANTENNA__09938__A2, 135.14, 299.2, 0.0469725
FILLER_0_106_279, 135.14, 299.2, 0.0469725
_09937_, 155.14, 299.2, 0.0478096
_09939_, 155.14, 299.2, 0.0478096
ANTENNA__09937__B, 155.14, 299.2, 0.0478096
ANTENNA__09937__A, 155.14, 299.2, 0.0478096
FILLER_0_106_317, 155.14, 299.2, 0.0478096
FILLER_0_106_334, 155.14, 299.2, 0.0478096
_09943_, 165.14, 299.2, 0.0482884
_10042_, 165.14, 299.2, 0.0482884
FILLER_0_106_357, 165.14, 299.2, 0.0482884
FILLER_0_107_352, 165.14, 299.2, 0.0482884
_10059_, 185.14, 299.2, 0.0493477
_10060_, 185.14, 299.2, 0.0493477
_10061_, 185.14, 299.2, 0.0493477
_10124_, 185.14, 299.2, 0.0493477
FILLER_0_105_385, 185.14, 299.2, 0.0493477
_10267_, 195.14, 299.2, 0.0498955
FILLER_0_106_409, 195.14, 299.2, 0.0498955
FILLER_0_106_417, 195.14, 299.2, 0.0498955
FILLER_0_106_421, 195.14, 299.2, 0.0498955
FILLER_0_107_415, 195.14, 299.2, 0.0498955
_07540_, 215.14, 299.2, 0.0510678
ANTENNA__07598__A, 215.14, 299.2, 0.0510678
ANTENNA__07595__B, 215.14, 299.2, 0.0510678
FILLER_0_105_455, 215.14, 299.2, 0.0510678
FILLER_0_106_463, 215.14, 299.2, 0.0510678
_07494_, 225.14, 299.2, 0.0516726
_07495_, 225.14, 299.2, 0.0516726
_07496_, 225.14, 299.2, 0.0516726
_07573_, 225.14, 299.2, 0.0516726
_07609_, 225.14, 299.2, 0.0516726
ANTENNA__07495__C, 225.14, 299.2, 0.0516726
_07531_, 245.14, 299.2, 0.0529126
_07532_, 245.14, 299.2, 0.0529126
_07534_, 245.14, 299.2, 0.0529126
_07608_, 245.14, 299.2, 0.0529126
ANTENNA__07532__B, 245.14, 299.2, 0.0529126
ANTENNA__07531__A2, 245.14, 299.2, 0.0529126
ANTENNA__07589__B, 245.14, 299.2, 0.0529126
ANTENNA__07531__A1, 245.14, 299.2, 0.0529126
FILLER_0_105_514, 245.14, 299.2, 0.0529126
FILLER_0_107_525, 245.14, 299.2, 0.0529126
_07589_, 255.14, 299.2, 0.0535703
_07590_, 255.14, 299.2, 0.0535703
_07591_, 255.14, 299.2, 0.0535703
_07592_, 255.14, 299.2, 0.0535703
_07593_, 255.14, 299.2, 0.0535703
_07607_, 255.14, 299.2, 0.0535703
_07603_, 275.14, 299.2, 0.0549105
_07612_, 275.14, 299.2, 0.0549105
_07635_, 275.14, 299.2, 0.0549105
_07636_, 275.14, 299.2, 0.0549105
FILLER_0_107_596, 275.14, 299.2, 0.0549105
_07604_, 285.14, 299.2, 0.0555669
_07679_, 285.14, 299.2, 0.0555669
FILLER_0_107_611, 285.14, 299.2, 0.0555669
_07685_, 305.14, 299.2, 0.0568633
_07744_, 305.14, 299.2, 0.0568633
ANTENNA__05952__B, 305.14, 299.2, 0.0568633
FILLER_0_105_651, 305.14, 299.2, 0.0568633
FILLER_0_107_653, 305.14, 299.2, 0.0568633
_05912_, 315.14, 299.2, 0.0573974
_05954_, 315.14, 299.2, 0.0573974
_05955_, 315.14, 299.2, 0.0573974
ANTENNA__05953__B, 315.14, 299.2, 0.0573974
FILLER_0_105_668, 315.14, 299.2, 0.0573974
FILLER_0_106_664, 315.14, 299.2, 0.0573974
FILLER_0_106_669, 315.14, 299.2, 0.0573974
_05909_, 335.14, 299.2, 0.0585424
_05918_, 335.14, 299.2, 0.0585424
_05950_, 335.14, 299.2, 0.0585424
_05960_, 335.14, 299.2, 0.0585424
FILLER_0_106_709, 335.14, 299.2, 0.0585424
FILLER_0_106_723, 335.14, 299.2, 0.0585424
FILLER_0_107_718, 335.14, 299.2, 0.0585424
FILLER_0_107_725, 335.14, 299.2, 0.0585424
_11270_, 345.14, 299.2, 0.0591408
ANTENNA__09130__S, 345.14, 299.2, 0.0591408
ANTENNA__11270__RESET_B, 345.14, 299.2, 0.0591408
FILLER_0_105_729, 345.14, 299.2, 0.0591408
_05977_, 365.14, 299.2, 0.0603035
ANTENNA__05977__A, 365.14, 299.2, 0.0603035
ANTENNA__11176__RESET_B, 365.14, 299.2, 0.0603035
FILLER_0_105_774, 365.14, 299.2, 0.0603035
FILLER_0_107_792, 365.14, 299.2, 0.0603035
_05964_, 375.14, 299.2, 0.0608691
_09400_, 375.14, 299.2, 0.0608691
FILLER_0_105_797, 375.14, 299.2, 0.0608691
FILLER_0_106_803, 375.14, 299.2, 0.0608691
_05980_, 395.66, 299.2, 0.0614413
_09312_, 395.66, 299.2, 0.0614413
_09313_, 395.66, 299.2, 0.0614413
_09314_, 395.66, 299.2, 0.0614413
_11298_, 395.66, 299.2, 0.0614413
ANTENNA__09312__A1, 395.66, 299.2, 0.0614413
ANTENNA__09313__S, 395.66, 299.2, 0.0614413
ANTENNA__11298__RESET_B, 395.66, 299.2, 0.0614413
PHY_206, 5.52, 293.76, 0.0441214
PHY_208, 5.52, 293.76, 0.0441214
input9, 5.52, 293.76, 0.0441214
ANTENNA_input9_A, 5.52, 293.76, 0.0441214
PHY_207, 406.18, 293.76, 0.0736082
PHY_209, 406.18, 293.76, 0.0736082
hold336, 15.33, 293.76, 0.044121
ANTENNA__11518__RESET_B, 15.33, 293.76, 0.044121
FILLER_0_104_15, 15.33, 293.76, 0.044121
FILLER_0_105_31, 15.33, 293.76, 0.044121
_10499_, 35.14, 293.76, 0.0442106
hold63, 35.14, 293.76, 0.0442106
ANTENNA__10499__S, 35.14, 293.76, 0.0442106
ANTENNA_fanout85_A, 35.14, 293.76, 0.0442106
FILLER_0_104_55, 35.14, 293.76, 0.0442106
_10931_, 45.14, 293.76, 0.0442998
_10934_, 45.14, 293.76, 0.0442998
_10935_, 45.14, 293.76, 0.0442998
ANTENNA__10934__A, 45.14, 293.76, 0.0442998
ANTENNA__06436__B, 45.14, 293.76, 0.0442998
ANTENNA_fanout86_A, 45.14, 293.76, 0.0442998
FILLER_0_103_81, 45.14, 293.76, 0.0442998
_06477_, 65.14, 293.76, 0.0445808
_06652_, 65.14, 293.76, 0.0445808
ANTENNA__06515__S, 65.14, 293.76, 0.0445808
ANTENNA__06477__S, 65.14, 293.76, 0.0445808
FILLER_0_103_125, 65.14, 293.76, 0.0445808
FILLER_0_104_137, 65.14, 293.76, 0.0445808
FILLER_0_105_135, 65.14, 293.76, 0.0445808
_06671_, 75.14, 293.76, 0.0447656
_11162_, 75.14, 293.76, 0.0447656
clkbuf_leaf_23_clk, 75.14, 293.76, 0.0447656
ANTENNA__06652__S, 75.14, 293.76, 0.0447656
ANTENNA__06515__A0, 75.14, 293.76, 0.0447656
FILLER_0_104_145, 75.14, 293.76, 0.0447656
_06659_, 95.14, 293.76, 0.0452128
_06663_, 95.14, 293.76, 0.0452128
_06664_, 95.14, 293.76, 0.0452128
ANTENNA__06649__S, 95.14, 293.76, 0.0452128
ANTENNA__06292__A, 95.14, 293.76, 0.0452128
FILLER_0_105_200, 95.14, 293.76, 0.0452128
_06653_, 105.14, 293.76, 0.0454932
_06654_, 105.14, 293.76, 0.0454932
_06656_, 105.14, 293.76, 0.0454932
_07422_, 105.14, 293.76, 0.0454932
FILLER_0_103_207, 105.14, 293.76, 0.0454932
FILLER_0_104_221, 105.14, 293.76, 0.0454932
FILLER_0_105_225, 105.14, 293.76, 0.0454932
_06231_, 125.14, 293.76, 0.0461552
_07373_, 125.14, 293.76, 0.0461552
_09807_, 125.14, 293.76, 0.0461552
ANTENNA__06231__A, 125.14, 293.76, 0.0461552
FILLER_0_103_259, 125.14, 293.76, 0.0461552
_09871_, 135.14, 293.76, 0.0465178
ANTENNA__09940__A2, 135.14, 293.76, 0.0465178
ANTENNA__09807__A, 135.14, 293.76, 0.0465178
ANTENNA__09940__A3, 135.14, 293.76, 0.0465178
ANTENNA__09862__B1, 135.14, 293.76, 0.0465178
ANTENNA__09811__C, 135.14, 293.76, 0.0465178
FILLER_0_103_281, 135.14, 293.76, 0.0465178
FILLER_0_104_283, 135.14, 293.76, 0.0465178
FILLER_0_105_288, 135.14, 293.76, 0.0465178
_09995_, 155.14, 293.76, 0.0473729
_09997_, 155.14, 293.76, 0.0473729
FILLER_0_103_322, 155.14, 293.76, 0.0473729
FILLER_0_104_333, 155.14, 293.76, 0.0473729
FILLER_0_105_332, 155.14, 293.76, 0.0473729
_07427_, 165.14, 293.76, 0.0478741
_07428_, 165.14, 293.76, 0.0478741
_10000_, 165.14, 293.76, 0.0478741
ANTENNA__07428__A, 165.14, 293.76, 0.0478741
ANTENNA__07421__A, 165.14, 293.76, 0.0478741
_09809_, 185.14, 293.76, 0.0490088
_10114_, 185.14, 293.76, 0.0490088
_10115_, 185.14, 293.76, 0.0490088
_10165_, 185.14, 293.76, 0.0490088
_10166_, 185.14, 293.76, 0.0490088
ANTENNA__09809__A1, 185.14, 293.76, 0.0490088
ANTENNA__09809__B2, 185.14, 293.76, 0.0490088
ANTENNA__09809__B1, 185.14, 293.76, 0.0490088
FILLER_0_104_382, 185.14, 293.76, 0.0490088
FILLER_0_105_393, 185.14, 293.76, 0.0490088
_07429_, 195.14, 293.76, 0.0495989
_07431_, 195.14, 293.76, 0.0495989
_07432_, 195.14, 293.76, 0.0495989
_07512_, 195.14, 293.76, 0.0495989
_10167_, 195.14, 293.76, 0.0495989
FILLER_0_104_406, 195.14, 293.76, 0.0495989
FILLER_0_104_417, 195.14, 293.76, 0.0495989
FILLER_0_105_413, 195.14, 293.76, 0.0495989
FILLER_0_105_423, 195.14, 293.76, 0.0495989
_07433_, 215.14, 293.76, 0.0507055
_07517_, 215.14, 293.76, 0.0507055
_07546_, 215.14, 293.76, 0.0507055
ANTENNA__07433__A, 215.14, 293.76, 0.0507055
ANTENNA__07493__B, 215.14, 293.76, 0.0507055
ANTENNA__07495__A, 215.14, 293.76, 0.0507055
FILLER_0_103_449, 215.14, 293.76, 0.0507055
FILLER_0_104_461, 215.14, 293.76, 0.0507055
_07493_, 225.14, 293.76, 0.0512983
_07519_, 225.14, 293.76, 0.0512983
_07547_, 225.14, 293.76, 0.0512983
ANTENNA__07545__A, 225.14, 293.76, 0.0512983
ANTENNA__07493__A, 225.14, 293.76, 0.0512983
ANTENNA__07545__B, 225.14, 293.76, 0.0512983
FILLER_0_103_474, 225.14, 293.76, 0.0512983
FILLER_0_104_477, 225.14, 293.76, 0.0512983
FILLER_0_105_480, 225.14, 293.76, 0.0512983
_07533_, 245.14, 293.76, 0.0525195
_07535_, 245.14, 293.76, 0.0525195
ANTENNA__07608__B, 245.14, 293.76, 0.0525195
ANTENNA__07532__C, 245.14, 293.76, 0.0525195
ANTENNA__07534__B, 245.14, 293.76, 0.0525195
ANTENNA__07717__A1, 245.14, 293.76, 0.0525195
FILLER_0_104_527, 245.14, 293.76, 0.0525195
_07673_, 255.14, 293.76, 0.0531593
FILLER_0_103_542, 255.14, 293.76, 0.0531593
FILLER_0_104_545, 255.14, 293.76, 0.0531593
FILLER_0_104_553, 255.14, 293.76, 0.0531593
FILLER_0_105_545, 255.14, 293.76, 0.0531593
_07602_, 275.14, 293.76, 0.0545476
FILLER_0_104_589, 275.14, 293.76, 0.0545476
_07585_, 285.14, 293.76, 0.0552851
_07586_, 285.14, 293.76, 0.0552851
_07613_, 285.14, 293.76, 0.0552851
_07633_, 285.14, 293.76, 0.0552851
FILLER_0_104_605, 285.14, 293.76, 0.0552851
FILLER_0_104_617, 285.14, 293.76, 0.0552851
_05911_, 305.14, 293.76, 0.0565892
_05927_, 305.14, 293.76, 0.0565892
_07743_, 305.14, 293.76, 0.0565892
ANTENNA__05911__B, 305.14, 293.76, 0.0565892
ANTENNA__05927__B, 305.14, 293.76, 0.0565892
ANTENNA__05926__A_N, 305.14, 293.76, 0.0565892
FILLER_0_104_645, 305.14, 293.76, 0.0565892
_05910_, 315.14, 293.76, 0.0572257
_05926_, 315.14, 293.76, 0.0572257
_05928_, 315.14, 293.76, 0.0572257
_05951_, 315.14, 293.76, 0.0572257
_05967_, 315.14, 293.76, 0.0572257
ANTENNA__05910__B, 315.14, 293.76, 0.0572257
_05949_, 335.14, 293.76, 0.0587909
_09208_, 335.14, 293.76, 0.0587909
_09209_, 335.14, 293.76, 0.0587909
_09212_, 335.14, 293.76, 0.0587909
_09213_, 335.14, 293.76, 0.0587909
ANTENNA__09209__S, 335.14, 293.76, 0.0587909
ANTENNA__09210__S, 335.14, 293.76, 0.0587909
_05919_, 345.14, 293.76, 0.0597036
_09130_, 345.14, 293.76, 0.0597036
_09131_, 345.14, 293.76, 0.0597036
ANTENNA__11269__RESET_B, 345.14, 293.76, 0.0597036
FILLER_0_104_745, 345.14, 293.76, 0.0597036
ANTENNA__06172__A1, 365.14, 293.76, 0.0626046
FILLER_0_104_789, 365.14, 293.76, 0.0626046
_06173_, 375.14, 293.76, 0.0646053
_06179_, 375.14, 293.76, 0.0646053
_06180_, 375.14, 293.76, 0.0646053
_09399_, 375.14, 293.76, 0.0646053
FILLER_0_103_795, 375.14, 293.76, 0.0646053
FILLER_0_104_813, 375.14, 293.76, 0.0646053
FILLER_0_105_811, 375.14, 293.76, 0.0646053
_05979_, 395.66, 293.76, 0.0736082
_09310_, 395.66, 293.76, 0.0736082
_09315_, 395.66, 293.76, 0.0736082
_09316_, 395.66, 293.76, 0.0736082
output38, 395.66, 293.76, 0.0736082
FILLER_0_103_837, 395.66, 293.76, 0.0736082
_11518_, 5.52, 288.32, 0.0436934
PHY_202, 5.52, 288.32, 0.0436934
PHY_204, 5.52, 288.32, 0.0436934
FILLER_0_102_3, 5.52, 288.32, 0.0436934
PHY_203, 406.18, 288.32, 0.0609981
PHY_205, 406.18, 288.32, 0.0609981
ANTENNA__05984__B2, 406.18, 288.32, 0.0609981
_10750_, 15.33, 288.32, 0.0436897
_10751_, 15.33, 288.32, 0.0436897
_11542_, 15.33, 288.32, 0.0436897
hold342, 15.33, 288.32, 0.0436897
hold343, 15.33, 288.32, 0.0436897
ANTENNA__10750__S, 15.33, 288.32, 0.0436897
FILLER_0_102_14, 15.33, 288.32, 0.0436897
_10925_, 35.14, 288.32, 0.0437612
_10926_, 35.14, 288.32, 0.0437612
fanout85, 35.14, 288.32, 0.0437612
fanout86, 35.14, 288.32, 0.0437612
ANTENNA__10550__S, 35.14, 288.32, 0.0437612
ANTENNA__10925__S, 35.14, 288.32, 0.0437612
_10928_, 45.14, 288.32, 0.0438437
_10929_, 45.14, 288.32, 0.0438437
_10930_, 45.14, 288.32, 0.0438437
ANTENNA__10930__B1, 45.14, 288.32, 0.0438437
ANTENNA__10928__A2, 45.14, 288.32, 0.0438437
ANTENNA__10924__A1, 45.14, 288.32, 0.0438437
ANTENNA__10931__A1, 45.14, 288.32, 0.0438437
FILLER_0_101_76, 45.14, 288.32, 0.0438437
FILLER_0_102_77, 45.14, 288.32, 0.0438437
FILLER_0_102_85, 45.14, 288.32, 0.0438437
FILLER_0_103_91, 45.14, 288.32, 0.0438437
_06421_, 65.14, 288.32, 0.0441049
_06641_, 65.14, 288.32, 0.0441049
_06642_, 65.14, 288.32, 0.0441049
ANTENNA__06642__S, 65.14, 288.32, 0.0441049
ANTENNA__06642__A0, 65.14, 288.32, 0.0441049
FILLER_0_101_126, 65.14, 288.32, 0.0441049
FILLER_0_103_130, 65.14, 288.32, 0.0441049
_06639_, 75.14, 288.32, 0.0442802
_06640_, 75.14, 288.32, 0.0442802
hold216, 75.14, 288.32, 0.0442802
hold402, 75.14, 288.32, 0.0442802
ANTENNA__06639__A1, 75.14, 288.32, 0.0442802
ANTENNA__06639__A2, 75.14, 288.32, 0.0442802
FILLER_0_102_145, 75.14, 288.32, 0.0442802
FILLER_0_103_161, 75.14, 288.32, 0.0442802
_06657_, 95.14, 288.32, 0.0447309
_06658_, 95.14, 288.32, 0.0447309
FILLER_0_101_184, 95.14, 288.32, 0.0447309
_06643_, 105.14, 288.32, 0.045009
_06644_, 105.14, 288.32, 0.045009
_06645_, 105.14, 288.32, 0.045009
_07367_, 105.14, 288.32, 0.045009
_07369_, 105.14, 288.32, 0.045009
FILLER_0_102_223, 105.14, 288.32, 0.045009
FILLER_0_103_225, 105.14, 288.32, 0.045009
_09727_, 125.14, 288.32, 0.0456754
_09872_, 125.14, 288.32, 0.0456754
_09931_, 125.14, 288.32, 0.0456754
ANTENNA__07372__A2, 125.14, 288.32, 0.0456754
ANTENNA__09741__A, 125.14, 288.32, 0.0456754
ANTENNA__09741__B, 125.14, 288.32, 0.0456754
FILLER_0_101_259, 125.14, 288.32, 0.0456754
FILLER_0_103_265, 125.14, 288.32, 0.0456754
_09742_, 135.14, 288.32, 0.0460501
_09811_, 135.14, 288.32, 0.0460501
_09940_, 135.14, 288.32, 0.0460501
_09996_, 135.14, 288.32, 0.0460501
ANTENNA__09870__B, 135.14, 288.32, 0.0460501
ANTENNA__09940__A1, 135.14, 288.32, 0.0460501
ANTENNA__09742__A, 135.14, 288.32, 0.0460501
_09810_, 155.14, 288.32, 0.0469196
_09874_, 155.14, 288.32, 0.0469196
_09998_, 155.14, 288.32, 0.0469196
_09999_, 155.14, 288.32, 0.0469196
_10034_, 155.14, 288.32, 0.0469196
FILLER_0_103_329, 155.14, 288.32, 0.0469196
_07421_, 165.14, 288.32, 0.0474087
_10045_, 165.14, 288.32, 0.0474087
_10046_, 165.14, 288.32, 0.0474087
_10056_, 165.14, 288.32, 0.0474087
FILLER_0_102_338, 165.14, 288.32, 0.0474087
FILLER_0_103_350, 165.14, 288.32, 0.0474087
FILLER_0_103_357, 165.14, 288.32, 0.0474087
_10116_, 185.14, 288.32, 0.0484632
ANTENNA__09809__C1, 185.14, 288.32, 0.0484632
ANTENNA__07375__A, 185.14, 288.32, 0.0484632
ANTENNA__09809__A2, 185.14, 288.32, 0.0484632
ANTENNA__07375__B, 185.14, 288.32, 0.0484632
ANTENNA__07374__B, 185.14, 288.32, 0.0484632
FILLER_0_101_386, 185.14, 288.32, 0.0484632
FILLER_0_102_384, 185.14, 288.32, 0.0484632
FILLER_0_103_393, 185.14, 288.32, 0.0484632
_06935_, 195.14, 288.32, 0.0490317
_07374_, 195.14, 288.32, 0.0490317
_07375_, 195.14, 288.32, 0.0490317
_07430_, 195.14, 288.32, 0.0490317
ANTENNA__06935__A, 195.14, 288.32, 0.0490317
ANTENNA__07210__B, 195.14, 288.32, 0.0490317
ANTENNA__07374__A, 195.14, 288.32, 0.0490317
FILLER_0_101_408, 195.14, 288.32, 0.0490317
FILLER_0_102_416, 195.14, 288.32, 0.0490317
FILLER_0_103_416, 195.14, 288.32, 0.0490317
_07488_, 215.14, 288.32, 0.0502151
ANTENNA__07488__A, 215.14, 288.32, 0.0502151
ANTENNA__07433__B, 215.14, 288.32, 0.0502151
FILLER_0_101_445, 215.14, 288.32, 0.0502151
FILLER_0_102_452, 215.14, 288.32, 0.0502151
FILLER_0_102_466, 215.14, 288.32, 0.0502151
_07411_, 225.14, 288.32, 0.0508507
_07412_, 225.14, 288.32, 0.0508507
_07413_, 225.14, 288.32, 0.0508507
_07434_, 225.14, 288.32, 0.0508507
_07518_, 225.14, 288.32, 0.0508507
FILLER_0_103_482, 225.14, 288.32, 0.0508507
_07717_, 245.14, 288.32, 0.0521067
_07778_, 245.14, 288.32, 0.0521067
ANTENNA__07717__A2, 245.14, 288.32, 0.0521067
ANTENNA__07778__A2, 245.14, 288.32, 0.0521067
ANTENNA__07334__B, 245.14, 288.32, 0.0521067
ANTENNA__07445__B, 245.14, 288.32, 0.0521067
ANTENNA__07778__A1, 245.14, 288.32, 0.0521067
FILLER_0_101_512, 245.14, 288.32, 0.0521067
FILLER_0_102_527, 245.14, 288.32, 0.0521067
_07524_, 255.14, 288.32, 0.0527738
_07525_, 255.14, 288.32, 0.0527738
_07526_, 255.14, 288.32, 0.0527738
_07527_, 255.14, 288.32, 0.0527738
ANTENNA__07525__A1, 255.14, 288.32, 0.0527738
ANTENNA__07525__A2, 255.14, 288.32, 0.0527738
FILLER_0_101_533, 255.14, 288.32, 0.0527738
FILLER_0_102_541, 255.14, 288.32, 0.0527738
FILLER_0_102_549, 255.14, 288.32, 0.0527738
_07550_, 275.14, 288.32, 0.0541633
_07571_, 275.14, 288.32, 0.0541633
_07572_, 275.14, 288.32, 0.0541633
FILLER_0_102_579, 275.14, 288.32, 0.0541633
FILLER_0_102_585, 275.14, 288.32, 0.0541633
_07614_, 285.14, 288.32, 0.0548588
FILLER_0_103_617, 285.14, 288.32, 0.0548588
_07746_, 305.14, 288.32, 0.0563181
FILLER_0_101_641, 305.14, 288.32, 0.0563181
FILLER_0_102_657, 305.14, 288.32, 0.0563181
_05930_, 315.14, 288.32, 0.0569871
_07862_, 315.14, 288.32, 0.0569871
_07863_, 315.14, 288.32, 0.0569871
ANTENNA__07862__S, 315.14, 288.32, 0.0569871
ANTENNA_fanout101_A, 315.14, 288.32, 0.0569871
FILLER_0_102_669, 315.14, 288.32, 0.0569871
_06729_, 335.14, 288.32, 0.0580508
_11189_, 335.14, 288.32, 0.0580508
hold234, 335.14, 288.32, 0.0580508
ANTENNA__11189__RESET_B, 335.14, 288.32, 0.0580508
FILLER_0_102_721, 335.14, 288.32, 0.0580508
FILLER_0_103_720, 335.14, 288.32, 0.0580508
_05932_, 345.14, 288.32, 0.058669
_11269_, 345.14, 288.32, 0.058669
clkbuf_3_7__f_clk, 345.14, 288.32, 0.058669
ANTENNA_clkbuf_3_7__f_clk_A, 345.14, 288.32, 0.058669
_05920_, 365.14, 288.32, 0.0598238
_05921_, 365.14, 288.32, 0.0598238
_06172_, 365.14, 288.32, 0.0598238
ANTENNA__05921__A1, 365.14, 288.32, 0.0598238
ANTENNA__05920__A, 365.14, 288.32, 0.0598238
ANTENNA__06699__S, 365.14, 288.32, 0.0598238
FILLER_0_101_773, 365.14, 288.32, 0.0598238
FILLER_0_101_781, 365.14, 288.32, 0.0598238
FILLER_0_102_774, 365.14, 288.32, 0.0598238
_09394_, 375.14, 288.32, 0.0604068
_09395_, 375.14, 288.32, 0.0604068
_09396_, 375.14, 288.32, 0.0604068
_09397_, 375.14, 288.32, 0.0604068
ANTENNA__09396__A1, 375.14, 288.32, 0.0604068
ANTENNA__09395__B1, 375.14, 288.32, 0.0604068
FILLER_0_101_793, 375.14, 288.32, 0.0604068
FILLER_0_101_798, 375.14, 288.32, 0.0604068
FILLER_0_102_795, 375.14, 288.32, 0.0604068
FILLER_0_103_808, 375.14, 288.32, 0.0604068
_05983_, 395.66, 288.32, 0.0609981
_05984_, 395.66, 288.32, 0.0609981
ANTENNA__05982__B1, 395.66, 288.32, 0.0609981
FILLER_0_101_841, 395.66, 288.32, 0.0609981
FILLER_0_102_846, 395.66, 288.32, 0.0609981
_11469_, 5.52, 282.88, 0.0432243
PHY_198, 5.52, 282.88, 0.0432243
PHY_200, 5.52, 282.88, 0.0432243
FILLER_0_100_3, 5.52, 282.88, 0.0432243
PHY_199, 406.18, 282.88, 0.0606611
PHY_201, 406.18, 282.88, 0.0606611
FILLER_0_99_860, 406.18, 282.88, 0.0606611
FILLER_0_100_864, 406.18, 282.88, 0.0606611
_10649_, 15.33, 282.88, 0.0432206
hold228, 15.33, 282.88, 0.0432206
ANTENNA__10649__S, 15.33, 282.88, 0.0432206
FILLER_0_101_27, 15.33, 282.88, 0.0432206
_10498_, 35.14, 282.88, 0.0433032
_10551_, 35.14, 282.88, 0.0433032
_11396_, 35.14, 282.88, 0.0433032
hold155, 35.14, 282.88, 0.0433032
ANTENNA__10497__S, 35.14, 282.88, 0.0433032
_10924_, 45.14, 282.88, 0.043384
_10927_, 45.14, 282.88, 0.043384
ANTENNA__10919__S, 45.14, 282.88, 0.043384
ANTENNA__06393__B, 45.14, 282.88, 0.043384
FILLER_0_101_93, 45.14, 282.88, 0.043384
_06442_, 65.14, 282.88, 0.0436463
_06634_, 65.14, 282.88, 0.0436463
ANTENNA__06442__S, 65.14, 282.88, 0.0436463
ANTENNA__06423__B1, 65.14, 282.88, 0.0436463
ANTENNA__06634__A1, 65.14, 282.88, 0.0436463
ANTENNA__06634__B1_N, 65.14, 282.88, 0.0436463
ANTENNA__06442__A0, 65.14, 282.88, 0.0436463
FILLER_0_99_121, 65.14, 282.88, 0.0436463
_11062_, 75.14, 282.88, 0.0438184
_11594_, 75.14, 282.88, 0.0438184
_11622_, 75.14, 282.88, 0.0438184
hold215, 75.14, 282.88, 0.0438184
_06638_, 95.14, 282.88, 0.0442577
_06647_, 95.14, 282.88, 0.0442577
ANTENNA_fanout87_A, 95.14, 282.88, 0.0442577
FILLER_0_100_205, 95.14, 282.88, 0.0442577
FILLER_0_101_205, 95.14, 282.88, 0.0442577
_07287_, 105.14, 282.88, 0.0445329
_07288_, 105.14, 282.88, 0.0445329
_07289_, 105.14, 282.88, 0.0445329
ANTENNA__07289__C1, 105.14, 282.88, 0.0445329
FILLER_0_101_219, 105.14, 282.88, 0.0445329
_06232_, 125.14, 282.88, 0.0451897
_09689_, 125.14, 282.88, 0.0451897
_09690_, 125.14, 282.88, 0.0451897
_09741_, 125.14, 282.88, 0.0451897
ANTENNA__09689__B1, 125.14, 282.88, 0.0451897
_09729_, 135.14, 282.88, 0.0455593
_09734_, 135.14, 282.88, 0.0455593
_09870_, 135.14, 282.88, 0.0455593
ANTENNA__09730__B1, 135.14, 282.88, 0.0455593
ANTENNA__09729__B, 135.14, 282.88, 0.0455593
ANTENNA__09996__A1, 135.14, 282.88, 0.0455593
ANTENNA__09730__A1, 135.14, 282.88, 0.0455593
ANTENNA__09728__B, 135.14, 282.88, 0.0455593
FILLER_0_99_271, 135.14, 282.88, 0.0455593
FILLER_0_100_272, 135.14, 282.88, 0.0455593
_09945_, 165.14, 282.88, 0.0469426
_10002_, 165.14, 282.88, 0.0469426
_07034_, 185.14, 282.88, 0.0480579
_10022_, 185.14, 282.88, 0.0480579
_10023_, 185.14, 282.88, 0.0480579
_10063_, 185.14, 282.88, 0.0480579
FILLER_0_101_393, 185.14, 282.88, 0.0480579
_07291_, 195.14, 282.88, 0.0486355
_07292_, 195.14, 282.88, 0.0486355
ANTENNA__07034__A, 195.14, 282.88, 0.0486355
ANTENNA__07210__A, 195.14, 282.88, 0.0486355
ANTENNA__07292__A, 195.14, 282.88, 0.0486355
ANTENNA__07291__A, 195.14, 282.88, 0.0486355
FILLER_0_100_402, 195.14, 282.88, 0.0486355
_07212_, 215.14, 282.88, 0.0498975
_07409_, 215.14, 282.88, 0.0498975
FILLER_0_101_461, 215.14, 282.88, 0.0498975
_07215_, 225.14, 282.88, 0.0504998
_07410_, 225.14, 282.88, 0.0504998
_07460_, 225.14, 282.88, 0.0504998
FILLER_0_100_473, 225.14, 282.88, 0.0504998
FILLER_0_100_477, 225.14, 282.88, 0.0504998
_07334_, 245.14, 282.88, 0.0517788
_07358_, 245.14, 282.88, 0.0517788
_07445_, 245.14, 282.88, 0.0517788
ANTENNA__07445__A, 245.14, 282.88, 0.0517788
ANTENNA__07334__A, 245.14, 282.88, 0.0517788
ANTENNA__07448__B, 245.14, 282.88, 0.0517788
ANTENNA__07358__B, 245.14, 282.88, 0.0517788
ANTENNA__07358__A, 245.14, 282.88, 0.0517788
_07446_, 255.14, 282.88, 0.0524538
_07447_, 255.14, 282.88, 0.0524538
_07448_, 255.14, 282.88, 0.0524538
_07450_, 255.14, 282.88, 0.0524538
_07543_, 255.14, 282.88, 0.0524538
ANTENNA__07524__A, 255.14, 282.88, 0.0524538
ANTENNA__07446__A1, 255.14, 282.88, 0.0524538
ANTENNA__07524__B, 255.14, 282.88, 0.0524538
FILLER_0_99_533, 255.14, 282.88, 0.0524538
FILLER_0_101_553, 255.14, 282.88, 0.0524538
_07520_, 275.14, 282.88, 0.0539053
_07538_, 275.14, 282.88, 0.0539053
FILLER_0_100_579, 275.14, 282.88, 0.0539053
FILLER_0_100_589, 275.14, 282.88, 0.0539053
FILLER_0_101_591, 275.14, 282.88, 0.0539053
_07521_, 285.14, 282.88, 0.0546698
_07551_, 285.14, 282.88, 0.0546698
_07569_, 285.14, 282.88, 0.0546698
_07615_, 285.14, 282.88, 0.0546698
FILLER_0_99_597, 285.14, 282.88, 0.0546698
FILLER_0_100_601, 285.14, 282.88, 0.0546698
FILLER_0_101_612, 285.14, 282.88, 0.0546698
_07621_, 305.14, 282.88, 0.0561695
_07630_, 305.14, 282.88, 0.0561695
_07631_, 305.14, 282.88, 0.0561695
_07686_, 305.14, 282.88, 0.0561695
_07687_, 305.14, 282.88, 0.0561695
FILLER_0_100_660, 305.14, 282.88, 0.0561695
FILLER_0_101_653, 305.14, 282.88, 0.0561695
_11229_, 315.14, 282.88, 0.0566396
fanout101, 315.14, 282.88, 0.0566396
FILLER_0_99_666, 315.14, 282.88, 0.0566396
fanout100, 335.14, 282.88, 0.0577014
clkbuf_leaf_40_clk, 335.14, 282.88, 0.0577014
ANTENNA__06728__S, 335.14, 282.88, 0.0577014
ANTENNA_fanout100_A, 335.14, 282.88, 0.0577014
FILLER_0_99_709, 335.14, 282.88, 0.0577014
_05931_, 345.14, 282.88, 0.0583037
_05933_, 345.14, 282.88, 0.0583037
_09126_, 345.14, 282.88, 0.0583037
ANTENNA_clkbuf_leaf_40_clk_A, 345.14, 282.88, 0.0583037
FILLER_0_99_729, 345.14, 282.88, 0.0583037
_05937_, 365.14, 282.88, 0.0594895
_05965_, 365.14, 282.88, 0.0594895
FILLER_0_99_781, 365.14, 282.88, 0.0594895
FILLER_0_101_785, 365.14, 282.88, 0.0594895
_05922_, 375.14, 282.88, 0.0600742
_05939_, 375.14, 282.88, 0.0600742
_05948_, 375.14, 282.88, 0.0600742
_09304_, 375.14, 282.88, 0.0600742
_09398_, 375.14, 282.88, 0.0600742
ANTENNA__09304__B1, 375.14, 282.88, 0.0600742
_05940_, 395.66, 282.88, 0.0606611
_05947_, 395.66, 282.88, 0.0606611
_05982_, 395.66, 282.88, 0.0606611
_09308_, 395.66, 282.88, 0.0606611
FILLER_0_101_856, 395.66, 282.88, 0.0606611
_10650_, 5.52, 277.44, 0.0427855
_11493_, 5.52, 277.44, 0.0427855
PHY_194, 5.52, 277.44, 0.0427855
PHY_196, 5.52, 277.44, 0.0427855
hold189, 5.52, 277.44, 0.0427855
PHY_195, 406.18, 277.44, 0.0720515
PHY_197, 406.18, 277.44, 0.0720515
FILLER_0_97_865, 406.18, 277.44, 0.0720515
_10599_, 15.33, 277.44, 0.0427794
_10600_, 15.33, 277.44, 0.0427794
_10698_, 15.33, 277.44, 0.0427794
_11445_, 15.33, 277.44, 0.0427794
ANTENNA__10698__S, 15.33, 277.44, 0.0427794
_10497_, 35.14, 277.44, 0.042861
_10919_, 35.14, 277.44, 0.042861
_10920_, 35.14, 277.44, 0.042861
clkbuf_leaf_22_clk, 35.14, 277.44, 0.042861
hold349, 35.14, 277.44, 0.042861
FILLER_0_97_57, 35.14, 277.44, 0.042861
FILLER_0_98_64, 35.14, 277.44, 0.042861
_06393_, 45.14, 277.44, 0.042935
_10921_, 45.14, 277.44, 0.042935
_10923_, 45.14, 277.44, 0.042935
ANTENNA__11565__RESET_B, 45.14, 277.44, 0.042935
FILLER_0_98_85, 45.14, 277.44, 0.042935
_06287_, 65.14, 277.44, 0.0431914
_06422_, 65.14, 277.44, 0.0431914
_06424_, 65.14, 277.44, 0.0431914
_06622_, 65.14, 277.44, 0.0431914
ANTENNA__06424__B2, 65.14, 277.44, 0.0431914
ANTENNA__06622__B1, 65.14, 277.44, 0.0431914
FILLER_0_97_125, 65.14, 277.44, 0.0431914
_11005_, 75.14, 277.44, 0.0433514
_11061_, 75.14, 277.44, 0.0433514
_11119_, 75.14, 277.44, 0.0433514
hold149, 75.14, 277.44, 0.0433514
ANTENNA__06287__A, 75.14, 277.44, 0.0433514
FILLER_0_97_150, 75.14, 277.44, 0.0433514
FILLER_0_98_141, 75.14, 277.44, 0.0433514
FILLER_0_98_148, 75.14, 277.44, 0.0433514
FILLER_0_98_160, 75.14, 277.44, 0.0433514
_06636_, 95.14, 277.44, 0.0437842
_06637_, 95.14, 277.44, 0.0437842
_07286_, 95.14, 277.44, 0.0437842
ANTENNA__06638__A, 95.14, 277.44, 0.0437842
_06624_, 105.14, 277.44, 0.0440558
_07368_, 105.14, 277.44, 0.0440558
FILLER_0_97_213, 105.14, 277.44, 0.0440558
FILLER_0_98_222, 105.14, 277.44, 0.0440558
FILLER_0_99_220, 105.14, 277.44, 0.0440558
FILLER_0_99_225, 105.14, 277.44, 0.0440558
_07290_, 125.14, 277.44, 0.0447083
_10148_, 125.14, 277.44, 0.0447083
ANTENNA__06232__A, 125.14, 277.44, 0.0447083
ANTENNA__09690__A1, 125.14, 277.44, 0.0447083
FILLER_0_98_253, 125.14, 277.44, 0.0447083
FILLER_0_98_268, 125.14, 277.44, 0.0447083
_09730_, 135.14, 277.44, 0.0450912
_09732_, 135.14, 277.44, 0.0450912
_09736_, 135.14, 277.44, 0.0450912
_09812_, 135.14, 277.44, 0.0450912
ANTENNA__09690__C1, 135.14, 277.44, 0.0450912
ANTENNA__09798__B, 135.14, 277.44, 0.0450912
ANTENNA__09736__A2, 135.14, 277.44, 0.0450912
FILLER_0_98_274, 135.14, 277.44, 0.0450912
FILLER_0_98_289, 135.14, 277.44, 0.0450912
FILLER_0_99_286, 135.14, 277.44, 0.0450912
_09806_, 155.14, 277.44, 0.0459878
_09813_, 155.14, 277.44, 0.0459878
_09875_, 155.14, 277.44, 0.0459878
_09876_, 155.14, 277.44, 0.0459878
_09877_, 155.14, 277.44, 0.0459878
ANTENNA__10195__A2, 155.14, 277.44, 0.0459878
FILLER_0_97_320, 155.14, 277.44, 0.0459878
FILLER_0_98_320, 155.14, 277.44, 0.0459878
FILLER_0_99_332, 155.14, 277.44, 0.0459878
_09814_, 165.14, 277.44, 0.0464938
_09935_, 165.14, 277.44, 0.0464938
_10005_, 185.14, 277.44, 0.0476543
_10062_, 185.14, 277.44, 0.0476543
_10064_, 185.14, 277.44, 0.0476543
FILLER_0_97_382, 185.14, 277.44, 0.0476543
FILLER_0_98_393, 185.14, 277.44, 0.0476543
FILLER_0_98_401, 185.14, 277.44, 0.0476543
_10077_, 195.14, 277.44, 0.0482638
_10117_, 195.14, 277.44, 0.0482638
_10118_, 195.14, 277.44, 0.0482638
ANTENNA__07209__A, 195.14, 277.44, 0.0482638
FILLER_0_97_406, 195.14, 277.44, 0.0482638
FILLER_0_98_416, 195.14, 277.44, 0.0482638
FILLER_0_99_416, 195.14, 277.44, 0.0482638
_07320_, 215.14, 277.44, 0.0495182
_10261_, 215.14, 277.44, 0.0495182
FILLER_0_97_454, 215.14, 277.44, 0.0495182
FILLER_0_98_457, 215.14, 277.44, 0.0495182
FILLER_0_98_466, 215.14, 277.44, 0.0495182
_07277_, 225.14, 277.44, 0.0500917
_07278_, 225.14, 277.44, 0.0500917
ANTENNA__07215__A, 225.14, 277.44, 0.0500917
ANTENNA__07277__A, 225.14, 277.44, 0.0500917
ANTENNA__07139__A, 225.14, 277.44, 0.0500917
ANTENNA__07277__B, 225.14, 277.44, 0.0500917
ANTENNA__07357__B, 225.14, 277.44, 0.0500917
ANTENNA__07215__B, 225.14, 277.44, 0.0500917
FILLER_0_98_485, 225.14, 277.44, 0.0500917
_07333_, 245.14, 277.44, 0.0513549
_07335_, 245.14, 277.44, 0.0513549
_07359_, 245.14, 277.44, 0.0513549
ANTENNA__07333__B, 245.14, 277.44, 0.0513549
ANTENNA__07448__A, 245.14, 277.44, 0.0513549
ANTENNA__07333__A, 245.14, 277.44, 0.0513549
FILLER_0_98_512, 245.14, 277.44, 0.0513549
FILLER_0_98_527, 245.14, 277.44, 0.0513549
FILLER_0_99_526, 245.14, 277.44, 0.0513549
_07449_, 255.14, 277.44, 0.0520361
_07451_, 255.14, 277.44, 0.0520361
_07537_, 255.14, 277.44, 0.0520361
ANTENNA__07441__B, 255.14, 277.44, 0.0520361
FILLER_0_97_535, 255.14, 277.44, 0.0520361
FILLER_0_97_541, 255.14, 277.44, 0.0520361
FILLER_0_98_545, 255.14, 277.44, 0.0520361
FILLER_0_99_548, 255.14, 277.44, 0.0520361
_07483_, 275.14, 277.44, 0.0534154
_07484_, 275.14, 277.44, 0.0534154
_07485_, 275.14, 277.44, 0.0534154
_07435_, 285.14, 277.44, 0.0541259
_07436_, 285.14, 277.44, 0.0541259
_07568_, 285.14, 277.44, 0.0541259
FILLER_0_97_607, 285.14, 277.44, 0.0541259
FILLER_0_98_601, 285.14, 277.44, 0.0541259
FILLER_0_99_611, 285.14, 277.44, 0.0541259
_10218_, 305.14, 277.44, 0.0555194
clkbuf_leaf_47_clk, 305.14, 277.44, 0.0555194
ANTENNA_clkbuf_leaf_47_clk_A, 305.14, 277.44, 0.0555194
FILLER_0_97_649, 305.14, 277.44, 0.0555194
FILLER_0_98_645, 305.14, 277.44, 0.0555194
_08345_, 315.14, 277.44, 0.0561829
hold445, 315.14, 277.44, 0.0561829
ANTENNA__08345__A, 315.14, 277.44, 0.0561829
ANTENNA__05888__B, 315.14, 277.44, 0.0561829
ANTENNA__11336__RESET_B, 315.14, 277.44, 0.0561829
_06726_, 335.14, 277.44, 0.0577682
_11188_, 335.14, 277.44, 0.0577682
FILLER_0_98_713, 335.14, 277.44, 0.0577682
_05893_, 345.14, 277.44, 0.0586837
_11268_, 345.14, 277.44, 0.0586837
ANTENNA__11188__RESET_B, 345.14, 277.44, 0.0586837
FILLER_0_97_732, 345.14, 277.44, 0.0586837
FILLER_0_98_745, 345.14, 277.44, 0.0586837
_05938_, 365.14, 277.44, 0.0615179
ANTENNA__05938__A, 365.14, 277.44, 0.0615179
FILLER_0_97_775, 365.14, 277.44, 0.0615179
FILLER_0_99_790, 365.14, 277.44, 0.0615179
ANTENNA__05939__A1, 375.14, 277.44, 0.0634404
ANTENNA__09304__A1, 375.14, 277.44, 0.0634404
_05946_, 395.66, 277.44, 0.0720515
_09305_, 395.66, 277.44, 0.0720515
_09306_, 395.66, 277.44, 0.0720515
output37, 395.66, 277.44, 0.0720515
ANTENNA__09306__S, 395.66, 277.44, 0.0720515
_10699_, 5.52, 272, 0.0423242
PHY_190, 5.52, 272, 0.0423242
PHY_192, 5.52, 272, 0.0423242
input8, 5.52, 272, 0.0423242
hold296, 5.52, 272, 0.0423242
ANTENNA_input8_A, 5.52, 272, 0.0423242
_06150_, 406.18, 272, 0.0598709
PHY_191, 406.18, 272, 0.0598709
PHY_193, 406.18, 272, 0.0598709
FILLER_0_95_862, 406.18, 272, 0.0598709
_10748_, 15.33, 272, 0.0423215
clkbuf_leaf_21_clk, 15.33, 272, 0.0423215
hold188, 15.33, 272, 0.0423215
hold295, 15.33, 272, 0.0423215
ANTENNA__10748__S, 15.33, 272, 0.0423215
ANTENNA_clkbuf_leaf_21_clk_A, 15.33, 272, 0.0423215
FILLER_0_95_12, 15.33, 272, 0.0423215
_11516_, 35.14, 272, 0.0423768
_11565_, 35.14, 272, 0.0423768
hold96, 45.14, 272, 0.0424488
ANTENNA__10921__A, 45.14, 272, 0.0424488
ANTENNA__10918__A1, 45.14, 272, 0.0424488
ANTENNA_clkbuf_leaf_22_clk_A, 45.14, 272, 0.0424488
FILLER_0_96_81, 45.14, 272, 0.0424488
FILLER_0_96_85, 45.14, 272, 0.0424488
FILLER_0_96_91, 45.14, 272, 0.0424488
FILLER_0_97_95, 45.14, 272, 0.0424488
_06394_, 65.14, 272, 0.0426915
ANTENNA__06622__B2, 65.14, 272, 0.0426915
FILLER_0_97_140, 65.14, 272, 0.0426915
_06630_, 75.14, 272, 0.0428622
_11118_, 75.14, 272, 0.0428622
_11161_, 75.14, 272, 0.0428622
_11650_, 75.14, 272, 0.0428622
_06623_, 95.14, 272, 0.0433055
ANTENNA__11116__S, 95.14, 272, 0.0433055
FILLER_0_95_189, 95.14, 272, 0.0433055
FILLER_0_96_185, 95.14, 272, 0.0433055
FILLER_0_96_193, 95.14, 272, 0.0433055
FILLER_0_96_197, 95.14, 272, 0.0433055
FILLER_0_97_198, 95.14, 272, 0.0433055
_06625_, 105.14, 272, 0.0435872
_07124_, 105.14, 272, 0.0435872
_07127_, 105.14, 272, 0.0435872
_07128_, 105.14, 272, 0.0435872
ANTENNA__06627__B1, 105.14, 272, 0.0435872
FILLER_0_95_213, 105.14, 272, 0.0435872
FILLER_0_96_209, 105.14, 272, 0.0435872
FILLER_0_97_221, 105.14, 272, 0.0435872
_09733_, 125.14, 272, 0.0442457
_09737_, 125.14, 272, 0.0442457
_10154_, 125.14, 272, 0.0442457
_10190_, 125.14, 272, 0.0442457
ANTENNA__10148__A, 125.14, 272, 0.0442457
ANTENNA__09635__A2, 125.14, 272, 0.0442457
ANTENNA__10148__B, 125.14, 272, 0.0442457
FILLER_0_96_257, 125.14, 272, 0.0442457
FILLER_0_97_263, 125.14, 272, 0.0442457
_09632_, 135.14, 272, 0.0446223
_09635_, 135.14, 272, 0.0446223
_09731_, 135.14, 272, 0.0446223
_09738_, 135.14, 272, 0.0446223
FILLER_0_95_276, 135.14, 272, 0.0446223
FILLER_0_95_281, 135.14, 272, 0.0446223
_09804_, 155.14, 272, 0.0455285
_09878_, 155.14, 272, 0.0455285
ANTENNA__09804__B, 155.14, 272, 0.0455285
ANTENNA__09804__A, 155.14, 272, 0.0455285
ANTENNA__09804__C, 155.14, 272, 0.0455285
_09879_, 165.14, 272, 0.0460692
_09936_, 165.14, 272, 0.0460692
_09947_, 165.14, 272, 0.0460692
_09969_, 165.14, 272, 0.0460692
FILLER_0_96_343, 165.14, 272, 0.0460692
FILLER_0_96_355, 165.14, 272, 0.0460692
FILLER_0_95_386, 185.14, 272, 0.047296
FILLER_0_96_393, 185.14, 272, 0.047296
FILLER_0_97_393, 185.14, 272, 0.047296
_06934_, 195.14, 272, 0.0480189
_10065_, 195.14, 272, 0.0480189
_10119_, 195.14, 272, 0.0480189
_10168_, 195.14, 272, 0.0480189
_10175_, 195.14, 272, 0.0480189
ANTENNA__06934__A, 195.14, 272, 0.0480189
ANTENNA__06934__B, 195.14, 272, 0.0480189
FILLER_0_96_415, 195.14, 272, 0.0480189
FILLER_0_97_414, 195.14, 272, 0.0480189
_07139_, 215.14, 272, 0.0493022
_07171_, 215.14, 272, 0.0493022
_10216_, 215.14, 272, 0.0493022
_10264_, 215.14, 272, 0.0493022
FILLER_0_95_445, 215.14, 272, 0.0493022
FILLER_0_96_458, 215.14, 272, 0.0493022
_07276_, 225.14, 272, 0.0498419
_07279_, 225.14, 272, 0.0498419
_07357_, 225.14, 272, 0.0498419
_07382_, 225.14, 272, 0.0498419
ANTENNA__07276__A2, 225.14, 272, 0.0498419
ANTENNA__07382__A3, 225.14, 272, 0.0498419
_06966_, 245.14, 272, 0.051065
_07336_, 245.14, 272, 0.051065
_07337_, 245.14, 272, 0.051065
_07338_, 245.14, 272, 0.051065
_07339_, 245.14, 272, 0.051065
_07458_, 245.14, 272, 0.051065
ANTENNA__06966__A, 245.14, 272, 0.051065
ANTENNA__07336__B, 245.14, 272, 0.051065
_07319_, 255.14, 272, 0.0517177
_07441_, 255.14, 272, 0.0517177
_07442_, 255.14, 272, 0.0517177
_07443_, 255.14, 272, 0.0517177
ANTENNA__07442__A1, 255.14, 272, 0.0517177
ANTENNA__07441__A, 255.14, 272, 0.0517177
ANTENNA__07319__A, 255.14, 272, 0.0517177
ANTENNA__07442__A2, 255.14, 272, 0.0517177
FILLER_0_95_537, 255.14, 272, 0.0517177
FILLER_0_97_549, 255.14, 272, 0.0517177
_07454_, 275.14, 272, 0.053102
_07456_, 275.14, 272, 0.053102
_07465_, 275.14, 272, 0.053102
_07552_, 275.14, 272, 0.053102
FILLER_0_96_585, 275.14, 272, 0.053102
FILLER_0_97_588, 275.14, 272, 0.053102
FILLER_0_97_596, 275.14, 272, 0.053102
_07481_, 285.14, 272, 0.0537714
_07522_, 285.14, 272, 0.0537714
FILLER_0_95_603, 285.14, 272, 0.0537714
FILLER_0_96_612, 285.14, 272, 0.0537714
_10217_, 305.14, 272, 0.0550568
_11336_, 305.14, 272, 0.0550568
ANTENNA__10217__A1, 305.14, 272, 0.0550568
FILLER_0_95_649, 305.14, 272, 0.0550568
FILLER_0_96_641, 305.14, 272, 0.0550568
_05888_, 315.14, 272, 0.0556635
_05889_, 315.14, 272, 0.0556635
_05890_, 315.14, 272, 0.0556635
ANTENNA__10217__S, 315.14, 272, 0.0556635
ANTENNA__05889__A, 315.14, 272, 0.0556635
FILLER_0_95_673, 315.14, 272, 0.0556635
_05892_, 335.14, 272, 0.0569023
_06727_, 335.14, 272, 0.0569023
_09204_, 335.14, 272, 0.0569023
hold165, 335.14, 272, 0.0569023
FILLER_0_95_714, 335.14, 272, 0.0569023
_05894_, 345.14, 272, 0.0575327
_09119_, 345.14, 272, 0.0575327
_09120_, 345.14, 272, 0.0575327
ANTENNA__11268__RESET_B, 345.14, 272, 0.0575327
FILLER_0_95_729, 345.14, 272, 0.0575327
FILLER_0_95_735, 345.14, 272, 0.0575327
FILLER_0_96_738, 345.14, 272, 0.0575327
FILLER_0_96_744, 345.14, 272, 0.0575327
_05923_, 365.14, 272, 0.058737
_05925_, 365.14, 272, 0.058737
_09117_, 365.14, 272, 0.058737
_09390_, 365.14, 272, 0.058737
_11310_, 365.14, 272, 0.058737
ANTENNA__09389__S, 365.14, 272, 0.058737
ANTENNA__11310__RESET_B, 365.14, 272, 0.058737
FILLER_0_96_776, 365.14, 272, 0.058737
FILLER_0_96_784, 365.14, 272, 0.058737
_06168_, 375.14, 272, 0.0592991
_09389_, 375.14, 272, 0.0592991
_09391_, 375.14, 272, 0.0592991
_09392_, 375.14, 272, 0.0592991
_09393_, 375.14, 272, 0.0592991
FILLER_0_96_802, 375.14, 272, 0.0592991
_05943_, 395.66, 272, 0.0598681
_05944_, 395.66, 272, 0.0598681
_09307_, 395.66, 272, 0.0598681
_11297_, 395.66, 272, 0.0598681
ANTENNA__05944__S, 395.66, 272, 0.0598681
FILLER_0_96_843, 395.66, 272, 0.0598681
FILLER_0_96_851, 395.66, 272, 0.0598681
FILLER_0_97_857, 395.66, 272, 0.0598681
_10749_, 5.52, 266.56, 0.0417591
_11517_, 5.52, 266.56, 0.0417591
PHY_186, 5.52, 266.56, 0.0417591
PHY_188, 5.52, 266.56, 0.0417591
FILLER_0_95_3, 5.52, 266.56, 0.0417591
PHY_187, 406.18, 266.56, 0.0596061
PHY_189, 406.18, 266.56, 0.0596061
_10799_, 15.33, 266.56, 0.0417545
_11541_, 15.33, 266.56, 0.0417545
FILLER_0_94_23, 15.33, 266.56, 0.0417545
_10746_, 35.14, 266.56, 0.0418232
_10747_, 35.14, 266.56, 0.0418232
hold61, 35.14, 266.56, 0.0418232
hold283, 35.14, 266.56, 0.0418232
_10918_, 45.14, 266.56, 0.0418965
ANTENNA__10746__S, 45.14, 266.56, 0.0418965
ANTENNA__06356__B, 45.14, 266.56, 0.0418965
ANTENNA__11540__RESET_B, 45.14, 266.56, 0.0418965
FILLER_0_94_85, 45.14, 266.56, 0.0418965
FILLER_0_94_92, 45.14, 266.56, 0.0418965
_06360_, 65.14, 266.56, 0.0421419
_06395_, 65.14, 266.56, 0.0421419
_06613_, 65.14, 266.56, 0.0421419
ANTENNA__06395__S, 65.14, 266.56, 0.0421419
ANTENNA__06613__A0, 65.14, 266.56, 0.0421419
FILLER_0_95_137, 65.14, 266.56, 0.0421419
ANTENNA__06613__S, 75.14, 266.56, 0.0423004
ANTENNA__06288__A, 75.14, 266.56, 0.0423004
_06626_, 95.14, 266.56, 0.0427496
_06627_, 95.14, 266.56, 0.0427496
_06628_, 95.14, 266.56, 0.0427496
_11003_, 95.14, 266.56, 0.0427496
clkbuf_3_3__f_clk, 95.14, 266.56, 0.0427496
ANTENNA__11593__RESET_B, 95.14, 266.56, 0.0427496
FILLER_0_94_193, 95.14, 266.56, 0.0427496
_06614_, 105.14, 266.56, 0.043
_07125_, 105.14, 266.56, 0.043
_07204_, 105.14, 266.56, 0.043
_07205_, 105.14, 266.56, 0.043
ANTENNA__06620__A2, 105.14, 266.56, 0.043
ANTENNA_clkbuf_3_3__f_clk_A, 105.14, 266.56, 0.043
FILLER_0_93_214, 105.14, 266.56, 0.043
FILLER_0_94_215, 105.14, 266.56, 0.043
_10150_, 125.14, 266.56, 0.0436195
_10151_, 125.14, 266.56, 0.0436195
_10153_, 125.14, 266.56, 0.0436195
ANTENNA__10153__A, 125.14, 266.56, 0.0436195
FILLER_0_93_258, 125.14, 266.56, 0.0436195
_09634_, 135.14, 266.56, 0.0439983
_09688_, 135.14, 266.56, 0.0439983
ANTENNA__09635__C1, 135.14, 266.56, 0.0439983
ANTENNA__09688__A, 135.14, 266.56, 0.0439983
ANTENNA__09634__C, 135.14, 266.56, 0.0439983
ANTENNA__09688__B, 135.14, 266.56, 0.0439983
FILLER_0_93_275, 135.14, 266.56, 0.0439983
FILLER_0_94_282, 135.14, 266.56, 0.0439983
_09919_, 155.14, 266.56, 0.0449134
FILLER_0_94_329, 155.14, 266.56, 0.0449134
FILLER_0_95_329, 155.14, 266.56, 0.0449134
_09859_, 165.14, 266.56, 0.0454549
_09880_, 165.14, 266.56, 0.0454549
FILLER_0_93_343, 165.14, 266.56, 0.0454549
FILLER_0_94_337, 165.14, 266.56, 0.0454549
_09948_, 185.14, 266.56, 0.0466637
_09949_, 185.14, 266.56, 0.0466637
_10006_, 185.14, 266.56, 0.0466637
_10007_, 185.14, 266.56, 0.0466637
_10008_, 185.14, 266.56, 0.0466637
ANTENNA__06934__C, 185.14, 266.56, 0.0466637
FILLER_0_94_391, 185.14, 266.56, 0.0466637
FILLER_0_95_393, 185.14, 266.56, 0.0466637
_10066_, 195.14, 266.56, 0.0473092
FILLER_0_94_415, 195.14, 266.56, 0.0473092
_07170_, 215.14, 266.56, 0.0486107
_10169_, 215.14, 266.56, 0.0486107
ANTENNA__07170__A1, 215.14, 266.56, 0.0486107
FILLER_0_94_460, 215.14, 266.56, 0.0486107
_07295_, 225.14, 266.56, 0.0492208
_07296_, 225.14, 266.56, 0.0492208
_07322_, 225.14, 266.56, 0.0492208
ANTENNA__07382__A1, 225.14, 266.56, 0.0492208
ANTENNA__07295__A, 225.14, 266.56, 0.0492208
ANTENNA__07170__A2, 225.14, 266.56, 0.0492208
FILLER_0_93_477, 225.14, 266.56, 0.0492208
FILLER_0_94_480, 225.14, 266.56, 0.0492208
ANTENNA__07661__A2, 245.14, 266.56, 0.0505156
ANTENNA__07245__A, 245.14, 266.56, 0.0505156
ANTENNA__07336__A, 245.14, 266.56, 0.0505156
ANTENNA__07661__A1, 245.14, 266.56, 0.0505156
FILLER_0_94_526, 245.14, 266.56, 0.0505156
FILLER_0_95_525, 245.14, 266.56, 0.0505156
_07661_, 255.14, 266.56, 0.0512255
ANTENNA__07323__A1, 255.14, 266.56, 0.0512255
FILLER_0_93_583, 275.14, 266.56, 0.0527516
FILLER_0_94_582, 275.14, 266.56, 0.0527516
_07437_, 285.14, 266.56, 0.0535797
_07438_, 285.14, 266.56, 0.0535797
_07482_, 285.14, 266.56, 0.0535797
FILLER_0_93_606, 285.14, 266.56, 0.0535797
_07624_, 305.14, 266.56, 0.0553365
_07629_, 305.14, 266.56, 0.0553365
_07688_, 305.14, 266.56, 0.0553365
_07747_, 305.14, 266.56, 0.0553365
ANTENNA__07690__B1, 305.14, 266.56, 0.0553365
FILLER_0_93_642, 305.14, 266.56, 0.0553365
FILLER_0_94_662, 305.14, 266.56, 0.0553365
_05874_, 315.14, 266.56, 0.0557656
_05875_, 315.14, 266.56, 0.0557656
_05913_, 315.14, 266.56, 0.0557656
_07689_, 315.14, 266.56, 0.0557656
ANTENNA__05875__B, 315.14, 266.56, 0.0557656
ANTENNA__05874__B, 315.14, 266.56, 0.0557656
ANTENNA__05875__A, 315.14, 266.56, 0.0557656
_05880_, 335.14, 266.56, 0.056753
_05881_, 335.14, 266.56, 0.056753
_05906_, 335.14, 266.56, 0.056753
_09207_, 335.14, 266.56, 0.056753
ANTENNA__06726__S, 335.14, 266.56, 0.056753
ANTENNA__09204__S, 335.14, 266.56, 0.056753
FILLER_0_94_706, 335.14, 266.56, 0.056753
FILLER_0_94_720, 335.14, 266.56, 0.056753
FILLER_0_95_720, 335.14, 266.56, 0.056753
_05907_, 345.14, 266.56, 0.0573322
_06697_, 345.14, 266.56, 0.0573322
_06698_, 345.14, 266.56, 0.0573322
_09203_, 345.14, 266.56, 0.0573322
ANTENNA__09119__S, 345.14, 266.56, 0.0573322
ANTENNA__09203__S, 345.14, 266.56, 0.0573322
FILLER_0_94_728, 345.14, 266.56, 0.0573322
FILLER_0_94_740, 345.14, 266.56, 0.0573322
_05898_, 365.14, 266.56, 0.0584789
ANTENNA__06167__A1, 365.14, 266.56, 0.0584789
ANTENNA__05899__A, 365.14, 266.56, 0.0584789
FILLER_0_93_773, 365.14, 266.56, 0.0584789
FILLER_0_94_782, 365.14, 266.56, 0.0584789
FILLER_0_94_791, 365.14, 266.56, 0.0584789
FILLER_0_95_785, 365.14, 266.56, 0.0584789
_05884_, 375.14, 266.56, 0.0590474
_06167_, 375.14, 266.56, 0.0590474
_06170_, 375.14, 266.56, 0.0590474
_09387_, 375.14, 266.56, 0.0590474
_09388_, 375.14, 266.56, 0.0590474
ANTENNA__09388__S, 375.14, 266.56, 0.0590474
FILLER_0_93_802, 375.14, 266.56, 0.0590474
FILLER_0_95_806, 375.14, 266.56, 0.0590474
_09298_, 395.66, 266.56, 0.0596061
_11296_, 395.66, 266.56, 0.0596061
ANTENNA__09297__S, 395.66, 266.56, 0.0596061
ANTENNA__11297__RESET_B, 395.66, 266.56, 0.0596061
ANTENNA__11296__RESET_B, 395.66, 266.56, 0.0596061
FILLER_0_93_841, 395.66, 266.56, 0.0596061
FILLER_0_94_841, 395.66, 266.56, 0.0596061
FILLER_0_94_859, 395.66, 266.56, 0.0596061
PHY_182, 5.52, 261.12, 0.04119
PHY_184, 5.52, 261.12, 0.04119
ANTENNA_input7_A, 5.52, 261.12, 0.04119
FILLER_0_92_7, 5.52, 261.12, 0.04119
_06142_, 406.18, 261.12, 0.0715607
PHY_183, 406.18, 261.12, 0.0715607
PHY_185, 406.18, 261.12, 0.0715607
FILLER_0_91_863, 406.18, 261.12, 0.0715607
hold239, 15.33, 261.12, 0.04119
FILLER_0_92_23, 15.33, 261.12, 0.04119
FILLER_0_92_29, 15.33, 261.12, 0.04119
_10597_, 35.14, 261.12, 0.0412664
_10647_, 35.14, 261.12, 0.0412664
_11540_, 35.14, 261.12, 0.0412664
hold62, 35.14, 261.12, 0.0412664
ANTENNA__10647__S, 35.14, 261.12, 0.0412664
FILLER_0_93_67, 35.14, 261.12, 0.0412664
_10796_, 45.14, 261.12, 0.0413379
_10797_, 45.14, 261.12, 0.0413379
_11564_, 45.14, 261.12, 0.0413379
hold260, 45.14, 261.12, 0.0413379
ANTENNA__10796__S, 45.14, 261.12, 0.0413379
ANTENNA__11564__RESET_B, 45.14, 261.12, 0.0413379
FILLER_0_92_80, 45.14, 261.12, 0.0413379
_06288_, 65.14, 261.12, 0.0415663
_06361_, 65.14, 261.12, 0.0415663
_06600_, 65.14, 261.12, 0.0415663
ANTENNA__06600__A, 65.14, 261.12, 0.0415663
FILLER_0_92_137, 65.14, 261.12, 0.0415663
FILLER_0_93_134, 65.14, 261.12, 0.0415663
_11016_, 75.14, 261.12, 0.0417112
_11017_, 75.14, 261.12, 0.0417112
_11074_, 75.14, 261.12, 0.0417112
ANTENNA__11016__S, 75.14, 261.12, 0.0417112
ANTENNA__11600__RESET_B, 75.14, 261.12, 0.0417112
FILLER_0_92_144, 75.14, 261.12, 0.0417112
FILLER_0_92_161, 75.14, 261.12, 0.0417112
FILLER_0_93_158, 75.14, 261.12, 0.0417112
_11002_, 95.14, 261.12, 0.0421203
_11593_, 95.14, 261.12, 0.0421203
hold76, 95.14, 261.12, 0.0421203
_06616_, 105.14, 261.12, 0.042376
ANTENNA__06620__B1, 105.14, 261.12, 0.042376
ANTENNA__11002__S, 105.14, 261.12, 0.042376
FILLER_0_92_225, 105.14, 261.12, 0.042376
_09691_, 125.14, 261.12, 0.0430346
ANTENNA__07132__A1, 125.14, 261.12, 0.0430346
ANTENNA__10153__B, 125.14, 261.12, 0.0430346
FILLER_0_92_253, 125.14, 261.12, 0.0430346
_09518_, 135.14, 261.12, 0.0434319
_09637_, 135.14, 261.12, 0.0434319
_09692_, 135.14, 261.12, 0.0434319
_09932_, 135.14, 261.12, 0.0434319
_09933_, 135.14, 261.12, 0.0434319
_09934_, 135.14, 261.12, 0.0434319
ANTENNA__09518__B, 135.14, 261.12, 0.0434319
FILLER_0_91_277, 135.14, 261.12, 0.0434319
_09857_, 155.14, 261.12, 0.0443673
_09858_, 155.14, 261.12, 0.0443673
_10104_, 155.14, 261.12, 0.0443673
ANTENNA__10103__B, 155.14, 261.12, 0.0443673
FILLER_0_91_316, 155.14, 261.12, 0.0443673
FILLER_0_92_320, 155.14, 261.12, 0.0443673
FILLER_0_93_333, 155.14, 261.12, 0.0443673
_09926_, 165.14, 261.12, 0.0449276
ANTENNA__10103__A, 165.14, 261.12, 0.0449276
FILLER_0_92_356, 165.14, 261.12, 0.0449276
_09636_, 185.14, 261.12, 0.0463122
_09950_, 185.14, 261.12, 0.0463122
_09951_, 185.14, 261.12, 0.0463122
_10009_, 185.14, 261.12, 0.0463122
ANTENNA__09636__A, 185.14, 261.12, 0.0463122
FILLER_0_92_390, 185.14, 261.12, 0.0463122
FILLER_0_92_401, 185.14, 261.12, 0.0463122
_10010_, 195.14, 261.12, 0.0470576
_10067_, 195.14, 261.12, 0.0470576
_10076_, 195.14, 261.12, 0.0470576
ANTENNA__07974__A, 195.14, 261.12, 0.0470576
FILLER_0_93_414, 195.14, 261.12, 0.0470576
FILLER_0_93_422, 195.14, 261.12, 0.0470576
_10071_, 215.14, 261.12, 0.0485746
_10075_, 215.14, 261.12, 0.0485746
_10121_, 215.14, 261.12, 0.0485746
FILLER_0_91_449, 215.14, 261.12, 0.0485746
FILLER_0_92_466, 215.14, 261.12, 0.0485746
FILLER_0_93_466, 215.14, 261.12, 0.0485746
_07213_, 225.14, 261.12, 0.0490514
_07262_, 225.14, 261.12, 0.0490514
_07329_, 225.14, 261.12, 0.0490514
ANTENNA__07213__A, 225.14, 261.12, 0.0490514
ANTENNA__07262__A, 225.14, 261.12, 0.0490514
ANTENNA__07213__B, 225.14, 261.12, 0.0490514
FILLER_0_91_467, 225.14, 261.12, 0.0490514
FILLER_0_91_477, 225.14, 261.12, 0.0490514
_07244_, 245.14, 261.12, 0.0502224
_07245_, 245.14, 261.12, 0.0502224
_07247_, 245.14, 261.12, 0.0502224
_07588_, 245.14, 261.12, 0.0502224
ANTENNA__07244__B, 245.14, 261.12, 0.0502224
ANTENNA__07588__A1, 245.14, 261.12, 0.0502224
ANTENNA__07245__B, 245.14, 261.12, 0.0502224
ANTENNA__07244__A, 245.14, 261.12, 0.0502224
ANTENNA__07588__A2, 245.14, 261.12, 0.0502224
FILLER_0_92_512, 245.14, 261.12, 0.0502224
_07246_, 255.14, 261.12, 0.0509172
_07248_, 255.14, 261.12, 0.0509172
_07326_, 255.14, 261.12, 0.0509172
FILLER_0_91_540, 255.14, 261.12, 0.0509172
_07330_, 275.14, 261.12, 0.0524412
_07331_, 275.14, 261.12, 0.0524412
_07347_, 275.14, 261.12, 0.0524412
_07407_, 275.14, 261.12, 0.0524412
_07467_, 275.14, 261.12, 0.0524412
_07439_, 285.14, 261.12, 0.0532189
_07468_, 285.14, 261.12, 0.0532189
_07556_, 285.14, 261.12, 0.0532189
FILLER_0_91_600, 285.14, 261.12, 0.0532189
FILLER_0_92_605, 285.14, 261.12, 0.0532189
_07690_, 305.14, 261.12, 0.0547161
ANTENNA__07691__A2, 305.14, 261.12, 0.0547161
FILLER_0_91_648, 305.14, 261.12, 0.0547161
FILLER_0_92_641, 305.14, 261.12, 0.0547161
FILLER_0_92_657, 305.14, 261.12, 0.0547161
_07627_, 315.14, 261.12, 0.0554426
_07691_, 315.14, 261.12, 0.0554426
_11226_, 315.14, 261.12, 0.0554426
ANTENNA__07627__A, 315.14, 261.12, 0.0554426
ANTENNA__05874__A, 315.14, 261.12, 0.0554426
FILLER_0_91_673, 315.14, 261.12, 0.0554426
FILLER_0_93_677, 315.14, 261.12, 0.0554426
_09202_, 335.14, 261.12, 0.0569073
_09206_, 335.14, 261.12, 0.0569073
FILLER_0_91_713, 335.14, 261.12, 0.0569073
FILLER_0_92_713, 335.14, 261.12, 0.0569073
_05882_, 345.14, 261.12, 0.0578246
_05908_, 345.14, 261.12, 0.0578246
_11174_, 345.14, 261.12, 0.0578246
ANTENNA__11174__RESET_B, 345.14, 261.12, 0.0578246
FILLER_0_92_746, 345.14, 261.12, 0.0578246
FILLER_0_93_743, 345.14, 261.12, 0.0578246
_05883_, 365.14, 261.12, 0.0607029
_05899_, 365.14, 261.12, 0.0607029
ANTENNA__05883__A, 365.14, 261.12, 0.0607029
ANTENNA__06695__S, 365.14, 261.12, 0.0607029
FILLER_0_91_779, 365.14, 261.12, 0.0607029
FILLER_0_92_788, 365.14, 261.12, 0.0607029
FILLER_0_93_785, 365.14, 261.12, 0.0607029
_05885_, 375.14, 261.12, 0.0626793
_05905_, 375.14, 261.12, 0.0626793
ANTENNA__05884__A1, 375.14, 261.12, 0.0626793
FILLER_0_92_808, 375.14, 261.12, 0.0626793
FILLER_0_93_811, 375.14, 261.12, 0.0626793
_09297_, 395.66, 261.12, 0.0715578
_09301_, 395.66, 261.12, 0.0715578
output36, 395.66, 261.12, 0.0715578
_10646_, 5.52, 255.68, 0.0406514
_11467_, 5.52, 255.68, 0.0406514
PHY_178, 5.52, 255.68, 0.0406514
PHY_180, 5.52, 255.68, 0.0406514
input7, 5.52, 255.68, 0.0406514
hold238, 5.52, 255.68, 0.0406514
PHY_179, 406.18, 255.68, 0.0591413
PHY_181, 406.18, 255.68, 0.0591413
_10596_, 15.33, 255.68, 0.0406442
_10645_, 15.33, 255.68, 0.0406442
_11443_, 15.33, 255.68, 0.0406442
hold294, 15.33, 255.68, 0.0406442
FILLER_0_91_27, 15.33, 255.68, 0.0406442
hold447, 35.14, 255.68, 0.0406954
ANTENNA__10548__S, 35.14, 255.68, 0.0406954
ANTENNA__10597__S, 35.14, 255.68, 0.0406954
FILLER_0_90_71, 35.14, 255.68, 0.0406954
_10912_, 45.14, 255.68, 0.0407598
_10913_, 45.14, 255.68, 0.0407598
hold446, 45.14, 255.68, 0.0407598
FILLER_0_90_77, 45.14, 255.68, 0.0407598
FILLER_0_90_85, 45.14, 255.68, 0.0407598
_06352_, 65.14, 255.68, 0.040979
_11628_, 65.14, 255.68, 0.040979
ANTENNA__06352__A, 65.14, 255.68, 0.040979
FILLER_0_89_128, 65.14, 255.68, 0.040979
_11073_, 75.14, 255.68, 0.0411245
_11600_, 75.14, 255.68, 0.0411245
hold382, 75.14, 255.68, 0.0411245
_06620_, 95.14, 255.68, 0.0415239
_11160_, 95.14, 255.68, 0.0415239
hold365, 95.14, 255.68, 0.0415239
ANTENNA__06620__A1, 95.14, 255.68, 0.0415239
ANTENNA__11160__RESET_B, 95.14, 255.68, 0.0415239
ANTENNA__11649__RESET_B, 95.14, 255.68, 0.0415239
FILLER_0_89_193, 95.14, 255.68, 0.0415239
FILLER_0_90_190, 95.14, 255.68, 0.0415239
FILLER_0_90_197, 95.14, 255.68, 0.0415239
_06617_, 105.14, 255.68, 0.0417728
_06621_, 105.14, 255.68, 0.0417728
hold18, 105.14, 255.68, 0.0417728
hold364, 105.14, 255.68, 0.0417728
ANTENNA__06621__A2, 105.14, 255.68, 0.0417728
FILLER_0_89_212, 105.14, 255.68, 0.0417728
FILLER_0_91_221, 105.14, 255.68, 0.0417728
_09693_, 125.14, 255.68, 0.0423933
ANTENNA__07062__A1, 125.14, 255.68, 0.0423933
FILLER_0_90_265, 125.14, 255.68, 0.0423933
FILLER_0_91_261, 125.14, 255.68, 0.0423933
_09747_, 135.14, 255.68, 0.0427614
ANTENNA__09740__B, 135.14, 255.68, 0.0427614
ANTENNA__09518__C, 135.14, 255.68, 0.0427614
FILLER_0_90_277, 135.14, 255.68, 0.0427614
FILLER_0_90_286, 135.14, 255.68, 0.0427614
_10102_, 155.14, 255.68, 0.0436817
_10103_, 155.14, 255.68, 0.0436817
_10142_, 155.14, 255.68, 0.0436817
_10143_, 155.14, 255.68, 0.0436817
ANTENNA__10143__A2, 155.14, 255.68, 0.0436817
ANTENNA__10143__A1, 155.14, 255.68, 0.0436817
FILLER_0_89_315, 155.14, 255.68, 0.0436817
FILLER_0_90_335, 155.14, 255.68, 0.0436817
_10053_, 165.14, 255.68, 0.0442223
_10054_, 165.14, 255.68, 0.0442223
_10096_, 165.14, 255.68, 0.0442223
FILLER_0_89_337, 165.14, 255.68, 0.0442223
FILLER_0_91_353, 165.14, 255.68, 0.0442223
_07974_, 185.14, 255.68, 0.0454326
_09849_, 185.14, 255.68, 0.0454326
ANTENNA__09636__B, 185.14, 255.68, 0.0454326
FILLER_0_89_387, 185.14, 255.68, 0.0454326
ANTENNA__07974__B, 195.14, 255.68, 0.0460997
FILLER_0_90_416, 195.14, 255.68, 0.0460997
FILLER_0_90_421, 195.14, 255.68, 0.0460997
FILLER_0_91_415, 195.14, 255.68, 0.0460997
FILLER_0_91_423, 195.14, 255.68, 0.0460997
_07256_, 215.14, 255.68, 0.0474779
_08110_, 215.14, 255.68, 0.0474779
ANTENNA__07256__A, 215.14, 255.68, 0.0474779
ANTENNA__08110__A, 215.14, 255.68, 0.0474779
_07175_, 225.14, 255.68, 0.0481623
_07265_, 225.14, 255.68, 0.0481623
ANTENNA__07175__A, 225.14, 255.68, 0.0481623
ANTENNA__07175__B, 225.14, 255.68, 0.0481623
ANTENNA__07262__B, 225.14, 255.68, 0.0481623
ANTENNA__07263__C, 225.14, 255.68, 0.0481623
ANTENNA__11335__RESET_B, 225.14, 255.68, 0.0481623
_07325_, 245.14, 255.68, 0.0496047
_07385_, 245.14, 255.68, 0.0496047
_07403_, 245.14, 255.68, 0.0496047
ANTENNA__07247__A, 245.14, 255.68, 0.0496047
ANTENNA__07247__B, 245.14, 255.68, 0.0496047
FILLER_0_90_524, 245.14, 255.68, 0.0496047
_07344_, 255.14, 255.68, 0.0503498
_07345_, 255.14, 255.68, 0.0503498
_07523_, 255.14, 255.68, 0.0503498
ANTENNA__07523__A1, 255.14, 255.68, 0.0503498
ANTENNA__07345__A1, 255.14, 255.68, 0.0503498
ANTENNA__07342__A, 255.14, 255.68, 0.0503498
ANTENNA__07342__B, 255.14, 255.68, 0.0503498
FILLER_0_89_542, 255.14, 255.68, 0.0503498
FILLER_0_90_533, 255.14, 255.68, 0.0503498
FILLER_0_91_548, 255.14, 255.68, 0.0503498
FILLER_0_91_553, 255.14, 255.68, 0.0503498
_07348_, 275.14, 255.68, 0.0519251
_07349_, 275.14, 255.68, 0.0519251
_07466_, 275.14, 255.68, 0.0519251
ANTENNA__07453__A1, 275.14, 255.68, 0.0519251
FILLER_0_90_578, 275.14, 255.68, 0.0519251
FILLER_0_90_596, 275.14, 255.68, 0.0519251
_07469_, 285.14, 255.68, 0.0527327
_07555_, 285.14, 255.68, 0.0527327
FILLER_0_89_606, 285.14, 255.68, 0.0527327
FILLER_0_90_604, 285.14, 255.68, 0.0527327
FILLER_0_91_612, 285.14, 255.68, 0.0527327
_07559_, 305.14, 255.68, 0.0544118
_07560_, 305.14, 255.68, 0.0544118
_07625_, 305.14, 255.68, 0.0544118
_07626_, 305.14, 255.68, 0.0544118
FILLER_0_90_657, 305.14, 255.68, 0.0544118
_07628_, 315.14, 255.68, 0.0550147
_11225_, 315.14, 255.68, 0.0550147
hold152, 315.14, 255.68, 0.0550147
hold360, 315.14, 255.68, 0.0550147
ANTENNA__07628__A2, 315.14, 255.68, 0.0550147
FILLER_0_89_669, 315.14, 255.68, 0.0550147
FILLER_0_90_672, 315.14, 255.68, 0.0550147
_06724_, 335.14, 255.68, 0.0560646
_09198_, 335.14, 255.68, 0.0560646
hold202, 335.14, 255.68, 0.0560646
_05864_, 345.14, 255.68, 0.0566796
ANTENNA__06724__S, 345.14, 255.68, 0.0566796
FILLER_0_89_729, 345.14, 255.68, 0.0566796
FILLER_0_90_734, 345.14, 255.68, 0.0566796
ANTENNA__11173__RESET_B, 365.14, 255.68, 0.0578995
FILLER_0_89_773, 365.14, 255.68, 0.0578995
FILLER_0_90_792, 365.14, 255.68, 0.0578995
_06158_, 375.14, 255.68, 0.0585099
_06160_, 375.14, 255.68, 0.0585099
ANTENNA__06158__A1, 375.14, 255.68, 0.0585099
FILLER_0_90_805, 375.14, 255.68, 0.0585099
FILLER_0_91_809, 375.14, 255.68, 0.0585099
_05901_, 395.66, 255.68, 0.0591413
_05941_, 395.66, 255.68, 0.0591413
_05942_, 395.66, 255.68, 0.0591413
_09294_, 395.66, 255.68, 0.0591413
_09296_, 395.66, 255.68, 0.0591413
_09300_, 395.66, 255.68, 0.0591413
ANTENNA__09296__A1, 395.66, 255.68, 0.0591413
FILLER_0_90_839, 395.66, 255.68, 0.0591413
_10695_, 5.52, 250.24, 0.0401083
_11491_, 5.52, 250.24, 0.0401083
PHY_174, 5.52, 250.24, 0.0401083
PHY_176, 5.52, 250.24, 0.0401083
FILLER_0_88_3, 5.52, 250.24, 0.0401083
PHY_175, 406.18, 250.24, 0.0698782
PHY_177, 406.18, 250.24, 0.0698782
ANTENNA__05903__B1, 406.18, 250.24, 0.0698782
_10595_, 15.33, 250.24, 0.0401033
_10694_, 15.33, 250.24, 0.0401033
hold186, 15.33, 250.24, 0.0401033
hold187, 15.33, 250.24, 0.0401033
ANTENNA__10645__S, 15.33, 250.24, 0.0401033
ANTENNA__10694__S, 15.33, 250.24, 0.0401033
FILLER_0_88_29, 15.33, 250.24, 0.0401033
_10548_, 35.14, 250.24, 0.0401836
_10549_, 35.14, 250.24, 0.0401836
_11420_, 35.14, 250.24, 0.0401836
clkbuf_3_2__f_clk, 35.14, 250.24, 0.0401836
hold438, 35.14, 250.24, 0.0401836
_10495_, 45.14, 250.24, 0.0402205
_11395_, 45.14, 250.24, 0.0402205
ANTENNA__10495__S, 45.14, 250.24, 0.0402205
_06340_, 65.14, 250.24, 0.0403859
_06341_, 65.14, 250.24, 0.0403859
ANTENNA__06361__A1, 65.14, 250.24, 0.0403859
ANTENNA__06339__B, 65.14, 250.24, 0.0403859
_10958_, 75.14, 250.24, 0.0405167
_10959_, 75.14, 250.24, 0.0405167
_11656_, 75.14, 250.24, 0.0405167
hold387, 75.14, 250.24, 0.0405167
ANTENNA__10958__S, 75.14, 250.24, 0.0405167
_11057_, 95.14, 250.24, 0.0408963
_11058_, 95.14, 250.24, 0.0408963
_11115_, 95.14, 250.24, 0.0408963
_11620_, 95.14, 250.24, 0.0408963
_11648_, 95.14, 250.24, 0.0408963
ANTENNA__11057__S, 95.14, 250.24, 0.0408963
ANTENNA__11130__B, 95.14, 250.24, 0.0408963
ANTENNA__11620__RESET_B, 95.14, 250.24, 0.0408963
ANTENNA_clkbuf_leaf_15_clk_A, 95.14, 250.24, 0.0408963
FILLER_0_88_197, 95.14, 250.24, 0.0408963
_06618_, 105.14, 250.24, 0.0411371
_11001_, 105.14, 250.24, 0.0411371
_11592_, 105.14, 250.24, 0.0411371
ANTENNA__11648__RESET_B, 105.14, 250.24, 0.0411371
FILLER_0_87_216, 105.14, 250.24, 0.0411371
_09744_, 125.14, 250.24, 0.0417763
_09815_, 125.14, 250.24, 0.0417763
_10100_, 125.14, 250.24, 0.0417763
_10146_, 125.14, 250.24, 0.0417763
ANTENNA__11592__RESET_B, 125.14, 250.24, 0.0417763
FILLER_0_89_270, 125.14, 250.24, 0.0417763
_09740_, 135.14, 250.24, 0.0421575
_09743_, 135.14, 250.24, 0.0421575
_09745_, 135.14, 250.24, 0.0421575
ANTENNA__09853__A2, 135.14, 250.24, 0.0421575
ANTENNA__09740__A, 135.14, 250.24, 0.0421575
ANTENNA__09739__B, 135.14, 250.24, 0.0421575
FILLER_0_87_277, 135.14, 250.24, 0.0421575
FILLER_0_88_275, 135.14, 250.24, 0.0421575
FILLER_0_89_289, 135.14, 250.24, 0.0421575
_09642_, 155.14, 250.24, 0.0430902
_10048_, 155.14, 250.24, 0.0430902
ANTENNA__09642__A, 155.14, 250.24, 0.0430902
FILLER_0_87_316, 155.14, 250.24, 0.0430902
FILLER_0_89_330, 155.14, 250.24, 0.0430902
_09971_, 165.14, 250.24, 0.0436515
_09972_, 165.14, 250.24, 0.0436515
_10049_, 165.14, 250.24, 0.0436515
_10050_, 165.14, 250.24, 0.0436515
_10051_, 165.14, 250.24, 0.0436515
_10052_, 165.14, 250.24, 0.0436515
ANTENNA__10053__B, 165.14, 250.24, 0.0436515
ANTENNA__10049__B1, 165.14, 250.24, 0.0436515
FILLER_0_88_337, 165.14, 250.24, 0.0436515
FILLER_0_89_355, 165.14, 250.24, 0.0436515
_09817_, 185.14, 250.24, 0.0449562
_09850_, 185.14, 250.24, 0.0449562
_09881_, 185.14, 250.24, 0.0449562
_09882_, 185.14, 250.24, 0.0449562
FILLER_0_87_380, 185.14, 250.24, 0.0449562
FILLER_0_87_389, 185.14, 250.24, 0.0449562
_07240_, 195.14, 250.24, 0.0456606
_09952_, 195.14, 250.24, 0.0456606
_09953_, 195.14, 250.24, 0.0456606
_09954_, 195.14, 250.24, 0.0456606
_10012_, 195.14, 250.24, 0.0456606
_10174_, 215.14, 250.24, 0.0470181
_11335_, 215.14, 250.24, 0.0470181
hold448, 215.14, 250.24, 0.0470181
ANTENNA__07340__A, 215.14, 250.24, 0.0470181
ANTENNA__07256__B, 215.14, 250.24, 0.0470181
ANTENNA_hold448_A, 215.14, 250.24, 0.0470181
_07177_, 225.14, 250.24, 0.0477108
_07179_, 225.14, 250.24, 0.0477108
_07260_, 225.14, 250.24, 0.0477108
ANTENNA__07179__A, 225.14, 250.24, 0.0477108
ANTENNA__07179__B, 225.14, 250.24, 0.0477108
FILLER_0_87_476, 225.14, 250.24, 0.0477108
_07386_, 245.14, 250.24, 0.0491927
_07404_, 245.14, 250.24, 0.0491927
ANTENNA__07440__B2, 245.14, 250.24, 0.0491927
ANTENNA__07523__A2, 245.14, 250.24, 0.0491927
FILLER_0_87_512, 245.14, 250.24, 0.0491927
FILLER_0_88_529, 245.14, 250.24, 0.0491927
FILLER_0_89_523, 245.14, 250.24, 0.0491927
_07241_, 255.14, 250.24, 0.049944
_07342_, 255.14, 250.24, 0.049944
_07343_, 255.14, 250.24, 0.049944
ANTENNA__07440__A1_N, 255.14, 250.24, 0.049944
ANTENNA__07241__B2, 255.14, 250.24, 0.049944
ANTENNA__07239__C, 255.14, 250.24, 0.049944
ANTENNA__07343__A2, 255.14, 250.24, 0.049944
ANTENNA__07241__B1, 255.14, 250.24, 0.049944
_07251_, 275.14, 250.24, 0.0515721
_07252_, 275.14, 250.24, 0.0515721
_07268_, 275.14, 250.24, 0.0515721
_07269_, 275.14, 250.24, 0.0515721
_07351_, 275.14, 250.24, 0.0515721
FILLER_0_88_589, 275.14, 250.24, 0.0515721
_07387_, 285.14, 250.24, 0.0524019
_07388_, 285.14, 250.24, 0.0524019
max_cap58, 285.14, 250.24, 0.0524019
FILLER_0_88_602, 285.14, 250.24, 0.0524019
FILLER_0_89_617, 285.14, 250.24, 0.0524019
_07561_, 305.14, 250.24, 0.0540259
_07563_, 305.14, 250.24, 0.0540259
_07567_, 305.14, 250.24, 0.0540259
ANTENNA__07565__B1, 305.14, 250.24, 0.0540259
FILLER_0_87_641, 305.14, 250.24, 0.0540259
FILLER_0_88_645, 305.14, 250.24, 0.0540259
FILLER_0_89_661, 305.14, 250.24, 0.0540259
_05849_, 315.14, 250.24, 0.0546191
ANTENNA__05849__B, 315.14, 250.24, 0.0546191
ANTENNA__05848__A_N, 315.14, 250.24, 0.0546191
FILLER_0_87_665, 315.14, 250.24, 0.0546191
FILLER_0_87_673, 315.14, 250.24, 0.0546191
FILLER_0_88_674, 315.14, 250.24, 0.0546191
_05854_, 335.14, 250.24, 0.0561313
_06725_, 335.14, 250.24, 0.0561313
_11187_, 335.14, 250.24, 0.0561313
ANTENNA__09198__S, 335.14, 250.24, 0.0561313
FILLER_0_87_710, 335.14, 250.24, 0.0561313
FILLER_0_88_710, 335.14, 250.24, 0.0561313
_05871_, 345.14, 250.24, 0.0570413
_05872_, 345.14, 250.24, 0.0570413
_09197_, 345.14, 250.24, 0.0570413
_11267_, 345.14, 250.24, 0.0570413
ANTENNA__11187__RESET_B, 345.14, 250.24, 0.0570413
ANTENNA__11267__RESET_B, 345.14, 250.24, 0.0570413
FILLER_0_87_729, 345.14, 250.24, 0.0570413
FILLER_0_89_741, 345.14, 250.24, 0.0570413
_09114_, 365.14, 250.24, 0.0598123
_09384_, 365.14, 250.24, 0.0598123
_11309_, 365.14, 250.24, 0.0598123
ANTENNA__09383__S, 365.14, 250.24, 0.0598123
ANTENNA__11309__RESET_B, 365.14, 250.24, 0.0598123
FILLER_0_87_777, 365.14, 250.24, 0.0598123
FILLER_0_88_784, 365.14, 250.24, 0.0598123
_06166_, 375.14, 250.24, 0.0616821
_09383_, 375.14, 250.24, 0.0616821
_09385_, 375.14, 250.24, 0.0616821
_09386_, 375.14, 250.24, 0.0616821
ANTENNA__06166__A1, 375.14, 250.24, 0.0616821
FILLER_0_88_802, 375.14, 250.24, 0.0616821
_05902_, 395.66, 250.24, 0.0698782
_05903_, 395.66, 250.24, 0.0698782
_05904_, 395.66, 250.24, 0.0698782
output35, 395.66, 250.24, 0.0698782
ANTENNA__05904__A1, 395.66, 250.24, 0.0698782
FILLER_0_87_837, 395.66, 250.24, 0.0698782
FILLER_0_87_841, 395.66, 250.24, 0.0698782
FILLER_0_89_859, 395.66, 250.24, 0.0698782
_11515_, 5.52, 244.8, 0.0394956
PHY_170, 5.52, 244.8, 0.0394956
PHY_172, 5.52, 244.8, 0.0394956
FILLER_0_87_3, 5.52, 244.8, 0.0394956
PHY_171, 406.18, 244.8, 0.058233
PHY_173, 406.18, 244.8, 0.058233
FILLER_0_86_862, 406.18, 244.8, 0.058233
_10744_, 15.33, 244.8, 0.0394917
_10795_, 15.33, 244.8, 0.0394917
_11539_, 15.33, 244.8, 0.0394917
FILLER_0_85_12, 15.33, 244.8, 0.0394917
FILLER_0_87_28, 15.33, 244.8, 0.0394917
_10493_, 35.14, 244.8, 0.0395412
_10494_, 35.14, 244.8, 0.0395412
_11394_, 35.14, 244.8, 0.0395412
ANTENNA__10493__S, 35.14, 244.8, 0.0395412
FILLER_0_85_57, 35.14, 244.8, 0.0395412
FILLER_0_86_57, 35.14, 244.8, 0.0395412
FILLER_0_86_74, 35.14, 244.8, 0.0395412
_10496_, 45.14, 244.8, 0.0395929
fanout84, 45.14, 244.8, 0.0395929
ANTENNA_fanout84_A, 45.14, 244.8, 0.0395929
ANTENNA_clkbuf_3_2__f_clk_A, 45.14, 244.8, 0.0395929
_06302_, 65.14, 244.8, 0.039782
_06337_, 65.14, 244.8, 0.039782
_06342_, 65.14, 244.8, 0.039782
_06354_, 65.14, 244.8, 0.039782
ANTENNA__06342__S, 65.14, 244.8, 0.039782
ANTENNA__06601__A1, 65.14, 244.8, 0.039782
FILLER_0_87_131, 65.14, 244.8, 0.039782
_11572_, 75.14, 244.8, 0.0399069
hold11, 75.14, 244.8, 0.0399069
ANTENNA__06601__A2, 75.14, 244.8, 0.0399069
_11114_, 95.14, 244.8, 0.0402696
hold15, 95.14, 244.8, 0.0402696
hold424, 95.14, 244.8, 0.0402696
_06602_, 105.14, 244.8, 0.040505
_06605_, 105.14, 244.8, 0.040505
_06607_, 105.14, 244.8, 0.040505
_06612_, 105.14, 244.8, 0.040505
_11000_, 105.14, 244.8, 0.040505
ANTENNA__11114__S, 105.14, 244.8, 0.040505
ANTENNA_clkbuf_leaf_14_clk_A, 105.14, 244.8, 0.040505
FILLER_0_86_210, 105.14, 244.8, 0.040505
FILLER_0_86_218, 105.14, 244.8, 0.040505
_10099_, 125.14, 244.8, 0.0411074
ANTENNA__10099__B, 125.14, 244.8, 0.0411074
FILLER_0_86_265, 125.14, 244.8, 0.0411074
_09577_, 135.14, 244.8, 0.041482
_09578_, 135.14, 244.8, 0.041482
_09739_, 135.14, 244.8, 0.041482
_09746_, 135.14, 244.8, 0.041482
_09792_, 135.14, 244.8, 0.041482
ANTENNA__09577__B, 135.14, 244.8, 0.041482
ANTENNA__09638__B, 135.14, 244.8, 0.041482
ANTENNA__09578__B, 135.14, 244.8, 0.041482
ANTENNA__09578__A, 135.14, 244.8, 0.041482
FILLER_0_85_271, 135.14, 244.8, 0.041482
FILLER_0_86_275, 135.14, 244.8, 0.041482
FILLER_0_86_290, 135.14, 244.8, 0.041482
_09851_, 155.14, 244.8, 0.042411
_10101_, 155.14, 244.8, 0.042411
ANTENNA__10049__A2, 155.14, 244.8, 0.042411
ANTENNA__09971__B, 165.14, 244.8, 0.0429816
FILLER_0_87_348, 165.14, 244.8, 0.0429816
_09894_, 185.14, 244.8, 0.0443178
_09895_, 185.14, 244.8, 0.0443178
_09896_, 185.14, 244.8, 0.0443178
_09897_, 185.14, 244.8, 0.0443178
FILLER_0_86_396, 185.14, 244.8, 0.0443178
FILLER_0_87_393, 185.14, 244.8, 0.0443178
_07172_, 195.14, 244.8, 0.0450123
_07173_, 195.14, 244.8, 0.0450123
_09955_, 195.14, 244.8, 0.0450123
_10011_, 195.14, 244.8, 0.0450123
ANTENNA__07172__B, 195.14, 244.8, 0.0450123
FILLER_0_85_405, 195.14, 244.8, 0.0450123
FILLER_0_86_417, 195.14, 244.8, 0.0450123
_07178_, 215.14, 244.8, 0.0463862
_07255_, 215.14, 244.8, 0.0463862
_07340_, 215.14, 244.8, 0.0463862
ANTENNA__07255__A, 215.14, 244.8, 0.0463862
ANTENNA__07255__B, 215.14, 244.8, 0.0463862
ANTENNA__07063__A, 215.14, 244.8, 0.0463862
FILLER_0_85_449, 215.14, 244.8, 0.0463862
_07176_, 225.14, 244.8, 0.0471176
_07180_, 225.14, 244.8, 0.0471176
ANTENNA__07178__A2, 225.14, 244.8, 0.0471176
ANTENNA__07178__A1, 225.14, 244.8, 0.0471176
FILLER_0_85_473, 225.14, 244.8, 0.0471176
_07138_, 245.14, 244.8, 0.0486206
_07140_, 245.14, 244.8, 0.0486206
_07440_, 245.14, 244.8, 0.0486206
ANTENNA__07141__A1, 245.14, 244.8, 0.0486206
ANTENNA__07138__A, 245.14, 244.8, 0.0486206
ANTENNA__07440__A2_N, 245.14, 244.8, 0.0486206
ANTENNA__07440__B1, 245.14, 244.8, 0.0486206
ANTENNA__07241__A2, 245.14, 244.8, 0.0486206
ANTENNA__07259__A2, 245.14, 244.8, 0.0486206
ANTENNA__07341__A2, 245.14, 244.8, 0.0486206
FILLER_0_86_520, 245.14, 244.8, 0.0486206
_06889_, 255.14, 244.8, 0.0493968
_07174_, 255.14, 244.8, 0.0493968
_07239_, 255.14, 244.8, 0.0493968
_07341_, 255.14, 244.8, 0.0493968
ANTENNA__07341__A1, 255.14, 244.8, 0.0493968
ANTENNA__07241__A1, 255.14, 244.8, 0.0493968
FILLER_0_86_533, 255.14, 244.8, 0.0493968
_07271_, 275.14, 244.8, 0.051051
_07272_, 275.14, 244.8, 0.051051
_07301_, 275.14, 244.8, 0.051051
_07350_, 275.14, 244.8, 0.051051
FILLER_0_86_585, 275.14, 244.8, 0.051051
_07303_, 285.14, 244.8, 0.0518422
_07390_, 285.14, 244.8, 0.0518422
max_cap60, 285.14, 244.8, 0.0518422
FILLER_0_85_602, 285.14, 244.8, 0.0518422
FILLER_0_86_600, 285.14, 244.8, 0.0518422
FILLER_0_86_610, 285.14, 244.8, 0.0518422
FILLER_0_87_610, 285.14, 244.8, 0.0518422
_07562_, 305.14, 244.8, 0.0533255
_07564_, 305.14, 244.8, 0.0533255
_07565_, 305.14, 244.8, 0.0533255
_11224_, 305.14, 244.8, 0.0533255
FILLER_0_86_651, 305.14, 244.8, 0.0533255
_05848_, 315.14, 244.8, 0.0539397
hold415, 315.14, 244.8, 0.0539397
ANTENNA__07566__B2, 315.14, 244.8, 0.0539397
ANTENNA_hold415_A, 315.14, 244.8, 0.0539397
FILLER_0_85_673, 315.14, 244.8, 0.0539397
FILLER_0_87_679, 315.14, 244.8, 0.0539397
_05837_, 335.14, 244.8, 0.0552233
_05838_, 335.14, 244.8, 0.0552233
_05853_, 335.14, 244.8, 0.0552233
_09201_, 335.14, 244.8, 0.0552233
FILLER_0_85_715, 335.14, 244.8, 0.0552233
FILLER_0_87_717, 335.14, 244.8, 0.0552233
FILLER_0_87_725, 335.14, 244.8, 0.0552233
_05840_, 345.14, 244.8, 0.0558806
_09195_, 345.14, 244.8, 0.0558806
_09196_, 345.14, 244.8, 0.0558806
_09200_, 345.14, 244.8, 0.0558806
ANTENNA__09197__S, 345.14, 244.8, 0.0558806
FILLER_0_86_729, 345.14, 244.8, 0.0558806
FILLER_0_86_747, 345.14, 244.8, 0.0558806
FILLER_0_87_741, 345.14, 244.8, 0.0558806
_05856_, 365.14, 244.8, 0.0570944
_05886_, 365.14, 244.8, 0.0570944
FILLER_0_86_784, 365.14, 244.8, 0.0570944
_05846_, 375.14, 244.8, 0.057664
_05870_, 375.14, 244.8, 0.057664
_09380_, 375.14, 244.8, 0.057664
_09381_, 375.14, 244.8, 0.057664
ANTENNA__05846__A1, 375.14, 244.8, 0.057664
FILLER_0_85_797, 375.14, 244.8, 0.057664
_05668_, 395.66, 244.8, 0.058233
_09290_, 395.66, 244.8, 0.058233
_11295_, 395.66, 244.8, 0.058233
ANTENNA__09287__B1, 395.66, 244.8, 0.058233
ANTENNA__05668__A, 395.66, 244.8, 0.058233
ANTENNA__11295__RESET_B, 395.66, 244.8, 0.058233
FILLER_0_85_841, 395.66, 244.8, 0.058233
FILLER_0_86_853, 395.66, 244.8, 0.058233
_10745_, 5.52, 239.36, 0.0389109
PHY_166, 5.52, 239.36, 0.0389109
PHY_168, 5.52, 239.36, 0.0389109
input6, 5.52, 239.36, 0.0389109
ANTENNA_input6_A, 5.52, 239.36, 0.0389109
FILLER_0_85_3, 5.52, 239.36, 0.0389109
PHY_167, 406.18, 239.36, 0.0578291
PHY_169, 406.18, 239.36, 0.0578291
FILLER_0_83_865, 406.18, 239.36, 0.0578291
FILLER_0_84_862, 406.18, 239.36, 0.0578291
_10643_, 15.33, 239.36, 0.0389097
_10693_, 15.33, 239.36, 0.0389097
hold428, 15.33, 239.36, 0.0389097
hold429, 15.33, 239.36, 0.0389097
ANTENNA__10744__S, 15.33, 239.36, 0.0389097
FILLER_0_84_16, 15.33, 239.36, 0.0389097
FILLER_0_84_29, 15.33, 239.36, 0.0389097
FILLER_0_85_29, 15.33, 239.36, 0.0389097
_11418_, 35.14, 239.36, 0.0389508
hold401, 35.14, 239.36, 0.0389508
_11563_, 45.14, 239.36, 0.0389924
ANTENNA__11563__RESET_B, 45.14, 239.36, 0.0389924
ANTENNA_clkbuf_leaf_20_clk_A, 45.14, 239.36, 0.0389924
FILLER_0_84_79, 45.14, 239.36, 0.0389924
_06304_, 65.14, 239.36, 0.0391491
_06306_, 65.14, 239.36, 0.0391491
_06601_, 65.14, 239.36, 0.0391491
_10909_, 65.14, 239.36, 0.0391491
ANTENNA__06589__A0, 65.14, 239.36, 0.0391491
ANTENNA__06306__B, 65.14, 239.36, 0.0391491
ANTENNA__06303__B, 65.14, 239.36, 0.0391491
FILLER_0_84_119, 65.14, 239.36, 0.0391491
ANTENNA__06589__S, 75.14, 239.36, 0.039262
ANTENNA__10958__A0, 75.14, 239.36, 0.039262
ANTENNA__11158__RESET_B, 75.14, 239.36, 0.039262
FILLER_0_84_153, 75.14, 239.36, 0.039262
FILLER_0_85_155, 75.14, 239.36, 0.039262
FILLER_0_85_160, 75.14, 239.36, 0.039262
_06224_, 95.14, 239.36, 0.0396013
_11056_, 95.14, 239.36, 0.0396013
ANTENNA__06224__A, 95.14, 239.36, 0.0396013
ANTENNA__06596__A1, 95.14, 239.36, 0.0396013
ANTENNA__11159__RESET_B, 95.14, 239.36, 0.0396013
ANTENNA__11619__RESET_B, 95.14, 239.36, 0.0396013
FILLER_0_83_187, 95.14, 239.36, 0.0396013
FILLER_0_84_186, 95.14, 239.36, 0.0396013
FILLER_0_85_203, 95.14, 239.36, 0.0396013
_06599_, 105.14, 239.36, 0.0398268
_06603_, 105.14, 239.36, 0.0398268
_06606_, 105.14, 239.36, 0.0398268
hold211, 105.14, 239.36, 0.0398268
ANTENNA__06607__B1, 105.14, 239.36, 0.0398268
FILLER_0_84_209, 105.14, 239.36, 0.0398268
_07006_, 125.14, 239.36, 0.0404402
_09748_, 125.14, 239.36, 0.0404402
_09749_, 125.14, 239.36, 0.0404402
ANTENNA__09517__S, 125.14, 239.36, 0.0404402
ANTENNA__07006__A2, 125.14, 239.36, 0.0404402
ANTENNA__10099__A, 125.14, 239.36, 0.0404402
FILLER_0_83_258, 125.14, 239.36, 0.0404402
FILLER_0_85_263, 125.14, 239.36, 0.0404402
_09638_, 135.14, 239.36, 0.0407987
_09750_, 135.14, 239.36, 0.0407987
ANTENNA__09550__A2, 135.14, 239.36, 0.0407987
ANTENNA__09549__B, 135.14, 239.36, 0.0407987
FILLER_0_83_281, 135.14, 239.36, 0.0407987
FILLER_0_84_282, 135.14, 239.36, 0.0407987
_09752_, 155.14, 239.36, 0.0417322
_09795_, 155.14, 239.36, 0.0417322
_10047_, 155.14, 239.36, 0.0417322
ANTENNA__09550__C1, 155.14, 239.36, 0.0417322
ANTENNA__10047__A, 155.14, 239.36, 0.0417322
FILLER_0_84_323, 155.14, 239.36, 0.0417322
FILLER_0_85_332, 155.14, 239.36, 0.0417322
_09796_, 165.14, 239.36, 0.0423064
_09884_, 165.14, 239.36, 0.0423064
_09925_, 165.14, 239.36, 0.0423064
FILLER_0_83_337, 165.14, 239.36, 0.0423064
FILLER_0_83_345, 165.14, 239.36, 0.0423064
FILLER_0_84_354, 165.14, 239.36, 0.0423064
ANTENNA__06860__A, 185.14, 239.36, 0.0436037
ANTENNA__06860__B, 185.14, 239.36, 0.0436037
FILLER_0_84_391, 185.14, 239.36, 0.0436037
_06860_, 195.14, 239.36, 0.0443408
_07133_, 195.14, 239.36, 0.0443408
_09901_, 195.14, 239.36, 0.0443408
ANTENNA__07133__A, 195.14, 239.36, 0.0443408
ANTENNA__07129__B, 195.14, 239.36, 0.0443408
ANTENNA__07134__B, 195.14, 239.36, 0.0443408
ANTENNA__07133__B, 195.14, 239.36, 0.0443408
FILLER_0_83_402, 195.14, 239.36, 0.0443408
FILLER_0_85_413, 195.14, 239.36, 0.0443408
_07063_, 215.14, 239.36, 0.0458204
ANTENNA__10174__B2, 215.14, 239.36, 0.0458204
ANTENNA__07063__B, 215.14, 239.36, 0.0458204
FILLER_0_83_449, 215.14, 239.36, 0.0458204
_07297_, 225.14, 239.36, 0.0465927
_07298_, 225.14, 239.36, 0.0465927
_07352_, 225.14, 239.36, 0.0465927
FILLER_0_84_470, 225.14, 239.36, 0.0465927
_07141_, 245.14, 239.36, 0.048163
ANTENNA__06889__B, 245.14, 239.36, 0.048163
ANTENNA__07097__B, 245.14, 239.36, 0.048163
ANTENNA__07141__A2, 245.14, 239.36, 0.048163
FILLER_0_84_523, 245.14, 239.36, 0.048163
FILLER_0_85_521, 245.14, 239.36, 0.048163
_06982_, 255.14, 239.36, 0.0489893
_07097_, 255.14, 239.36, 0.0489893
_07300_, 255.14, 239.36, 0.0489893
ANTENNA__06982__A, 255.14, 239.36, 0.0489893
ANTENNA__07097__A, 255.14, 239.36, 0.0489893
ANTENNA__06982__B, 255.14, 239.36, 0.0489893
FILLER_0_83_538, 255.14, 239.36, 0.0489893
FILLER_0_84_544, 255.14, 239.36, 0.0489893
_07270_, 275.14, 239.36, 0.0507196
_07273_, 275.14, 239.36, 0.0507196
_07302_, 275.14, 239.36, 0.0507196
FILLER_0_84_589, 275.14, 239.36, 0.0507196
_07304_, 285.14, 239.36, 0.0515999
_07389_, 285.14, 239.36, 0.0515999
_07391_, 285.14, 239.36, 0.0515999
_07392_, 285.14, 239.36, 0.0515999
FILLER_0_83_606, 285.14, 239.36, 0.0515999
FILLER_0_84_604, 285.14, 239.36, 0.0515999
FILLER_0_84_613, 285.14, 239.36, 0.0515999
_07566_, 305.14, 239.36, 0.0531561
_07803_, 305.14, 239.36, 0.0531561
_11228_, 305.14, 239.36, 0.0531561
ANTENNA__07803__S, 305.14, 239.36, 0.0531561
FILLER_0_84_645, 305.14, 239.36, 0.0531561
FILLER_0_85_654, 305.14, 239.36, 0.0531561
_05831_, 315.14, 239.36, 0.0536971
_05832_, 315.14, 239.36, 0.0536971
ANTENNA__05832__B, 315.14, 239.36, 0.0536971
ANTENNA__11228__RESET_B, 315.14, 239.36, 0.0536971
FILLER_0_83_668, 315.14, 239.36, 0.0536971
FILLER_0_83_673, 315.14, 239.36, 0.0536971
_05830_, 335.14, 239.36, 0.0548882
_05839_, 335.14, 239.36, 0.0548882
_05855_, 335.14, 239.36, 0.0548882
_05804_, 345.14, 239.36, 0.0555239
_05843_, 345.14, 239.36, 0.0555239
_05844_, 345.14, 239.36, 0.0555239
FILLER_0_83_735, 345.14, 239.36, 0.0555239
FILLER_0_84_749, 345.14, 239.36, 0.0555239
_05859_, 365.14, 239.36, 0.0567105
_05860_, 365.14, 239.36, 0.0567105
_05861_, 365.14, 239.36, 0.0567105
ANTENNA__05861__B1_N, 365.14, 239.36, 0.0567105
FILLER_0_83_771, 365.14, 239.36, 0.0567105
FILLER_0_83_781, 365.14, 239.36, 0.0567105
_05847_, 375.14, 239.36, 0.0572624
FILLER_0_83_797, 375.14, 239.36, 0.0572624
FILLER_0_85_805, 375.14, 239.36, 0.0572624
_09288_, 395.66, 239.36, 0.0578291
_09289_, 395.66, 239.36, 0.0578291
_09292_, 395.66, 239.36, 0.0578291
_09293_, 395.66, 239.36, 0.0578291
ANTENNA__09289__S, 395.66, 239.36, 0.0578291
FILLER_0_84_842, 395.66, 239.36, 0.0578291
_11490_, 5.52, 233.92, 0.0382657
PHY_162, 5.52, 233.92, 0.0382657
PHY_164, 5.52, 233.92, 0.0382657
hold136, 5.52, 233.92, 0.0382657
PHY_163, 406.18, 233.92, 0.0669601
PHY_165, 406.18, 233.92, 0.0669601
_10594_, 15.33, 233.92, 0.0382596
_10644_, 15.33, 233.92, 0.0382596
_11466_, 15.33, 233.92, 0.0382596
ANTENNA__10643__S, 15.33, 233.92, 0.0382596
FILLER_0_83_28, 15.33, 233.92, 0.0382596
_10491_, 35.14, 233.92, 0.0382875
ANTENNA__10543__S, 35.14, 233.92, 0.0382875
FILLER_0_82_66, 35.14, 233.92, 0.0382875
_10492_, 45.14, 233.92, 0.0383264
_10907_, 45.14, 233.92, 0.0383264
hold30, 45.14, 233.92, 0.0383264
ANTENNA__10491__S, 45.14, 233.92, 0.0383264
FILLER_0_82_89, 45.14, 233.92, 0.0383264
FILLER_0_83_89, 45.14, 233.92, 0.0383264
_06301_, 65.14, 233.92, 0.0384682
_06303_, 65.14, 233.92, 0.0384682
_06305_, 65.14, 233.92, 0.0384682
_06307_, 65.14, 233.92, 0.0384682
_06308_, 65.14, 233.92, 0.0384682
_06589_, 65.14, 233.92, 0.0384682
ANTENNA__10904__B1, 65.14, 233.92, 0.0384682
FILLER_0_81_122, 65.14, 233.92, 0.0384682
FILLER_0_82_136, 65.14, 233.92, 0.0384682
FILLER_0_83_135, 65.14, 233.92, 0.0384682
_06597_, 75.14, 233.92, 0.0385671
_06598_, 75.14, 233.92, 0.0385671
_11112_, 75.14, 233.92, 0.0385671
_11158_, 75.14, 233.92, 0.0385671
ANTENNA__06597__S, 75.14, 233.92, 0.0385671
FILLER_0_81_145, 75.14, 233.92, 0.0385671
FILLER_0_81_151, 75.14, 233.92, 0.0385671
_10998_, 95.14, 233.92, 0.0388643
_10999_, 95.14, 233.92, 0.0388643
_11591_, 95.14, 233.92, 0.0388643
_06590_, 105.14, 233.92, 0.0390625
_06593_, 105.14, 233.92, 0.0390625
_06594_, 105.14, 233.92, 0.0390625
_06951_, 105.14, 233.92, 0.0390625
_07002_, 105.14, 233.92, 0.0390625
_09694_, 125.14, 233.92, 0.0396211
_11342_, 125.14, 233.92, 0.0396211
FILLER_0_82_265, 125.14, 233.92, 0.0396211
_09579_, 135.14, 233.92, 0.039974
_09580_, 135.14, 233.92, 0.039974
ANTENNA__09579__B1, 135.14, 233.92, 0.039974
ANTENNA__09581__A, 135.14, 233.92, 0.039974
ANTENNA__09579__A2, 135.14, 233.92, 0.039974
ANTENNA__09580__B1, 135.14, 233.92, 0.039974
FILLER_0_81_271, 135.14, 233.92, 0.039974
FILLER_0_82_273, 135.14, 233.92, 0.039974
_09828_, 155.14, 233.92, 0.0409489
_09920_, 155.14, 233.92, 0.0409489
_09921_, 155.14, 233.92, 0.0409489
ANTENNA__09589__B, 155.14, 233.92, 0.0409489
ANTENNA__09588__A, 155.14, 233.92, 0.0409489
ANTENNA__09920__A, 155.14, 233.92, 0.0409489
FILLER_0_81_323, 155.14, 233.92, 0.0409489
FILLER_0_82_321, 155.14, 233.92, 0.0409489
FILLER_0_83_326, 155.14, 233.92, 0.0409489
_09923_, 165.14, 233.92, 0.0415584
_09924_, 165.14, 233.92, 0.0415584
_09967_, 165.14, 233.92, 0.0415584
_09968_, 165.14, 233.92, 0.0415584
ANTENNA__09827__B, 165.14, 233.92, 0.0415584
ANTENNA__09968__A1, 165.14, 233.92, 0.0415584
ANTENNA__09924__A, 165.14, 233.92, 0.0415584
FILLER_0_82_357, 165.14, 233.92, 0.0415584
_09759_, 185.14, 233.92, 0.0429894
_09790_, 185.14, 233.92, 0.0429894
_09818_, 185.14, 233.92, 0.0429894
_09898_, 185.14, 233.92, 0.0429894
ANTENNA__09918__A2, 185.14, 233.92, 0.0429894
FILLER_0_83_393, 185.14, 233.92, 0.0429894
_09835_, 195.14, 233.92, 0.0437704
_09899_, 195.14, 233.92, 0.0437704
_09900_, 195.14, 233.92, 0.0437704
ANTENNA__07130__A, 195.14, 233.92, 0.0437704
FILLER_0_81_407, 195.14, 233.92, 0.0437704
FILLER_0_82_403, 195.14, 233.92, 0.0437704
FILLER_0_82_413, 195.14, 233.92, 0.0437704
FILLER_0_82_421, 195.14, 233.92, 0.0437704
_07008_, 215.14, 233.92, 0.0453636
_07064_, 215.14, 233.92, 0.0453636
_07217_, 225.14, 233.92, 0.0461164
_07218_, 225.14, 233.92, 0.0461164
_07490_, 225.14, 233.92, 0.0461164
clkbuf_leaf_31_clk, 225.14, 233.92, 0.0461164
ANTENNA__07214__A2, 225.14, 233.92, 0.0461164
FILLER_0_82_470, 225.14, 233.92, 0.0461164
_07186_, 245.14, 233.92, 0.047634
_07188_, 245.14, 233.92, 0.047634
ANTENNA__06936__A1, 245.14, 233.92, 0.047634
ANTENNA__07186__A, 245.14, 233.92, 0.047634
ANTENNA__07214__B2, 245.14, 233.92, 0.047634
ANTENNA__07104__B, 245.14, 233.92, 0.047634
ANTENNA__07186__B, 245.14, 233.92, 0.047634
FILLER_0_82_521, 245.14, 233.92, 0.047634
FILLER_0_82_529, 245.14, 233.92, 0.047634
FILLER_0_83_529, 245.14, 233.92, 0.047634
_07184_, 255.14, 233.92, 0.0484322
_07189_, 255.14, 233.92, 0.0484322
_07274_, 255.14, 233.92, 0.0484322
ANTENNA__07099__B, 255.14, 233.92, 0.0484322
ANTENNA__07184__A, 255.14, 233.92, 0.0484322
FILLER_0_82_545, 255.14, 233.92, 0.0484322
FILLER_0_81_585, 275.14, 233.92, 0.0500295
FILLER_0_82_581, 275.14, 233.92, 0.0500295
FILLER_0_82_589, 275.14, 233.92, 0.0500295
_07305_, 285.14, 233.92, 0.0508545
FILLER_0_82_597, 285.14, 233.92, 0.0508545
_07804_, 305.14, 233.92, 0.0525387
_10123_, 305.14, 233.92, 0.0525387
_11334_, 305.14, 233.92, 0.0525387
FILLER_0_82_641, 305.14, 233.92, 0.0525387
FILLER_0_82_649, 305.14, 233.92, 0.0525387
_05797_, 315.14, 233.92, 0.0532636
hold450, 315.14, 233.92, 0.0532636
ANTENNA__11334__RESET_B, 315.14, 233.92, 0.0532636
FILLER_0_83_680, 315.14, 233.92, 0.0532636
_05802_, 335.14, 233.92, 0.0549035
FILLER_0_82_708, 335.14, 233.92, 0.0549035
FILLER_0_82_719, 335.14, 233.92, 0.0549035
FILLER_0_83_717, 335.14, 233.92, 0.0549035
FILLER_0_83_725, 335.14, 233.92, 0.0549035
_05803_, 345.14, 233.92, 0.0558145
_05805_, 345.14, 233.92, 0.0558145
_05841_, 345.14, 233.92, 0.0558145
_05842_, 345.14, 233.92, 0.0558145
_09190_, 345.14, 233.92, 0.0558145
_09194_, 345.14, 233.92, 0.0558145
FILLER_0_81_729, 345.14, 233.92, 0.0558145
FILLER_0_82_745, 345.14, 233.92, 0.0558145
_05857_, 365.14, 233.92, 0.0583676
_05858_, 365.14, 233.92, 0.0583676
_11308_, 365.14, 233.92, 0.0583676
ANTENNA__11308__RESET_B, 365.14, 233.92, 0.0583676
FILLER_0_81_774, 365.14, 233.92, 0.0583676
FILLER_0_82_777, 365.14, 233.92, 0.0583676
_09376_, 375.14, 233.92, 0.0600205
_09378_, 375.14, 233.92, 0.0600205
_09379_, 375.14, 233.92, 0.0600205
ANTENNA__09376__S, 375.14, 233.92, 0.0600205
_05863_, 395.66, 233.92, 0.0669601
output34, 395.66, 233.92, 0.0669601
ANTENNA__09288__A1, 395.66, 233.92, 0.0669601
FILLER_0_83_857, 395.66, 233.92, 0.0669601
_10692_, 5.52, 228.48, 0.0376065
PHY_158, 5.52, 228.48, 0.0376065
PHY_160, 5.52, 228.48, 0.0376065
FILLER_0_81_3, 5.52, 228.48, 0.0376065
PHY_159, 406.18, 228.48, 0.0574068
PHY_161, 406.18, 228.48, 0.0574068
ANTENNA__05868__B2, 406.18, 228.48, 0.0574068
_10742_, 15.33, 228.48, 0.0376055
hold135, 15.33, 228.48, 0.0376055
ANTENNA__10692__S, 15.33, 228.48, 0.0376055
FILLER_0_79_11, 15.33, 228.48, 0.0376055
FILLER_0_80_25, 15.33, 228.48, 0.0376055
_10641_, 35.14, 228.48, 0.0376366
_10642_, 35.14, 228.48, 0.0376366
_11393_, 35.14, 228.48, 0.0376366
hold119, 35.14, 228.48, 0.0376366
hold120, 35.14, 228.48, 0.0376366
_10542_, 45.14, 228.48, 0.0376605
_10592_, 45.14, 228.48, 0.0376605
hold372, 45.14, 228.48, 0.0376605
ANTENNA__11441__RESET_B, 45.14, 228.48, 0.0376605
FILLER_0_80_81, 45.14, 228.48, 0.0376605
FILLER_0_80_85, 45.14, 228.48, 0.0376605
ANTENNA__06308__B1, 65.14, 228.48, 0.0377656
FILLER_0_79_120, 65.14, 228.48, 0.0377656
FILLER_0_79_128, 65.14, 228.48, 0.0377656
FILLER_0_81_137, 65.14, 228.48, 0.0377656
_11113_, 75.14, 228.48, 0.0378496
_11647_, 75.14, 228.48, 0.0378496
hold133, 75.14, 228.48, 0.0378496
ANTENNA__06309__B2, 75.14, 228.48, 0.0378496
ANTENNA__06577__B2, 75.14, 228.48, 0.0378496
FILLER_0_79_144, 75.14, 228.48, 0.0378496
FILLER_0_80_141, 75.14, 228.48, 0.0378496
ANTENNA__11055__S, 95.14, 228.48, 0.0381136
ANTENNA__11591__RESET_B, 95.14, 228.48, 0.0381136
ANTENNA_clkbuf_leaf_16_clk_A, 95.14, 228.48, 0.0381136
FILLER_0_80_197, 95.14, 228.48, 0.0381136
_06952_, 105.14, 228.48, 0.0383007
_06953_, 105.14, 228.48, 0.0383007
_07003_, 105.14, 228.48, 0.0383007
ANTENNA__10998__S, 105.14, 228.48, 0.0383007
FILLER_0_80_208, 105.14, 228.48, 0.0383007
FILLER_0_81_219, 105.14, 228.48, 0.0383007
_10382_, 125.14, 228.48, 0.0388131
_10383_, 125.14, 228.48, 0.0388131
ANTENNA__10382__S, 125.14, 228.48, 0.0388131
FILLER_0_79_254, 125.14, 228.48, 0.0388131
FILLER_0_80_253, 125.14, 228.48, 0.0388131
_06777_, 135.14, 228.48, 0.0391702
_09583_, 135.14, 228.48, 0.0391702
_09584_, 135.14, 228.48, 0.0391702
_09639_, 135.14, 228.48, 0.0391702
_10385_, 135.14, 228.48, 0.0391702
ANTENNA__10385__B1, 135.14, 228.48, 0.0391702
ANTENNA__09579__A1, 135.14, 228.48, 0.0391702
ANTENNA__11344__RESET_B, 135.14, 228.48, 0.0391702
FILLER_0_81_289, 135.14, 228.48, 0.0391702
_09820_, 155.14, 228.48, 0.0401363
_09827_, 155.14, 228.48, 0.0401363
max_cap74, 155.14, 228.48, 0.0401363
ANTENNA_max_cap74_A, 155.14, 228.48, 0.0401363
ANTENNA__09827__A, 155.14, 228.48, 0.0401363
FILLER_0_80_325, 155.14, 228.48, 0.0401363
_09757_, 165.14, 228.48, 0.0407573
_09889_, 165.14, 228.48, 0.0407573
ANTENNA__09973__A2, 165.14, 228.48, 0.0407573
FILLER_0_80_348, 165.14, 228.48, 0.0407573
FILLER_0_81_353, 165.14, 228.48, 0.0407573
_09758_, 185.14, 228.48, 0.0421579
FILLER_0_79_382, 185.14, 228.48, 0.0421579
FILLER_0_81_399, 185.14, 228.48, 0.0421579
_09834_, 195.14, 228.48, 0.0429486
ANTENNA__07130__B, 195.14, 228.48, 0.0429486
FILLER_0_80_412, 195.14, 228.48, 0.0429486
FILLER_0_81_417, 195.14, 228.48, 0.0429486
FILLER_0_81_423, 195.14, 228.48, 0.0429486
_07489_, 215.14, 228.48, 0.044605
_10015_, 215.14, 228.48, 0.044605
ANTENNA__07489__B, 215.14, 228.48, 0.044605
_06980_, 225.14, 228.48, 0.0454687
_07065_, 225.14, 228.48, 0.0454687
_10018_, 225.14, 228.48, 0.0454687
ANTENNA__07489__A, 225.14, 228.48, 0.0454687
ANTENNA__07065__B, 225.14, 228.48, 0.0454687
ANTENNA__06980__A, 225.14, 228.48, 0.0454687
FILLER_0_80_470, 225.14, 228.48, 0.0454687
_07104_, 245.14, 228.48, 0.0471472
_07105_, 245.14, 228.48, 0.0471472
_07107_, 245.14, 228.48, 0.0471472
_07111_, 245.14, 228.48, 0.0471472
_07182_, 245.14, 228.48, 0.0471472
ANTENNA__07104__A, 245.14, 228.48, 0.0471472
ANTENNA__07106__A, 245.14, 228.48, 0.0471472
ANTENNA__07105__A, 245.14, 228.48, 0.0471472
ANTENNA__07105__B, 245.14, 228.48, 0.0471472
FILLER_0_81_528, 245.14, 228.48, 0.0471472
_07098_, 255.14, 228.48, 0.0480113
_07099_, 255.14, 228.48, 0.0480113
_07100_, 255.14, 228.48, 0.0480113
_07185_, 255.14, 228.48, 0.0480113
ANTENNA__07035__B2, 255.14, 228.48, 0.0480113
FILLER_0_80_540, 255.14, 228.48, 0.0480113
_07114_, 275.14, 228.48, 0.0498596
_07167_, 275.14, 228.48, 0.0498596
_07192_, 275.14, 228.48, 0.0498596
_07195_, 275.14, 228.48, 0.0498596
_07221_, 275.14, 228.48, 0.0498596
FILLER_0_80_583, 275.14, 228.48, 0.0498596
FILLER_0_80_594, 275.14, 228.48, 0.0498596
FILLER_0_81_593, 275.14, 228.48, 0.0498596
_07224_, 285.14, 228.48, 0.0507718
_07306_, 285.14, 228.48, 0.0507718
_07307_, 285.14, 228.48, 0.0507718
_07308_, 285.14, 228.48, 0.0507718
_07309_, 285.14, 228.48, 0.0507718
FILLER_0_80_609, 285.14, 228.48, 0.0507718
FILLER_0_80_615, 285.14, 228.48, 0.0507718
_10122_, 305.14, 228.48, 0.0521793
_10512_, 305.14, 228.48, 0.0521793
_10513_, 305.14, 228.48, 0.0521793
_11403_, 305.14, 228.48, 0.0521793
ANTENNA__10122__A1, 305.14, 228.48, 0.0521793
ANTENNA__10512__A1, 305.14, 228.48, 0.0521793
FILLER_0_80_641, 305.14, 228.48, 0.0521793
FILLER_0_80_645, 305.14, 228.48, 0.0521793
_05813_, 315.14, 228.48, 0.0528516
_05851_, 315.14, 228.48, 0.0528516
clkbuf_leaf_45_clk, 315.14, 228.48, 0.0528516
ANTENNA__10122__S, 315.14, 228.48, 0.0528516
ANTENNA__11403__RESET_B, 315.14, 228.48, 0.0528516
ANTENNA_clkbuf_leaf_45_clk_A, 315.14, 228.48, 0.0528516
FILLER_0_80_679, 315.14, 228.48, 0.0528516
FILLER_0_81_677, 315.14, 228.48, 0.0528516
_05817_, 335.14, 228.48, 0.0542122
_05818_, 335.14, 228.48, 0.0542122
_05819_, 335.14, 228.48, 0.0542122
FILLER_0_80_725, 335.14, 228.48, 0.0542122
_05807_, 345.14, 228.48, 0.0549063
_06721_, 345.14, 228.48, 0.0549063
_09189_, 345.14, 228.48, 0.0549063
_09191_, 345.14, 228.48, 0.0549063
hold7, 345.14, 228.48, 0.0549063
ANTENNA__06721__S, 345.14, 228.48, 0.0549063
ANTENNA__09191__A1, 345.14, 228.48, 0.0549063
ANTENNA__09190__B1_N, 345.14, 228.48, 0.0549063
_09104_, 365.14, 228.48, 0.0561914
_09377_, 365.14, 228.48, 0.0561914
FILLER_0_81_785, 365.14, 228.48, 0.0561914
_05809_, 375.14, 228.48, 0.0567956
_06153_, 375.14, 228.48, 0.0567956
_06154_, 375.14, 228.48, 0.0567956
_09375_, 375.14, 228.48, 0.0567956
ANTENNA__05809__A1, 375.14, 228.48, 0.0567956
ANTENNA__06153__A1, 375.14, 228.48, 0.0567956
FILLER_0_79_797, 375.14, 228.48, 0.0567956
FILLER_0_80_794, 375.14, 228.48, 0.0567956
FILLER_0_80_813, 375.14, 228.48, 0.0567956
_05868_, 395.66, 228.48, 0.0574068
_09286_, 395.66, 228.48, 0.0574068
rebuffer2, 395.66, 228.48, 0.0574068
ANTENNA__05866__B1, 395.66, 228.48, 0.0574068
FILLER_0_79_841, 395.66, 228.48, 0.0574068
FILLER_0_80_845, 395.66, 228.48, 0.0574068
_10743_, 5.52, 223.04, 0.0369665
_11514_, 5.52, 223.04, 0.0369665
PHY_154, 5.52, 223.04, 0.0369665
PHY_156, 5.52, 223.04, 0.0369665
FILLER_0_79_3, 5.52, 223.04, 0.0369665
PHY_155, 406.18, 223.04, 0.0570845
PHY_157, 406.18, 223.04, 0.0570845
ANTENNA__09282__S, 406.18, 223.04, 0.0570845
FILLER_0_78_863, 406.18, 223.04, 0.0570845
hold121, 15.33, 223.04, 0.0369618
ANTENNA__10742__S, 15.33, 223.04, 0.0369618
FILLER_0_78_23, 15.33, 223.04, 0.0369618
FILLER_0_79_28, 15.33, 223.04, 0.0369618
_11441_, 35.14, 223.04, 0.0369801
_11465_, 35.14, 223.04, 0.0369801
hold396, 35.14, 223.04, 0.0369801
ANTENNA__10690__S, 35.14, 223.04, 0.0369801
FILLER_0_77_57, 35.14, 223.04, 0.0369801
_10541_, 45.14, 223.04, 0.0369964
_10591_, 45.14, 223.04, 0.0369964
_11417_, 45.14, 223.04, 0.0369964
hold406, 45.14, 223.04, 0.0369964
ANTENNA__10591__S, 45.14, 223.04, 0.0369964
ANTENNA__11465__RESET_B, 45.14, 223.04, 0.0369964
ANTENNA_clkbuf_leaf_18_clk_A, 45.14, 223.04, 0.0369964
FILLER_0_78_79, 45.14, 223.04, 0.0369964
_06309_, 65.14, 223.04, 0.0370716
ANTENNA__10901__C1, 65.14, 223.04, 0.0370716
ANTENNA__10392__A, 65.14, 223.04, 0.0370716
ANTENNA__06577__B1, 65.14, 223.04, 0.0370716
FILLER_0_77_129, 65.14, 223.04, 0.0370716
FILLER_0_78_129, 65.14, 223.04, 0.0370716
_06233_, 75.14, 223.04, 0.0371305
_06577_, 75.14, 223.04, 0.0371305
_10392_, 75.14, 223.04, 0.0371305
_10394_, 75.14, 223.04, 0.0371305
_11345_, 75.14, 223.04, 0.0371305
_10997_, 95.14, 223.04, 0.0373296
_11590_, 95.14, 223.04, 0.0373296
hold206, 95.14, 223.04, 0.0373296
ANTENNA__11590__RESET_B, 95.14, 223.04, 0.0373296
FILLER_0_79_205, 95.14, 223.04, 0.0373296
_06578_, 105.14, 223.04, 0.0374776
_06579_, 105.14, 223.04, 0.0374776
_06592_, 105.14, 223.04, 0.0374776
ANTENNA__06952__B1, 105.14, 223.04, 0.0374776
ANTENNA__06953__A2, 105.14, 223.04, 0.0374776
FILLER_0_78_212, 105.14, 223.04, 0.0374776
_06775_, 125.14, 223.04, 0.0379595
_10384_, 125.14, 223.04, 0.0379595
ANTENNA__06776__A1, 125.14, 223.04, 0.0379595
ANTENNA__10386__A2, 125.14, 223.04, 0.0379595
ANTENNA__10384__B, 125.14, 223.04, 0.0379595
ANTENNA__06226__B, 125.14, 223.04, 0.0379595
FILLER_0_77_252, 125.14, 223.04, 0.0379595
FILLER_0_78_257, 125.14, 223.04, 0.0379595
FILLER_0_78_262, 125.14, 223.04, 0.0379595
FILLER_0_79_264, 125.14, 223.04, 0.0379595
_06773_, 135.14, 223.04, 0.0382992
_06774_, 135.14, 223.04, 0.0382992
_06861_, 135.14, 223.04, 0.0382992
FILLER_0_77_277, 135.14, 223.04, 0.0382992
_09756_, 155.14, 223.04, 0.0392927
_09791_, 155.14, 223.04, 0.0392927
FILLER_0_78_321, 155.14, 223.04, 0.0392927
FILLER_0_79_332, 155.14, 223.04, 0.0392927
_09819_, 165.14, 223.04, 0.0399435
ANTENNA__09471__A, 165.14, 223.04, 0.0399435
ANTENNA__09473__A1, 165.14, 223.04, 0.0399435
FILLER_0_77_337, 165.14, 223.04, 0.0399435
FILLER_0_78_357, 165.14, 223.04, 0.0399435
FILLER_0_79_351, 165.14, 223.04, 0.0399435
_09830_, 185.14, 223.04, 0.0414846
_09831_, 185.14, 223.04, 0.0414846
_09902_, 185.14, 223.04, 0.0414846
FILLER_0_78_399, 185.14, 223.04, 0.0414846
FILLER_0_79_393, 185.14, 223.04, 0.0414846
FILLER_0_79_399, 185.14, 223.04, 0.0414846
_07108_, 195.14, 223.04, 0.0423627
_09832_, 195.14, 223.04, 0.0423627
_09833_, 195.14, 223.04, 0.0423627
_09903_, 195.14, 223.04, 0.0423627
_09904_, 195.14, 223.04, 0.0423627
FILLER_0_78_416, 195.14, 223.04, 0.0423627
FILLER_0_78_421, 195.14, 223.04, 0.0423627
_09964_, 215.14, 223.04, 0.0442108
_10014_, 215.14, 223.04, 0.0442108
_10069_, 215.14, 223.04, 0.0442108
_10070_, 215.14, 223.04, 0.0442108
FILLER_0_77_452, 215.14, 223.04, 0.0442108
FILLER_0_78_447, 215.14, 223.04, 0.0442108
FILLER_0_79_459, 215.14, 223.04, 0.0442108
_10017_, 225.14, 223.04, 0.0450182
_10019_, 225.14, 223.04, 0.0450182
_11332_, 225.14, 223.04, 0.0450182
ANTENNA__10018__B1, 225.14, 223.04, 0.0450182
ANTENNA__11332__RESET_B, 225.14, 223.04, 0.0450182
FILLER_0_77_468, 225.14, 223.04, 0.0450182
FILLER_0_79_484, 225.14, 223.04, 0.0450182
_07183_, 245.14, 223.04, 0.046604
ANTENNA__07068__A1, 245.14, 223.04, 0.046604
ANTENNA__07035__A2, 245.14, 223.04, 0.046604
ANTENNA__07035__B1, 245.14, 223.04, 0.046604
ANTENNA__07110__B, 245.14, 223.04, 0.046604
FILLER_0_77_518, 245.14, 223.04, 0.046604
FILLER_0_78_520, 245.14, 223.04, 0.046604
_06981_, 255.14, 223.04, 0.0474649
_06983_, 255.14, 223.04, 0.0474649
_07035_, 255.14, 223.04, 0.0474649
_07145_, 255.14, 223.04, 0.0474649
ANTENNA__06981__A, 255.14, 223.04, 0.0474649
ANTENNA__06981__B, 255.14, 223.04, 0.0474649
_07222_, 275.14, 223.04, 0.0491896
_07223_, 275.14, 223.04, 0.0491896
FILLER_0_78_584, 275.14, 223.04, 0.0491896
FILLER_0_79_596, 275.14, 223.04, 0.0491896
_07225_, 285.14, 223.04, 0.0500554
FILLER_0_78_601, 285.14, 223.04, 0.0500554
FILLER_0_79_613, 285.14, 223.04, 0.0500554
FILLER_0_79_617, 285.14, 223.04, 0.0500554
_07477_, 305.14, 223.04, 0.0516822
ANTENNA__10512__A0, 305.14, 223.04, 0.0516822
ANTENNA__07477__B1, 305.14, 223.04, 0.0516822
ANTENNA__10512__S, 305.14, 223.04, 0.0516822
FILLER_0_78_645, 305.14, 223.04, 0.0516822
FILLER_0_79_662, 305.14, 223.04, 0.0516822
_10073_, 315.14, 223.04, 0.0524191
_11333_, 315.14, 223.04, 0.0524191
ANTENNA__10073__A1, 315.14, 223.04, 0.0524191
ANTENNA__07750__A1, 315.14, 223.04, 0.0524191
ANTENNA__10073__A2, 315.14, 223.04, 0.0524191
FILLER_0_77_668, 315.14, 223.04, 0.0524191
_09193_, 335.14, 223.04, 0.0538284
_11280_, 335.14, 223.04, 0.0538284
ANTENNA__11186__RESET_B, 335.14, 223.04, 0.0538284
FILLER_0_79_723, 335.14, 223.04, 0.0538284
_09192_, 345.14, 223.04, 0.054536
_11186_, 345.14, 223.04, 0.054536
FILLER_0_78_749, 345.14, 223.04, 0.054536
_06694_, 365.14, 223.04, 0.0558495
ANTENNA__11172__RESET_B, 365.14, 223.04, 0.0558495
FILLER_0_78_777, 365.14, 223.04, 0.0558495
_05810_, 375.14, 223.04, 0.0564647
_05829_, 375.14, 223.04, 0.0564647
_09374_, 375.14, 223.04, 0.0564647
FILLER_0_78_797, 375.14, 223.04, 0.0564647
_05866_, 395.66, 223.04, 0.0570845
_09282_, 395.66, 223.04, 0.0570845
_09283_, 395.66, 223.04, 0.0570845
_11294_, 395.66, 223.04, 0.0570845
ANTENNA__09280__B1, 395.66, 223.04, 0.0570845
ANTENNA__11294__RESET_B, 395.66, 223.04, 0.0570845
FILLER_0_79_858, 395.66, 223.04, 0.0570845
_11538_, 5.52, 217.6, 0.0363239
PHY_150, 5.52, 217.6, 0.0363239
PHY_152, 5.52, 217.6, 0.0363239
input5, 5.52, 217.6, 0.0363239
ANTENNA_input5_A, 5.52, 217.6, 0.0363239
FILLER_0_76_7, 5.52, 217.6, 0.0363239
PHY_151, 406.18, 217.6, 0.0644996
PHY_153, 406.18, 217.6, 0.0644996
FILLER_0_75_860, 406.18, 217.6, 0.0644996
_10791_, 15.33, 217.6, 0.0363196
_10792_, 15.33, 217.6, 0.0363196
_11513_, 15.33, 217.6, 0.0363196
ANTENNA__10791__S, 15.33, 217.6, 0.0363196
FILLER_0_76_19, 15.33, 217.6, 0.0363196
_10789_, 35.14, 217.6, 0.0363211
_10790_, 35.14, 217.6, 0.0363211
hold395, 35.14, 217.6, 0.0363211
ANTENNA__10641__S, 35.14, 217.6, 0.0363211
FILLER_0_77_73, 35.14, 217.6, 0.0363211
_11562_, 45.14, 217.6, 0.0363296
clkbuf_leaf_18_clk, 45.14, 217.6, 0.0363296
ANTENNA__11562__RESET_B, 45.14, 217.6, 0.0363296
FILLER_0_76_78, 45.14, 217.6, 0.0363296
FILLER_0_76_85, 45.14, 217.6, 0.0363296
_06238_, 65.14, 217.6, 0.0363575
_06246_, 65.14, 217.6, 0.0363575
_10899_, 65.14, 217.6, 0.0363575
_10900_, 65.14, 217.6, 0.0363575
ANTENNA__06246__B, 65.14, 217.6, 0.0363575
ANTENNA__10901__A2, 65.14, 217.6, 0.0363575
ANTENNA__06238__B, 65.14, 217.6, 0.0363575
FILLER_0_75_119, 65.14, 217.6, 0.0363575
FILLER_0_75_128, 65.14, 217.6, 0.0363575
FILLER_0_76_134, 65.14, 217.6, 0.0363575
FILLER_0_77_138, 65.14, 217.6, 0.0363575
_10393_, 75.14, 217.6, 0.0363913
hold465, 75.14, 217.6, 0.0363913
FILLER_0_76_141, 75.14, 217.6, 0.0363913
_10996_, 95.14, 217.6, 0.0365549
hold180, 95.14, 217.6, 0.0365549
ANTENNA__11053__S, 95.14, 217.6, 0.0365549
ANTENNA__11646__RESET_B, 95.14, 217.6, 0.0365549
_06580_, 105.14, 217.6, 0.0366839
_06591_, 105.14, 217.6, 0.0366839
_06908_, 105.14, 217.6, 0.0366839
_06910_, 105.14, 217.6, 0.0366839
ANTENNA__06910__A2, 105.14, 217.6, 0.0366839
ANTENNA__10996__S, 105.14, 217.6, 0.0366839
FILLER_0_75_210, 105.14, 217.6, 0.0366839
FILLER_0_76_210, 105.14, 217.6, 0.0366839
FILLER_0_76_220, 105.14, 217.6, 0.0366839
FILLER_0_76_226, 105.14, 217.6, 0.0366839
FILLER_0_77_225, 105.14, 217.6, 0.0366839
_10386_, 125.14, 217.6, 0.0371203
_11343_, 125.14, 217.6, 0.0371203
hold60, 125.14, 217.6, 0.0371203
ANTENNA__11343__RESET_B, 125.14, 217.6, 0.0371203
_06791_, 135.14, 217.6, 0.0374389
ANTENNA__06791__A, 135.14, 217.6, 0.0374389
ANTENNA__06791__B, 135.14, 217.6, 0.0374389
FILLER_0_75_275, 135.14, 217.6, 0.0374389
FILLER_0_75_281, 135.14, 217.6, 0.0374389
_09643_, 155.14, 217.6, 0.0384566
_09753_, 155.14, 217.6, 0.0384566
_09754_, 155.14, 217.6, 0.0384566
_09755_, 155.14, 217.6, 0.0384566
ANTENNA__06931__B1, 155.14, 217.6, 0.0384566
ANTENNA__09491__B, 155.14, 217.6, 0.0384566
FILLER_0_75_317, 155.14, 217.6, 0.0384566
_08752_, 165.14, 217.6, 0.0391401
_09471_, 165.14, 217.6, 0.0391401
_09472_, 165.14, 217.6, 0.0391401
_09473_, 165.14, 217.6, 0.0391401
_09888_, 165.14, 217.6, 0.0391401
ANTENNA__09473__B1, 165.14, 217.6, 0.0391401
ANTENNA__09471__B, 165.14, 217.6, 0.0391401
ANTENNA__09472__A, 165.14, 217.6, 0.0391401
FILLER_0_75_337, 165.14, 217.6, 0.0391401
FILLER_0_77_348, 165.14, 217.6, 0.0391401
_06863_, 185.14, 217.6, 0.0407224
_08109_, 185.14, 217.6, 0.0407224
FILLER_0_75_383, 185.14, 217.6, 0.0407224
FILLER_0_76_390, 185.14, 217.6, 0.0407224
_09847_, 195.14, 217.6, 0.0416141
ANTENNA__08109__B, 195.14, 217.6, 0.0416141
FILLER_0_76_414, 195.14, 217.6, 0.0416141
FILLER_0_76_421, 195.14, 217.6, 0.0416141
_09959_, 215.14, 217.6, 0.0434609
_09961_, 215.14, 217.6, 0.0434609
_10016_, 215.14, 217.6, 0.0434609
FILLER_0_75_449, 215.14, 217.6, 0.0434609
FILLER_0_76_451, 215.14, 217.6, 0.0434609
FILLER_0_76_460, 215.14, 217.6, 0.0434609
FILLER_0_77_460, 215.14, 217.6, 0.0434609
_09963_, 225.14, 217.6, 0.0443111
hold456, 225.14, 217.6, 0.0443111
ANTENNA__10019__B2, 225.14, 217.6, 0.0443111
FILLER_0_75_467, 225.14, 217.6, 0.0443111
FILLER_0_76_467, 225.14, 217.6, 0.0443111
FILLER_0_77_483, 225.14, 217.6, 0.0443111
_07101_, 245.14, 217.6, 0.0460183
ANTENNA__07035__A1, 245.14, 217.6, 0.0460183
ANTENNA__07039__B, 245.14, 217.6, 0.0460183
FILLER_0_75_513, 245.14, 217.6, 0.0460183
FILLER_0_76_521, 245.14, 217.6, 0.0460183
FILLER_0_77_526, 245.14, 217.6, 0.0460183
FILLER_0_77_531, 245.14, 217.6, 0.0460183
_07036_, 255.14, 217.6, 0.0469292
_07040_, 255.14, 217.6, 0.0469292
_07102_, 255.14, 217.6, 0.0469292
FILLER_0_76_533, 255.14, 217.6, 0.0469292
FILLER_0_77_549, 255.14, 217.6, 0.0469292
_07096_, 275.14, 217.6, 0.0487936
FILLER_0_76_581, 275.14, 217.6, 0.0487936
_07165_, 285.14, 217.6, 0.0497626
_07166_, 285.14, 217.6, 0.0497626
FILLER_0_75_604, 285.14, 217.6, 0.0497626
_07398_, 305.14, 217.6, 0.0517013
_07478_, 305.14, 217.6, 0.0517013
_11223_, 305.14, 217.6, 0.0517013
ANTENNA__07478__B2, 305.14, 217.6, 0.0517013
ANTENNA_clkbuf_leaf_48_clk_A, 305.14, 217.6, 0.0517013
FILLER_0_77_657, 305.14, 217.6, 0.0517013
_07750_, 315.14, 217.6, 0.052486
_07751_, 315.14, 217.6, 0.052486
_10072_, 315.14, 217.6, 0.052486
ANTENNA__10072__B, 315.14, 217.6, 0.052486
ANTENNA__07478__B1, 315.14, 217.6, 0.052486
_06722_, 335.14, 217.6, 0.0539229
ANTENNA__10395__A0, 335.14, 217.6, 0.0539229
FILLER_0_76_726, 335.14, 217.6, 0.0539229
FILLER_0_77_718, 335.14, 217.6, 0.0539229
_06690_, 345.14, 217.6, 0.0547931
_09102_, 345.14, 217.6, 0.0547931
_11266_, 345.14, 217.6, 0.0547931
ANTENNA__09192__S, 345.14, 217.6, 0.0547931
ANTENNA__11280__RESET_B, 345.14, 217.6, 0.0547931
ANTENNA__11266__RESET_B, 345.14, 217.6, 0.0547931
ANTENNA_clkbuf_leaf_44_clk_A, 345.14, 217.6, 0.0547931
FILLER_0_76_731, 345.14, 217.6, 0.0547931
FILLER_0_76_743, 345.14, 217.6, 0.0547931
_05821_, 365.14, 217.6, 0.0571626
_05822_, 365.14, 217.6, 0.0571626
_05823_, 365.14, 217.6, 0.0571626
_11172_, 365.14, 217.6, 0.0571626
ANTENNA__05823__B1, 365.14, 217.6, 0.0571626
ANTENNA__06693__S, 365.14, 217.6, 0.0571626
FILLER_0_75_781, 365.14, 217.6, 0.0571626
FILLER_0_76_813, 375.14, 217.6, 0.0586424
_05825_, 395.66, 217.6, 0.0644996
_09284_, 395.66, 217.6, 0.0644996
output33, 395.66, 217.6, 0.0644996
PHY_146, 5.52, 212.16, 0.035669
PHY_148, 5.52, 212.16, 0.035669
PHY_147, 406.18, 212.16, 0.0564482
PHY_149, 406.18, 212.16, 0.0564482
FILLER_0_73_865, 406.18, 212.16, 0.0564482
FILLER_0_74_865, 406.18, 212.16, 0.0564482
_10636_, 15.33, 212.16, 0.035669
_10637_, 15.33, 212.16, 0.035669
_11463_, 15.33, 212.16, 0.035669
hold361, 15.33, 212.16, 0.035669
ANTENNA__10636__S, 15.33, 212.16, 0.035669
FILLER_0_74_15, 15.33, 212.16, 0.035669
hold386, 35.14, 212.16, 0.0356537
ANTENNA__10789__S, 35.14, 212.16, 0.0356537
ANTENNA_clkbuf_leaf_19_clk_A, 35.14, 212.16, 0.0356537
FILLER_0_74_69, 35.14, 212.16, 0.0356537
_10895_, 45.14, 212.16, 0.0356431
_10896_, 45.14, 212.16, 0.0356431
hold40, 45.14, 212.16, 0.0356431
ANTENNA__10895__S, 45.14, 212.16, 0.0356431
FILLER_0_74_79, 45.14, 212.16, 0.0356431
FILLER_0_74_94, 45.14, 212.16, 0.0356431
FILLER_0_75_87, 45.14, 212.16, 0.0356431
_06247_, 65.14, 212.16, 0.0356472
_06249_, 65.14, 212.16, 0.0356472
_06250_, 65.14, 212.16, 0.0356472
ANTENNA__06237__B, 65.14, 212.16, 0.0356472
ANTENNA__10489__S, 65.14, 212.16, 0.0356472
ANTENNA__06237__A, 65.14, 212.16, 0.0356472
FILLER_0_75_133, 65.14, 212.16, 0.0356472
_06236_, 75.14, 212.16, 0.0356614
_06251_, 75.14, 212.16, 0.0356614
_06585_, 75.14, 212.16, 0.0356614
ANTENNA__06251__B1, 75.14, 212.16, 0.0356614
ANTENNA__06275__B1, 75.14, 212.16, 0.0356614
FILLER_0_73_144, 75.14, 212.16, 0.0356614
FILLER_0_74_152, 75.14, 212.16, 0.0356614
FILLER_0_74_161, 75.14, 212.16, 0.0356614
FILLER_0_75_152, 75.14, 212.16, 0.0356614
_06587_, 95.14, 212.16, 0.0357744
_06588_, 95.14, 212.16, 0.0357744
_11110_, 95.14, 212.16, 0.0357744
ANTENNA__11110__S, 95.14, 212.16, 0.0357744
ANTENNA__11618__RESET_B, 95.14, 212.16, 0.0357744
FILLER_0_75_202, 95.14, 212.16, 0.0357744
_06583_, 105.14, 212.16, 0.0358763
_06584_, 105.14, 212.16, 0.0358763
_06586_, 105.14, 212.16, 0.0358763
_06907_, 105.14, 212.16, 0.0358763
_06909_, 105.14, 212.16, 0.0358763
_06950_, 105.14, 212.16, 0.0358763
hold147, 105.14, 212.16, 0.0358763
ANTENNA__06587__S, 105.14, 212.16, 0.0358763
_06790_, 125.14, 212.16, 0.0362757
_11102_, 125.14, 212.16, 0.0362757
hold410, 125.14, 212.16, 0.0362757
ANTENNA__11102__S, 125.14, 212.16, 0.0362757
FILLER_0_74_257, 125.14, 212.16, 0.0362757
_09640_, 135.14, 212.16, 0.0365904
_09682_, 135.14, 212.16, 0.0365904
_09696_, 135.14, 212.16, 0.0365904
hold345, 135.14, 212.16, 0.0365904
FILLER_0_73_281, 135.14, 212.16, 0.0365904
_09491_, 155.14, 212.16, 0.0375903
_09555_, 155.14, 212.16, 0.0375903
_09644_, 155.14, 212.16, 0.0375903
ANTENNA__09753__A2, 155.14, 212.16, 0.0375903
ANTENNA__09753__A1, 155.14, 212.16, 0.0375903
FILLER_0_74_333, 155.14, 212.16, 0.0375903
_09821_, 165.14, 212.16, 0.0382967
_09922_, 165.14, 212.16, 0.0382967
ANTENNA__09922__A1, 165.14, 212.16, 0.0382967
ANTENNA__09922__A2, 165.14, 212.16, 0.0382967
FILLER_0_74_355, 165.14, 212.16, 0.0382967
_09706_, 185.14, 212.16, 0.0399621
_09708_, 185.14, 212.16, 0.0399621
_09761_, 185.14, 212.16, 0.0399621
FILLER_0_73_387, 185.14, 212.16, 0.0399621
_09768_, 195.14, 212.16, 0.0408797
_09769_, 195.14, 212.16, 0.0408797
_09789_, 195.14, 212.16, 0.0408797
_09836_, 195.14, 212.16, 0.0408797
FILLER_0_74_414, 195.14, 212.16, 0.0408797
_09909_, 215.14, 212.16, 0.042778
_09911_, 215.14, 212.16, 0.042778
_09962_, 215.14, 212.16, 0.042778
ANTENNA__09962__B1, 215.14, 212.16, 0.042778
FILLER_0_74_453, 215.14, 212.16, 0.042778
_11331_, 225.14, 212.16, 0.0436604
hold472, 225.14, 212.16, 0.0436604
ANTENNA__06864__A, 225.14, 212.16, 0.0436604
ANTENNA__06864__B, 225.14, 212.16, 0.0436604
ANTENNA__09963__A2, 225.14, 212.16, 0.0436604
ANTENNA__11331__RESET_B, 225.14, 212.16, 0.0436604
FILLER_0_74_469, 225.14, 212.16, 0.0436604
FILLER_0_75_482, 225.14, 212.16, 0.0436604
_07010_, 245.14, 212.16, 0.0454979
_07037_, 245.14, 212.16, 0.0454979
_07038_, 245.14, 212.16, 0.0454979
_07039_, 245.14, 212.16, 0.0454979
ANTENNA__07037__A, 245.14, 212.16, 0.0454979
ANTENNA__07037__B, 245.14, 212.16, 0.0454979
FILLER_0_74_512, 245.14, 212.16, 0.0454979
_07041_, 255.14, 212.16, 0.0464374
FILLER_0_75_543, 255.14, 212.16, 0.0464374
_07115_, 275.14, 212.16, 0.0483956
_07148_, 275.14, 212.16, 0.0483956
_07149_, 275.14, 212.16, 0.0483956
_07228_, 275.14, 212.16, 0.0483956
FILLER_0_74_583, 275.14, 212.16, 0.0483956
_07151_, 285.14, 212.16, 0.0493587
_07226_, 285.14, 212.16, 0.0493587
_07227_, 285.14, 212.16, 0.0493587
FILLER_0_73_597, 285.14, 212.16, 0.0493587
FILLER_0_74_607, 285.14, 212.16, 0.0493587
_07399_, 305.14, 212.16, 0.0510085
_07400_, 305.14, 212.16, 0.0510085
clkbuf_leaf_48_clk, 305.14, 212.16, 0.0510085
ANTENNA__07400__B1, 305.14, 212.16, 0.0510085
FILLER_0_74_645, 305.14, 212.16, 0.0510085
_11227_, 315.14, 212.16, 0.0517319
ANTENNA__07750__S, 315.14, 212.16, 0.0517319
ANTENNA__11223__RESET_B, 315.14, 212.16, 0.0517319
FILLER_0_73_667, 315.14, 212.16, 0.0517319
FILLER_0_73_673, 315.14, 212.16, 0.0517319
_05774_, 335.14, 212.16, 0.0531725
_09094_, 335.14, 212.16, 0.0531725
_11265_, 335.14, 212.16, 0.0531725
ANTENNA__06690__S, 335.14, 212.16, 0.0531725
FILLER_0_73_707, 335.14, 212.16, 0.0531725
FILLER_0_75_719, 335.14, 212.16, 0.0531725
_09101_, 345.14, 212.16, 0.053902
_11171_, 345.14, 212.16, 0.053902
clkbuf_leaf_44_clk, 345.14, 212.16, 0.053902
_11307_, 365.14, 212.16, 0.0552265
ANTENNA__09100__A1, 365.14, 212.16, 0.0552265
ANTENNA__11307__RESET_B, 365.14, 212.16, 0.0552265
FILLER_0_73_774, 365.14, 212.16, 0.0552265
FILLER_0_74_775, 365.14, 212.16, 0.0552265
_06144_, 375.14, 212.16, 0.055842
_09370_, 375.14, 212.16, 0.055842
_09372_, 375.14, 212.16, 0.055842
_09373_, 375.14, 212.16, 0.055842
FILLER_0_74_813, 375.14, 212.16, 0.055842
_09279_, 395.66, 212.16, 0.0564482
_09281_, 395.66, 212.16, 0.0564482
ANTENNA__09281__A1, 395.66, 212.16, 0.0564482
FILLER_0_74_842, 395.66, 212.16, 0.0564482
FILLER_0_74_857, 395.66, 212.16, 0.0564482
_11487_, 5.52, 206.72, 0.0350031
PHY_142, 5.52, 206.72, 0.0350031
PHY_144, 5.52, 206.72, 0.0350031
FILLER_0_73_3, 5.52, 206.72, 0.0350031
PHY_143, 406.18, 206.72, 0.069726
PHY_145, 406.18, 206.72, 0.069726
ANTENNA__05828__B2, 406.18, 206.72, 0.069726
FILLER_0_72_861, 406.18, 206.72, 0.069726
_10686_, 15.33, 206.72, 0.0349996
hold340, 15.33, 206.72, 0.0349996
FILLER_0_72_23, 15.33, 206.72, 0.0349996
_10485_, 35.14, 206.72, 0.0349727
_10537_, 35.14, 206.72, 0.0349727
_11561_, 35.14, 206.72, 0.0349727
FILLER_0_72_66, 35.14, 206.72, 0.0349727
FILLER_0_73_65, 35.14, 206.72, 0.0349727
_10486_, 45.14, 206.72, 0.0349461
_11392_, 45.14, 206.72, 0.0349461
hold373, 45.14, 206.72, 0.0349461
ANTENNA__11561__RESET_B, 45.14, 206.72, 0.0349461
FILLER_0_72_81, 45.14, 206.72, 0.0349461
_06237_, 65.14, 206.72, 0.0348988
_06239_, 65.14, 206.72, 0.0348988
_10891_, 65.14, 206.72, 0.0348988
_10892_, 65.14, 206.72, 0.0348988
_10893_, 65.14, 206.72, 0.0348988
ANTENNA__06247__A2, 65.14, 206.72, 0.0348988
FILLER_0_71_125, 65.14, 206.72, 0.0348988
FILLER_0_72_137, 65.14, 206.72, 0.0348988
_06275_, 75.14, 206.72, 0.0348809
_06565_, 75.14, 206.72, 0.0348809
_06566_, 75.14, 206.72, 0.0348809
_11155_, 75.14, 206.72, 0.0348809
clkbuf_leaf_17_clk, 75.14, 206.72, 0.0348809
ANTENNA__06566__A2, 75.14, 206.72, 0.0348809
ANTENNA__06585__A, 75.14, 206.72, 0.0348809
ANTENNA__06239__B, 75.14, 206.72, 0.0348809
ANTENNA_clkbuf_leaf_17_clk_A, 75.14, 206.72, 0.0348809
FILLER_0_72_141, 75.14, 206.72, 0.0348809
hold25, 95.14, 206.72, 0.0348793
ANTENNA__11157__RESET_B, 95.14, 206.72, 0.0348793
FILLER_0_72_193, 95.14, 206.72, 0.0348793
_06567_, 105.14, 206.72, 0.0349205
_06568_, 105.14, 206.72, 0.0349205
_06581_, 105.14, 206.72, 0.0349205
_06582_, 105.14, 206.72, 0.0349205
_06906_, 105.14, 206.72, 0.0349205
ANTENNA__06586__A1, 105.14, 206.72, 0.0349205
ANTENNA__06909__B1, 105.14, 206.72, 0.0349205
FILLER_0_71_206, 105.14, 206.72, 0.0349205
FILLER_0_72_209, 105.14, 206.72, 0.0349205
FILLER_0_72_225, 105.14, 206.72, 0.0349205
FILLER_0_73_218, 105.14, 206.72, 0.0349205
_11046_, 125.14, 206.72, 0.0352265
_11103_, 125.14, 206.72, 0.0352265
_11614_, 125.14, 206.72, 0.0352265
_11642_, 125.14, 206.72, 0.0352265
FILLER_0_71_257, 125.14, 206.72, 0.0352265
_06887_, 135.14, 206.72, 0.035493
_11045_, 135.14, 206.72, 0.035493
hold344, 135.14, 206.72, 0.035493
ANTENNA__06931__A1, 135.14, 206.72, 0.035493
FILLER_0_72_290, 135.14, 206.72, 0.035493
_09556_, 155.14, 206.72, 0.0365304
_09645_, 155.14, 206.72, 0.0365304
_09886_, 155.14, 206.72, 0.0365304
_09887_, 155.14, 206.72, 0.0365304
ANTENNA__09887__A3, 155.14, 206.72, 0.0365304
ANTENNA__09887__A1, 155.14, 206.72, 0.0365304
FILLER_0_73_333, 155.14, 206.72, 0.0365304
_09699_, 165.14, 206.72, 0.0372865
_09700_, 165.14, 206.72, 0.0372865
_09751_, 165.14, 206.72, 0.0372865
ANTENNA__09498__A, 165.14, 206.72, 0.0372865
ANTENNA__09556__A2, 165.14, 206.72, 0.0372865
ANTENNA__09887__A2, 165.14, 206.72, 0.0372865
ANTENNA__09556__B2, 165.14, 206.72, 0.0372865
ANTENNA__09556__A1, 165.14, 206.72, 0.0372865
ANTENNA__09702__A1, 165.14, 206.72, 0.0372865
ANTENNA__09701__A, 165.14, 206.72, 0.0372865
FILLER_0_72_347, 165.14, 206.72, 0.0372865
_09760_, 185.14, 206.72, 0.0390499
_09762_, 185.14, 206.72, 0.0390499
_09763_, 185.14, 206.72, 0.0390499
_09767_, 185.14, 206.72, 0.0390499
ANTENNA__09823__A2, 185.14, 206.72, 0.0390499
_09764_, 195.14, 206.72, 0.0400428
_09765_, 195.14, 206.72, 0.0400428
_09766_, 195.14, 206.72, 0.0400428
_09770_, 195.14, 206.72, 0.0400428
_09771_, 195.14, 206.72, 0.0400428
FILLER_0_72_412, 195.14, 206.72, 0.0400428
FILLER_0_73_421, 195.14, 206.72, 0.0400428
_06864_, 215.14, 206.72, 0.0421027
_09908_, 215.14, 206.72, 0.0421027
_09913_, 215.14, 206.72, 0.0421027
_09960_, 215.14, 206.72, 0.0421027
ANTENNA__09788__A, 215.14, 206.72, 0.0421027
ANTENNA__06835__A, 215.14, 206.72, 0.0421027
FILLER_0_71_455, 215.14, 206.72, 0.0421027
FILLER_0_72_450, 215.14, 206.72, 0.0421027
_06835_, 225.14, 206.72, 0.0430201
_06865_, 225.14, 206.72, 0.0430201
_07011_, 225.14, 206.72, 0.0430201
ANTENNA__06835__B, 225.14, 206.72, 0.0430201
ANTENNA__06865__A, 225.14, 206.72, 0.0430201
ANTENNA__06865__B, 225.14, 206.72, 0.0430201
ANTENNA__07013__A2, 225.14, 206.72, 0.0430201
FILLER_0_72_473, 225.14, 206.72, 0.0430201
FILLER_0_73_478, 225.14, 206.72, 0.0430201
ANTENNA__07009__A, 245.14, 206.72, 0.0448892
ANTENNA__06985__A, 245.14, 206.72, 0.0448892
ANTENNA__06984__A1, 245.14, 206.72, 0.0448892
ANTENNA__06985__B, 245.14, 206.72, 0.0448892
ANTENNA__06984__B1, 245.14, 206.72, 0.0448892
FILLER_0_72_517, 245.14, 206.72, 0.0448892
FILLER_0_72_523, 245.14, 206.72, 0.0448892
_06809_, 255.14, 206.72, 0.0458591
_06986_, 255.14, 206.72, 0.0458591
max_cap66, 255.14, 206.72, 0.0458591
ANTENNA__06809__A, 255.14, 206.72, 0.0458591
FILLER_0_71_542, 255.14, 206.72, 0.0458591
_07044_, 275.14, 206.72, 0.0478122
_07152_, 275.14, 206.72, 0.0478122
FILLER_0_72_577, 275.14, 206.72, 0.0478122
FILLER_0_72_585, 275.14, 206.72, 0.0478122
_07150_, 285.14, 206.72, 0.0487878
_07153_, 285.14, 206.72, 0.0487878
_07154_, 285.14, 206.72, 0.0487878
_07155_, 285.14, 206.72, 0.0487878
FILLER_0_71_603, 285.14, 206.72, 0.0487878
FILLER_0_72_601, 285.14, 206.72, 0.0487878
FILLER_0_73_613, 285.14, 206.72, 0.0487878
_07401_, 305.14, 206.72, 0.0506417
_11222_, 305.14, 206.72, 0.0506417
ANTENNA__07401__B2, 305.14, 206.72, 0.0506417
FILLER_0_71_642, 305.14, 206.72, 0.0506417
_05734_, 315.14, 206.72, 0.0514835
_05735_, 315.14, 206.72, 0.0514835
ANTENNA__05735__B, 315.14, 206.72, 0.0514835
ANTENNA__05734__A_N, 315.14, 206.72, 0.0514835
FILLER_0_72_671, 315.14, 206.72, 0.0514835
_09095_, 335.14, 206.72, 0.0534082
ANTENNA__11171__RESET_B, 335.14, 206.72, 0.0534082
FILLER_0_72_725, 335.14, 206.72, 0.0534082
FILLER_0_73_723, 335.14, 206.72, 0.0534082
_06691_, 345.14, 206.72, 0.0544901
ANTENNA__09101__S, 345.14, 206.72, 0.0544901
ANTENNA__11265__RESET_B, 345.14, 206.72, 0.0544901
FILLER_0_72_745, 345.14, 206.72, 0.0544901
_05781_, 365.14, 206.72, 0.0577615
_05782_, 365.14, 206.72, 0.0577615
_05783_, 365.14, 206.72, 0.0577615
_09371_, 365.14, 206.72, 0.0577615
ANTENNA__06143__A1, 365.14, 206.72, 0.0577615
FILLER_0_72_781, 365.14, 206.72, 0.0577615
FILLER_0_72_792, 365.14, 206.72, 0.0577615
FILLER_0_73_785, 365.14, 206.72, 0.0577615
_09368_, 375.14, 206.72, 0.0599324
_09369_, 375.14, 206.72, 0.0599324
ANTENNA__09370__S, 375.14, 206.72, 0.0599324
FILLER_0_71_798, 375.14, 206.72, 0.0599324
_05793_, 395.66, 206.72, 0.069726
_05826_, 395.66, 206.72, 0.069726
_05827_, 395.66, 206.72, 0.069726
_05828_, 395.66, 206.72, 0.069726
_09278_, 395.66, 206.72, 0.069726
output32, 395.66, 206.72, 0.069726
ANTENNA__05826__B1, 395.66, 206.72, 0.069726
FILLER_0_71_837, 395.66, 206.72, 0.069726
_10687_, 5.52, 201.28, 0.0343399
_11511_, 5.52, 201.28, 0.0343399
PHY_138, 5.52, 201.28, 0.0343399
PHY_140, 5.52, 201.28, 0.0343399
FILLER_0_71_3, 5.52, 201.28, 0.0343399
PHY_139, 406.18, 201.28, 0.0561874
PHY_141, 406.18, 201.28, 0.0561874
ANTENNA__06116__A, 406.18, 201.28, 0.0561874
FILLER_0_69_865, 406.18, 201.28, 0.0561874
_10736_, 15.33, 201.28, 0.0343359
_10737_, 15.33, 201.28, 0.0343359
hold312, 15.33, 201.28, 0.0343359
hold313, 15.33, 201.28, 0.0343359
ANTENNA__10686__S, 15.33, 201.28, 0.0343359
FILLER_0_69_14, 15.33, 201.28, 0.0343359
FILLER_0_71_30, 15.33, 201.28, 0.0343359
_11389_, 35.14, 201.28, 0.0342876
_11390_, 35.14, 201.28, 0.0342876
ANTENNA__10537__S, 35.14, 201.28, 0.0342876
FILLER_0_70_68, 35.14, 201.28, 0.0342876
FILLER_0_71_66, 35.14, 201.28, 0.0342876
_10739_, 45.14, 201.28, 0.0342329
_10788_, 45.14, 201.28, 0.0342329
hold102, 45.14, 201.28, 0.0342329
ANTENNA__10485__S, 45.14, 201.28, 0.0342329
FILLER_0_69_85, 45.14, 201.28, 0.0342329
FILLER_0_70_80, 45.14, 201.28, 0.0342329
_06240_, 65.14, 201.28, 0.034109
ANTENNA__11560__RESET_B, 65.14, 201.28, 0.034109
FILLER_0_70_134, 65.14, 201.28, 0.034109
FILLER_0_71_131, 65.14, 201.28, 0.034109
_06276_, 75.14, 201.28, 0.0340407
_06564_, 75.14, 201.28, 0.0340407
FILLER_0_70_153, 75.14, 201.28, 0.0340407
_11049_, 95.14, 201.28, 0.0339565
_11050_, 95.14, 201.28, 0.0339565
_11616_, 95.14, 201.28, 0.0339565
ANTENNA__11049__S, 95.14, 201.28, 0.0339565
ANTENNA__11616__RESET_B, 95.14, 201.28, 0.0339565
FILLER_0_70_201, 95.14, 201.28, 0.0339565
_06562_, 105.14, 201.28, 0.0339427
_06569_, 105.14, 201.28, 0.0339427
_06855_, 105.14, 201.28, 0.0339427
_06856_, 105.14, 201.28, 0.0339427
FILLER_0_70_218, 105.14, 201.28, 0.0339427
clkbuf_leaf_13_clk, 125.14, 201.28, 0.0341389
ANTENNA__06548__A2, 125.14, 201.28, 0.0341389
ANTENNA__11614__RESET_B, 125.14, 201.28, 0.0341389
ANTENNA_clkbuf_leaf_13_clk_A, 125.14, 201.28, 0.0341389
FILLER_0_69_252, 125.14, 201.28, 0.0341389
FILLER_0_69_257, 125.14, 201.28, 0.0341389
_09558_, 135.14, 201.28, 0.0343493
_09593_, 135.14, 201.28, 0.0343493
_10987_, 135.14, 201.28, 0.0343493
_10988_, 135.14, 201.28, 0.0343493
ANTENNA__10987__S, 135.14, 201.28, 0.0343493
ANTENNA__11045__S, 135.14, 201.28, 0.0343493
ANTENNA__06546__A, 135.14, 201.28, 0.0343493
FILLER_0_71_285, 135.14, 201.28, 0.0343493
FILLER_0_71_291, 135.14, 201.28, 0.0343493
_08410_, 155.14, 201.28, 0.035377
_09469_, 155.14, 201.28, 0.035377
_09526_, 155.14, 201.28, 0.035377
_09557_, 155.14, 201.28, 0.035377
ANTENNA__08410__A, 155.14, 201.28, 0.035377
ANTENNA__09469__C, 155.14, 201.28, 0.035377
ANTENNA__09698__A1, 155.14, 201.28, 0.035377
ANTENNA__09886__A2, 155.14, 201.28, 0.035377
FILLER_0_69_315, 155.14, 201.28, 0.035377
FILLER_0_70_333, 155.14, 201.28, 0.035377
FILLER_0_71_333, 155.14, 201.28, 0.035377
_09499_, 165.14, 201.28, 0.0361874
_09527_, 165.14, 201.28, 0.0361874
_09599_, 165.14, 201.28, 0.0361874
_09600_, 165.14, 201.28, 0.0361874
_09698_, 165.14, 201.28, 0.0361874
ANTENNA__09751__A1, 165.14, 201.28, 0.0361874
_09648_, 185.14, 201.28, 0.0380346
_09709_, 185.14, 201.28, 0.0380346
ANTENNA__09762__A, 185.14, 201.28, 0.0380346
ANTENNA__09762__B, 185.14, 201.28, 0.0380346
FILLER_0_69_380, 185.14, 201.28, 0.0380346
FILLER_0_71_397, 185.14, 201.28, 0.0380346
_09710_, 195.14, 201.28, 0.0390749
_06963_, 215.14, 201.28, 0.0412004
_07169_, 215.14, 201.28, 0.0412004
ANTENNA__07011__A1, 215.14, 201.28, 0.0412004
FILLER_0_69_449, 215.14, 201.28, 0.0412004
_06836_, 225.14, 201.28, 0.0422702
_06838_, 225.14, 201.28, 0.0422702
_06915_, 225.14, 201.28, 0.0422702
ANTENNA__07011__A2, 225.14, 201.28, 0.0422702
FILLER_0_69_473, 225.14, 201.28, 0.0422702
_06916_, 245.14, 201.28, 0.0443499
_06967_, 245.14, 201.28, 0.0443499
_06984_, 245.14, 201.28, 0.0443499
_06985_, 245.14, 201.28, 0.0443499
_06993_, 245.14, 201.28, 0.0443499
ANTENNA__06916__A, 245.14, 201.28, 0.0443499
ANTENNA__06984__A2, 245.14, 201.28, 0.0443499
ANTENNA__06916__B, 245.14, 201.28, 0.0443499
_06987_, 255.14, 201.28, 0.0453818
_06988_, 255.14, 201.28, 0.0453818
_07046_, 255.14, 201.28, 0.0453818
_07073_, 255.14, 201.28, 0.0453818
_07074_, 255.14, 201.28, 0.0453818
ANTENNA__06984__B2, 255.14, 201.28, 0.0453818
ANTENNA__06965__B, 255.14, 201.28, 0.0453818
_07076_, 275.14, 201.28, 0.0474384
_07077_, 275.14, 201.28, 0.0474384
FILLER_0_70_589, 275.14, 201.28, 0.0474384
_07078_, 285.14, 201.28, 0.0484664
_07156_, 285.14, 201.28, 0.0484664
_07157_, 285.14, 201.28, 0.0484664
FILLER_0_71_617, 285.14, 201.28, 0.0484664
_07316_, 305.14, 201.28, 0.0502737
_07317_, 305.14, 201.28, 0.0502737
_11221_, 305.14, 201.28, 0.0502737
hold471, 305.14, 201.28, 0.0502737
ANTENNA__07317__A2, 305.14, 201.28, 0.0502737
ANTENNA__07316__A, 305.14, 201.28, 0.0502737
FILLER_0_70_656, 305.14, 201.28, 0.0502737
_05690_, 315.14, 201.28, 0.0510339
_05691_, 315.14, 201.28, 0.0510339
ANTENNA__05691__B_N, 315.14, 201.28, 0.0510339
ANTENNA__05690__A_N, 315.14, 201.28, 0.0510339
ANTENNA__11222__RESET_B, 315.14, 201.28, 0.0510339
FILLER_0_71_681, 315.14, 201.28, 0.0510339
_11185_, 335.14, 201.28, 0.0525764
FILLER_0_71_721, 335.14, 201.28, 0.0525764
_11264_, 345.14, 201.28, 0.0533552
ANTENNA__09092__S, 345.14, 201.28, 0.0533552
ANTENNA__11185__RESET_B, 345.14, 201.28, 0.0533552
FILLER_0_70_740, 345.14, 201.28, 0.0533552
_05741_, 365.14, 201.28, 0.0548188
_05766_, 365.14, 201.28, 0.0548188
_06143_, 365.14, 201.28, 0.0548188
_06689_, 365.14, 201.28, 0.0548188
ANTENNA__05783__B1, 365.14, 201.28, 0.0548188
ANTENNA__05766__A1, 365.14, 201.28, 0.0548188
FILLER_0_69_781, 365.14, 201.28, 0.0548188
FILLER_0_70_780, 365.14, 201.28, 0.0548188
FILLER_0_71_789, 365.14, 201.28, 0.0548188
_05767_, 375.14, 201.28, 0.0554946
_05794_, 375.14, 201.28, 0.0554946
ANTENNA__09368__B1, 375.14, 201.28, 0.0554946
FILLER_0_70_797, 375.14, 201.28, 0.0554946
FILLER_0_70_813, 375.14, 201.28, 0.0554946
_05558_, 395.66, 201.28, 0.0561874
_05785_, 395.66, 201.28, 0.0561874
_06116_, 395.66, 201.28, 0.0561874
PHY_134, 5.52, 195.84, 0.0336648
PHY_136, 5.52, 195.84, 0.0336648
input4, 5.52, 195.84, 0.0336648
ANTENNA_input4_A, 5.52, 195.84, 0.0336648
PHY_135, 406.18, 195.84, 0.056003
PHY_137, 406.18, 195.84, 0.056003
FILLER_0_67_863, 406.18, 195.84, 0.056003
FILLER_0_68_862, 406.18, 195.84, 0.056003
_11535_, 15.33, 195.84, 0.0336644
ANTENNA__10736__S, 15.33, 195.84, 0.0336644
ANTENNA__11462__RESET_B, 15.33, 195.84, 0.0336644
FILLER_0_68_15, 15.33, 195.84, 0.0336644
FILLER_0_68_23, 15.33, 195.84, 0.0336644
FILLER_0_68_29, 15.33, 195.84, 0.0336644
_10483_, 35.14, 195.84, 0.0335924
_10535_, 35.14, 195.84, 0.0335924
hold245, 35.14, 195.84, 0.0335924
ANTENNA__10535__S, 35.14, 195.84, 0.0335924
ANTENNA__10483__A0, 35.14, 195.84, 0.0335924
_10738_, 45.14, 195.84, 0.0335212
_11536_, 45.14, 195.84, 0.0335212
ANTENNA__10483__S, 45.14, 195.84, 0.0335212
ANTENNA__11536__RESET_B, 45.14, 195.84, 0.0335212
FILLER_0_68_85, 45.14, 195.84, 0.0335212
_06241_, 65.14, 195.84, 0.0333356
_06243_, 65.14, 195.84, 0.0333356
_06273_, 65.14, 195.84, 0.0333356
_10887_, 65.14, 195.84, 0.0333356
_10888_, 65.14, 195.84, 0.0333356
ANTENNA__06243__A2, 65.14, 195.84, 0.0333356
ANTENNA__06235__C, 65.14, 195.84, 0.0333356
ANTENNA__10887__A2, 65.14, 195.84, 0.0333356
ANTENNA__10889__S, 65.14, 195.84, 0.0333356
FILLER_0_68_129, 65.14, 195.84, 0.0333356
_06274_, 75.14, 195.84, 0.0332212
_06300_, 75.14, 195.84, 0.0332212
_06563_, 75.14, 195.84, 0.0332212
wire73, 75.14, 195.84, 0.0332212
FILLER_0_67_141, 75.14, 195.84, 0.0332212
FILLER_0_68_150, 75.14, 195.84, 0.0332212
_06573_, 95.14, 195.84, 0.0330311
_10991_, 95.14, 195.84, 0.0330311
hold24, 95.14, 195.84, 0.0330311
hold126, 95.14, 195.84, 0.0330311
ANTENNA__06575__A2, 95.14, 195.84, 0.0330311
ANTENNA__10991__S, 95.14, 195.84, 0.0330311
ANTENNA__11644__RESET_B, 95.14, 195.84, 0.0330311
FILLER_0_67_186, 95.14, 195.84, 0.0330311
FILLER_0_68_192, 95.14, 195.84, 0.0330311
_06559_, 105.14, 195.84, 0.032955
_06570_, 105.14, 195.84, 0.032955
_06571_, 105.14, 195.84, 0.032955
_06572_, 105.14, 195.84, 0.032955
_06853_, 105.14, 195.84, 0.032955
_06854_, 105.14, 195.84, 0.032955
ANTENNA__06573__B1, 105.14, 195.84, 0.032955
FILLER_0_69_219, 105.14, 195.84, 0.032955
_09439_, 125.14, 195.84, 0.0330348
_11154_, 125.14, 195.84, 0.0330348
_11586_, 125.14, 195.84, 0.0330348
fanout83, 125.14, 195.84, 0.0330348
ANTENNA__09439__A1, 125.14, 195.84, 0.0330348
ANTENNA_fanout83_A, 125.14, 195.84, 0.0330348
_06546_, 135.14, 195.84, 0.0331866
_09448_, 135.14, 195.84, 0.0331866
ANTENNA__11154__RESET_B, 135.14, 195.84, 0.0331866
FILLER_0_67_281, 135.14, 195.84, 0.0331866
_06954_, 155.14, 195.84, 0.0342437
_09450_, 155.14, 195.84, 0.0342437
_09468_, 155.14, 195.84, 0.0342437
ANTENNA__09450__A, 155.14, 195.84, 0.0342437
ANTENNA__06954__A, 155.14, 195.84, 0.0342437
ANTENNA__09526__A, 155.14, 195.84, 0.0342437
FILLER_0_67_322, 155.14, 195.84, 0.0342437
FILLER_0_68_326, 155.14, 195.84, 0.0342437
_09433_, 165.14, 195.84, 0.0351224
_09478_, 165.14, 195.84, 0.0351224
_09562_, 165.14, 195.84, 0.0351224
ANTENNA__09599__A, 165.14, 195.84, 0.0351224
ANTENNA__09478__A, 165.14, 195.84, 0.0351224
ANTENNA__09478__B, 165.14, 195.84, 0.0351224
ANTENNA__09468__A, 165.14, 195.84, 0.0351224
FILLER_0_68_353, 165.14, 195.84, 0.0351224
_09655_, 185.14, 195.84, 0.0371725
_09711_, 185.14, 195.84, 0.0371725
ANTENNA__09650__B, 185.14, 195.84, 0.0371725
FILLER_0_67_385, 185.14, 195.84, 0.0371725
FILLER_0_69_393, 185.14, 195.84, 0.0371725
_09464_, 195.14, 195.84, 0.0383304
_09712_, 195.14, 195.84, 0.0383304
_09772_, 195.14, 195.84, 0.0383304
_09773_, 195.14, 195.84, 0.0383304
_09774_, 195.14, 195.84, 0.0383304
ANTENNA__09464__A2, 195.14, 195.84, 0.0383304
FILLER_0_67_411, 195.14, 195.84, 0.0383304
FILLER_0_68_411, 195.14, 195.84, 0.0383304
_06948_, 215.14, 195.84, 0.0405758
_06949_, 215.14, 195.84, 0.0405758
_06964_, 215.14, 195.84, 0.0405758
_06994_, 215.14, 195.84, 0.0405758
_06995_, 215.14, 195.84, 0.0405758
ANTENNA__06994__B, 215.14, 195.84, 0.0405758
FILLER_0_69_465, 215.14, 195.84, 0.0405758
_06899_, 225.14, 195.84, 0.0416329
_06912_, 225.14, 195.84, 0.0416329
_06913_, 225.14, 195.84, 0.0416329
_06914_, 225.14, 195.84, 0.0416329
ANTENNA__06899__B, 225.14, 195.84, 0.0416329
ANTENNA__06948__B_N, 225.14, 195.84, 0.0416329
ANTENNA__06785__B, 225.14, 195.84, 0.0416329
_06832_, 245.14, 195.84, 0.0437314
_06833_, 245.14, 195.84, 0.0437314
_06947_, 245.14, 195.84, 0.0437314
_06965_, 245.14, 195.84, 0.0437314
ANTENNA__06832__A, 245.14, 195.84, 0.0437314
ANTENNA__06965__A, 245.14, 195.84, 0.0437314
ANTENNA__06947__A, 245.14, 195.84, 0.0437314
ANTENNA__06947__B, 245.14, 195.84, 0.0437314
FILLER_0_68_528, 245.14, 195.84, 0.0437314
_06891_, 255.14, 195.84, 0.0447784
_06937_, 255.14, 195.84, 0.0447784
_06938_, 255.14, 195.84, 0.0447784
_07047_, 255.14, 195.84, 0.0447784
ANTENNA__06891__B, 255.14, 195.84, 0.0447784
FILLER_0_67_541, 255.14, 195.84, 0.0447784
FILLER_0_68_533, 255.14, 195.84, 0.0447784
FILLER_0_68_539, 255.14, 195.84, 0.0447784
FILLER_0_69_552, 255.14, 195.84, 0.0447784
_07079_, 275.14, 195.84, 0.0468347
FILLER_0_67_576, 275.14, 195.84, 0.0468347
FILLER_0_67_586, 275.14, 195.84, 0.0468347
_07081_, 285.14, 195.84, 0.0478529
FILLER_0_69_609, 285.14, 195.84, 0.0478529
_09914_, 305.14, 195.84, 0.0497523
_09915_, 305.14, 195.84, 0.0497523
ANTENNA__09914__S, 305.14, 195.84, 0.0497523
ANTENNA__09914__A1, 305.14, 195.84, 0.0497523
FILLER_0_67_641, 305.14, 195.84, 0.0497523
FILLER_0_68_641, 305.14, 195.84, 0.0497523
FILLER_0_68_657, 305.14, 195.84, 0.0497523
_05692_, 315.14, 195.84, 0.0506084
_05694_, 315.14, 195.84, 0.0506084
fanout99, 315.14, 195.84, 0.0506084
hold462, 315.14, 195.84, 0.0506084
ANTENNA_fanout99_A, 315.14, 195.84, 0.0506084
ANTENNA_fanout97_A, 315.14, 195.84, 0.0506084
ANTENNA__11221__RESET_B, 315.14, 195.84, 0.0506084
_06719_, 335.14, 195.84, 0.0522635
_06720_, 335.14, 195.84, 0.0522635
_09186_, 335.14, 195.84, 0.0522635
ANTENNA__11264__RESET_B, 335.14, 195.84, 0.0522635
FILLER_0_68_708, 335.14, 195.84, 0.0522635
FILLER_0_68_715, 335.14, 195.84, 0.0522635
FILLER_0_69_720, 335.14, 195.84, 0.0522635
_06688_, 345.14, 195.84, 0.0530728
_09093_, 345.14, 195.84, 0.0530728
hold8, 345.14, 195.84, 0.0530728
ANTENNA__06688__S, 345.14, 195.84, 0.0530728
ANTENNA__06719__S, 345.14, 195.84, 0.0530728
FILLER_0_68_734, 345.14, 195.84, 0.0530728
FILLER_0_68_741, 345.14, 195.84, 0.0530728
_05742_, 365.14, 195.84, 0.0545866
_11170_, 365.14, 195.84, 0.0545866
ANTENNA_fanout98_A, 375.14, 195.84, 0.055281
_05788_, 395.66, 195.84, 0.056003
_05792_, 395.66, 195.84, 0.056003
_09271_, 395.66, 195.84, 0.056003
_09275_, 395.66, 195.84, 0.056003
_09276_, 395.66, 195.84, 0.056003
_11293_, 395.66, 195.84, 0.056003
_11462_, 5.52, 190.4, 0.0330265
PHY_130, 5.52, 190.4, 0.0330265
PHY_132, 5.52, 190.4, 0.0330265
FILLER_0_66_3, 5.52, 190.4, 0.0330265
FILLER_0_67_3, 5.52, 190.4, 0.0330265
PHY_131, 406.18, 190.4, 0.0702938
PHY_133, 406.18, 190.4, 0.0702938
FILLER_0_66_865, 406.18, 190.4, 0.0702938
_10585_, 15.33, 190.4, 0.0330229
_10586_, 15.33, 190.4, 0.0330229
_10634_, 15.33, 190.4, 0.0330229
_10635_, 15.33, 190.4, 0.0330229
hold229, 15.33, 190.4, 0.0330229
_10688_, 35.14, 190.4, 0.0329326
_11488_, 35.14, 190.4, 0.0329326
_11512_, 35.14, 190.4, 0.0329326
hold47, 35.14, 190.4, 0.0329326
hold367, 35.14, 190.4, 0.0329326
ANTENNA__11414__RESET_B, 35.14, 190.4, 0.0329326
FILLER_0_65_57, 35.14, 190.4, 0.0329326
_10640_, 45.14, 190.4, 0.0328394
_11464_, 45.14, 190.4, 0.0328394
clkbuf_leaf_8_clk, 45.14, 190.4, 0.0328394
_06235_, 65.14, 190.4, 0.0325639
_06242_, 65.14, 190.4, 0.0325639
_06550_, 65.14, 190.4, 0.0325639
hold255, 65.14, 190.4, 0.0325639
ANTENNA__06550__A1, 65.14, 190.4, 0.0325639
FILLER_0_66_123, 65.14, 190.4, 0.0325639
_06245_, 75.14, 190.4, 0.0323965
_06252_, 75.14, 190.4, 0.0323965
_06558_, 75.14, 190.4, 0.0323965
ANTENNA__06558__A1, 75.14, 190.4, 0.0323965
ANTENNA__06555__B1, 75.14, 190.4, 0.0323965
FILLER_0_66_161, 75.14, 190.4, 0.0323965
FILLER_0_67_158, 75.14, 190.4, 0.0323965
_10992_, 95.14, 190.4, 0.0320664
_11588_, 95.14, 190.4, 0.0320664
ANTENNA__11156__RESET_B, 95.14, 190.4, 0.0320664
FILLER_0_66_189, 95.14, 190.4, 0.0320664
FILLER_0_67_203, 95.14, 190.4, 0.0320664
_06560_, 105.14, 190.4, 0.0319083
_06561_, 105.14, 190.4, 0.0319083
_06825_, 105.14, 190.4, 0.0319083
ANTENNA__11588__RESET_B, 105.14, 190.4, 0.0319083
ANTENNA_fanout81_A, 105.14, 190.4, 0.0319083
_06556_, 125.14, 190.4, 0.0318383
hold16, 125.14, 190.4, 0.0318383
ANTENNA__06796__A1, 125.14, 190.4, 0.0318383
ANTENNA__06556__A2, 125.14, 190.4, 0.0318383
FILLER_0_65_259, 125.14, 190.4, 0.0318383
hold380, 135.14, 190.4, 0.0319273
ANTENNA__10987__A0, 135.14, 190.4, 0.0319273
ANTENNA__09477__B, 135.14, 190.4, 0.0319273
ANTENNA__09448__A, 135.14, 190.4, 0.0319273
ANTENNA__11586__RESET_B, 135.14, 190.4, 0.0319273
FILLER_0_67_292, 135.14, 190.4, 0.0319273
_09492_, 155.14, 190.4, 0.0329744
_09523_, 155.14, 190.4, 0.0329744
ANTENNA__09562__A1, 155.14, 190.4, 0.0329744
ANTENNA__09492__B1, 155.14, 190.4, 0.0329744
ANTENNA__09562__A2, 155.14, 190.4, 0.0329744
ANTENNA__09492__A2, 155.14, 190.4, 0.0329744
ANTENNA__09522__B, 155.14, 190.4, 0.0329744
FILLER_0_65_315, 155.14, 190.4, 0.0329744
FILLER_0_66_318, 155.14, 190.4, 0.0329744
_09470_, 165.14, 190.4, 0.0339283
ANTENNA__09433__A, 165.14, 190.4, 0.0339283
ANTENNA__09470__C1, 165.14, 190.4, 0.0339283
ANTENNA__09466__A, 165.14, 190.4, 0.0339283
ANTENNA__09470__A1, 165.14, 190.4, 0.0339283
FILLER_0_65_337, 165.14, 190.4, 0.0339283
FILLER_0_66_343, 165.14, 190.4, 0.0339283
FILLER_0_67_352, 165.14, 190.4, 0.0339283
_09657_, 185.14, 190.4, 0.036104
_09678_, 185.14, 190.4, 0.036104
_09680_, 185.14, 190.4, 0.036104
ANTENNA__09464__A1, 185.14, 190.4, 0.036104
ANTENNA__09435__B, 185.14, 190.4, 0.036104
FILLER_0_66_392, 185.14, 190.4, 0.036104
FILLER_0_67_393, 185.14, 190.4, 0.036104
_09438_, 195.14, 190.4, 0.0373214
_09465_, 195.14, 190.4, 0.0373214
_09679_, 195.14, 190.4, 0.0373214
_09681_, 195.14, 190.4, 0.0373214
_09713_, 195.14, 190.4, 0.0373214
FILLER_0_66_410, 195.14, 190.4, 0.0373214
FILLER_0_66_421, 195.14, 190.4, 0.0373214
_06911_, 215.14, 190.4, 0.0396924
_06961_, 215.14, 190.4, 0.0396924
_06962_, 215.14, 190.4, 0.0396924
ANTENNA__06911__A, 215.14, 190.4, 0.0396924
ANTENNA__06948__A, 215.14, 190.4, 0.0396924
ANTENNA__06911__B, 215.14, 190.4, 0.0396924
FILLER_0_65_445, 215.14, 190.4, 0.0396924
FILLER_0_66_466, 215.14, 190.4, 0.0396924
_06857_, 225.14, 190.4, 0.0408854
_06858_, 225.14, 190.4, 0.0408854
ANTENNA__06899__A, 225.14, 190.4, 0.0408854
ANTENNA__06912__A2, 225.14, 190.4, 0.0408854
ANTENNA__06857__B, 225.14, 190.4, 0.0408854
FILLER_0_65_473, 225.14, 190.4, 0.0408854
_06898_, 245.14, 190.4, 0.0431855
_06917_, 245.14, 190.4, 0.0431855
_06946_, 245.14, 190.4, 0.0431855
_06968_, 245.14, 190.4, 0.0431855
ANTENNA__06898__A, 245.14, 190.4, 0.0431855
FILLER_0_65_518, 245.14, 190.4, 0.0431855
FILLER_0_67_530, 245.14, 190.4, 0.0431855
_06890_, 255.14, 190.4, 0.0443164
_06892_, 255.14, 190.4, 0.0443164
_06893_, 255.14, 190.4, 0.0443164
_06894_, 255.14, 190.4, 0.0443164
_06939_, 255.14, 190.4, 0.0443164
_06940_, 255.14, 190.4, 0.0443164
ANTENNA__06890__A, 255.14, 190.4, 0.0443164
ANTENNA__06891__A, 255.14, 190.4, 0.0443164
FILLER_0_66_533, 255.14, 190.4, 0.0443164
FILLER_0_66_542, 255.14, 190.4, 0.0443164
_06990_, 275.14, 190.4, 0.0465661
_07019_, 275.14, 190.4, 0.0465661
_07020_, 275.14, 190.4, 0.0465661
_07021_, 275.14, 190.4, 0.0465661
_07080_, 275.14, 190.4, 0.0465661
_07082_, 275.14, 190.4, 0.0465661
_07083_, 275.14, 190.4, 0.0465661
_07084_, 285.14, 190.4, 0.0476089
_07085_, 285.14, 190.4, 0.0476089
_07159_, 285.14, 190.4, 0.0476089
FILLER_0_65_607, 285.14, 190.4, 0.0476089
FILLER_0_67_610, 285.14, 190.4, 0.0476089
_11330_, 305.14, 190.4, 0.0495178
fanout97, 305.14, 190.4, 0.0495178
FILLER_0_66_645, 305.14, 190.4, 0.0495178
_05656_, 315.14, 190.4, 0.0504696
_05657_, 315.14, 190.4, 0.0504696
_05659_, 315.14, 190.4, 0.0504696
_05693_, 315.14, 190.4, 0.0504696
ANTENNA__11330__RESET_B, 315.14, 190.4, 0.0504696
FILLER_0_65_663, 315.14, 190.4, 0.0504696
_09185_, 335.14, 190.4, 0.0525895
ANTENNA__09185__S, 335.14, 190.4, 0.0525895
FILLER_0_65_714, 335.14, 190.4, 0.0525895
_05763_, 345.14, 190.4, 0.0537736
_05796_, 345.14, 190.4, 0.0537736
_09184_, 345.14, 190.4, 0.0537736
ANTENNA__09184__S, 345.14, 190.4, 0.0537736
_11306_, 365.14, 190.4, 0.0573166
ANTENNA__11170__RESET_B, 365.14, 190.4, 0.0573166
FILLER_0_67_785, 365.14, 190.4, 0.0573166
_06145_, 375.14, 190.4, 0.0596859
_09364_, 375.14, 190.4, 0.0596859
_09365_, 375.14, 190.4, 0.0596859
fanout98, 375.14, 190.4, 0.0596859
clkbuf_leaf_55_clk, 375.14, 190.4, 0.0596859
ANTENNA__09263__A1, 375.14, 190.4, 0.0596859
ANTENNA_clkbuf_leaf_55_clk_A, 375.14, 190.4, 0.0596859
FILLER_0_65_796, 375.14, 190.4, 0.0596859
_05790_, 395.66, 190.4, 0.0702938
output31, 395.66, 190.4, 0.0702938
ANTENNA__05790__S, 395.66, 190.4, 0.0702938
ANTENNA__11293__RESET_B, 395.66, 190.4, 0.0702938
FILLER_0_65_841, 395.66, 190.4, 0.0702938
FILLER_0_66_846, 395.66, 190.4, 0.0702938
_10685_, 5.52, 184.96, 0.0323647
_11486_, 5.52, 184.96, 0.0323647
PHY_126, 5.52, 184.96, 0.0323647
PHY_128, 5.52, 184.96, 0.0323647
FILLER_0_64_3, 5.52, 184.96, 0.0323647
PHY_127, 406.18, 184.96, 0.0554048
PHY_129, 406.18, 184.96, 0.0554048
ANTENNA__09264__A1, 406.18, 184.96, 0.0554048
ANTENNA_output31_A, 406.18, 184.96, 0.0554048
FILLER_0_63_862, 406.18, 184.96, 0.0554048
_10684_, 15.33, 184.96, 0.0323604
_11438_, 15.33, 184.96, 0.0323604
hold200, 15.33, 184.96, 0.0323604
hold201, 15.33, 184.96, 0.0323604
ANTENNA__10634__S, 15.33, 184.96, 0.0323604
ANTENNA__11486__RESET_B, 15.33, 184.96, 0.0323604
_10689_, 35.14, 184.96, 0.0322314
_11559_, 35.14, 184.96, 0.0322314
hold103, 35.14, 184.96, 0.0322314
FILLER_0_64_70, 35.14, 184.96, 0.0322314
_10639_, 45.14, 184.96, 0.0321084
hold368, 45.14, 184.96, 0.0321084
ANTENNA__10688__S, 45.14, 184.96, 0.0321084
ANTENNA__11559__RESET_B, 45.14, 184.96, 0.0321084
FILLER_0_63_81, 45.14, 184.96, 0.0321084
FILLER_0_64_96, 45.14, 184.96, 0.0321084
_06244_, 65.14, 184.96, 0.0317709
hold350, 65.14, 184.96, 0.0317709
ANTENNA__06364__B1, 65.14, 184.96, 0.0317709
ANTENNA__11440__RESET_B, 65.14, 184.96, 0.0317709
ANTENNA_fanout80_A, 65.14, 184.96, 0.0317709
FILLER_0_64_131, 65.14, 184.96, 0.0317709
FILLER_0_65_133, 65.14, 184.96, 0.0317709
_06364_, 75.14, 184.96, 0.0315551
ANTENNA__06549__B, 75.14, 184.96, 0.0315551
ANTENNA__06549__A, 75.14, 184.96, 0.0315551
FILLER_0_63_150, 75.14, 184.96, 0.0315551
_10994_, 95.14, 184.96, 0.0311053
_11051_, 95.14, 184.96, 0.0311053
fanout81, 95.14, 184.96, 0.0311053
ANTENNA__06576__A2, 95.14, 184.96, 0.0311053
ANTENNA__11051__S, 95.14, 184.96, 0.0311053
FILLER_0_65_197, 95.14, 184.96, 0.0311053
ANTENNA__11589__RESET_B, 105.14, 184.96, 0.030876
ANTENNA_clkbuf_leaf_9_clk_A, 105.14, 184.96, 0.030876
FILLER_0_64_210, 105.14, 184.96, 0.030876
FILLER_0_64_218, 105.14, 184.96, 0.030876
FILLER_0_65_217, 105.14, 184.96, 0.030876
FILLER_0_65_225, 105.14, 184.96, 0.030876
_11104_, 125.14, 184.96, 0.0306813
_11105_, 125.14, 184.96, 0.0306813
_11643_, 125.14, 184.96, 0.0306813
ANTENNA__06553__A, 125.14, 184.96, 0.0306813
ANTENNA__11104__S, 125.14, 184.96, 0.0306813
FILLER_0_63_254, 125.14, 184.96, 0.0306813
_09554_, 135.14, 184.96, 0.0307102
_09563_, 135.14, 184.96, 0.0307102
_11047_, 135.14, 184.96, 0.0307102
ANTENNA__09563__B1, 135.14, 184.96, 0.0307102
ANTENNA__11643__RESET_B, 135.14, 184.96, 0.0307102
FILLER_0_63_271, 135.14, 184.96, 0.0307102
FILLER_0_64_286, 135.14, 184.96, 0.0307102
_09493_, 155.14, 184.96, 0.0317668
_09525_, 155.14, 184.96, 0.0317668
_09528_, 155.14, 184.96, 0.0317668
FILLER_0_63_316, 155.14, 184.96, 0.0317668
FILLER_0_64_323, 155.14, 184.96, 0.0317668
FILLER_0_65_333, 155.14, 184.96, 0.0317668
_09475_, 165.14, 184.96, 0.0327951
_09494_, 165.14, 184.96, 0.0327951
_09496_, 165.14, 184.96, 0.0327951
ANTENNA__09494__B, 165.14, 184.96, 0.0327951
FILLER_0_64_354, 165.14, 184.96, 0.0327951
_09649_, 185.14, 184.96, 0.0351287
_09658_, 185.14, 184.96, 0.0351287
_09659_, 185.14, 184.96, 0.0351287
_09660_, 185.14, 184.96, 0.0351287
ANTENNA__09602__A2, 185.14, 184.96, 0.0351287
ANTENNA__09649__A1, 185.14, 184.96, 0.0351287
ANTENNA__09649__A2, 185.14, 184.96, 0.0351287
FILLER_0_63_388, 185.14, 184.96, 0.0351287
FILLER_0_64_380, 185.14, 184.96, 0.0351287
FILLER_0_64_393, 185.14, 184.96, 0.0351287
FILLER_0_64_401, 185.14, 184.96, 0.0351287
ANTENNA__09438__A, 195.14, 184.96, 0.0364134
ANTENNA__09438__B, 195.14, 184.96, 0.0364134
_09724_, 215.14, 184.96, 0.0390027
_09778_, 215.14, 184.96, 0.0390027
_09841_, 215.14, 184.96, 0.0390027
_09843_, 215.14, 184.96, 0.0390027
_09912_, 215.14, 184.96, 0.0390027
FILLER_0_63_454, 215.14, 184.96, 0.0390027
FILLER_0_64_451, 215.14, 184.96, 0.0390027
_06828_, 225.14, 184.96, 0.0402211
_06829_, 225.14, 184.96, 0.0402211
_06830_, 225.14, 184.96, 0.0402211
_09842_, 225.14, 184.96, 0.0402211
ANTENNA__06829__A, 225.14, 184.96, 0.0402211
ANTENNA__06828__A, 225.14, 184.96, 0.0402211
ANTENNA__06829__B, 225.14, 184.96, 0.0402211
ANTENNA__06912__A1, 225.14, 184.96, 0.0402211
FILLER_0_63_473, 225.14, 184.96, 0.0402211
FILLER_0_64_471, 225.14, 184.96, 0.0402211
FILLER_0_65_478, 225.14, 184.96, 0.0402211
_06859_, 245.14, 184.96, 0.0425833
_06867_, 245.14, 184.96, 0.0425833
_06991_, 245.14, 184.96, 0.0425833
ANTENNA__06867__A, 245.14, 184.96, 0.0425833
ANTENNA__06859__A, 245.14, 184.96, 0.0425833
ANTENNA__06890__B, 245.14, 184.96, 0.0425833
ANTENNA__06859__B, 245.14, 184.96, 0.0425833
ANTENNA__06867__B, 245.14, 184.96, 0.0425833
FILLER_0_64_526, 245.14, 184.96, 0.0425833
_06895_, 255.14, 184.96, 0.0437367
_06896_, 255.14, 184.96, 0.0437367
_06969_, 255.14, 184.96, 0.0437367
_07025_, 255.14, 184.96, 0.0437367
FILLER_0_64_533, 255.14, 184.96, 0.0437367
_07022_, 275.14, 184.96, 0.0459626
FILLER_0_64_580, 275.14, 184.96, 0.0459626
_07158_, 285.14, 184.96, 0.0470441
FILLER_0_64_613, 285.14, 184.96, 0.0470441
_07236_, 305.14, 184.96, 0.0489873
ANTENNA__07163__A, 305.14, 184.96, 0.0489873
ANTENNA__07236__B, 305.14, 184.96, 0.0489873
_05654_, 315.14, 184.96, 0.0499024
_05655_, 315.14, 184.96, 0.0499024
ANTENNA__05656__B, 315.14, 184.96, 0.0499024
FILLER_0_64_669, 315.14, 184.96, 0.0499024
FILLER_0_64_678, 315.14, 184.96, 0.0499024
_05759_, 335.14, 184.96, 0.0516705
_05760_, 335.14, 184.96, 0.0516705
_05761_, 335.14, 184.96, 0.0516705
_05762_, 335.14, 184.96, 0.0516705
_09188_, 335.14, 184.96, 0.0516705
_09183_, 345.14, 184.96, 0.0525006
_09187_, 345.14, 184.96, 0.0525006
_05744_, 365.14, 184.96, 0.0540175
_05765_, 365.14, 184.96, 0.0540175
_06135_, 365.14, 184.96, 0.0540175
ANTENNA__05744__B, 365.14, 184.96, 0.0540175
ANTENNA__06135__A1, 365.14, 184.96, 0.0540175
FILLER_0_64_779, 365.14, 184.96, 0.0540175
_06147_, 375.14, 184.96, 0.0547098
_09263_, 375.14, 184.96, 0.0547098
_09363_, 375.14, 184.96, 0.0547098
ANTENNA__09263__B1, 375.14, 184.96, 0.0547098
ANTENNA__09363__S, 375.14, 184.96, 0.0547098
ANTENNA__09364__S, 375.14, 184.96, 0.0547098
FILLER_0_63_795, 375.14, 184.96, 0.0547098
FILLER_0_64_807, 375.14, 184.96, 0.0547098
FILLER_0_64_813, 375.14, 184.96, 0.0547098
_09265_, 395.66, 184.96, 0.0554048
_09266_, 395.66, 184.96, 0.0554048
_11292_, 395.66, 184.96, 0.0554048
ANTENNA__09265__S, 395.66, 184.96, 0.0554048
ANTENNA__11292__RESET_B, 395.66, 184.96, 0.0554048
FILLER_0_64_839, 395.66, 184.96, 0.0554048
_11510_, 5.52, 179.52, 0.0317634
PHY_122, 5.52, 179.52, 0.0317634
PHY_124, 5.52, 179.52, 0.0317634
input24, 5.52, 179.52, 0.0317634
ANTENNA_input24_A, 5.52, 179.52, 0.0317634
PHY_123, 406.18, 179.52, 0.0551318
PHY_125, 406.18, 179.52, 0.0551318
ANTENNA_output30_A, 406.18, 179.52, 0.0551318
FILLER_0_61_861, 406.18, 179.52, 0.0551318
FILLER_0_62_865, 406.18, 179.52, 0.0551318
_11534_, 15.33, 179.52, 0.0317591
clkbuf_leaf_7_clk, 15.33, 179.52, 0.0317591
ANTENNA__10684__S, 15.33, 179.52, 0.0317591
ANTENNA__11510__RESET_B, 15.33, 179.52, 0.0317591
_10881_, 35.14, 179.52, 0.0315839
_10885_, 35.14, 179.52, 0.0315839
ANTENNA__10885__S, 35.14, 179.52, 0.0315839
FILLER_0_61_57, 35.14, 179.52, 0.0315839
_06519_, 45.14, 179.52, 0.0314324
ANTENNA__10639__S, 45.14, 179.52, 0.0314324
ANTENNA__10881__B_N, 45.14, 179.52, 0.0314324
ANTENNA__11488__RESET_B, 45.14, 179.52, 0.0314324
ANTENNA_clkbuf_leaf_8_clk_A, 45.14, 179.52, 0.0314324
_06549_, 65.14, 179.52, 0.0310072
_10487_, 65.14, 179.52, 0.0310072
_10488_, 65.14, 179.52, 0.0310072
ANTENNA__10539__S, 65.14, 179.52, 0.0310072
_06279_, 75.14, 179.52, 0.0307332
_06310_, 75.14, 179.52, 0.0307332
_06336_, 75.14, 179.52, 0.0307332
_06362_, 75.14, 179.52, 0.0307332
ANTENNA__06279__B, 75.14, 179.52, 0.0307332
ANTENNA__06362__B, 75.14, 179.52, 0.0307332
ANTENNA__11391__RESET_B, 75.14, 179.52, 0.0307332
FILLER_0_61_141, 75.14, 179.52, 0.0307332
FILLER_0_62_145, 75.14, 179.52, 0.0307332
FILLER_0_62_162, 75.14, 179.52, 0.0307332
_10993_, 95.14, 179.52, 0.03013
_11052_, 95.14, 179.52, 0.03013
_11589_, 95.14, 179.52, 0.03013
_11617_, 95.14, 179.52, 0.03013
ANTENNA__10993__S, 95.14, 179.52, 0.03013
FILLER_0_62_190, 95.14, 179.52, 0.03013
FILLER_0_62_200, 95.14, 179.52, 0.03013
_10990_, 105.14, 179.52, 0.0297985
_11587_, 105.14, 179.52, 0.0297985
hold243, 105.14, 179.52, 0.0297985
hold244, 105.14, 179.52, 0.0297985
FILLER_0_61_214, 105.14, 179.52, 0.0297985
FILLER_0_62_220, 105.14, 179.52, 0.0297985
_11048_, 125.14, 179.52, 0.0293867
_11101_, 125.14, 179.52, 0.0293867
_11615_, 125.14, 179.52, 0.0293867
hold31, 125.14, 179.52, 0.0293867
FILLER_0_62_253, 125.14, 179.52, 0.0293867
FILLER_0_63_263, 125.14, 179.52, 0.0293867
ANTENNA__09563__A3, 135.14, 179.52, 0.0293085
ANTENNA__11047__S, 135.14, 179.52, 0.0293085
ANTENNA__11615__RESET_B, 135.14, 179.52, 0.0293085
FILLER_0_61_277, 135.14, 179.52, 0.0293085
FILLER_0_61_281, 135.14, 179.52, 0.0293085
FILLER_0_62_290, 135.14, 179.52, 0.0293085
FILLER_0_63_285, 135.14, 179.52, 0.0293085
FILLER_0_63_291, 135.14, 179.52, 0.0293085
_09495_, 155.14, 179.52, 0.0303893
_09529_, 155.14, 179.52, 0.0303893
_09530_, 155.14, 179.52, 0.0303893
_09560_, 155.14, 179.52, 0.0303893
ANTENNA__09494__A, 155.14, 179.52, 0.0303893
FILLER_0_62_321, 155.14, 179.52, 0.0303893
_09497_, 165.14, 179.52, 0.0315209
_09531_, 165.14, 179.52, 0.0315209
FILLER_0_62_337, 165.14, 179.52, 0.0315209
_09604_, 185.14, 179.52, 0.0340637
_09607_, 185.14, 179.52, 0.0340637
_09664_, 185.14, 179.52, 0.0340637
ANTENNA__09607__A, 185.14, 179.52, 0.0340637
FILLER_0_62_398, 185.14, 179.52, 0.0340637
_09663_, 195.14, 179.52, 0.0354787
_09665_, 195.14, 179.52, 0.0354787
_09677_, 195.14, 179.52, 0.0354787
FILLER_0_62_406, 195.14, 179.52, 0.0354787
FILLER_0_62_412, 195.14, 179.52, 0.0354787
FILLER_0_62_421, 195.14, 179.52, 0.0354787
FILLER_0_63_417, 195.14, 179.52, 0.0354787
_09779_, 215.14, 179.52, 0.0382936
_09780_, 215.14, 179.52, 0.0382936
_09787_, 215.14, 179.52, 0.0382936
_09844_, 215.14, 179.52, 0.0382936
FILLER_0_62_445, 215.14, 179.52, 0.0382936
FILLER_0_62_458, 215.14, 179.52, 0.0382936
_06846_, 225.14, 179.52, 0.0395728
_09783_, 225.14, 179.52, 0.0395728
_09784_, 225.14, 179.52, 0.0395728
ANTENNA__09785__B1, 225.14, 179.52, 0.0395728
ANTENNA__06828__B, 225.14, 179.52, 0.0395728
ANTENNA__06817__A1, 225.14, 179.52, 0.0395728
ANTENNA__06803__A, 225.14, 179.52, 0.0395728
FILLER_0_62_473, 225.14, 179.52, 0.0395728
FILLER_0_62_485, 225.14, 179.52, 0.0395728
_06868_, 245.14, 179.52, 0.0420144
_06897_, 245.14, 179.52, 0.0420144
_06945_, 245.14, 179.52, 0.0420144
ANTENNA__06817__A2, 245.14, 179.52, 0.0420144
ANTENNA_fanout96_A, 245.14, 179.52, 0.0420144
FILLER_0_61_513, 245.14, 179.52, 0.0420144
FILLER_0_62_513, 245.14, 179.52, 0.0420144
FILLER_0_62_529, 245.14, 179.52, 0.0420144
_06930_, 255.14, 179.52, 0.0432088
FILLER_0_63_552, 255.14, 179.52, 0.0432088
_06944_, 275.14, 179.52, 0.0455324
_07024_, 275.14, 179.52, 0.0455324
_07086_, 275.14, 179.52, 0.0455324
FILLER_0_62_581, 275.14, 179.52, 0.0455324
FILLER_0_63_590, 275.14, 179.52, 0.0455324
_07087_, 285.14, 179.52, 0.0466186
_07088_, 285.14, 179.52, 0.0466186
_07160_, 285.14, 179.52, 0.0466186
FILLER_0_62_606, 285.14, 179.52, 0.0466186
FILLER_0_63_611, 285.14, 179.52, 0.0466186
_05561_, 305.14, 179.52, 0.0485881
_09845_, 305.14, 179.52, 0.0485881
ANTENNA__09845__B, 305.14, 179.52, 0.0485881
FILLER_0_63_655, 305.14, 179.52, 0.0485881
_05592_, 315.14, 179.52, 0.0495283
_05593_, 315.14, 179.52, 0.0495283
max_cap69, 315.14, 179.52, 0.0495283
ANTENNA__05654__A, 315.14, 179.52, 0.0495283
ANTENNA__05561__B, 315.14, 179.52, 0.0495283
FILLER_0_62_668, 315.14, 179.52, 0.0495283
FILLER_0_63_680, 315.14, 179.52, 0.0495283
_05720_, 335.14, 179.52, 0.0513298
_05754_, 335.14, 179.52, 0.0513298
FILLER_0_61_709, 335.14, 179.52, 0.0513298
FILLER_0_62_713, 335.14, 179.52, 0.0513298
FILLER_0_63_722, 335.14, 179.52, 0.0513298
_09182_, 345.14, 179.52, 0.0521895
clkbuf_leaf_54_clk, 345.14, 179.52, 0.0521895
FILLER_0_63_747, 345.14, 179.52, 0.0521895
_05726_, 365.14, 179.52, 0.0537308
_05727_, 365.14, 179.52, 0.0537308
FILLER_0_62_779, 365.14, 179.52, 0.0537308
FILLER_0_63_785, 365.14, 179.52, 0.0537308
_05728_, 375.14, 179.52, 0.0544265
_05745_, 375.14, 179.52, 0.0544265
_05750_, 375.14, 179.52, 0.0544265
ANTENNA__05745__A1, 375.14, 179.52, 0.0544265
_05746_, 395.66, 179.52, 0.0551318
_09264_, 395.66, 179.52, 0.0551318
_09267_, 395.66, 179.52, 0.0551318
_09268_, 395.66, 179.52, 0.0551318
_09269_, 395.66, 179.52, 0.0551318
FILLER_0_61_837, 395.66, 179.52, 0.0551318
_10735_, 5.52, 174.08, 0.0311873
PHY_118, 5.52, 174.08, 0.0311873
PHY_120, 5.52, 174.08, 0.0311873
hold370, 5.52, 174.08, 0.0311873
FILLER_0_60_3, 5.52, 174.08, 0.0311873
FILLER_0_61_3, 5.52, 174.08, 0.0311873
_05749_, 406.18, 174.08, 0.0690548
PHY_119, 406.18, 174.08, 0.0690548
PHY_121, 406.18, 174.08, 0.0690548
_10734_, 15.33, 174.08, 0.0311853
_10782_, 15.33, 174.08, 0.0311853
_11533_, 15.33, 174.08, 0.0311853
hold369, 15.33, 174.08, 0.0311853
ANTENNA__10734__S, 15.33, 174.08, 0.0311853
FILLER_0_60_11, 15.33, 174.08, 0.0311853
_10876_, 35.14, 174.08, 0.0309905
_10878_, 35.14, 174.08, 0.0309905
_10884_, 35.14, 174.08, 0.0309905
hold421, 35.14, 174.08, 0.0309905
ANTENNA__10884__B2, 35.14, 174.08, 0.0309905
ANTENNA__10878__S, 35.14, 174.08, 0.0309905
ANTENNA__11558__RESET_B, 35.14, 174.08, 0.0309905
FILLER_0_59_57, 35.14, 174.08, 0.0309905
_06487_, 45.14, 174.08, 0.0307994
_10880_, 45.14, 174.08, 0.0307994
_10882_, 45.14, 174.08, 0.0307994
_10883_, 45.14, 174.08, 0.0307994
ANTENNA__10876__S, 45.14, 174.08, 0.0307994
ANTENNA__06519__B, 45.14, 174.08, 0.0307994
FILLER_0_59_85, 45.14, 174.08, 0.0307994
ANTENNA__10487__S, 65.14, 174.08, 0.0302381
FILLER_0_60_129, 65.14, 174.08, 0.0302381
FILLER_0_60_137, 65.14, 174.08, 0.0302381
FILLER_0_61_133, 65.14, 174.08, 0.0302381
_06343_, 75.14, 174.08, 0.02987
_06363_, 75.14, 174.08, 0.02987
_06511_, 75.14, 174.08, 0.02987
_06517_, 75.14, 174.08, 0.02987
ANTENNA__06530__A2, 75.14, 174.08, 0.02987
ANTENNA__06516__B, 75.14, 174.08, 0.02987
ANTENNA__06530__A1, 75.14, 174.08, 0.02987
ANTENNA__06517__A1, 75.14, 174.08, 0.02987
FILLER_0_60_141, 75.14, 174.08, 0.02987
_06532_, 95.14, 174.08, 0.0290067
ANTENNA__06296__A, 95.14, 174.08, 0.0290067
ANTENNA__06532__S, 95.14, 174.08, 0.0290067
ANTENNA__11645__RESET_B, 95.14, 174.08, 0.0290067
FILLER_0_59_185, 95.14, 174.08, 0.0290067
FILLER_0_60_201, 95.14, 174.08, 0.0290067
_11041_, 105.14, 174.08, 0.0285174
_11042_, 105.14, 174.08, 0.0285174
hold95, 105.14, 174.08, 0.0285174
ANTENNA__11098__S, 105.14, 174.08, 0.0285174
ANTENNA__11617__RESET_B, 105.14, 174.08, 0.0285174
ANTENNA__11612__RESET_B, 105.14, 174.08, 0.0285174
FILLER_0_61_225, 105.14, 174.08, 0.0285174
_11044_, 125.14, 174.08, 0.0277712
_11100_, 125.14, 174.08, 0.0277712
_11613_, 125.14, 174.08, 0.0277712
_11641_, 125.14, 174.08, 0.0277712
hold172, 125.14, 174.08, 0.0277712
hold184, 125.14, 174.08, 0.0277712
ANTENNA__11043__S, 125.14, 174.08, 0.0277712
_10985_, 135.14, 174.08, 0.0275043
hold171, 135.14, 174.08, 0.0275043
ANTENNA__11613__RESET_B, 135.14, 174.08, 0.0275043
FILLER_0_61_291, 135.14, 174.08, 0.0275043
_09564_, 155.14, 174.08, 0.0285952
_09609_, 155.14, 174.08, 0.0285952
ANTENNA__09564__A, 155.14, 174.08, 0.0285952
FILLER_0_60_320, 155.14, 174.08, 0.0285952
FILLER_0_61_328, 155.14, 174.08, 0.0285952
_09504_, 165.14, 174.08, 0.0299485
_09532_, 165.14, 174.08, 0.0299485
_09533_, 165.14, 174.08, 0.0299485
_09534_, 165.14, 174.08, 0.0299485
_09565_, 165.14, 174.08, 0.0299485
ANTENNA__09565__A1, 165.14, 174.08, 0.0299485
FILLER_0_59_337, 165.14, 174.08, 0.0299485
FILLER_0_60_354, 165.14, 174.08, 0.0299485
FILLER_0_61_349, 165.14, 174.08, 0.0299485
FILLER_0_61_357, 165.14, 174.08, 0.0299485
_09606_, 185.14, 174.08, 0.0328704
_09608_, 185.14, 174.08, 0.0328704
_09662_, 185.14, 174.08, 0.0328704
ANTENNA__09601__A, 185.14, 174.08, 0.0328704
FILLER_0_59_382, 185.14, 174.08, 0.0328704
FILLER_0_61_393, 185.14, 174.08, 0.0328704
_09601_, 195.14, 174.08, 0.034455
_09666_, 195.14, 174.08, 0.034455
_09667_, 195.14, 174.08, 0.034455
_09714_, 195.14, 174.08, 0.034455
ANTENNA__09601__B, 195.14, 174.08, 0.034455
FILLER_0_60_409, 195.14, 174.08, 0.034455
FILLER_0_61_417, 195.14, 174.08, 0.034455
_09719_, 215.14, 174.08, 0.0374796
_09781_, 215.14, 174.08, 0.0374796
FILLER_0_61_457, 215.14, 174.08, 0.0374796
FILLER_0_61_465, 215.14, 174.08, 0.0374796
_06803_, 225.14, 174.08, 0.0388681
_09785_, 225.14, 174.08, 0.0388681
_11328_, 225.14, 174.08, 0.0388681
FILLER_0_59_469, 225.14, 174.08, 0.0388681
FILLER_0_60_467, 225.14, 174.08, 0.0388681
FILLER_0_61_482, 225.14, 174.08, 0.0388681
_06918_, 245.14, 174.08, 0.0415019
ANTENNA__06807__B, 245.14, 174.08, 0.0415019
ANTENNA__06869__C, 245.14, 174.08, 0.0415019
ANTENNA_fanout95_A, 245.14, 174.08, 0.0415019
FILLER_0_60_513, 245.14, 174.08, 0.0415019
FILLER_0_60_525, 245.14, 174.08, 0.0415019
_06810_, 255.14, 174.08, 0.0427717
_06870_, 255.14, 174.08, 0.0427717
_06871_, 255.14, 174.08, 0.0427717
_06919_, 255.14, 174.08, 0.0427717
_06972_, 255.14, 174.08, 0.0427717
FILLER_0_60_538, 255.14, 174.08, 0.0427717
_06973_, 275.14, 174.08, 0.0451958
_06978_, 275.14, 174.08, 0.0451958
_07027_, 275.14, 174.08, 0.0451958
FILLER_0_59_576, 275.14, 174.08, 0.0451958
FILLER_0_61_591, 275.14, 174.08, 0.0451958
_07028_, 285.14, 174.08, 0.0463222
_07090_, 285.14, 174.08, 0.0463222
_07093_, 285.14, 174.08, 0.0463222
FILLER_0_61_613, 285.14, 174.08, 0.0463222
_05562_, 305.14, 174.08, 0.0484526
_05595_, 305.14, 174.08, 0.0484526
_10482_, 305.14, 174.08, 0.0484526
FILLER_0_60_645, 305.14, 174.08, 0.0484526
FILLER_0_60_653, 305.14, 174.08, 0.0484526
_05589_, 315.14, 174.08, 0.0495007
_05591_, 315.14, 174.08, 0.0495007
_05596_, 315.14, 174.08, 0.0495007
_05597_, 315.14, 174.08, 0.0495007
max_cap1, 315.14, 174.08, 0.0495007
wire2, 315.14, 174.08, 0.0495007
FILLER_0_59_669, 315.14, 174.08, 0.0495007
FILLER_0_60_681, 315.14, 174.08, 0.0495007
FILLER_0_61_676, 315.14, 174.08, 0.0495007
_11278_, 335.14, 174.08, 0.0517482
ANTENNA__11278__RESET_B, 335.14, 174.08, 0.0517482
FILLER_0_60_713, 335.14, 174.08, 0.0517482
FILLER_0_61_725, 335.14, 174.08, 0.0517482
_05722_, 345.14, 174.08, 0.052965
_09179_, 345.14, 174.08, 0.052965
_09180_, 345.14, 174.08, 0.052965
FILLER_0_59_729, 345.14, 174.08, 0.052965
FILLER_0_61_748, 345.14, 174.08, 0.052965
ANTENNA__06717__S, 365.14, 174.08, 0.0564912
FILLER_0_59_779, 365.14, 174.08, 0.0564912
FILLER_0_60_790, 365.14, 174.08, 0.0564912
_09359_, 375.14, 174.08, 0.0588111
ANTENNA__11184__RESET_B, 375.14, 174.08, 0.0588111
_05786_, 395.66, 174.08, 0.0690431
_05787_, 395.66, 174.08, 0.0690431
_09262_, 395.66, 174.08, 0.0690431
output30, 395.66, 174.08, 0.0690431
ANTENNA__05748__B1, 395.66, 174.08, 0.0690431
FILLER_0_59_841, 395.66, 174.08, 0.0690431
FILLER_0_60_844, 395.66, 174.08, 0.0690431
_11509_, 5.52, 168.64, 0.0306446
PHY_114, 5.52, 168.64, 0.0306446
PHY_116, 5.52, 168.64, 0.0306446
PHY_115, 406.18, 168.64, 0.0550123
PHY_117, 406.18, 168.64, 0.0550123
FILLER_0_57_861, 406.18, 168.64, 0.0550123
FILLER_0_58_861, 406.18, 168.64, 0.0550123
_10732_, 15.33, 168.64, 0.0306409
_10781_, 15.33, 168.64, 0.0306409
ANTENNA__11509__RESET_B, 15.33, 168.64, 0.0306409
FILLER_0_57_11, 15.33, 168.64, 0.0306409
_10871_, 35.14, 168.64, 0.0304096
_10875_, 35.14, 168.64, 0.0304096
ANTENNA__10871__S, 35.14, 168.64, 0.0304096
ANTENNA__11557__RESET_B, 35.14, 168.64, 0.0304096
_10873_, 45.14, 168.64, 0.0301818
_10874_, 45.14, 168.64, 0.0301818
ANTENNA__10883__B1, 45.14, 168.64, 0.0301818
ANTENNA__10480__S, 45.14, 168.64, 0.0301818
FILLER_0_59_94, 45.14, 168.64, 0.0301818
_06492_, 65.14, 168.64, 0.0294948
ANTENNA__06492__S, 65.14, 168.64, 0.0294948
ANTENNA__06517__B1, 65.14, 168.64, 0.0294948
ANTENNA__06511__A_N, 65.14, 168.64, 0.0294948
ANTENNA__06492__A0, 65.14, 168.64, 0.0294948
FILLER_0_57_120, 65.14, 168.64, 0.0294948
FILLER_0_58_120, 65.14, 168.64, 0.0294948
FILLER_0_59_132, 65.14, 168.64, 0.0294948
_06502_, 75.14, 168.64, 0.029035
_06516_, 75.14, 168.64, 0.029035
_06530_, 75.14, 168.64, 0.029035
_06534_, 75.14, 168.64, 0.029035
_10514_, 75.14, 168.64, 0.029035
_10576_, 75.14, 168.64, 0.029035
ANTENNA__06502__S, 75.14, 168.64, 0.029035
FILLER_0_57_143, 75.14, 168.64, 0.029035
_06533_, 95.14, 168.64, 0.0279045
_11098_, 95.14, 168.64, 0.0279045
ANTENNA__11041__S, 95.14, 168.64, 0.0279045
FILLER_0_57_188, 95.14, 168.64, 0.0279045
FILLER_0_59_202, 95.14, 168.64, 0.0279045
_11099_, 105.14, 168.64, 0.0272457
_11612_, 105.14, 168.64, 0.0272457
hold192, 105.14, 168.64, 0.0272457
_11043_, 125.14, 168.64, 0.026125
clkbuf_leaf_12_clk, 125.14, 168.64, 0.026125
ANTENNA__06539__A1, 125.14, 168.64, 0.026125
ANTENNA_clkbuf_leaf_12_clk_A, 125.14, 168.64, 0.026125
_10986_, 135.14, 168.64, 0.0256525
_11585_, 135.14, 168.64, 0.0256525
ANTENNA__10985__S, 135.14, 168.64, 0.0256525
ANTENNA__11585__RESET_B, 135.14, 168.64, 0.0256525
FILLER_0_57_272, 135.14, 168.64, 0.0256525
FILLER_0_57_281, 135.14, 168.64, 0.0256525
FILLER_0_58_273, 135.14, 168.64, 0.0256525
_09566_, 155.14, 168.64, 0.0267671
_09613_, 155.14, 168.64, 0.0267671
_09614_, 155.14, 168.64, 0.0267671
_09615_, 155.14, 168.64, 0.0267671
_09616_, 155.14, 168.64, 0.0267671
FILLER_0_59_330, 155.14, 168.64, 0.0267671
_09617_, 165.14, 168.64, 0.0283083
_09621_, 165.14, 168.64, 0.0283083
_09669_, 165.14, 168.64, 0.0283083
FILLER_0_57_341, 165.14, 168.64, 0.0283083
FILLER_0_58_341, 165.14, 168.64, 0.0283083
FILLER_0_59_355, 165.14, 168.64, 0.0283083
_09442_, 185.14, 168.64, 0.0315802
_09453_, 185.14, 168.64, 0.0315802
ANTENNA__09442__A1, 185.14, 168.64, 0.0315802
ANTENNA__09442__B2, 185.14, 168.64, 0.0315802
ANTENNA__09449__A, 185.14, 168.64, 0.0315802
FILLER_0_58_380, 185.14, 168.64, 0.0315802
_09456_, 195.14, 168.64, 0.0333303
_09457_, 195.14, 168.64, 0.0333303
_09668_, 195.14, 168.64, 0.0333303
ANTENNA__09459__A, 195.14, 168.64, 0.0333303
ANTENNA__09458__A2, 195.14, 168.64, 0.0333303
FILLER_0_59_417, 195.14, 168.64, 0.0333303
_09671_, 215.14, 168.64, 0.0366349
_09672_, 215.14, 168.64, 0.0366349
_09718_, 215.14, 168.64, 0.0366349
_09782_, 215.14, 168.64, 0.0366349
FILLER_0_57_449, 215.14, 168.64, 0.0366349
FILLER_0_58_452, 215.14, 168.64, 0.0366349
FILLER_0_59_462, 215.14, 168.64, 0.0366349
_09786_, 225.14, 168.64, 0.0381471
ANTENNA__09786__B2, 225.14, 168.64, 0.0381471
ANTENNA__09443__A1, 225.14, 168.64, 0.0381471
FILLER_0_58_469, 225.14, 168.64, 0.0381471
FILLER_0_58_477, 225.14, 168.64, 0.0381471
_06807_, 245.14, 168.64, 0.0409482
_06869_, 245.14, 168.64, 0.0409482
_06873_, 245.14, 168.64, 0.0409482
ANTENNA__09446__B1, 245.14, 168.64, 0.0409482
ANTENNA__06807__A, 245.14, 168.64, 0.0409482
ANTENNA__06869__A, 245.14, 168.64, 0.0409482
ANTENNA__11319__RESET_B, 245.14, 168.64, 0.0409482
ANTENNA_clkbuf_leaf_66_clk_A, 245.14, 168.64, 0.0409482
FILLER_0_57_518, 245.14, 168.64, 0.0409482
FILLER_0_58_514, 245.14, 168.64, 0.0409482
FILLER_0_58_522, 245.14, 168.64, 0.0409482
_06839_, 255.14, 168.64, 0.0422641
_06840_, 255.14, 168.64, 0.0422641
_06872_, 255.14, 168.64, 0.0422641
_06874_, 255.14, 168.64, 0.0422641
ANTENNA__06839__A1, 255.14, 168.64, 0.0422641
ANTENNA__06839__A2, 255.14, 168.64, 0.0422641
FILLER_0_57_540, 255.14, 168.64, 0.0422641
FILLER_0_58_539, 255.14, 168.64, 0.0422641
_06924_, 275.14, 168.64, 0.0447465
FILLER_0_59_592, 275.14, 168.64, 0.0447465
_07091_, 285.14, 168.64, 0.0459217
_07092_, 285.14, 168.64, 0.0459217
FILLER_0_57_604, 285.14, 168.64, 0.0459217
FILLER_0_58_613, 285.14, 168.64, 0.0459217
FILLER_0_59_610, 285.14, 168.64, 0.0459217
_05590_, 305.14, 168.64, 0.0480563
ANTENNA__10482__A, 305.14, 168.64, 0.0480563
FILLER_0_58_645, 305.14, 168.64, 0.0480563
FILLER_0_58_651, 305.14, 168.64, 0.0480563
_05594_, 315.14, 168.64, 0.0490496
_05598_, 315.14, 168.64, 0.0490496
FILLER_0_57_667, 315.14, 168.64, 0.0490496
FILLER_0_57_673, 315.14, 168.64, 0.0490496
_06686_, 335.14, 168.64, 0.0509526
_09089_, 335.14, 168.64, 0.0509526
FILLER_0_59_722, 335.14, 168.64, 0.0509526
_05696_, 345.14, 168.64, 0.0518557
_05729_, 345.14, 168.64, 0.0518557
_05730_, 345.14, 168.64, 0.0518557
ANTENNA__09179__S, 345.14, 168.64, 0.0518557
_05708_, 365.14, 168.64, 0.053511
_09169_, 365.14, 168.64, 0.053511
_11305_, 365.14, 168.64, 0.053511
FILLER_0_57_771, 365.14, 168.64, 0.053511
FILLER_0_57_779, 365.14, 168.64, 0.053511
FILLER_0_59_785, 365.14, 168.64, 0.053511
_06128_, 375.14, 168.64, 0.0542604
_06692_, 375.14, 168.64, 0.0542604
_09358_, 375.14, 168.64, 0.0542604
ANTENNA__09169__A, 375.14, 168.64, 0.0542604
ANTENNA__06692__A, 375.14, 168.64, 0.0542604
ANTENNA__11305__RESET_B, 375.14, 168.64, 0.0542604
_05709_, 395.66, 168.64, 0.0550123
_05747_, 395.66, 168.64, 0.0550123
_05748_, 395.66, 168.64, 0.0550123
ANTENNA__05749__A1, 395.66, 168.64, 0.0550123
ANTENNA__05709__A1, 395.66, 168.64, 0.0550123
FILLER_0_58_839, 395.66, 168.64, 0.0550123
FILLER_0_58_853, 395.66, 168.64, 0.0550123
_10733_, 5.52, 163.2, 0.0301198
PHY_110, 5.52, 163.2, 0.0301198
PHY_112, 5.52, 163.2, 0.0301198
input23, 5.52, 163.2, 0.0301198
ANTENNA_input23_A, 5.52, 163.2, 0.0301198
FILLER_0_57_3, 5.52, 163.2, 0.0301198
PHY_111, 406.18, 163.2, 0.0548765
PHY_113, 406.18, 163.2, 0.0548765
ANTENNA__09257__A1, 406.18, 163.2, 0.0548765
FILLER_0_55_864, 406.18, 163.2, 0.0548765
_10632_, 15.33, 163.2, 0.0301189
_10682_, 15.33, 163.2, 0.0301189
hold78, 15.33, 163.2, 0.0301189
hold254, 15.33, 163.2, 0.0301189
ANTENNA__10632__S, 15.33, 163.2, 0.0301189
ANTENNA__10682__S, 15.33, 163.2, 0.0301189
ANTENNA__10732__S, 15.33, 163.2, 0.0301189
FILLER_0_56_11, 15.33, 163.2, 0.0301189
_10480_, 35.14, 163.2, 0.0298463
_10533_, 35.14, 163.2, 0.0298463
hold233, 35.14, 163.2, 0.0298463
ANTENNA__10533__S, 35.14, 163.2, 0.0298463
FILLER_0_57_73, 35.14, 163.2, 0.0298463
_10870_, 45.14, 163.2, 0.0295763
ANTENNA__10870__A2, 45.14, 163.2, 0.0295763
ANTENNA__10873__A, 45.14, 163.2, 0.0295763
ANTENNA__10480__A0, 45.14, 163.2, 0.0295763
FILLER_0_57_89, 45.14, 163.2, 0.0295763
_06325_, 65.14, 163.2, 0.0287449
_06501_, 65.14, 163.2, 0.0287449
_10762_, 65.14, 163.2, 0.0287449
ANTENNA__06443__B, 65.14, 163.2, 0.0287449
ANTENNA__06494__B, 65.14, 163.2, 0.0287449
ANTENNA__06501__B, 65.14, 163.2, 0.0287449
FILLER_0_56_131, 65.14, 163.2, 0.0287449
_06223_, 75.14, 163.2, 0.0281831
_06443_, 75.14, 163.2, 0.0281831
_06494_, 75.14, 163.2, 0.0281831
_10545_, 75.14, 163.2, 0.0281831
_10638_, 75.14, 163.2, 0.0281831
ANTENNA__06425__B, 75.14, 163.2, 0.0281831
ANTENNA__06425__C, 75.14, 163.2, 0.0281831
ANTENNA__10576__A, 75.14, 163.2, 0.0281831
_11640_, 95.14, 163.2, 0.0267913
hold94, 95.14, 163.2, 0.0267913
hold327, 95.14, 163.2, 0.0267913
ANTENNA__11151__RESET_B, 95.14, 163.2, 0.0267913
ANTENNA__11150__RESET_B, 95.14, 163.2, 0.0267913
_10983_, 105.14, 163.2, 0.0259526
_10984_, 105.14, 163.2, 0.0259526
_11026_, 105.14, 163.2, 0.0259526
_11584_, 105.14, 163.2, 0.0259526
ANTENNA__10983__S, 105.14, 163.2, 0.0259526
ANTENNA__11640__RESET_B, 105.14, 163.2, 0.0259526
_06524_, 125.14, 163.2, 0.0244237
_06528_, 125.14, 163.2, 0.0244237
ANTENNA__11641__RESET_B, 125.14, 163.2, 0.0244237
ANTENNA__11584__RESET_B, 125.14, 163.2, 0.0244237
FILLER_0_55_257, 125.14, 163.2, 0.0244237
_06535_, 135.14, 163.2, 0.0237337
_07419_, 135.14, 163.2, 0.0237337
_07420_, 135.14, 163.2, 0.0237337
ANTENNA__07420__A1, 135.14, 163.2, 0.0237337
FILLER_0_56_275, 135.14, 163.2, 0.0237337
_09567_, 155.14, 163.2, 0.0248405
ANTENNA__07928__B, 155.14, 163.2, 0.0248405
ANTENNA__07928__A, 155.14, 163.2, 0.0248405
FILLER_0_55_318, 155.14, 163.2, 0.0248405
FILLER_0_56_334, 155.14, 163.2, 0.0248405
FILLER_0_57_326, 155.14, 163.2, 0.0248405
_09536_, 165.14, 163.2, 0.0266348
_09569_, 165.14, 163.2, 0.0266348
_09622_, 165.14, 163.2, 0.0266348
ANTENNA__09536__A1, 165.14, 163.2, 0.0266348
ANTENNA__09535__B1, 165.14, 163.2, 0.0266348
FILLER_0_56_346, 165.14, 163.2, 0.0266348
FILLER_0_56_354, 165.14, 163.2, 0.0266348
_09440_, 185.14, 163.2, 0.0303018
_09441_, 185.14, 163.2, 0.0303018
_09449_, 185.14, 163.2, 0.0303018
_09476_, 185.14, 163.2, 0.0303018
_09479_, 185.14, 163.2, 0.0303018
ANTENNA__09452__B2, 185.14, 163.2, 0.0303018
ANTENNA__09440__B, 185.14, 163.2, 0.0303018
FILLER_0_55_381, 185.14, 163.2, 0.0303018
FILLER_0_55_389, 185.14, 163.2, 0.0303018
FILLER_0_56_393, 185.14, 163.2, 0.0303018
_09458_, 195.14, 163.2, 0.0322158
_09459_, 195.14, 163.2, 0.0322158
_09460_, 195.14, 163.2, 0.0322158
_09484_, 195.14, 163.2, 0.0322158
ANTENNA__09456__A1, 195.14, 163.2, 0.0322158
ANTENNA__09441__A, 195.14, 163.2, 0.0322158
ANTENNA__09440__A, 195.14, 163.2, 0.0322158
ANTENNA__09441__B, 195.14, 163.2, 0.0322158
ANTENNA__09459__B, 195.14, 163.2, 0.0322158
FILLER_0_56_410, 195.14, 163.2, 0.0322158
_09626_, 215.14, 163.2, 0.035795
_09676_, 215.14, 163.2, 0.035795
FILLER_0_56_459, 215.14, 163.2, 0.035795
FILLER_0_57_457, 215.14, 163.2, 0.035795
_09627_, 225.14, 163.2, 0.0374577
_09673_, 225.14, 163.2, 0.0374577
_09674_, 225.14, 163.2, 0.0374577
_09675_, 225.14, 163.2, 0.0374577
clkbuf_leaf_66_clk, 225.14, 163.2, 0.0374577
ANTENNA__09674__B1, 225.14, 163.2, 0.0374577
FILLER_0_55_474, 225.14, 163.2, 0.0374577
FILLER_0_57_480, 225.14, 163.2, 0.0374577
ANTENNA__06873__A1, 245.14, 163.2, 0.0404431
ANTENNA__09447__B2, 245.14, 163.2, 0.0404431
ANTENNA__06873__A2, 245.14, 163.2, 0.0404431
FILLER_0_56_527, 245.14, 163.2, 0.0404431
FILLER_0_57_530, 245.14, 163.2, 0.0404431
_05569_, 255.14, 163.2, 0.0418277
_06841_, 255.14, 163.2, 0.0418277
_06844_, 255.14, 163.2, 0.0418277
_06875_, 255.14, 163.2, 0.0418277
FILLER_0_56_545, 255.14, 163.2, 0.0418277
FILLER_0_56_552, 255.14, 163.2, 0.0418277
FILLER_0_57_548, 255.14, 163.2, 0.0418277
_06926_, 275.14, 163.2, 0.0444069
_06974_, 275.14, 163.2, 0.0444069
_07029_, 275.14, 163.2, 0.0444069
FILLER_0_55_585, 275.14, 163.2, 0.0444069
FILLER_0_56_580, 275.14, 163.2, 0.0444069
_07030_, 285.14, 163.2, 0.0455911
_11218_, 285.14, 163.2, 0.0455911
ANTENNA__06976__B1, 285.14, 163.2, 0.0455911
ANTENNA__11218__RESET_B, 285.14, 163.2, 0.0455911
FILLER_0_56_600, 285.14, 163.2, 0.0455911
FILLER_0_56_611, 285.14, 163.2, 0.0455911
FILLER_0_57_613, 285.14, 163.2, 0.0455911
FILLER_0_57_617, 285.14, 163.2, 0.0455911
_05563_, 305.14, 163.2, 0.0477693
_05564_, 305.14, 163.2, 0.0477693
_05588_, 305.14, 163.2, 0.0477693
hold466, 305.14, 163.2, 0.0477693
FILLER_0_55_641, 305.14, 163.2, 0.0477693
FILLER_0_56_641, 305.14, 163.2, 0.0477693
_06541_, 315.14, 163.2, 0.0487948
_11263_, 315.14, 163.2, 0.0487948
ANTENNA__06541__A, 315.14, 163.2, 0.0487948
ANTENNA__11263__RESET_B, 315.14, 163.2, 0.0487948
ANTENNA__11253__RESET_B, 315.14, 163.2, 0.0487948
FILLER_0_55_665, 315.14, 163.2, 0.0487948
FILLER_0_55_673, 315.14, 163.2, 0.0487948
FILLER_0_56_669, 315.14, 163.2, 0.0487948
_06723_, 335.14, 163.2, 0.0507505
_09085_, 335.14, 163.2, 0.0507505
_09088_, 335.14, 163.2, 0.0507505
ANTENNA__09382__A, 335.14, 163.2, 0.0507505
ANTENNA__06686__S, 335.14, 163.2, 0.0507505
ANTENNA_clkbuf_leaf_53_clk_A, 335.14, 163.2, 0.0507505
_05697_, 345.14, 163.2, 0.0516747
_05731_, 345.14, 163.2, 0.0516747
_09083_, 345.14, 163.2, 0.0516747
ANTENNA__09085__S, 345.14, 163.2, 0.0516747
FILLER_0_56_748, 345.14, 163.2, 0.0516747
_05683_, 365.14, 163.2, 0.0533581
_05712_, 365.14, 163.2, 0.0533581
_05713_, 365.14, 163.2, 0.0533581
_06127_, 365.14, 163.2, 0.0533581
_09172_, 365.14, 163.2, 0.0533581
ANTENNA__09172__A, 365.14, 163.2, 0.0533581
_09256_, 375.14, 163.2, 0.054114
_09274_, 375.14, 163.2, 0.054114
_09357_, 375.14, 163.2, 0.054114
ANTENNA__09274__A, 375.14, 163.2, 0.054114
ANTENNA__09358__S, 375.14, 163.2, 0.054114
FILLER_0_56_809, 375.14, 163.2, 0.054114
FILLER_0_56_813, 375.14, 163.2, 0.054114
FILLER_0_57_809, 375.14, 163.2, 0.054114
_09258_, 395.66, 163.2, 0.0548765
_09259_, 395.66, 163.2, 0.0548765
_11291_, 395.66, 163.2, 0.0548765
ANTENNA__09258__S, 395.66, 163.2, 0.0548765
ANTENNA__11291__RESET_B, 395.66, 163.2, 0.0548765
_11485_, 5.52, 157.76, 0.0296317
PHY_106, 5.52, 157.76, 0.0296317
PHY_108, 5.52, 157.76, 0.0296317
FILLER_0_55_3, 5.52, 157.76, 0.0296317
PHY_107, 406.18, 157.76, 0.0683739
PHY_109, 406.18, 157.76, 0.0683739
ANTENNA_output29_A, 406.18, 157.76, 0.0683739
FILLER_0_53_862, 406.18, 157.76, 0.0683739
_10584_, 15.33, 157.76, 0.029628
_10633_, 15.33, 157.76, 0.029628
_11461_, 15.33, 157.76, 0.029628
hold77, 15.33, 157.76, 0.029628
FILLER_0_53_11, 15.33, 157.76, 0.029628
_11388_, 35.14, 157.76, 0.0293132
hold232, 35.14, 157.76, 0.0293132
_10481_, 45.14, 157.76, 0.0289994
_10669_, 45.14, 157.76, 0.0289994
_10868_, 45.14, 157.76, 0.0289994
_10869_, 45.14, 157.76, 0.0289994
hold400, 45.14, 157.76, 0.0289994
ANTENNA__11388__RESET_B, 45.14, 157.76, 0.0289994
FILLER_0_54_85, 45.14, 157.76, 0.0289994
_06471_, 65.14, 157.76, 0.0280229
_10877_, 65.14, 157.76, 0.0280229
ANTENNA__06426__A2, 65.14, 157.76, 0.0280229
FILLER_0_54_135, 65.14, 157.76, 0.0280229
_06425_, 75.14, 157.76, 0.0273617
_06426_, 75.14, 157.76, 0.0273617
_06427_, 75.14, 157.76, 0.0273617
_06444_, 75.14, 157.76, 0.0273617
_06445_, 75.14, 157.76, 0.0273617
_06478_, 75.14, 157.76, 0.0273617
ANTENNA__06426__B1, 75.14, 157.76, 0.0273617
ANTENNA__06444__B, 75.14, 157.76, 0.0273617
FILLER_0_55_162, 75.14, 157.76, 0.0273617
_10379_, 95.14, 157.76, 0.0256669
_10964_, 95.14, 157.76, 0.0256669
_11096_, 95.14, 157.76, 0.0256669
_11097_, 95.14, 157.76, 0.0256669
_11639_, 95.14, 157.76, 0.0256669
hold326, 95.14, 157.76, 0.0256669
ANTENNA__06508__S, 95.14, 157.76, 0.0256669
FILLER_0_53_186, 95.14, 157.76, 0.0256669
_10995_, 105.14, 157.76, 0.0246336
_11039_, 105.14, 157.76, 0.0246336
_11040_, 105.14, 157.76, 0.0246336
_11611_, 105.14, 157.76, 0.0246336
ANTENNA__11096__S, 105.14, 157.76, 0.0246336
FILLER_0_54_210, 105.14, 157.76, 0.0246336
_06526_, 125.14, 157.76, 0.0226529
_06527_, 125.14, 157.76, 0.0226529
_07497_, 125.14, 157.76, 0.0226529
ANTENNA__07419__B, 125.14, 157.76, 0.0226529
FILLER_0_53_260, 125.14, 157.76, 0.0226529
FILLER_0_54_265, 125.14, 157.76, 0.0226529
_07417_, 135.14, 157.76, 0.0217027
_07418_, 135.14, 157.76, 0.0217027
ANTENNA__07499__B1, 135.14, 157.76, 0.0217027
ANTENNA__09063__A, 155.14, 157.76, 0.022791
FILLER_0_53_319, 155.14, 157.76, 0.022791
FILLER_0_54_333, 155.14, 157.76, 0.022791
_09538_, 165.14, 157.76, 0.0248392
_09568_, 165.14, 157.76, 0.0248392
_09618_, 165.14, 157.76, 0.0248392
_09619_, 165.14, 157.76, 0.0248392
_09620_, 165.14, 157.76, 0.0248392
_06781_, 185.14, 157.76, 0.0289986
_09480_, 185.14, 157.76, 0.0289986
_09490_, 185.14, 157.76, 0.0289986
ANTENNA__06781__B, 185.14, 157.76, 0.0289986
ANTENNA__09449__B, 185.14, 157.76, 0.0289986
ANTENNA__06781__A, 185.14, 157.76, 0.0289986
FILLER_0_53_389, 185.14, 157.76, 0.0289986
FILLER_0_55_393, 185.14, 157.76, 0.0289986
_09481_, 195.14, 157.76, 0.0311319
_09482_, 195.14, 157.76, 0.0311319
_09483_, 195.14, 157.76, 0.0311319
_09505_, 195.14, 157.76, 0.0311319
FILLER_0_54_411, 195.14, 157.76, 0.0311319
FILLER_0_54_421, 195.14, 157.76, 0.0311319
FILLER_0_55_420, 195.14, 157.76, 0.0311319
_09625_, 215.14, 157.76, 0.0350531
_09631_, 215.14, 157.76, 0.0350531
max_cap62, 215.14, 157.76, 0.0350531
FILLER_0_54_448, 215.14, 157.76, 0.0350531
_08186_, 225.14, 157.76, 0.0368223
_09628_, 225.14, 157.76, 0.0368223
_11326_, 225.14, 157.76, 0.0368223
ANTENNA__08186__A, 225.14, 157.76, 0.0368223
FILLER_0_54_488, 225.14, 157.76, 0.0368223
_09463_, 245.14, 157.76, 0.0399587
hold37, 245.14, 157.76, 0.0399587
ANTENNA__09462__B1, 245.14, 157.76, 0.0399587
ANTENNA__06813__A1, 245.14, 157.76, 0.0399587
ANTENNA__06813__A2, 245.14, 157.76, 0.0399587
ANTENNA__06813__C1, 245.14, 157.76, 0.0399587
FILLER_0_54_516, 245.14, 157.76, 0.0399587
_06813_, 255.14, 157.76, 0.0413928
_06816_, 255.14, 157.76, 0.0413928
_06834_, 255.14, 157.76, 0.0413928
_06842_, 255.14, 157.76, 0.0413928
ANTENNA__06813__B1, 255.14, 157.76, 0.0413928
ANTENNA__06842__B1, 255.14, 157.76, 0.0413928
FILLER_0_53_537, 255.14, 157.76, 0.0413928
FILLER_0_54_552, 255.14, 157.76, 0.0413928
FILLER_0_55_552, 255.14, 157.76, 0.0413928
_06927_, 275.14, 157.76, 0.0440773
_06928_, 275.14, 157.76, 0.0440773
_06975_, 275.14, 157.76, 0.0440773
_06976_, 275.14, 157.76, 0.0440773
FILLER_0_53_585, 275.14, 157.76, 0.0440773
FILLER_0_54_585, 275.14, 157.76, 0.0440773
FILLER_0_54_589, 275.14, 157.76, 0.0440773
_09515_, 285.14, 157.76, 0.0453129
hold463, 285.14, 157.76, 0.0453129
hold470, 285.14, 157.76, 0.0453129
ANTENNA__06977__A2, 285.14, 157.76, 0.0453129
FILLER_0_54_611, 285.14, 157.76, 0.0453129
_09629_, 305.14, 157.76, 0.047731
_09630_, 305.14, 157.76, 0.047731
_11325_, 305.14, 157.76, 0.047731
FILLER_0_55_655, 305.14, 157.76, 0.047731
_08802_, 315.14, 157.76, 0.0488804
_08803_, 315.14, 157.76, 0.0488804
_11253_, 315.14, 157.76, 0.0488804
ANTENNA__08801__A, 315.14, 157.76, 0.0488804
FILLER_0_53_663, 315.14, 157.76, 0.0488804
_05681_, 335.14, 157.76, 0.0511728
ANTENNA__06723__A, 335.14, 157.76, 0.0511728
FILLER_0_55_721, 335.14, 157.76, 0.0511728
_05653_, 345.14, 157.76, 0.0524159
_05687_, 345.14, 157.76, 0.0524159
_09071_, 345.14, 157.76, 0.0524159
_05684_, 365.14, 157.76, 0.0559825
_09168_, 365.14, 157.76, 0.0559825
_09171_, 365.14, 157.76, 0.0559825
ANTENNA__09171__A1, 365.14, 157.76, 0.0559825
ANTENNA__09256__A1, 365.14, 157.76, 0.0559825
ANTENNA__09170__B1_N, 365.14, 157.76, 0.0559825
FILLER_0_53_778, 365.14, 157.76, 0.0559825
FILLER_0_54_788, 365.14, 157.76, 0.0559825
FILLER_0_55_785, 365.14, 157.76, 0.0559825
_05685_, 375.14, 157.76, 0.0583001
_05686_, 375.14, 157.76, 0.0583001
_05710_, 375.14, 157.76, 0.0583001
ANTENNA__09256__B1, 375.14, 157.76, 0.0583001
_05701_, 395.66, 157.76, 0.0683739
_09255_, 395.66, 157.76, 0.0683739
_09257_, 395.66, 157.76, 0.0683739
_09260_, 395.66, 157.76, 0.0683739
_09261_, 395.66, 157.76, 0.0683739
output29, 395.66, 157.76, 0.0683739
_10683_, 5.52, 152.32, 0.0291195
PHY_102, 5.52, 152.32, 0.0291195
PHY_104, 5.52, 152.32, 0.0291195
FILLER_0_53_3, 5.52, 152.32, 0.0291195
PHY_103, 406.18, 152.32, 0.0544196
PHY_105, 406.18, 152.32, 0.0544196
ANTENNA__05707__B2, 406.18, 152.32, 0.0544196
FILLER_0_52_865, 406.18, 152.32, 0.0544196
hold357, 15.33, 152.32, 0.0291189
ANTENNA__11485__RESET_B, 15.33, 152.32, 0.0291189
FILLER_0_52_15, 15.33, 152.32, 0.0291189
FILLER_0_52_25, 15.33, 152.32, 0.0291189
_10532_, 35.14, 152.32, 0.0287748
_11412_, 35.14, 152.32, 0.0287748
ANTENNA__10581__S, 35.14, 152.32, 0.0287748
ANTENNA__11413__RESET_B, 35.14, 152.32, 0.0287748
FILLER_0_52_75, 35.14, 152.32, 0.0287748
FILLER_0_53_69, 35.14, 152.32, 0.0287748
FILLER_0_53_74, 35.14, 152.32, 0.0287748
_10478_, 45.14, 152.32, 0.0284287
_10479_, 45.14, 152.32, 0.0284287
_10867_, 45.14, 152.32, 0.0284287
_11387_, 45.14, 152.32, 0.0284287
ANTENNA_clkbuf_leaf_6_clk_A, 45.14, 152.32, 0.0284287
_06459_, 65.14, 152.32, 0.027326
_06468_, 65.14, 152.32, 0.027326
_06479_, 65.14, 152.32, 0.027326
ANTENNA__06471__S, 65.14, 152.32, 0.027326
ANTENNA__06459__B, 65.14, 152.32, 0.027326
ANTENNA__06479__S, 65.14, 152.32, 0.027326
ANTENNA__06471__A0, 65.14, 152.32, 0.027326
ANTENNA_fanout79_A, 65.14, 152.32, 0.027326
FILLER_0_52_128, 65.14, 152.32, 0.027326
FILLER_0_52_137, 65.14, 152.32, 0.027326
_06234_, 75.14, 152.32, 0.0265655
hold435, 75.14, 152.32, 0.0265655
ANTENNA__06234__A, 75.14, 152.32, 0.0265655
ANTENNA__06478__B, 75.14, 152.32, 0.0265655
ANTENNA__10960__S, 75.14, 152.32, 0.0265655
ANTENNA__11602__RESET_B, 75.14, 152.32, 0.0265655
FILLER_0_52_145, 75.14, 152.32, 0.0265655
hold230, 95.14, 152.32, 0.0245575
FILLER_0_51_192, 95.14, 152.32, 0.0245575
_06222_, 105.14, 152.32, 0.0233204
_10982_, 105.14, 152.32, 0.0233204
_11583_, 105.14, 152.32, 0.0233204
hold353, 105.14, 152.32, 0.0233204
ANTENNA__11039__S, 105.14, 152.32, 0.0233204
FILLER_0_52_207, 105.14, 152.32, 0.0233204
_06503_, 125.14, 152.32, 0.0208552
_06507_, 125.14, 152.32, 0.0208552
_07414_, 125.14, 152.32, 0.0208552
FILLER_0_51_258, 125.14, 152.32, 0.0208552
_07364_, 135.14, 152.32, 0.0196203
_07415_, 135.14, 152.32, 0.0196203
_07416_, 135.14, 152.32, 0.0196203
_08559_, 135.14, 152.32, 0.0196203
ANTENNA__08559__B, 135.14, 152.32, 0.0196203
ANTENNA__08560__B1, 135.14, 152.32, 0.0196203
FILLER_0_52_278, 135.14, 152.32, 0.0196203
FILLER_0_52_289, 135.14, 152.32, 0.0196203
_08754_, 155.14, 152.32, 0.0207207
_09063_, 155.14, 152.32, 0.0207207
ANTENNA__09064__A1, 155.14, 152.32, 0.0207207
ANTENNA__09063__B, 155.14, 152.32, 0.0207207
FILLER_0_52_321, 155.14, 152.32, 0.0207207
FILLER_0_52_333, 155.14, 152.32, 0.0207207
FILLER_0_53_326, 155.14, 152.32, 0.0207207
_09065_, 165.14, 152.32, 0.0230499
_09539_, 165.14, 152.32, 0.0230499
FILLER_0_51_344, 165.14, 152.32, 0.0230499
FILLER_0_53_349, 165.14, 152.32, 0.0230499
_06782_, 185.14, 152.32, 0.0277506
_06886_, 185.14, 152.32, 0.0277506
_09506_, 185.14, 152.32, 0.0277506
_09507_, 185.14, 152.32, 0.0277506
ANTENNA__06885__B, 185.14, 152.32, 0.0277506
FILLER_0_53_393, 185.14, 152.32, 0.0277506
_09485_, 195.14, 152.32, 0.0300755
_09540_, 195.14, 152.32, 0.0300755
_09541_, 195.14, 152.32, 0.0300755
ANTENNA__09509__A, 195.14, 152.32, 0.0300755
FILLER_0_52_414, 195.14, 152.32, 0.0300755
FILLER_0_52_421, 195.14, 152.32, 0.0300755
FILLER_0_53_414, 195.14, 152.32, 0.0300755
_09512_, 215.14, 152.32, 0.0342502
_09513_, 215.14, 152.32, 0.0342502
_09571_, 215.14, 152.32, 0.0342502
_09572_, 215.14, 152.32, 0.0342502
FILLER_0_51_452, 215.14, 152.32, 0.0342502
_09574_, 225.14, 152.32, 0.0360989
ANTENNA__08438__A, 225.14, 152.32, 0.0360989
FILLER_0_51_474, 225.14, 152.32, 0.0360989
FILLER_0_52_470, 225.14, 152.32, 0.0360989
FILLER_0_52_477, 225.14, 152.32, 0.0360989
_11320_, 245.14, 152.32, 0.0394557
_11321_, 245.14, 152.32, 0.0394557
hold39, 245.14, 152.32, 0.0394557
ANTENNA__09463__B2, 245.14, 152.32, 0.0394557
ANTENNA__09488__A2, 245.14, 152.32, 0.0394557
_05568_, 255.14, 152.32, 0.0409517
_11213_, 255.14, 152.32, 0.0409517
hold69, 255.14, 152.32, 0.0409517
FILLER_0_51_533, 255.14, 152.32, 0.0409517
FILLER_0_51_539, 255.14, 152.32, 0.0409517
FILLER_0_52_541, 255.14, 152.32, 0.0409517
_06929_, 275.14, 152.32, 0.0437119
_06977_, 275.14, 152.32, 0.0437119
_11215_, 275.14, 152.32, 0.0437119
ANTENNA__06929__A2, 275.14, 152.32, 0.0437119
FILLER_0_51_577, 275.14, 152.32, 0.0437119
_11322_, 285.14, 152.32, 0.0449534
ANTENNA__11322__RESET_B, 285.14, 152.32, 0.0449534
FILLER_0_52_610, 285.14, 152.32, 0.0449534
FILLER_0_52_617, 285.14, 152.32, 0.0449534
_05585_, 305.14, 152.32, 0.0472946
_05586_, 305.14, 152.32, 0.0472946
_05587_, 305.14, 152.32, 0.0472946
_07164_, 305.14, 152.32, 0.0472946
ANTENNA__09629__S, 305.14, 152.32, 0.0472946
FILLER_0_51_642, 305.14, 152.32, 0.0472946
FILLER_0_51_669, 315.14, 152.32, 0.0483372
FILLER_0_51_673, 315.14, 152.32, 0.0483372
FILLER_0_52_683, 315.14, 152.32, 0.0483372
_05661_, 335.14, 152.32, 0.0503226
_09080_, 335.14, 152.32, 0.0503226
_09082_, 335.14, 152.32, 0.0503226
FILLER_0_52_713, 335.14, 152.32, 0.0503226
FILLER_0_53_718, 335.14, 152.32, 0.0503226
_05688_, 345.14, 152.32, 0.0512437
_09076_, 345.14, 152.32, 0.0512437
_09077_, 345.14, 152.32, 0.0512437
ANTENNA__09077__S, 345.14, 152.32, 0.0512437
FILLER_0_52_749, 345.14, 152.32, 0.0512437
_09161_, 365.14, 152.32, 0.0529073
FILLER_0_51_781, 365.14, 152.32, 0.0529073
_06122_, 375.14, 152.32, 0.0536599
_06123_, 375.14, 152.32, 0.0536599
FILLER_0_52_805, 375.14, 152.32, 0.0536599
FILLER_0_53_809, 375.14, 152.32, 0.0536599
_05702_, 395.66, 152.32, 0.0544196
_05704_, 395.66, 152.32, 0.0544196
_05705_, 395.66, 152.32, 0.0544196
_05707_, 395.66, 152.32, 0.0544196
ANTENNA__06124__B1, 395.66, 152.32, 0.0544196
ANTENNA__05704__A, 395.66, 152.32, 0.0544196
ANTENNA__05705__B1, 395.66, 152.32, 0.0544196
FILLER_0_51_841, 395.66, 152.32, 0.0544196
FILLER_0_52_839, 395.66, 152.32, 0.0544196
_10681_, 5.52, 146.88, 0.0290446
_11484_, 5.52, 146.88, 0.0290446
PHY_98, 5.52, 146.88, 0.0290446
PHY_100, 5.52, 146.88, 0.0290446
FILLER_0_51_3, 5.52, 146.88, 0.0290446
PHY_99, 406.18, 146.88, 0.0682891
PHY_101, 406.18, 146.88, 0.0682891
ANTENNA__05669__B2, 406.18, 146.88, 0.0682891
ANTENNA_output55_A, 406.18, 146.88, 0.0682891
_10630_, 15.33, 146.88, 0.0290405
_10631_, 15.33, 146.88, 0.0290405
_10680_, 15.33, 146.88, 0.0290405
ANTENNA__10680__S, 15.33, 146.88, 0.0290405
FILLER_0_51_23, 15.33, 146.88, 0.0290405
_10531_, 35.14, 146.88, 0.0287161
clkbuf_leaf_6_clk, 35.14, 146.88, 0.0287161
hold426, 35.14, 146.88, 0.0287161
ANTENNA__10531__S, 35.14, 146.88, 0.0287161
FILLER_0_49_57, 35.14, 146.88, 0.0287161
_10860_, 45.14, 146.88, 0.0283778
_10865_, 45.14, 146.88, 0.0283778
_10866_, 45.14, 146.88, 0.0283778
ANTENNA__10865__B1, 45.14, 146.88, 0.0283778
ANTENNA__10478__S, 45.14, 146.88, 0.0283778
ANTENNA__10860__B, 45.14, 146.88, 0.0283778
FILLER_0_51_95, 45.14, 146.88, 0.0283778
_06451_, 65.14, 146.88, 0.0273261
_11021_, 65.14, 146.88, 0.0273261
ANTENNA__06453__A1, 65.14, 146.88, 0.0273261
ANTENNA__06451__B1, 65.14, 146.88, 0.0273261
FILLER_0_49_127, 65.14, 146.88, 0.0273261
FILLER_0_50_124, 65.14, 146.88, 0.0273261
FILLER_0_50_132, 65.14, 146.88, 0.0273261
FILLER_0_51_138, 65.14, 146.88, 0.0273261
_06453_, 75.14, 146.88, 0.026613
_10960_, 75.14, 146.88, 0.026613
_11573_, 75.14, 146.88, 0.026613
FILLER_0_50_154, 75.14, 146.88, 0.026613
_11075_, 95.14, 146.88, 0.0247512
_11629_, 95.14, 146.88, 0.0247512
_11657_, 95.14, 146.88, 0.0247512
ANTENNA__11018__S, 95.14, 146.88, 0.0247512
ANTENNA__11601__RESET_B, 95.14, 146.88, 0.0247512
_11076_, 105.14, 146.88, 0.0236088
hold222, 105.14, 146.88, 0.0236088
hold320, 105.14, 146.88, 0.0236088
ANTENNA__11075__S, 105.14, 146.88, 0.0236088
ANTENNA__10981__S, 105.14, 146.88, 0.0236088
ANTENNA__11639__RESET_B, 105.14, 146.88, 0.0236088
ANTENNA__11629__RESET_B, 105.14, 146.88, 0.0236088
FILLER_0_49_215, 105.14, 146.88, 0.0236088
_06505_, 125.14, 146.88, 0.0213743
_06506_, 125.14, 146.88, 0.0213743
ANTENNA__07364__B, 125.14, 146.88, 0.0213743
FILLER_0_50_265, 125.14, 146.88, 0.0213743
FILLER_0_51_266, 125.14, 146.88, 0.0213743
_07361_, 135.14, 146.88, 0.0202831
_07362_, 135.14, 146.88, 0.0202831
_07363_, 135.14, 146.88, 0.0202831
_07365_, 135.14, 146.88, 0.0202831
_07366_, 135.14, 146.88, 0.0202831
ANTENNA__07365__A1, 135.14, 146.88, 0.0202831
FILLER_0_51_287, 135.14, 146.88, 0.0202831
_09030_, 155.14, 146.88, 0.0213658
_09031_, 155.14, 146.88, 0.0213658
_09034_, 155.14, 146.88, 0.0213658
_09064_, 155.14, 146.88, 0.0213658
ANTENNA__08718__B1, 155.14, 146.88, 0.0213658
ANTENNA__09064__A2, 155.14, 146.88, 0.0213658
ANTENNA__08718__C1, 155.14, 146.88, 0.0213658
ANTENNA__08753__C1, 155.14, 146.88, 0.0213658
FILLER_0_50_318, 155.14, 146.88, 0.0213658
_08808_, 165.14, 146.88, 0.0235621
_09026_, 165.14, 146.88, 0.0235621
_09028_, 165.14, 146.88, 0.0235621
_09032_, 165.14, 146.88, 0.0235621
_09033_, 165.14, 146.88, 0.0235621
ANTENNA__09033__A, 165.14, 146.88, 0.0235621
ANTENNA__09033__B, 165.14, 146.88, 0.0235621
ANTENNA__09059__B, 165.14, 146.88, 0.0235621
ANTENNA__09026__B, 165.14, 146.88, 0.0235621
ANTENNA__08808__B, 165.14, 146.88, 0.0235621
FILLER_0_49_337, 165.14, 146.88, 0.0235621
FILLER_0_49_342, 165.14, 146.88, 0.0235621
FILLER_0_49_347, 165.14, 146.88, 0.0235621
_09066_, 185.14, 146.88, 0.0279948
FILLER_0_49_382, 185.14, 146.88, 0.0279948
FILLER_0_50_401, 185.14, 146.88, 0.0279948
FILLER_0_51_393, 185.14, 146.88, 0.0279948
FILLER_0_51_401, 185.14, 146.88, 0.0279948
_09508_, 195.14, 146.88, 0.0302362
_09509_, 195.14, 146.88, 0.0302362
_09510_, 195.14, 146.88, 0.0302362
ANTENNA__09508__A, 195.14, 146.88, 0.0302362
FILLER_0_50_415, 195.14, 146.88, 0.0302362
_09544_, 215.14, 146.88, 0.03432
_09545_, 215.14, 146.88, 0.03432
_09573_, 215.14, 146.88, 0.03432
_09575_, 215.14, 146.88, 0.03432
ANTENNA__09575__B1, 215.14, 146.88, 0.03432
FILLER_0_50_457, 215.14, 146.88, 0.03432
_08438_, 225.14, 146.88, 0.0361566
_09546_, 225.14, 146.88, 0.0361566
_09547_, 225.14, 146.88, 0.0361566
_09576_, 225.14, 146.88, 0.0361566
_11323_, 225.14, 146.88, 0.0361566
ANTENNA__08438__B, 225.14, 146.88, 0.0361566
ANTENNA__09547__A2, 225.14, 146.88, 0.0361566
FILLER_0_49_471, 225.14, 146.88, 0.0361566
ANTENNA__09432__B2, 245.14, 146.88, 0.0394207
ANTENNA__06789__B1, 245.14, 146.88, 0.0394207
ANTENNA__11321__RESET_B, 245.14, 146.88, 0.0394207
ANTENNA_clkbuf_leaf_65_clk_A, 245.14, 146.88, 0.0394207
FILLER_0_49_513, 245.14, 146.88, 0.0394207
FILLER_0_49_518, 245.14, 146.88, 0.0394207
FILLER_0_50_525, 245.14, 146.88, 0.0394207
_06815_, 255.14, 146.88, 0.0408984
_06843_, 255.14, 146.88, 0.0408984
_11212_, 255.14, 146.88, 0.0408984
hold464, 255.14, 146.88, 0.0408984
ANTENNA__06843__A2, 255.14, 146.88, 0.0408984
FILLER_0_49_535, 255.14, 146.88, 0.0408984
_05567_, 275.14, 146.88, 0.0436317
_05576_, 275.14, 146.88, 0.0436317
_11216_, 275.14, 146.88, 0.0436317
clkbuf_leaf_51_clk, 275.14, 146.88, 0.0436317
ANTENNA__06879__S, 275.14, 146.88, 0.0436317
ANTENNA__11216__RESET_B, 275.14, 146.88, 0.0436317
ANTENNA__11215__RESET_B, 275.14, 146.88, 0.0436317
ANTENNA_clkbuf_leaf_51_clk_A, 275.14, 146.88, 0.0436317
FILLER_0_50_583, 275.14, 146.88, 0.0436317
FILLER_0_51_589, 275.14, 146.88, 0.0436317
_05578_, 285.14, 146.88, 0.0448745
_05582_, 285.14, 146.88, 0.0448745
FILLER_0_50_609, 285.14, 146.88, 0.0448745
FILLER_0_51_617, 285.14, 146.88, 0.0448745
_11252_, 305.14, 146.88, 0.0472628
hold138, 305.14, 146.88, 0.0472628
ANTENNA__07164__A2, 305.14, 146.88, 0.0472628
FILLER_0_50_653, 305.14, 146.88, 0.0472628
_08695_, 315.14, 146.88, 0.048395
hold116, 315.14, 146.88, 0.048395
ANTENNA__08748__B2, 315.14, 146.88, 0.048395
ANTENNA__05642__A, 315.14, 146.88, 0.048395
_05675_, 335.14, 146.88, 0.0508181
_09081_, 335.14, 146.88, 0.0508181
FILLER_0_51_717, 335.14, 146.88, 0.0508181
_05652_, 345.14, 146.88, 0.0520992
_05662_, 345.14, 146.88, 0.0520992
_09075_, 345.14, 146.88, 0.0520992
_09084_, 345.14, 146.88, 0.0520992
FILLER_0_50_747, 345.14, 146.88, 0.0520992
_05648_, 365.14, 146.88, 0.0557201
_05673_, 365.14, 146.88, 0.0557201
_05674_, 365.14, 146.88, 0.0557201
_09162_, 365.14, 146.88, 0.0557201
_09166_, 365.14, 146.88, 0.0557201
FILLER_0_50_789, 365.14, 146.88, 0.0557201
FILLER_0_51_785, 365.14, 146.88, 0.0557201
_05664_, 375.14, 146.88, 0.058058
_09249_, 375.14, 146.88, 0.058058
ANTENNA__09249__A1, 375.14, 146.88, 0.058058
FILLER_0_50_804, 375.14, 146.88, 0.058058
FILLER_0_50_813, 375.14, 146.88, 0.058058
FILLER_0_51_811, 375.14, 146.88, 0.058058
_05703_, 395.66, 146.88, 0.0682891
_05706_, 395.66, 146.88, 0.0682891
_09254_, 395.66, 146.88, 0.0682891
output55, 395.66, 146.88, 0.0682891
ANTENNA__05559__A, 395.66, 146.88, 0.0682891
FILLER_0_49_837, 395.66, 146.88, 0.0682891
FILLER_0_50_854, 395.66, 146.88, 0.0682891
FILLER_0_51_856, 395.66, 146.88, 0.0682891
PHY_94, 5.52, 141.44, 0.0291052
PHY_96, 5.52, 141.44, 0.0291052
input22, 5.52, 141.44, 0.0291052
ANTENNA_input22_A, 5.52, 141.44, 0.0291052
FILLER_0_48_3, 5.52, 141.44, 0.0291052
_09247_, 406.18, 141.44, 0.0543816
_09253_, 406.18, 141.44, 0.0543816
PHY_95, 406.18, 141.44, 0.0543816
PHY_97, 406.18, 141.44, 0.0543816
_10729_, 15.33, 141.44, 0.0291049
_10780_, 15.33, 141.44, 0.0291049
_11460_, 15.33, 141.44, 0.0291049
hold347, 15.33, 141.44, 0.0291049
FILLER_0_48_11, 15.33, 141.44, 0.0291049
_11410_, 35.14, 141.44, 0.0288164
_11556_, 35.14, 141.44, 0.0288164
hold14, 35.14, 141.44, 0.0288164
FILLER_0_48_56, 35.14, 141.44, 0.0288164
_10861_, 45.14, 141.44, 0.0285254
_10863_, 45.14, 141.44, 0.0285254
_10864_, 45.14, 141.44, 0.0285254
hold381, 45.14, 141.44, 0.0285254
ANTENNA__10863__A, 45.14, 141.44, 0.0285254
ANTENNA__11556__RESET_B, 45.14, 141.44, 0.0285254
FILLER_0_47_77, 45.14, 141.44, 0.0285254
_11078_, 65.14, 141.44, 0.027625
_11602_, 65.14, 141.44, 0.027625
_11630_, 65.14, 141.44, 0.027625
ANTENNA__11077__S, 65.14, 141.44, 0.027625
ANTENNA__06460__C, 65.14, 141.44, 0.027625
FILLER_0_47_128, 65.14, 141.44, 0.027625
_06460_, 75.14, 141.44, 0.02701
_10962_, 75.14, 141.44, 0.02701
_11020_, 75.14, 141.44, 0.02701
hold57, 75.14, 141.44, 0.02701
hold58, 75.14, 141.44, 0.02701
hold150, 75.14, 141.44, 0.02701
ANTENNA__06460__A, 75.14, 141.44, 0.02701
_11134_, 95.14, 141.44, 0.0254469
_11135_, 95.14, 141.44, 0.0254469
ANTENNA__11574__RESET_B, 95.14, 141.44, 0.0254469
FILLER_0_47_185, 95.14, 141.44, 0.0254469
_06485_, 105.14, 141.44, 0.0245074
_06486_, 105.14, 141.44, 0.0245074
_06800_, 105.14, 141.44, 0.0245074
_11149_, 105.14, 141.44, 0.0245074
ANTENNA__06800__B, 105.14, 141.44, 0.0245074
ANTENNA__11657__RESET_B, 105.14, 141.44, 0.0245074
FILLER_0_48_210, 105.14, 141.44, 0.0245074
FILLER_0_49_225, 105.14, 141.44, 0.0245074
_06483_, 125.14, 141.44, 0.0227469
_06504_, 125.14, 141.44, 0.0227469
ANTENNA__10979__S, 125.14, 141.44, 0.0227469
FILLER_0_48_253, 125.14, 141.44, 0.0227469
FILLER_0_48_264, 125.14, 141.44, 0.0227469
FILLER_0_49_269, 125.14, 141.44, 0.0227469
_06480_, 135.14, 141.44, 0.0219277
_07284_, 135.14, 141.44, 0.0219277
ANTENNA__07284__A2, 135.14, 141.44, 0.0219277
ANTENNA__11582__RESET_B, 135.14, 141.44, 0.0219277
FILLER_0_47_274, 135.14, 141.44, 0.0219277
_09039_, 155.14, 141.44, 0.0230116
FILLER_0_48_334, 155.14, 141.44, 0.0230116
FILLER_0_49_326, 155.14, 141.44, 0.0230116
_09036_, 165.14, 141.44, 0.0249392
_09056_, 165.14, 141.44, 0.0249392
ANTENNA__08615__B, 165.14, 141.44, 0.0249392
ANTENNA__09026__A, 165.14, 141.44, 0.0249392
FILLER_0_47_337, 165.14, 141.44, 0.0249392
FILLER_0_48_342, 165.14, 141.44, 0.0249392
FILLER_0_48_352, 165.14, 141.44, 0.0249392
_09038_, 185.14, 141.44, 0.0289177
FILLER_0_47_381, 185.14, 141.44, 0.0289177
_09057_, 195.14, 141.44, 0.0309718
_09058_, 195.14, 141.44, 0.0309718
_09067_, 195.14, 141.44, 0.0309718
FILLER_0_47_402, 195.14, 141.44, 0.0309718
FILLER_0_48_416, 195.14, 141.44, 0.0309718
ANTENNA__09070__A1, 215.14, 141.44, 0.0346911
ANTENNA__11260__RESET_B, 215.14, 141.44, 0.0346911
FILLER_0_49_461, 215.14, 141.44, 0.0346911
_11324_, 225.14, 141.44, 0.0364012
hold458, 225.14, 141.44, 0.0364012
ANTENNA__09546__A, 225.14, 141.44, 0.0364012
ANTENNA__09049__A1, 225.14, 141.44, 0.0364012
FILLER_0_47_471, 225.14, 141.44, 0.0364012
FILLER_0_48_477, 225.14, 141.44, 0.0364012
_06789_, 245.14, 141.44, 0.0395355
_09432_, 245.14, 141.44, 0.0395355
_11317_, 245.14, 141.44, 0.0395355
ANTENNA__06789__A2, 245.14, 141.44, 0.0395355
ANTENNA__09432__A2, 245.14, 141.44, 0.0395355
FILLER_0_48_529, 245.14, 141.44, 0.0395355
FILLER_0_49_527, 245.14, 141.44, 0.0395355
_05570_, 255.14, 141.44, 0.0409662
_05571_, 255.14, 141.44, 0.0409662
_05573_, 255.14, 141.44, 0.0409662
hold43, 255.14, 141.44, 0.0409662
hold460, 255.14, 141.44, 0.0409662
ANTENNA__06815__B2, 255.14, 141.44, 0.0409662
FILLER_0_47_536, 255.14, 141.44, 0.0409662
FILLER_0_48_548, 255.14, 141.44, 0.0409662
_05577_, 275.14, 141.44, 0.0436435
_05619_, 275.14, 141.44, 0.0436435
FILLER_0_49_589, 275.14, 141.44, 0.0436435
_05620_, 285.14, 141.44, 0.0448889
_07031_, 285.14, 141.44, 0.0448889
_07032_, 285.14, 141.44, 0.0448889
_08748_, 305.14, 141.44, 0.0472441
_11251_, 305.14, 141.44, 0.0472441
FILLER_0_47_645, 305.14, 141.44, 0.0472441
FILLER_0_48_657, 305.14, 141.44, 0.0472441
FILLER_0_49_656, 305.14, 141.44, 0.0472441
_08696_, 315.14, 141.44, 0.0482947
ANTENNA__08696__A1, 315.14, 141.44, 0.0482947
ANTENNA__08695__B, 315.14, 141.44, 0.0482947
FILLER_0_47_664, 315.14, 141.44, 0.0482947
_11346_, 335.14, 141.44, 0.0501909
FILLER_0_47_707, 335.14, 141.44, 0.0501909
FILLER_0_48_727, 335.14, 141.44, 0.0501909
FILLER_0_49_723, 335.14, 141.44, 0.0501909
_05600_, 345.14, 141.44, 0.051114
_05601_, 345.14, 141.44, 0.051114
_05602_, 345.14, 141.44, 0.051114
ANTENNA__09072__A2, 345.14, 141.44, 0.051114
FILLER_0_48_740, 345.14, 141.44, 0.051114
_05649_, 365.14, 141.44, 0.0528196
_05650_, 365.14, 141.44, 0.0528196
_05651_, 365.14, 141.44, 0.0528196
FILLER_0_47_775, 365.14, 141.44, 0.0528196
FILLER_0_48_781, 365.14, 141.44, 0.0528196
FILLER_0_49_788, 365.14, 141.44, 0.0528196
_05671_, 375.14, 141.44, 0.0535973
_05672_, 375.14, 141.44, 0.0535973
_06117_, 375.14, 141.44, 0.0535973
_06120_, 375.14, 141.44, 0.0535973
_09348_, 375.14, 141.44, 0.0535973
_09350_, 375.14, 141.44, 0.0535973
ANTENNA__06120__A, 375.14, 141.44, 0.0535973
FILLER_0_48_801, 375.14, 141.44, 0.0535973
FILLER_0_49_807, 375.14, 141.44, 0.0535973
_05665_, 395.66, 141.44, 0.0543781
_09250_, 395.66, 141.44, 0.0543781
FILLER_0_47_837, 395.66, 141.44, 0.0543781
_10730_, 5.52, 136, 0.0291962
_11508_, 5.52, 136, 0.0291962
PHY_90, 5.52, 136, 0.0291962
PHY_92, 5.52, 136, 0.0291962
FILLER_0_46_3, 5.52, 136, 0.0291962
_05606_, 406.18, 136, 0.054322
_05608_, 406.18, 136, 0.054322
PHY_91, 406.18, 136, 0.054322
PHY_93, 406.18, 136, 0.054322
FILLER_0_45_865, 406.18, 136, 0.054322
FILLER_0_46_865, 406.18, 136, 0.054322
_11532_, 15.33, 136, 0.029192
hold346, 15.33, 136, 0.029192
ANTENNA__10729__S, 15.33, 136, 0.029192
FILLER_0_45_15, 15.33, 136, 0.029192
FILLER_0_46_23, 15.33, 136, 0.029192
_10527_, 35.14, 136, 0.0289383
_10528_, 35.14, 136, 0.0289383
hold204, 35.14, 136, 0.0289383
ANTENNA__10527__S, 35.14, 136, 0.0289383
FILLER_0_45_57, 35.14, 136, 0.0289383
_10474_, 45.14, 136, 0.0286914
_11385_, 45.14, 136, 0.0286914
FILLER_0_46_76, 45.14, 136, 0.0286914
FILLER_0_46_85, 45.14, 136, 0.0286914
_11077_, 65.14, 136, 0.0279306
_11141_, 65.14, 136, 0.0279306
_11658_, 65.14, 136, 0.0279306
ANTENNA__06408__A, 65.14, 136, 0.0279306
ANTENNA__11630__RESET_B, 65.14, 136, 0.0279306
FILLER_0_45_121, 65.14, 136, 0.0279306
_06277_, 75.14, 136, 0.0274182
_06278_, 75.14, 136, 0.0274182
_06280_, 75.14, 136, 0.0274182
_11132_, 75.14, 136, 0.0274182
_11140_, 75.14, 136, 0.0274182
ANTENNA__06280__A1, 75.14, 136, 0.0274182
FILLER_0_45_142, 75.14, 136, 0.0274182
_06283_, 95.14, 136, 0.0261668
_06797_, 95.14, 136, 0.0261668
_06798_, 95.14, 136, 0.0261668
_06799_, 95.14, 136, 0.0261668
_06801_, 95.14, 136, 0.0261668
_11133_, 95.14, 136, 0.0261668
ANTENNA__11134__S, 95.14, 136, 0.0261668
ANTENNA__06801__A1, 95.14, 136, 0.0261668
FILLER_0_46_188, 95.14, 136, 0.0261668
FILLER_0_47_197, 95.14, 136, 0.0261668
_06290_, 105.14, 136, 0.0254201
_06821_, 105.14, 136, 0.0254201
_11094_, 105.14, 136, 0.0254201
ANTENNA__06820__B, 105.14, 136, 0.0254201
ANTENNA__06485__S, 105.14, 136, 0.0254201
ANTENNA__11094__S, 105.14, 136, 0.0254201
ANTENNA_clkbuf_leaf_11_clk_A, 105.14, 136, 0.0254201
FILLER_0_46_208, 105.14, 136, 0.0254201
_10980_, 125.14, 136, 0.0240689
_11037_, 125.14, 136, 0.0240689
hold314, 125.14, 136, 0.0240689
ANTENNA__11037__S, 125.14, 136, 0.0240689
FILLER_0_46_270, 125.14, 136, 0.0240689
_07281_, 135.14, 136, 0.0234831
_07283_, 135.14, 136, 0.0234831
ANTENNA__07283__B1, 135.14, 136, 0.0234831
FILLER_0_45_276, 135.14, 136, 0.0234831
_08855_, 155.14, 136, 0.0245881
_08911_, 155.14, 136, 0.0245881
_09040_, 155.14, 136, 0.0245881
ANTENNA__08855__A, 155.14, 136, 0.0245881
FILLER_0_45_320, 155.14, 136, 0.0245881
FILLER_0_46_323, 155.14, 136, 0.0245881
FILLER_0_47_332, 155.14, 136, 0.0245881
_08856_, 165.14, 136, 0.0262778
_08992_, 165.14, 136, 0.0262778
_09035_, 165.14, 136, 0.0262778
_09055_, 165.14, 136, 0.0262778
ANTENNA__09024__B1, 165.14, 136, 0.0262778
FILLER_0_45_337, 165.14, 136, 0.0262778
FILLER_0_46_349, 165.14, 136, 0.0262778
_09041_, 185.14, 136, 0.0298481
_09053_, 185.14, 136, 0.0298481
_09054_, 185.14, 136, 0.0298481
FILLER_0_45_386, 185.14, 136, 0.0298481
FILLER_0_46_380, 185.14, 136, 0.0298481
FILLER_0_46_400, 185.14, 136, 0.0298481
_09043_, 195.14, 136, 0.0317273
_09044_, 195.14, 136, 0.0317273
_09045_, 195.14, 136, 0.0317273
FILLER_0_46_417, 195.14, 136, 0.0317273
_09047_, 215.14, 136, 0.0352232
_09048_, 215.14, 136, 0.0352232
_09049_, 215.14, 136, 0.0352232
ANTENNA__09048__B1, 215.14, 136, 0.0352232
FILLER_0_46_454, 215.14, 136, 0.0352232
FILLER_0_47_465, 215.14, 136, 0.0352232
_06802_, 225.14, 136, 0.0367971
_09051_, 225.14, 136, 0.0367971
ANTENNA__06802__A, 225.14, 136, 0.0367971
ANTENNA__09049__A2, 225.14, 136, 0.0367971
ANTENNA__11259__RESET_B, 225.14, 136, 0.0367971
FILLER_0_46_477, 225.14, 136, 0.0367971
FILLER_0_46_486, 225.14, 136, 0.0367971
FILLER_0_47_479, 225.14, 136, 0.0367971
hold74, 245.14, 136, 0.0397051
ANTENNA__06788__A, 245.14, 136, 0.0397051
ANTENNA__11317__RESET_B, 245.14, 136, 0.0397051
_05572_, 255.14, 136, 0.0410686
_05615_, 255.14, 136, 0.0410686
_08100_, 255.14, 136, 0.0410686
_11236_, 255.14, 136, 0.0410686
hold26, 255.14, 136, 0.0410686
ANTENNA__08100__B2, 255.14, 136, 0.0410686
ANTENNA_clkbuf_leaf_64_clk_A, 255.14, 136, 0.0410686
FILLER_0_46_533, 255.14, 136, 0.0410686
_05618_, 275.14, 136, 0.0436481
_11241_, 275.14, 136, 0.0436481
FILLER_0_47_594, 275.14, 136, 0.0436481
_05621_, 285.14, 136, 0.0448597
_08183_, 285.14, 136, 0.0448597
_11217_, 285.14, 136, 0.0448597
hold32, 285.14, 136, 0.0448597
ANTENNA__11217__RESET_B, 285.14, 136, 0.0448597
FILLER_0_47_613, 285.14, 136, 0.0448597
_05614_, 305.14, 136, 0.047174
_05624_, 305.14, 136, 0.047174
_05626_, 305.14, 136, 0.047174
_05627_, 305.14, 136, 0.047174
_08746_, 305.14, 136, 0.047174
_08747_, 305.14, 136, 0.047174
clkbuf_leaf_52_clk, 305.14, 136, 0.047174
ANTENNA__08747__B1, 305.14, 136, 0.047174
FILLER_0_47_653, 305.14, 136, 0.047174
_05612_, 315.14, 136, 0.0481838
_05628_, 315.14, 136, 0.0481838
_05633_, 315.14, 136, 0.0481838
FILLER_0_46_668, 315.14, 136, 0.0481838
FILLER_0_46_681, 315.14, 136, 0.0481838
_05637_, 335.14, 136, 0.0501282
_09072_, 335.14, 136, 0.0501282
_09073_, 335.14, 136, 0.0501282
ANTENNA__09073__B1, 335.14, 136, 0.0501282
_05603_, 345.14, 136, 0.0510537
_09242_, 345.14, 136, 0.0510537
ANTENNA__09242__A, 345.14, 136, 0.0510537
ANTENNA__09243__B1, 345.14, 136, 0.0510537
ANTENNA__11289__RESET_B, 345.14, 136, 0.0510537
FILLER_0_45_733, 345.14, 136, 0.0510537
FILLER_0_46_735, 345.14, 136, 0.0510537
_06716_, 365.14, 136, 0.0527518
_09174_, 365.14, 136, 0.0527518
FILLER_0_45_776, 365.14, 136, 0.0527518
FILLER_0_47_785, 365.14, 136, 0.0527518
_06118_, 375.14, 136, 0.0535251
_09345_, 375.14, 136, 0.0535251
ANTENNA__09346__S, 375.14, 136, 0.0535251
ANTENNA__11277__RESET_B, 375.14, 136, 0.0535251
FILLER_0_45_797, 375.14, 136, 0.0535251
FILLER_0_46_807, 375.14, 136, 0.0535251
_05607_, 395.66, 136, 0.0543189
_05666_, 395.66, 136, 0.0543189
_05667_, 395.66, 136, 0.0543189
_05669_, 395.66, 136, 0.0543189
_09245_, 395.66, 136, 0.0543189
_09248_, 395.66, 136, 0.0543189
ANTENNA__09250__B2, 395.66, 136, 0.0543189
ANTENNA__05609__A2, 395.66, 136, 0.0543189
FILLER_0_45_841, 395.66, 136, 0.0543189
_11458_, 5.52, 130.56, 0.0293364
PHY_86, 5.52, 130.56, 0.0293364
PHY_88, 5.52, 130.56, 0.0293364
_05945_, 406.18, 130.56, 0.0542935
PHY_87, 406.18, 130.56, 0.0542935
PHY_89, 406.18, 130.56, 0.0542935
ANTENNA__05945__A, 406.18, 130.56, 0.0542935
FILLER_0_43_864, 406.18, 130.56, 0.0542935
_10577_, 15.33, 130.56, 0.0293329
_10578_, 15.33, 130.56, 0.0293329
_11434_, 15.33, 130.56, 0.0293329
clkbuf_leaf_5_clk, 15.33, 130.56, 0.0293329
_11386_, 35.14, 130.56, 0.0291061
_11411_, 35.14, 130.56, 0.0291061
ANTENNA__10529__S, 35.14, 130.56, 0.0291061
FILLER_0_44_58, 35.14, 130.56, 0.0291061
_10476_, 45.14, 130.56, 0.0288951
clkbuf_leaf_4_clk, 45.14, 130.56, 0.0288951
hold87, 45.14, 130.56, 0.0288951
FILLER_0_44_93, 45.14, 130.56, 0.0288951
_06410_, 65.14, 130.56, 0.0282498
ANTENNA__06412__B1, 65.14, 130.56, 0.0282498
ANTENNA__11658__RESET_B, 65.14, 130.56, 0.0282498
FILLER_0_43_124, 65.14, 130.56, 0.0282498
FILLER_0_44_136, 65.14, 130.56, 0.0282498
FILLER_0_45_131, 65.14, 130.56, 0.0282498
_11139_, 75.14, 130.56, 0.0278314
ANTENNA__11140__S, 75.14, 130.56, 0.0278314
ANTENNA__06277__C, 75.14, 130.56, 0.0278314
ANTENNA__11020__S, 75.14, 130.56, 0.0278314
ANTENNA__06277__A, 75.14, 130.56, 0.0278314
ANTENNA__06277__B, 75.14, 130.56, 0.0278314
FILLER_0_44_141, 75.14, 130.56, 0.0278314
FILLER_0_44_147, 75.14, 130.56, 0.0278314
FILLER_0_44_160, 75.14, 130.56, 0.0278314
_06281_, 95.14, 130.56, 0.0268509
_06818_, 95.14, 130.56, 0.0268509
_06819_, 95.14, 130.56, 0.0268509
_06849_, 95.14, 130.56, 0.0268509
ANTENNA__11133__A1, 95.14, 130.56, 0.0268509
FILLER_0_43_191, 95.14, 130.56, 0.0268509
FILLER_0_45_200, 95.14, 130.56, 0.0268509
_06820_, 105.14, 130.56, 0.0262778
_08112_, 105.14, 130.56, 0.0262778
_11038_, 105.14, 130.56, 0.0262778
_11638_, 105.14, 130.56, 0.0262778
hold231, 105.14, 130.56, 0.0262778
_06457_, 125.14, 130.56, 0.0253219
_06461_, 125.14, 130.56, 0.0253219
_06481_, 125.14, 130.56, 0.0253219
_06482_, 125.14, 130.56, 0.0253219
ANTENNA__11610__RESET_B, 125.14, 130.56, 0.0253219
FILLER_0_43_252, 125.14, 130.56, 0.0253219
FILLER_0_44_253, 125.14, 130.56, 0.0253219
FILLER_0_44_266, 125.14, 130.56, 0.0253219
_06454_, 135.14, 130.56, 0.0249527
_06455_, 135.14, 130.56, 0.0249527
_06456_, 135.14, 130.56, 0.0249527
_07282_, 135.14, 130.56, 0.0249527
FILLER_0_43_271, 135.14, 130.56, 0.0249527
_08859_, 155.14, 130.56, 0.0260609
_08860_, 155.14, 130.56, 0.0260609
_08912_, 155.14, 130.56, 0.0260609
_09029_, 155.14, 130.56, 0.0260609
ANTENNA__09029__A1, 155.14, 130.56, 0.0260609
ANTENNA__08911__A, 155.14, 130.56, 0.0260609
FILLER_0_45_330, 155.14, 130.56, 0.0260609
_08858_, 165.14, 130.56, 0.0275356
_08913_, 165.14, 130.56, 0.0275356
_08914_, 165.14, 130.56, 0.0275356
_09005_, 165.14, 130.56, 0.0275356
ANTENNA__08858__A, 165.14, 130.56, 0.0275356
ANTENNA__08858__B, 165.14, 130.56, 0.0275356
ANTENNA__08992__B1, 165.14, 130.56, 0.0275356
FILLER_0_43_346, 165.14, 130.56, 0.0275356
_09008_, 185.14, 130.56, 0.0307159
_09011_, 185.14, 130.56, 0.0307159
FILLER_0_43_383, 185.14, 130.56, 0.0307159
_09014_, 195.14, 130.56, 0.0324083
FILLER_0_43_405, 195.14, 130.56, 0.0324083
FILLER_0_44_417, 195.14, 130.56, 0.0324083
_09015_, 215.14, 130.56, 0.035667
_09017_, 215.14, 130.56, 0.035667
_09021_, 215.14, 130.56, 0.035667
_09052_, 215.14, 130.56, 0.035667
_11259_, 215.14, 130.56, 0.035667
FILLER_0_44_457, 215.14, 130.56, 0.035667
_09019_, 225.14, 130.56, 0.0371827
_09020_, 225.14, 130.56, 0.0371827
_11258_, 225.14, 130.56, 0.0371827
ANTENNA__09019__B1, 225.14, 130.56, 0.0371827
_11211_, 245.14, 130.56, 0.0399097
_11256_, 245.14, 130.56, 0.0399097
_08099_, 255.14, 130.56, 0.0412005
_08107_, 255.14, 130.56, 0.0412005
_11237_, 255.14, 130.56, 0.0412005
ANTENNA__08099__A, 255.14, 130.56, 0.0412005
ANTENNA__08107__B1, 255.14, 130.56, 0.0412005
ANTENNA__08099__B, 255.14, 130.56, 0.0412005
FILLER_0_44_544, 255.14, 130.56, 0.0412005
_08134_, 275.14, 130.56, 0.0436485
ANTENNA__08106__B, 275.14, 130.56, 0.0436485
ANTENNA__11241__RESET_B, 275.14, 130.56, 0.0436485
FILLER_0_44_582, 275.14, 130.56, 0.0436485
FILLER_0_45_591, 275.14, 130.56, 0.0436485
_05622_, 285.14, 130.56, 0.0448105
hold46, 285.14, 130.56, 0.0448105
ANTENNA__08183__A2, 285.14, 130.56, 0.0448105
FILLER_0_44_601, 285.14, 130.56, 0.0448105
FILLER_0_44_608, 285.14, 130.56, 0.0448105
_11255_, 305.14, 130.56, 0.0470208
ANTENNA__08899__A2, 305.14, 130.56, 0.0470208
ANTENNA__11255__RESET_B, 305.14, 130.56, 0.0470208
FILLER_0_43_648, 305.14, 130.56, 0.0470208
_05629_, 315.14, 130.56, 0.0480598
_05630_, 315.14, 130.56, 0.0480598
ANTENNA_hold308_A, 315.14, 130.56, 0.0480598
ANTENNA_clkbuf_leaf_52_clk_A, 315.14, 130.56, 0.0480598
FILLER_0_44_666, 315.14, 130.56, 0.0480598
_06682_, 335.14, 130.56, 0.0500436
_09074_, 335.14, 130.56, 0.0500436
_11261_, 335.14, 130.56, 0.0500436
ANTENNA__09074__A2, 335.14, 130.56, 0.0500436
ANTENNA__06682__S, 335.14, 130.56, 0.0500436
FILLER_0_45_719, 335.14, 130.56, 0.0500436
_06683_, 345.14, 130.56, 0.0509857
_09243_, 345.14, 130.56, 0.0509857
_09244_, 345.14, 130.56, 0.0509857
_11289_, 345.14, 130.56, 0.0509857
hold17, 345.14, 130.56, 0.0509857
_06715_, 365.14, 130.56, 0.0527073
_09173_, 365.14, 130.56, 0.0527073
hold317, 365.14, 130.56, 0.0527073
_09346_, 375.14, 130.56, 0.0534933
_09347_, 375.14, 130.56, 0.0534933
ANTENNA__06715__S, 375.14, 130.56, 0.0534933
FILLER_0_44_806, 375.14, 130.56, 0.0534933
FILLER_0_45_813, 375.14, 130.56, 0.0534933
_05609_, 395.66, 130.56, 0.0542901
_11290_, 395.66, 130.56, 0.0542901
ANTENNA__05666__B1, 395.66, 130.56, 0.0542901
ANTENNA__05608__A, 395.66, 130.56, 0.0542901
FILLER_0_44_844, 395.66, 130.56, 0.0542901
FILLER_0_44_854, 395.66, 130.56, 0.0542901
FILLER_0_45_857, 395.66, 130.56, 0.0542901
_10626_, 5.52, 125.12, 0.0294077
_10627_, 5.52, 125.12, 0.0294077
_11482_, 5.52, 125.12, 0.0294077
PHY_82, 5.52, 125.12, 0.0294077
PHY_84, 5.52, 125.12, 0.0294077
PHY_83, 406.18, 125.12, 0.0680643
PHY_85, 406.18, 125.12, 0.0680643
FILLER_0_41_865, 406.18, 125.12, 0.0680643
_10676_, 15.33, 125.12, 0.0294028
_11435_, 15.33, 125.12, 0.0294028
ANTENNA__10626__S, 15.33, 125.12, 0.0294028
_10477_, 35.14, 125.12, 0.0292293
_10530_, 35.14, 125.12, 0.0292293
FILLER_0_42_61, 35.14, 125.12, 0.0292293
_06383_, 45.14, 125.12, 0.0290637
_10848_, 45.14, 125.12, 0.0290637
_10855_, 45.14, 125.12, 0.0290637
_10856_, 45.14, 125.12, 0.0290637
_10857_, 45.14, 125.12, 0.0290637
ANTENNA__10476__S, 45.14, 125.12, 0.0290637
ANTENNA__10848__B, 45.14, 125.12, 0.0290637
FILLER_0_41_85, 45.14, 125.12, 0.0290637
_06389_, 65.14, 125.12, 0.028584
_06396_, 65.14, 125.12, 0.028584
_06397_, 65.14, 125.12, 0.028584
ANTENNA__06397__A1, 65.14, 125.12, 0.028584
ANTENNA__06388__B1, 65.14, 125.12, 0.028584
ANTENNA__06396__B, 65.14, 125.12, 0.028584
ANTENNA__06389__A1, 65.14, 125.12, 0.028584
FILLER_0_41_121, 65.14, 125.12, 0.028584
_06272_, 75.14, 125.12, 0.028262
_06372_, 75.14, 125.12, 0.028262
_06428_, 75.14, 125.12, 0.028262
ANTENNA__06272__A, 75.14, 125.12, 0.028262
ANTENNA__06389__A2, 75.14, 125.12, 0.028262
ANTENNA__06428__A1, 75.14, 125.12, 0.028262
FILLER_0_41_145, 75.14, 125.12, 0.028262
FILLER_0_43_153, 75.14, 125.12, 0.028262
FILLER_0_43_158, 75.14, 125.12, 0.028262
_06847_, 95.14, 125.12, 0.0275113
FILLER_0_41_190, 95.14, 125.12, 0.0275113
FILLER_0_42_186, 95.14, 125.12, 0.0275113
FILLER_0_43_201, 95.14, 125.12, 0.0275113
_06851_, 105.14, 125.12, 0.0271019
_11095_, 105.14, 125.12, 0.0271019
ANTENNA__06819__B1, 105.14, 125.12, 0.0271019
FILLER_0_42_209, 105.14, 125.12, 0.0271019
FILLER_0_42_217, 105.14, 125.12, 0.0271019
_06430_, 125.14, 125.12, 0.0265275
_06458_, 125.14, 125.12, 0.0265275
ANTENNA__06458__B1, 125.14, 125.12, 0.0265275
ANTENNA__06554__A, 125.14, 125.12, 0.0265275
FILLER_0_42_253, 125.14, 125.12, 0.0265275
FILLER_0_42_269, 125.14, 125.12, 0.0265275
_07197_, 135.14, 125.12, 0.0263636
_07198_, 135.14, 125.12, 0.0263636
ANTENNA__07202__A1, 135.14, 125.12, 0.0263636
FILLER_0_41_271, 135.14, 125.12, 0.0263636
FILLER_0_42_289, 135.14, 125.12, 0.0263636
_08909_, 155.14, 125.12, 0.0274803
_08910_, 155.14, 125.12, 0.0274803
_08916_, 155.14, 125.12, 0.0274803
ANTENNA__08910__B, 155.14, 125.12, 0.0274803
ANTENNA__08909__A, 155.14, 125.12, 0.0274803
ANTENNA__08859__A, 155.14, 125.12, 0.0274803
ANTENNA__08909__B, 155.14, 125.12, 0.0274803
FILLER_0_42_315, 155.14, 125.12, 0.0274803
FILLER_0_43_329, 155.14, 125.12, 0.0274803
_08918_, 165.14, 125.12, 0.0287588
_08956_, 165.14, 125.12, 0.0287588
_08967_, 165.14, 125.12, 0.0287588
_08969_, 165.14, 125.12, 0.0287588
FILLER_0_42_346, 165.14, 125.12, 0.0287588
FILLER_0_43_357, 165.14, 125.12, 0.0287588
_08921_, 185.14, 125.12, 0.0315833
_08974_, 185.14, 125.12, 0.0315833
ANTENNA__08921__A1, 185.14, 125.12, 0.0315833
FILLER_0_42_395, 185.14, 125.12, 0.0315833
_08975_, 195.14, 125.12, 0.0331355
_08978_, 195.14, 125.12, 0.0331355
_09012_, 195.14, 125.12, 0.0331355
_09013_, 195.14, 125.12, 0.0331355
FILLER_0_41_406, 195.14, 125.12, 0.0331355
_08987_, 215.14, 125.12, 0.0360914
_08990_, 215.14, 125.12, 0.0360914
_09018_, 215.14, 125.12, 0.0360914
FILLER_0_42_456, 215.14, 125.12, 0.0360914
FILLER_0_43_461, 215.14, 125.12, 0.0360914
_06852_, 225.14, 125.12, 0.0375078
_08989_, 225.14, 125.12, 0.0375078
ANTENNA__08986__A1, 225.14, 125.12, 0.0375078
ANTENNA__06852__A, 225.14, 125.12, 0.0375078
FILLER_0_42_468, 225.14, 125.12, 0.0375078
FILLER_0_42_481, 225.14, 125.12, 0.0375078
FILLER_0_43_482, 225.14, 125.12, 0.0375078
_08954_, 245.14, 125.12, 0.0401695
ANTENNA__08985__B, 245.14, 125.12, 0.0401695
ANTENNA__08953__B1, 245.14, 125.12, 0.0401695
ANTENNA__08954__B2, 245.14, 125.12, 0.0401695
ANTENNA__08954__B1, 245.14, 125.12, 0.0401695
ANTENNA__08985__A, 245.14, 125.12, 0.0401695
FILLER_0_42_529, 245.14, 125.12, 0.0401695
_08132_, 275.14, 125.12, 0.0438334
_11240_, 275.14, 125.12, 0.0438334
ANTENNA__08134__A2, 275.14, 125.12, 0.0438334
ANTENNA__08119__A2, 275.14, 125.12, 0.0438334
ANTENNA__11240__RESET_B, 275.14, 125.12, 0.0438334
FILLER_0_41_586, 275.14, 125.12, 0.0438334
_08223_, 285.14, 125.12, 0.0450424
_11242_, 285.14, 125.12, 0.0450424
hold68, 285.14, 125.12, 0.0450424
ANTENNA__11242__RESET_B, 285.14, 125.12, 0.0450424
_08745_, 305.14, 125.12, 0.0474882
_08749_, 305.14, 125.12, 0.0474882
_08800_, 305.14, 125.12, 0.0474882
_08850_, 305.14, 125.12, 0.0474882
_08901_, 305.14, 125.12, 0.0474882
hold308, 305.14, 125.12, 0.0474882
FILLER_0_42_645, 305.14, 125.12, 0.0474882
_08852_, 315.14, 125.12, 0.0485017
_11254_, 315.14, 125.12, 0.0485017
hold137, 315.14, 125.12, 0.0485017
ANTENNA__08852__A2, 315.14, 125.12, 0.0485017
FILLER_0_42_667, 315.14, 125.12, 0.0485017
FILLER_0_42_674, 315.14, 125.12, 0.0485017
_11167_, 335.14, 125.12, 0.0506748
ANTENNA__09078__S, 335.14, 125.12, 0.0506748
ANTENNA__11167__RESET_B, 335.14, 125.12, 0.0506748
hold164, 345.14, 125.12, 0.0519107
hold183, 345.14, 125.12, 0.0519107
ANTENNA__09244__A2, 345.14, 125.12, 0.0519107
ANTENNA_clkbuf_leaf_57_clk_A, 345.14, 125.12, 0.0519107
FILLER_0_41_737, 345.14, 125.12, 0.0519107
FILLER_0_42_741, 345.14, 125.12, 0.0519107
FILLER_0_43_743, 345.14, 125.12, 0.0519107
_06714_, 365.14, 125.12, 0.0555071
_11183_, 365.14, 125.12, 0.0555071
ANTENNA__09173__S, 365.14, 125.12, 0.0555071
ANTENNA__11181__RESET_B, 365.14, 125.12, 0.0555071
FILLER_0_42_777, 365.14, 125.12, 0.0555071
_11303_, 375.14, 125.12, 0.0578638
_11304_, 375.14, 125.12, 0.0578638
ANTENNA__11183__RESET_B, 375.14, 125.12, 0.0578638
FILLER_0_41_797, 375.14, 125.12, 0.0578638
FILLER_0_42_808, 375.14, 125.12, 0.0578638
output54, 395.66, 125.12, 0.0680643
ANTENNA__11290__RESET_B, 395.66, 125.12, 0.0680643
FILLER_0_41_837, 395.66, 125.12, 0.0680643
FILLER_0_42_841, 395.66, 125.12, 0.0680643
_10677_, 5.52, 119.68, 0.029537
PHY_78, 5.52, 119.68, 0.029537
PHY_80, 5.52, 119.68, 0.029537
input21, 5.52, 119.68, 0.029537
ANTENNA_input21_A, 5.52, 119.68, 0.029537
FILLER_0_40_7, 5.52, 119.68, 0.029537
FILLER_0_41_6, 5.52, 119.68, 0.029537
PHY_79, 406.18, 119.68, 0.0541611
PHY_81, 406.18, 119.68, 0.0541611
FILLER_0_39_865, 406.18, 119.68, 0.0541611
FILLER_0_40_861, 406.18, 119.68, 0.0541611
hold292, 15.33, 119.68, 0.0295362
hold293, 15.33, 119.68, 0.0295362
hold414, 15.33, 119.68, 0.0295362
ANTENNA__10676__S, 15.33, 119.68, 0.0295362
FILLER_0_40_25, 15.33, 119.68, 0.0295362
FILLER_0_41_31, 15.33, 119.68, 0.0295362
_10854_, 35.14, 119.68, 0.0294059
_11554_, 35.14, 119.68, 0.0294059
hold10, 35.14, 119.68, 0.0294059
hold81, 35.14, 119.68, 0.0294059
FILLER_0_41_69, 35.14, 119.68, 0.0294059
_06384_, 45.14, 119.68, 0.0292728
_10851_, 45.14, 119.68, 0.0292728
_10852_, 45.14, 119.68, 0.0292728
_10853_, 45.14, 119.68, 0.0292728
ANTENNA__10851__A, 45.14, 119.68, 0.0292728
ANTENNA__10856__B1, 45.14, 119.68, 0.0292728
ANTENNA__10854__A2, 45.14, 119.68, 0.0292728
ANTENNA__10853__B1, 45.14, 119.68, 0.0292728
ANTENNA__10476__A0, 45.14, 119.68, 0.0292728
FILLER_0_40_96, 45.14, 119.68, 0.0292728
hold467, 65.14, 119.68, 0.0289043
ANTENNA__10813__B, 65.14, 119.68, 0.0289043
ANTENNA__06372__A1, 65.14, 119.68, 0.0289043
ANTENNA__06378__A2, 65.14, 119.68, 0.0289043
ANTENNA__06378__A1, 65.14, 119.68, 0.0289043
ANTENNA__06269__B, 65.14, 119.68, 0.0289043
FILLER_0_39_120, 65.14, 119.68, 0.0289043
FILLER_0_40_126, 65.14, 119.68, 0.0289043
FILLER_0_41_136, 65.14, 119.68, 0.0289043
_06263_, 75.14, 119.68, 0.0286707
_06269_, 75.14, 119.68, 0.0286707
_06270_, 75.14, 119.68, 0.0286707
_06378_, 75.14, 119.68, 0.0286707
ANTENNA__06378__B1, 75.14, 119.68, 0.0286707
ANTENNA__06263__A1, 75.14, 119.68, 0.0286707
FILLER_0_39_146, 75.14, 119.68, 0.0286707
FILLER_0_40_152, 75.14, 119.68, 0.0286707
_06850_, 95.14, 119.68, 0.0281722
_06901_, 95.14, 119.68, 0.0281722
ANTENNA__06297__A1, 95.14, 119.68, 0.0281722
ANTENNA__06297__C1, 95.14, 119.68, 0.0281722
FILLER_0_39_192, 95.14, 119.68, 0.0281722
FILLER_0_41_203, 95.14, 119.68, 0.0281722
_06379_, 105.14, 119.68, 0.0279079
ANTENNA__06851__S, 105.14, 119.68, 0.0279079
ANTENNA__06379__A1, 105.14, 119.68, 0.0279079
FILLER_0_40_225, 105.14, 119.68, 0.0279079
_06403_, 125.14, 119.68, 0.0276457
_06404_, 125.14, 119.68, 0.0276457
_06429_, 125.14, 119.68, 0.0276457
_06431_, 125.14, 119.68, 0.0276457
_06435_, 125.14, 119.68, 0.0276457
_07199_, 135.14, 119.68, 0.0276331
_07200_, 135.14, 119.68, 0.0276331
_07201_, 135.14, 119.68, 0.0276331
_07202_, 135.14, 119.68, 0.0276331
_08915_, 155.14, 119.68, 0.0287272
_08917_, 155.14, 119.68, 0.0287272
_08924_, 155.14, 119.68, 0.0287272
ANTENNA__08910__A, 155.14, 119.68, 0.0287272
FILLER_0_39_325, 155.14, 119.68, 0.0287272
FILLER_0_40_321, 155.14, 119.68, 0.0287272
FILLER_0_41_326, 155.14, 119.68, 0.0287272
_08908_, 185.14, 119.68, 0.0323589
_08920_, 185.14, 119.68, 0.0323589
_08922_, 185.14, 119.68, 0.0323589
_08938_, 185.14, 119.68, 0.0323589
_08939_, 185.14, 119.68, 0.0323589
_08973_, 185.14, 119.68, 0.0323589
ANTENNA__08920__A, 185.14, 119.68, 0.0323589
FILLER_0_39_385, 185.14, 119.68, 0.0323589
FILLER_0_40_381, 185.14, 119.68, 0.0323589
FILLER_0_40_393, 185.14, 119.68, 0.0323589
_08940_, 195.14, 119.68, 0.0337514
_08942_, 195.14, 119.68, 0.0337514
FILLER_0_40_411, 195.14, 119.68, 0.0337514
_08948_, 215.14, 119.68, 0.0365853
_08955_, 215.14, 119.68, 0.0365853
_08982_, 215.14, 119.68, 0.0365853
FILLER_0_40_448, 215.14, 119.68, 0.0365853
FILLER_0_40_464, 215.14, 119.68, 0.0365853
FILLER_0_41_461, 215.14, 119.68, 0.0365853
_08906_, 225.14, 119.68, 0.0379443
_08949_, 225.14, 119.68, 0.0379443
_08950_, 225.14, 119.68, 0.0379443
_08951_, 225.14, 119.68, 0.0379443
_08983_, 225.14, 119.68, 0.0379443
FILLER_0_40_472, 225.14, 119.68, 0.0379443
FILLER_0_40_482, 225.14, 119.68, 0.0379443
_08896_, 245.14, 119.68, 0.040535
_08902_, 245.14, 119.68, 0.040535
ANTENNA__11257__RESET_B, 245.14, 119.68, 0.040535
FILLER_0_40_517, 245.14, 119.68, 0.040535
FILLER_0_40_527, 245.14, 119.68, 0.040535
_08799_, 255.14, 119.68, 0.0417803
_08846_, 255.14, 119.68, 0.0417803
_08904_, 255.14, 119.68, 0.0417803
_08133_, 275.14, 119.68, 0.0439192
_08155_, 275.14, 119.68, 0.0439192
_08156_, 275.14, 119.68, 0.0439192
clkbuf_leaf_63_clk, 275.14, 119.68, 0.0439192
ANTENNA__08133__B1, 275.14, 119.68, 0.0439192
ANTENNA__11238__RESET_B, 275.14, 119.68, 0.0439192
ANTENNA_clkbuf_leaf_63_clk_A, 275.14, 119.68, 0.0439192
_08154_, 285.14, 119.68, 0.0450096
_08182_, 285.14, 119.68, 0.0450096
_08222_, 285.14, 119.68, 0.0450096
_11243_, 285.14, 119.68, 0.0450096
ANTENNA__08182__C1, 285.14, 119.68, 0.0450096
ANTENNA__08155__B1, 285.14, 119.68, 0.0450096
_08847_, 305.14, 119.68, 0.0472153
_08848_, 305.14, 119.68, 0.0472153
_08849_, 305.14, 119.68, 0.0472153
_08851_, 305.14, 119.68, 0.0472153
_08900_, 305.14, 119.68, 0.0472153
ANTENNA__08851__A, 305.14, 119.68, 0.0472153
FILLER_0_40_641, 305.14, 119.68, 0.0472153
FILLER_0_40_648, 305.14, 119.68, 0.0472153
_08579_, 315.14, 119.68, 0.048186
ANTENNA__08579__B2, 315.14, 119.68, 0.048186
ANTENNA__11254__RESET_B, 315.14, 119.68, 0.048186
ANTENNA__11245__RESET_B, 315.14, 119.68, 0.048186
FILLER_0_39_667, 315.14, 119.68, 0.048186
FILLER_0_40_664, 315.14, 119.68, 0.048186
FILLER_0_40_673, 315.14, 119.68, 0.048186
_06684_, 335.14, 119.68, 0.0500081
_09078_, 335.14, 119.68, 0.0500081
_09079_, 335.14, 119.68, 0.0500081
_11262_, 335.14, 119.68, 0.0500081
ANTENNA__06684__S, 335.14, 119.68, 0.0500081
FILLER_0_41_718, 335.14, 119.68, 0.0500081
_09157_, 345.14, 119.68, 0.0509203
_11168_, 345.14, 119.68, 0.0509203
_11181_, 345.14, 119.68, 0.0509203
ANTENNA__09157__S, 345.14, 119.68, 0.0509203
FILLER_0_40_735, 345.14, 119.68, 0.0509203
_06713_, 365.14, 119.68, 0.052603
_11182_, 365.14, 119.68, 0.052603
ANTENNA__11182__RESET_B, 375.14, 119.68, 0.0533821
FILLER_0_40_803, 375.14, 119.68, 0.0533821
FILLER_0_39_837, 395.66, 119.68, 0.0541611
_11506_, 5.52, 114.24, 0.0297644
PHY_74, 5.52, 114.24, 0.0297644
PHY_76, 5.52, 114.24, 0.0297644
FILLER_0_38_3, 5.52, 114.24, 0.0297644
PHY_75, 406.18, 114.24, 0.0738003
PHY_77, 406.18, 114.24, 0.0738003
ANTENNA_output53_A, 406.18, 114.24, 0.0738003
_10678_, 15.33, 114.24, 0.0297606
_10679_, 15.33, 114.24, 0.0297606
_10725_, 15.33, 114.24, 0.0297606
_10726_, 15.33, 114.24, 0.0297606
_11459_, 15.33, 114.24, 0.0297606
hold280, 15.33, 114.24, 0.0297606
ANTENNA__10678__S, 15.33, 114.24, 0.0297606
ANTENNA__10775__S, 35.14, 114.24, 0.0296438
FILLER_0_38_75, 35.14, 114.24, 0.0296438
_06366_, 45.14, 114.24, 0.0295388
_10849_, 45.14, 114.24, 0.0295388
_10850_, 45.14, 114.24, 0.0295388
ANTENNA__10849__B_N, 45.14, 114.24, 0.0295388
ANTENNA__06367__A, 45.14, 114.24, 0.0295388
FILLER_0_37_77, 45.14, 114.24, 0.0295388
_10813_, 65.14, 114.24, 0.0292492
ANTENNA__10812__A2, 65.14, 114.24, 0.0292492
FILLER_0_37_121, 65.14, 114.24, 0.0292492
FILLER_0_39_139, 65.14, 114.24, 0.0292492
_06271_, 75.14, 114.24, 0.0290674
_06323_, 75.14, 114.24, 0.0290674
_10814_, 75.14, 114.24, 0.0290674
ANTENNA__10814__A1, 75.14, 114.24, 0.0290674
ANTENNA__06269__C, 75.14, 114.24, 0.0290674
ANTENNA__06323__A2, 75.14, 114.24, 0.0290674
ANTENNA__06269__A, 75.14, 114.24, 0.0290674
ANTENNA__06335__A1, 75.14, 114.24, 0.0290674
FILLER_0_39_162, 75.14, 114.24, 0.0290674
_06322_, 95.14, 114.24, 0.0287201
_06900_, 95.14, 114.24, 0.0287201
_06903_, 95.14, 114.24, 0.0287201
ANTENNA__06293__A1, 95.14, 114.24, 0.0287201
FILLER_0_37_192, 95.14, 114.24, 0.0287201
FILLER_0_38_190, 95.14, 114.24, 0.0287201
_06376_, 105.14, 114.24, 0.0285471
_06904_, 105.14, 114.24, 0.0285471
_06905_, 105.14, 114.24, 0.0285471
ANTENNA__06905__A1, 105.14, 114.24, 0.0285471
FILLER_0_38_227, 105.14, 114.24, 0.0285471
FILLER_0_39_225, 105.14, 114.24, 0.0285471
_06415_, 125.14, 114.24, 0.0284241
ANTENNA__06403__B1, 125.14, 114.24, 0.0284241
ANTENNA__06404__A1, 125.14, 114.24, 0.0284241
FILLER_0_37_254, 125.14, 114.24, 0.0284241
FILLER_0_38_257, 125.14, 114.24, 0.0284241
FILLER_0_38_269, 125.14, 114.24, 0.0284241
_07121_, 135.14, 114.24, 0.0285065
_07122_, 135.14, 114.24, 0.0285065
_07123_, 135.14, 114.24, 0.0285065
ANTENNA__07123__A1, 135.14, 114.24, 0.0285065
ANTENNA__07122__B, 135.14, 114.24, 0.0285065
_08863_, 155.14, 114.24, 0.0295988
_08925_, 155.14, 114.24, 0.0295988
FILLER_0_37_315, 155.14, 114.24, 0.0295988
FILLER_0_38_316, 155.14, 114.24, 0.0295988
FILLER_0_38_328, 155.14, 114.24, 0.0295988
FILLER_0_39_333, 155.14, 114.24, 0.0295988
_08963_, 165.14, 114.24, 0.0306232
_08964_, 165.14, 114.24, 0.0306232
_08965_, 165.14, 114.24, 0.0306232
_09009_, 165.14, 114.24, 0.0306232
_09010_, 165.14, 114.24, 0.0306232
FILLER_0_38_344, 165.14, 114.24, 0.0306232
FILLER_0_39_349, 165.14, 114.24, 0.0306232
FILLER_0_39_356, 165.14, 114.24, 0.0306232
_08864_, 185.14, 114.24, 0.0329328
_08937_, 185.14, 114.24, 0.0329328
_08977_, 185.14, 114.24, 0.0329328
FILLER_0_37_388, 185.14, 114.24, 0.0329328
_08866_, 195.14, 114.24, 0.034223
_08867_, 195.14, 114.24, 0.034223
_08868_, 195.14, 114.24, 0.034223
FILLER_0_38_410, 195.14, 114.24, 0.034223
FILLER_0_39_417, 195.14, 114.24, 0.034223
_08888_, 215.14, 114.24, 0.0368824
_08905_, 215.14, 114.24, 0.0368824
_08947_, 215.14, 114.24, 0.0368824
FILLER_0_38_445, 215.14, 114.24, 0.0368824
FILLER_0_38_454, 215.14, 114.24, 0.0368824
FILLER_0_39_461, 215.14, 114.24, 0.0368824
_08892_, 225.14, 114.24, 0.0382105
_08895_, 225.14, 114.24, 0.0382105
FILLER_0_38_471, 225.14, 114.24, 0.0382105
_08796_, 245.14, 114.24, 0.040873
_08798_, 245.14, 114.24, 0.040873
_08845_, 245.14, 114.24, 0.040873
_08853_, 245.14, 114.24, 0.040873
_08903_, 245.14, 114.24, 0.040873
_08111_, 255.14, 114.24, 0.041996
_08116_, 255.14, 114.24, 0.041996
_08742_, 255.14, 114.24, 0.041996
_08743_, 255.14, 114.24, 0.041996
ANTENNA__08113__A, 255.14, 114.24, 0.041996
ANTENNA__08111__B, 255.14, 114.24, 0.041996
ANTENNA__08111__A, 255.14, 114.24, 0.041996
FILLER_0_38_533, 255.14, 114.24, 0.041996
FILLER_0_38_548, 255.14, 114.24, 0.041996
FILLER_0_39_543, 255.14, 114.24, 0.041996
FILLER_0_39_552, 255.14, 114.24, 0.041996
_08120_, 275.14, 114.24, 0.0440405
_08130_, 275.14, 114.24, 0.0440405
_08131_, 275.14, 114.24, 0.0440405
_08153_, 275.14, 114.24, 0.0440405
ANTENNA__08156__A2, 275.14, 114.24, 0.0440405
ANTENNA__08120__B, 275.14, 114.24, 0.0440405
FILLER_0_38_592, 275.14, 114.24, 0.0440405
FILLER_0_39_593, 275.14, 114.24, 0.0440405
_08178_, 285.14, 114.24, 0.0451353
_08179_, 285.14, 114.24, 0.0451353
_08180_, 285.14, 114.24, 0.0451353
_08181_, 285.14, 114.24, 0.0451353
_08220_, 285.14, 114.24, 0.0451353
_08221_, 285.14, 114.24, 0.0451353
ANTENNA__11243__RESET_B, 285.14, 114.24, 0.0451353
FILLER_0_38_617, 285.14, 114.24, 0.0451353
FILLER_0_39_613, 285.14, 114.24, 0.0451353
_11245_, 305.14, 114.24, 0.0474171
hold93, 305.14, 114.24, 0.0474171
FILLER_0_39_657, 305.14, 114.24, 0.0474171
_06814_, 315.14, 114.24, 0.048617
_08638_, 315.14, 114.24, 0.048617
_08639_, 315.14, 114.24, 0.048617
_08693_, 315.14, 114.24, 0.048617
_08694_, 315.14, 114.24, 0.048617
hold56, 315.14, 114.24, 0.048617
ANTENNA__06814__A, 315.14, 114.24, 0.048617
ANTENNA__08638__A, 315.14, 114.24, 0.048617
FILLER_0_39_681, 315.14, 114.24, 0.048617
_06685_, 335.14, 114.24, 0.0509633
clkbuf_3_5__f_clk, 335.14, 114.24, 0.0509633
ANTENNA_clkbuf_3_5__f_clk_A, 335.14, 114.24, 0.0509633
FILLER_0_38_713, 335.14, 114.24, 0.0509633
_09158_, 345.14, 114.24, 0.0523235
ANTENNA__11168__RESET_B, 345.14, 114.24, 0.0523235
FILLER_0_38_743, 345.14, 114.24, 0.0523235
hold297, 365.14, 114.24, 0.056712
ANTENNA__06713__S, 365.14, 114.24, 0.056712
ANTENNA__11276__RESET_B, 365.14, 114.24, 0.056712
FILLER_0_37_780, 365.14, 114.24, 0.056712
FILLER_0_38_801, 375.14, 114.24, 0.0597424
FILLER_0_38_809, 375.14, 114.24, 0.0597424
output53, 395.66, 114.24, 0.0738003
FILLER_0_38_837, 395.66, 114.24, 0.0738003
FILLER_0_38_845, 395.66, 114.24, 0.0738003
_11483_, 5.52, 108.8, 0.029981
PHY_70, 5.52, 108.8, 0.029981
PHY_72, 5.52, 108.8, 0.029981
FILLER_0_36_3, 5.52, 108.8, 0.029981
FILLER_0_37_3, 5.52, 108.8, 0.029981
PHY_71, 406.18, 108.8, 0.0544055
PHY_73, 406.18, 108.8, 0.0544055
FILLER_0_35_865, 406.18, 108.8, 0.0544055
FILLER_0_36_861, 406.18, 108.8, 0.0544055
_10629_, 15.33, 108.8, 0.0299774
hold279, 15.33, 108.8, 0.0299774
FILLER_0_37_26, 15.33, 108.8, 0.0299774
fanout75, 35.14, 108.8, 0.0298942
ANTENNA__10844__B1, 35.14, 108.8, 0.0298942
ANTENNA__11531__RESET_B, 35.14, 108.8, 0.0298942
FILLER_0_36_67, 35.14, 108.8, 0.0298942
FILLER_0_37_69, 35.14, 108.8, 0.0298942
_06367_, 45.14, 108.8, 0.0298168
_06368_, 45.14, 108.8, 0.0298168
_10843_, 45.14, 108.8, 0.0298168
_10844_, 45.14, 108.8, 0.0298168
_10845_, 45.14, 108.8, 0.0298168
ANTENNA__06366__A, 45.14, 108.8, 0.0298168
FILLER_0_35_84, 45.14, 108.8, 0.0298168
_10812_, 65.14, 108.8, 0.0296132
ANTENNA__06318__A1, 65.14, 108.8, 0.0296132
ANTENNA__10812__A1, 65.14, 108.8, 0.0296132
ANTENNA__10812__B1, 65.14, 108.8, 0.0296132
ANTENNA__11548__RESET_B, 65.14, 108.8, 0.0296132
ANTENNA_clkbuf_3_0__f_clk_A, 65.14, 108.8, 0.0296132
FILLER_0_35_124, 65.14, 108.8, 0.0296132
FILLER_0_36_126, 65.14, 108.8, 0.0296132
FILLER_0_37_140, 65.14, 108.8, 0.0296132
_06260_, 75.14, 108.8, 0.0294915
_06268_, 75.14, 108.8, 0.0294915
_06318_, 75.14, 108.8, 0.0294915
_06335_, 75.14, 108.8, 0.0294915
_06557_, 75.14, 108.8, 0.0294915
ANTENNA__06260__A, 75.14, 108.8, 0.0294915
ANTENNA__06335__A2, 75.14, 108.8, 0.0294915
FILLER_0_35_150, 75.14, 108.8, 0.0294915
FILLER_0_36_151, 75.14, 108.8, 0.0294915
FILLER_0_36_160, 75.14, 108.8, 0.0294915
FILLER_0_37_153, 75.14, 108.8, 0.0294915
_06319_, 95.14, 108.8, 0.0292677
_06346_, 95.14, 108.8, 0.0292677
_06347_, 95.14, 108.8, 0.0292677
_06348_, 95.14, 108.8, 0.0292677
_06902_, 95.14, 108.8, 0.0292677
FILLER_0_36_192, 95.14, 108.8, 0.0292677
_06375_, 105.14, 108.8, 0.0291561
_06998_, 105.14, 108.8, 0.0291561
ANTENNA__06904__B, 105.14, 108.8, 0.0291561
FILLER_0_36_216, 105.14, 108.8, 0.0291561
FILLER_0_37_220, 105.14, 108.8, 0.0291561
_06398_, 125.14, 108.8, 0.0291965
_07001_, 125.14, 108.8, 0.0291965
_07055_, 125.14, 108.8, 0.0291965
ANTENNA__07052__B, 125.14, 108.8, 0.0291965
ANTENNA__07001__A2, 125.14, 108.8, 0.0291965
FILLER_0_35_256, 125.14, 108.8, 0.0291965
_06390_, 135.14, 108.8, 0.0293296
_07052_, 135.14, 108.8, 0.0293296
_07056_, 135.14, 108.8, 0.0293296
_07119_, 135.14, 108.8, 0.0293296
_07120_, 135.14, 108.8, 0.0293296
_08253_, 135.14, 108.8, 0.0293296
_08961_, 155.14, 108.8, 0.030357
ANTENNA__08961__A, 155.14, 108.8, 0.030357
FILLER_0_36_335, 155.14, 108.8, 0.030357
FILLER_0_37_332, 155.14, 108.8, 0.030357
_08932_, 165.14, 108.8, 0.0312946
_08934_, 165.14, 108.8, 0.0312946
ANTENNA__08932__A, 165.14, 108.8, 0.0312946
ANTENNA__08932__B, 165.14, 108.8, 0.0312946
FILLER_0_37_356, 165.14, 108.8, 0.0312946
_08809_, 185.14, 108.8, 0.0334536
_08865_, 185.14, 108.8, 0.0334536
FILLER_0_35_389, 185.14, 108.8, 0.0334536
FILLER_0_37_399, 185.14, 108.8, 0.0334536
_08941_, 195.14, 108.8, 0.0346675
FILLER_0_36_416, 195.14, 108.8, 0.0346675
_08887_, 215.14, 108.8, 0.037145
_08890_, 215.14, 108.8, 0.037145
_08891_, 215.14, 108.8, 0.037145
_08893_, 215.14, 108.8, 0.037145
FILLER_0_35_445, 215.14, 108.8, 0.037145
FILLER_0_36_457, 215.14, 108.8, 0.037145
_08805_, 225.14, 108.8, 0.0383794
_08841_, 225.14, 108.8, 0.0383794
ANTENNA__07168__A, 225.14, 108.8, 0.0383794
FILLER_0_36_472, 225.14, 108.8, 0.0383794
FILLER_0_36_477, 225.14, 108.8, 0.0383794
_06811_, 245.14, 108.8, 0.0407146
_08797_, 245.14, 108.8, 0.0407146
ANTENNA__06811__A, 245.14, 108.8, 0.0407146
FILLER_0_35_513, 245.14, 108.8, 0.0407146
FILLER_0_36_527, 245.14, 108.8, 0.0407146
_08113_, 255.14, 108.8, 0.0418259
_08114_, 255.14, 108.8, 0.0418259
_08115_, 255.14, 108.8, 0.0418259
_08741_, 255.14, 108.8, 0.0418259
ANTENNA__08115__B2, 255.14, 108.8, 0.0418259
ANTENNA__08113__B, 255.14, 108.8, 0.0418259
ANTENNA__08115__A1, 255.14, 108.8, 0.0418259
ANTENNA__08114__B, 255.14, 108.8, 0.0418259
FILLER_0_35_534, 255.14, 108.8, 0.0418259
FILLER_0_36_533, 255.14, 108.8, 0.0418259
_08129_, 275.14, 108.8, 0.0439837
_08151_, 275.14, 108.8, 0.0439837
_08152_, 275.14, 108.8, 0.0439837
FILLER_0_35_580, 275.14, 108.8, 0.0439837
FILLER_0_37_594, 275.14, 108.8, 0.0439837
_08219_, 285.14, 108.8, 0.0450627
FILLER_0_35_598, 285.14, 108.8, 0.0450627
FILLER_0_37_608, 285.14, 108.8, 0.0450627
FILLER_0_37_617, 285.14, 108.8, 0.0450627
_08342_, 305.14, 108.8, 0.0472211
_08343_, 305.14, 108.8, 0.0472211
_08344_, 305.14, 108.8, 0.0472211
ANTENNA__08343__B1, 305.14, 108.8, 0.0472211
ANTENNA__08303__B2, 305.14, 108.8, 0.0472211
FILLER_0_36_645, 305.14, 108.8, 0.0472211
FILLER_0_36_659, 305.14, 108.8, 0.0472211
_08635_, 315.14, 108.8, 0.0482739
_08637_, 315.14, 108.8, 0.0482739
_08641_, 315.14, 108.8, 0.0482739
ANTENNA__08344__B2, 315.14, 108.8, 0.0482739
FILLER_0_35_668, 315.14, 108.8, 0.0482739
FILLER_0_36_665, 315.14, 108.8, 0.0482739
FILLER_0_36_677, 315.14, 108.8, 0.0482739
FILLER_0_37_682, 315.14, 108.8, 0.0482739
_11196_, 335.14, 108.8, 0.0501023
ANTENNA__06742__S, 335.14, 108.8, 0.0501023
ANTENNA__11196__RESET_B, 335.14, 108.8, 0.0501023
FILLER_0_37_720, 335.14, 108.8, 0.0501023
_06742_, 345.14, 108.8, 0.0510036
hold258, 345.14, 108.8, 0.0510036
ANTENNA__06742__A0, 345.14, 108.8, 0.0510036
FILLER_0_36_729, 345.14, 108.8, 0.0510036
FILLER_0_36_805, 375.14, 108.8, 0.0535718
_10728_, 5.52, 103.36, 0.0302225
_11507_, 5.52, 103.36, 0.0302225
PHY_66, 5.52, 103.36, 0.0302225
PHY_68, 5.52, 103.36, 0.0302225
input20, 5.52, 103.36, 0.0302225
FILLER_0_34_6, 5.52, 103.36, 0.0302225
PHY_67, 406.18, 103.36, 0.0543773
PHY_69, 406.18, 103.36, 0.0543773
FILLER_0_33_865, 406.18, 103.36, 0.0543773
FILLER_0_34_861, 406.18, 103.36, 0.0543773
_10727_, 15.33, 103.36, 0.0302178
_10772_, 15.33, 103.36, 0.0302178
hold83, 15.33, 103.36, 0.0302178
FILLER_0_33_18, 15.33, 103.36, 0.0302178
FILLER_0_34_12, 15.33, 103.36, 0.0302178
FILLER_0_34_25, 15.33, 103.36, 0.0302178
FILLER_0_34_29, 15.33, 103.36, 0.0302178
_10858_, 35.14, 103.36, 0.0301646
_10859_, 35.14, 103.36, 0.0301646
_11555_, 35.14, 103.36, 0.0301646
hold209, 35.14, 103.36, 0.0301646
ANTENNA__10845__A2, 35.14, 103.36, 0.0301646
ANTENNA_fanout75_A, 35.14, 103.36, 0.0301646
FILLER_0_33_57, 35.14, 103.36, 0.0301646
FILLER_0_35_70, 35.14, 103.36, 0.0301646
_10838_, 45.14, 103.36, 0.030112
_10839_, 45.14, 103.36, 0.030112
_10842_, 45.14, 103.36, 0.030112
ANTENNA__10839__A1, 45.14, 103.36, 0.030112
ANTENNA__10858__S, 45.14, 103.36, 0.030112
ANTENNA__10842__B_N, 45.14, 103.36, 0.030112
FILLER_0_33_80, 45.14, 103.36, 0.030112
_06315_, 65.14, 103.36, 0.0299655
_06316_, 65.14, 103.36, 0.0299655
_06317_, 65.14, 103.36, 0.0299655
_06332_, 65.14, 103.36, 0.0299655
_06333_, 65.14, 103.36, 0.0299655
ANTENNA__06317__B1, 65.14, 103.36, 0.0299655
ANTENNA__06268__B, 65.14, 103.36, 0.0299655
ANTENNA__06268__A, 65.14, 103.36, 0.0299655
FILLER_0_34_131, 65.14, 103.36, 0.0299655
FILLER_0_35_134, 65.14, 103.36, 0.0299655
_06254_, 75.14, 103.36, 0.0298685
_06255_, 75.14, 103.36, 0.0298685
_06261_, 75.14, 103.36, 0.0298685
_06262_, 75.14, 103.36, 0.0298685
_06334_, 75.14, 103.36, 0.0298685
ANTENNA__06334__A, 75.14, 103.36, 0.0298685
ANTENNA__06557__B, 75.14, 103.36, 0.0298685
ANTENNA__06344__A1, 75.14, 103.36, 0.0298685
ANTENNA__06261__B1, 75.14, 103.36, 0.0298685
FILLER_0_34_141, 75.14, 103.36, 0.0298685
_06374_, 95.14, 103.36, 0.0297303
_06955_, 95.14, 103.36, 0.0297303
FILLER_0_34_188, 95.14, 103.36, 0.0297303
_06345_, 105.14, 103.36, 0.0296889
_06957_, 105.14, 103.36, 0.0296889
_06996_, 105.14, 103.36, 0.0296889
_06997_, 105.14, 103.36, 0.0296889
FILLER_0_33_216, 105.14, 103.36, 0.0296889
FILLER_0_34_209, 105.14, 103.36, 0.0296889
_06295_, 125.14, 103.36, 0.02984
_07054_, 125.14, 103.36, 0.02984
hold139, 125.14, 103.36, 0.02984
ANTENNA__07056__B1, 125.14, 103.36, 0.02984
ANTENNA__06295__A, 125.14, 103.36, 0.02984
FILLER_0_34_253, 125.14, 103.36, 0.02984
FILLER_0_35_266, 125.14, 103.36, 0.02984
_10978_, 135.14, 103.36, 0.0300379
FILLER_0_33_277, 135.14, 103.36, 0.0300379
_08719_, 155.14, 103.36, 0.0311386
_08812_, 155.14, 103.36, 0.0311386
_08813_, 155.14, 103.36, 0.0311386
_08814_, 155.14, 103.36, 0.0311386
_08854_, 155.14, 103.36, 0.0311386
ANTENNA__08997__A1, 155.14, 103.36, 0.0311386
FILLER_0_35_328, 155.14, 103.36, 0.0311386
_08717_, 165.14, 103.36, 0.0320208
_08926_, 165.14, 103.36, 0.0320208
_08927_, 165.14, 103.36, 0.0320208
_08929_, 165.14, 103.36, 0.0320208
_08931_, 165.14, 103.36, 0.0320208
ANTENNA__08717__B, 165.14, 103.36, 0.0320208
ANTENNA__08756__A, 165.14, 103.36, 0.0320208
FILLER_0_34_340, 165.14, 103.36, 0.0320208
FILLER_0_35_354, 165.14, 103.36, 0.0320208
_08817_, 185.14, 103.36, 0.0340316
_08872_, 185.14, 103.36, 0.0340316
_08882_, 185.14, 103.36, 0.0340316
FILLER_0_33_386, 185.14, 103.36, 0.0340316
_08881_, 195.14, 103.36, 0.0351591
_08883_, 195.14, 103.36, 0.0351591
_08884_, 195.14, 103.36, 0.0351591
_08907_, 195.14, 103.36, 0.0351591
FILLER_0_34_407, 195.14, 103.36, 0.0351591
FILLER_0_34_415, 195.14, 103.36, 0.0351591
FILLER_0_35_420, 195.14, 103.36, 0.0351591
_08835_, 215.14, 103.36, 0.0374795
_08838_, 215.14, 103.36, 0.0374795
_08894_, 215.14, 103.36, 0.0374795
FILLER_0_34_454, 215.14, 103.36, 0.0374795
FILLER_0_35_457, 215.14, 103.36, 0.0374795
_08792_, 225.14, 103.36, 0.0386243
FILLER_0_34_468, 225.14, 103.36, 0.0386243
FILLER_0_35_478, 225.14, 103.36, 0.0386243
_08739_, 245.14, 103.36, 0.0409226
_08740_, 245.14, 103.36, 0.0409226
_08795_, 245.14, 103.36, 0.0409226
ANTENNA__08123__A1, 245.14, 103.36, 0.0409226
_08121_, 255.14, 103.36, 0.042
_08122_, 255.14, 103.36, 0.042
_08123_, 255.14, 103.36, 0.042
_08750_, 255.14, 103.36, 0.042
ANTENNA__08122__A, 255.14, 103.36, 0.042
ANTENNA__08114__A, 255.14, 103.36, 0.042
ANTENNA__08121__B, 255.14, 103.36, 0.042
ANTENNA__08123__B2, 255.14, 103.36, 0.042
FILLER_0_35_549, 255.14, 103.36, 0.042
_08177_, 275.14, 103.36, 0.0440803
ANTENNA__08177__A, 275.14, 103.36, 0.0440803
FILLER_0_33_582, 275.14, 103.36, 0.0440803
FILLER_0_34_577, 275.14, 103.36, 0.0440803
FILLER_0_34_585, 275.14, 103.36, 0.0440803
_06784_, 285.14, 103.36, 0.0451284
_08217_, 285.14, 103.36, 0.0451284
_08218_, 285.14, 103.36, 0.0451284
_08247_, 285.14, 103.36, 0.0451284
ANTENNA__06784__A, 285.14, 103.36, 0.0451284
FILLER_0_34_601, 285.14, 103.36, 0.0451284
FILLER_0_34_613, 285.14, 103.36, 0.0451284
FILLER_0_35_613, 285.14, 103.36, 0.0451284
_08692_, 305.14, 103.36, 0.0472094
FILLER_0_33_642, 305.14, 103.36, 0.0472094
_08519_, 315.14, 103.36, 0.0481967
_08640_, 315.14, 103.36, 0.0481967
ANTENNA__08519__A2, 315.14, 103.36, 0.0481967
FILLER_0_33_669, 315.14, 103.36, 0.0481967
clkbuf_leaf_58_clk, 335.14, 103.36, 0.0500523
FILLER_0_33_709, 335.14, 103.36, 0.0500523
_06744_, 345.14, 103.36, 0.0509642
hold259, 345.14, 103.36, 0.0509642
ANTENNA__06744__S, 345.14, 103.36, 0.0509642
FILLER_0_33_777, 365.14, 103.36, 0.0527096
FILLER_0_34_805, 375.14, 103.36, 0.0535435
PHY_62, 5.52, 97.92, 0.0304326
PHY_64, 5.52, 97.92, 0.0304326
ANTENNA_input20_A, 5.52, 97.92, 0.0304326
FILLER_0_32_3, 5.52, 97.92, 0.0304326
FILLER_0_33_7, 5.52, 97.92, 0.0304326
PHY_63, 406.18, 97.92, 0.0698124
PHY_65, 406.18, 97.92, 0.0698124
ANTENNA_output52_A, 406.18, 97.92, 0.0698124
_10771_, 15.33, 97.92, 0.0304326
_11552_, 15.33, 97.92, 0.0304326
hold219, 15.33, 97.92, 0.0304326
hold220, 15.33, 97.92, 0.0304326
hold455, 35.14, 97.92, 0.0303922
ANTENNA__10777__S, 35.14, 97.92, 0.0303922
ANTENNA__11555__RESET_B, 35.14, 97.92, 0.0303922
FILLER_0_32_73, 35.14, 97.92, 0.0303922
_06311_, 45.14, 97.92, 0.0303576
_06312_, 45.14, 97.92, 0.0303576
_10837_, 45.14, 97.92, 0.0303576
FILLER_0_32_81, 45.14, 97.92, 0.0303576
FILLER_0_32_85, 45.14, 97.92, 0.0303576
FILLER_0_33_93, 45.14, 97.92, 0.0303576
_06257_, 65.14, 97.92, 0.0302861
_06258_, 65.14, 97.92, 0.0302861
_06259_, 65.14, 97.92, 0.0302861
_06314_, 65.14, 97.92, 0.0302861
ANTENNA__10829__A1, 65.14, 97.92, 0.0302861
ANTENNA__06258__A, 65.14, 97.92, 0.0302861
ANTENNA__06255__C1, 65.14, 97.92, 0.0302861
ANTENNA__06257__B, 65.14, 97.92, 0.0302861
FILLER_0_31_125, 65.14, 97.92, 0.0302861
FILLER_0_32_134, 65.14, 97.92, 0.0302861
_06256_, 75.14, 97.92, 0.0302476
_06266_, 75.14, 97.92, 0.0302476
_06267_, 75.14, 97.92, 0.0302476
ANTENNA__10817__B1, 75.14, 97.92, 0.0302476
ANTENNA__06255__B1, 75.14, 97.92, 0.0302476
ANTENNA__06266__B, 75.14, 97.92, 0.0302476
ANTENNA__06254__B, 75.14, 97.92, 0.0302476
ANTENNA_clkbuf_leaf_3_clk_A, 75.14, 97.92, 0.0302476
FILLER_0_32_141, 75.14, 97.92, 0.0302476
FILLER_0_32_156, 75.14, 97.92, 0.0302476
FILLER_0_33_161, 75.14, 97.92, 0.0302476
_10967_, 95.14, 97.92, 0.030227
fanout77, 95.14, 97.92, 0.030227
ANTENNA__11143__RESET_B, 95.14, 97.92, 0.030227
ANTENNA_fanout77_A, 95.14, 97.92, 0.030227
FILLER_0_32_193, 95.14, 97.92, 0.030227
FILLER_0_32_205, 95.14, 97.92, 0.030227
fanout78, 105.14, 97.92, 0.0302463
ANTENNA__10965__S, 105.14, 97.92, 0.0302463
_06462_, 125.14, 97.92, 0.0305243
_11093_, 125.14, 97.92, 0.0305243
_11637_, 125.14, 97.92, 0.0305243
fanout82, 125.14, 97.92, 0.0305243
hold146, 125.14, 97.92, 0.0305243
ANTENNA__11581__RESET_B, 125.14, 97.92, 0.0305243
ANTENNA__11147__RESET_B, 125.14, 97.92, 0.0305243
FILLER_0_32_263, 125.14, 97.92, 0.0305243
_10977_, 135.14, 97.92, 0.0307738
_11581_, 135.14, 97.92, 0.0307738
ANTENNA__10977__S, 135.14, 97.92, 0.0307738
ANTENNA__11035__S, 135.14, 97.92, 0.0307738
ANTENNA__11148__RESET_B, 135.14, 97.92, 0.0307738
ANTENNA_fanout82_A, 135.14, 97.92, 0.0307738
FILLER_0_31_275, 135.14, 97.92, 0.0307738
_08548_, 155.14, 97.92, 0.0318395
_08549_, 155.14, 97.92, 0.0318395
ANTENNA__08548__A, 155.14, 97.92, 0.0318395
ANTENNA__08548__B, 155.14, 97.92, 0.0318395
ANTENNA__08997__A2, 155.14, 97.92, 0.0318395
FILLER_0_32_319, 155.14, 97.92, 0.0318395
FILLER_0_33_332, 155.14, 97.92, 0.0318395
_08930_, 165.14, 97.92, 0.0326538
ANTENNA__08926__A, 165.14, 97.92, 0.0326538
ANTENNA__08926__B, 165.14, 97.92, 0.0326538
FILLER_0_32_356, 165.14, 97.92, 0.0326538
FILLER_0_33_356, 165.14, 97.92, 0.0326538
_08880_, 185.14, 97.92, 0.0345331
_06794_, 195.14, 97.92, 0.0355948
_08760_, 195.14, 97.92, 0.0355948
_08877_, 195.14, 97.92, 0.0355948
ANTENNA__06794__A, 195.14, 97.92, 0.0355948
_08771_, 215.14, 97.92, 0.0377842
_08788_, 215.14, 97.92, 0.0377842
_08790_, 215.14, 97.92, 0.0377842
FILLER_0_32_451, 215.14, 97.92, 0.0377842
FILLER_0_32_465, 215.14, 97.92, 0.0377842
_08733_, 225.14, 97.92, 0.0388929
_08735_, 225.14, 97.92, 0.0388929
_08791_, 225.14, 97.92, 0.0388929
ANTENNA__07492__A, 225.14, 97.92, 0.0388929
FILLER_0_31_475, 225.14, 97.92, 0.0388929
FILLER_0_32_472, 225.14, 97.92, 0.0388929
FILLER_0_32_477, 225.14, 97.92, 0.0388929
_08139_, 245.14, 97.92, 0.0410384
ANTENNA__08139__A, 245.14, 97.92, 0.0410384
ANTENNA__08139__B, 245.14, 97.92, 0.0410384
FILLER_0_32_511, 245.14, 97.92, 0.0410384
FILLER_0_33_528, 245.14, 97.92, 0.0410384
_08143_, 255.14, 97.92, 0.0421256
_08144_, 255.14, 97.92, 0.0421256
_08691_, 255.14, 97.92, 0.0421256
ANTENNA__08121__A, 255.14, 97.92, 0.0421256
ANTENNA__08122__B, 255.14, 97.92, 0.0421256
FILLER_0_31_541, 255.14, 97.92, 0.0421256
FILLER_0_32_533, 255.14, 97.92, 0.0421256
FILLER_0_33_546, 255.14, 97.92, 0.0421256
FILLER_0_33_553, 255.14, 97.92, 0.0421256
_08158_, 275.14, 97.92, 0.0441994
_08174_, 275.14, 97.92, 0.0441994
_08175_, 275.14, 97.92, 0.0441994
_08176_, 275.14, 97.92, 0.0441994
_08184_, 275.14, 97.92, 0.0441994
ANTENNA__08184__A, 275.14, 97.92, 0.0441994
FILLER_0_32_589, 275.14, 97.92, 0.0441994
_06544_, 285.14, 97.92, 0.0452452
_08216_, 285.14, 97.92, 0.0452452
_08248_, 285.14, 97.92, 0.0452452
_08249_, 285.14, 97.92, 0.0452452
ANTENNA__06544__A, 285.14, 97.92, 0.0452452
FILLER_0_32_615, 285.14, 97.92, 0.0452452
FILLER_0_33_608, 285.14, 97.92, 0.0452452
_08744_, 305.14, 97.92, 0.0473221
_11246_, 305.14, 97.92, 0.0473221
FILLER_0_32_657, 305.14, 97.92, 0.0473221
FILLER_0_33_661, 305.14, 97.92, 0.0473221
hold105, 315.14, 97.92, 0.0483451
ANTENNA__11246__RESET_B, 315.14, 97.92, 0.0483451
_06743_, 335.14, 97.92, 0.0506596
_06745_, 335.14, 97.92, 0.0506596
_11197_, 335.14, 97.92, 0.0506596
ANTENNA__11197__RESET_B, 335.14, 97.92, 0.0506596
FILLER_0_33_724, 335.14, 97.92, 0.0506596
ANTENNA_clkbuf_leaf_58_clk_A, 345.14, 97.92, 0.05195
FILLER_0_32_747, 345.14, 97.92, 0.05195
FILLER_0_31_777, 365.14, 97.92, 0.0558309
FILLER_0_32_805, 375.14, 97.92, 0.0584213
output52, 395.66, 97.92, 0.0698124
FILLER_0_32_837, 395.66, 97.92, 0.0698124
FILLER_0_32_845, 395.66, 97.92, 0.0698124
_10722_, 5.52, 92.48, 0.0306745
_11528_, 5.52, 92.48, 0.0306745
PHY_58, 5.52, 92.48, 0.0306745
PHY_60, 5.52, 92.48, 0.0306745
hold208, 5.52, 92.48, 0.0306745
FILLER_0_31_3, 5.52, 92.48, 0.0306745
PHY_59, 406.18, 92.48, 0.0541202
PHY_61, 406.18, 92.48, 0.0541202
FILLER_0_29_865, 406.18, 92.48, 0.0541202
FILLER_0_30_861, 406.18, 92.48, 0.0541202
_10721_, 15.33, 92.48, 0.0306687
hold207, 15.33, 92.48, 0.0306687
ANTENNA__10721__S, 15.33, 92.48, 0.0306687
ANTENNA__10771__S, 15.33, 92.48, 0.0306687
_10831_, 35.14, 92.48, 0.0306516
_10832_, 35.14, 92.48, 0.0306516
_10833_, 35.14, 92.48, 0.0306516
_11551_, 35.14, 92.48, 0.0306516
FILLER_0_29_57, 35.14, 92.48, 0.0306516
FILLER_0_31_65, 35.14, 92.48, 0.0306516
_10830_, 45.14, 92.48, 0.0306365
_10834_, 45.14, 92.48, 0.0306365
_10835_, 45.14, 92.48, 0.0306365
ANTENNA__10831__S, 45.14, 92.48, 0.0306365
ANTENNA__06311__A_N, 45.14, 92.48, 0.0306365
ANTENNA__11551__RESET_B, 45.14, 92.48, 0.0306365
FILLER_0_30_78, 45.14, 92.48, 0.0306365
FILLER_0_30_85, 45.14, 92.48, 0.0306365
_10823_, 65.14, 92.48, 0.0306256
_10824_, 65.14, 92.48, 0.0306256
_10825_, 65.14, 92.48, 0.0306256
_10828_, 65.14, 92.48, 0.0306256
ANTENNA__06257__A, 65.14, 92.48, 0.0306256
ANTENNA__10815__A, 65.14, 92.48, 0.0306256
ANTENNA__06255__A2, 65.14, 92.48, 0.0306256
FILLER_0_29_128, 65.14, 92.48, 0.0306256
FILLER_0_30_134, 65.14, 92.48, 0.0306256
FILLER_0_31_139, 65.14, 92.48, 0.0306256
_10815_, 75.14, 92.48, 0.030631
_10816_, 75.14, 92.48, 0.030631
_10817_, 75.14, 92.48, 0.030631
_10818_, 75.14, 92.48, 0.030631
_10821_, 75.14, 92.48, 0.030631
ANTENNA__11082__S, 75.14, 92.48, 0.030631
FILLER_0_30_141, 75.14, 92.48, 0.030631
FILLER_0_30_158, 75.14, 92.48, 0.030631
FILLER_0_31_160, 75.14, 92.48, 0.030631
_10968_, 95.14, 92.48, 0.0307264
_11575_, 95.14, 92.48, 0.0307264
hold276, 95.14, 92.48, 0.0307264
ANTENNA__10967__S, 95.14, 92.48, 0.0307264
FILLER_0_30_193, 95.14, 92.48, 0.0307264
FILLER_0_30_201, 95.14, 92.48, 0.0307264
_10965_, 105.14, 92.48, 0.0308107
_10966_, 105.14, 92.48, 0.0308107
_11023_, 105.14, 92.48, 0.0308107
_11079_, 105.14, 92.48, 0.0308107
_11603_, 105.14, 92.48, 0.0308107
_11036_, 125.14, 92.48, 0.031201
_11092_, 125.14, 92.48, 0.031201
hold190, 125.14, 92.48, 0.031201
ANTENNA__11092__S, 125.14, 92.48, 0.031201
ANTENNA_clkbuf_leaf_67_clk_A, 125.14, 92.48, 0.031201
FILLER_0_30_253, 125.14, 92.48, 0.031201
_11035_, 135.14, 92.48, 0.0315106
_11609_, 135.14, 92.48, 0.0315106
clkbuf_leaf_67_clk, 135.14, 92.48, 0.0315106
ANTENNA__11609__RESET_B, 135.14, 92.48, 0.0315106
ANTENNA__11637__RESET_B, 135.14, 92.48, 0.0315106
FILLER_0_29_277, 135.14, 92.48, 0.0315106
_08762_, 155.14, 92.48, 0.0325849
_08810_, 155.14, 92.48, 0.0325849
ANTENNA__08959__A1, 155.14, 92.48, 0.0325849
ANTENNA__08549__A, 155.14, 92.48, 0.0325849
FILLER_0_30_323, 155.14, 92.48, 0.0325849
FILLER_0_30_331, 155.14, 92.48, 0.0325849
_08766_, 165.14, 92.48, 0.0333573
_08767_, 165.14, 92.48, 0.0333573
_08822_, 165.14, 92.48, 0.0333573
_08928_, 165.14, 92.48, 0.0333573
ANTENNA__08928__A2, 165.14, 92.48, 0.0333573
FILLER_0_30_345, 165.14, 92.48, 0.0333573
_08873_, 185.14, 92.48, 0.0350759
_08876_, 185.14, 92.48, 0.0350759
_08878_, 185.14, 92.48, 0.0350759
_08879_, 185.14, 92.48, 0.0350759
_08923_, 185.14, 92.48, 0.0350759
ANTENNA__08873__B, 185.14, 92.48, 0.0350759
ANTENNA__08873__A, 185.14, 92.48, 0.0350759
FILLER_0_29_384, 185.14, 92.48, 0.0350759
_08730_, 195.14, 92.48, 0.0360489
ANTENNA__06794__B, 195.14, 92.48, 0.0360489
ANTENNA__08877__B, 195.14, 92.48, 0.0360489
ANTENNA__08877__A, 195.14, 92.48, 0.0360489
FILLER_0_31_415, 195.14, 92.48, 0.0360489
_07492_, 215.14, 92.48, 0.0380925
_08789_, 215.14, 92.48, 0.0380925
_08834_, 215.14, 92.48, 0.0380925
ANTENNA__07492__B, 215.14, 92.48, 0.0380925
FILLER_0_30_457, 215.14, 92.48, 0.0380925
FILLER_0_30_465, 215.14, 92.48, 0.0380925
FILLER_0_31_462, 215.14, 92.48, 0.0380925
_08715_, 225.14, 92.48, 0.0391478
_08732_, 225.14, 92.48, 0.0391478
_08734_, 225.14, 92.48, 0.0391478
_08751_, 225.14, 92.48, 0.0391478
FILLER_0_30_473, 225.14, 92.48, 0.0391478
FILLER_0_30_477, 225.14, 92.48, 0.0391478
FILLER_0_31_481, 225.14, 92.48, 0.0391478
_08688_, 245.14, 92.48, 0.0412796
_08697_, 245.14, 92.48, 0.0412796
_08698_, 245.14, 92.48, 0.0412796
_08166_, 255.14, 92.48, 0.0422931
_08689_, 255.14, 92.48, 0.0422931
_08690_, 255.14, 92.48, 0.0422931
ANTENNA__08166__A2, 255.14, 92.48, 0.0422931
ANTENNA__08138__B, 255.14, 92.48, 0.0422931
FILLER_0_29_535, 255.14, 92.48, 0.0422931
FILLER_0_30_533, 255.14, 92.48, 0.0422931
FILLER_0_31_548, 255.14, 92.48, 0.0422931
_08137_, 275.14, 92.48, 0.0442639
FILLER_0_30_579, 275.14, 92.48, 0.0442639
FILLER_0_30_589, 275.14, 92.48, 0.0442639
_08213_, 285.14, 92.48, 0.0452873
_08214_, 285.14, 92.48, 0.0452873
_08215_, 285.14, 92.48, 0.0452873
_08294_, 285.14, 92.48, 0.0452873
max_cap63, 285.14, 92.48, 0.0452873
FILLER_0_30_614, 285.14, 92.48, 0.0452873
FILLER_0_31_609, 285.14, 92.48, 0.0452873
FILLER_0_31_617, 285.14, 92.48, 0.0452873
_08340_, 305.14, 92.48, 0.0473624
_08393_, 305.14, 92.48, 0.0473624
_08634_, 305.14, 92.48, 0.0473624
_08642_, 305.14, 92.48, 0.0473624
ANTENNA__08396__B1, 305.14, 92.48, 0.0473624
_08395_, 315.14, 92.48, 0.0483273
_08396_, 315.14, 92.48, 0.0483273
_08397_, 315.14, 92.48, 0.0483273
_08518_, 315.14, 92.48, 0.0483273
ANTENNA__08518__A, 315.14, 92.48, 0.0483273
FILLER_0_29_673, 315.14, 92.48, 0.0483273
FILLER_0_30_667, 315.14, 92.48, 0.0483273
ANTENNA__08461__A, 335.14, 92.48, 0.0500535
FILLER_0_29_716, 335.14, 92.48, 0.0500535
FILLER_0_31_718, 335.14, 92.48, 0.0500535
FILLER_0_30_748, 345.14, 92.48, 0.0509123
FILLER_0_29_777, 365.14, 92.48, 0.0525541
FILLER_0_30_805, 375.14, 92.48, 0.0533371
_11504_, 5.52, 87.04, 0.0309289
PHY_54, 5.52, 87.04, 0.0309289
PHY_56, 5.52, 87.04, 0.0309289
input19, 5.52, 87.04, 0.0309289
FILLER_0_28_6, 5.52, 87.04, 0.0309289
PHY_55, 406.18, 87.04, 0.069165
PHY_57, 406.18, 87.04, 0.069165
FILLER_0_28_861, 406.18, 87.04, 0.069165
_10622_, 15.33, 87.04, 0.030925
_10672_, 15.33, 87.04, 0.030925
clkbuf_leaf_0_clk, 15.33, 87.04, 0.030925
hold225, 15.33, 87.04, 0.030925
hold291, 15.33, 87.04, 0.030925
ANTENNA__10672__S, 15.33, 87.04, 0.030925
ANTENNA__11504__RESET_B, 15.33, 87.04, 0.030925
FILLER_0_29_31, 15.33, 87.04, 0.030925
_10470_, 35.14, 87.04, 0.0309109
_10471_, 35.14, 87.04, 0.0309109
_10524_, 35.14, 87.04, 0.0309109
clkbuf_leaf_1_clk, 35.14, 87.04, 0.0309109
hold65, 35.14, 87.04, 0.0309109
ANTENNA__10832__S, 35.14, 87.04, 0.0309109
ANTENNA__11383__RESET_B, 35.14, 87.04, 0.0309109
ANTENNA__11553__RESET_B, 35.14, 87.04, 0.0309109
FILLER_0_28_59, 35.14, 87.04, 0.0309109
FILLER_0_28_68, 35.14, 87.04, 0.0309109
_10819_, 45.14, 87.04, 0.0309038
_10820_, 45.14, 87.04, 0.0309038
ANTENNA__10470__S, 45.14, 87.04, 0.0309038
ANTENNA__10470__A0, 45.14, 87.04, 0.0309038
ANTENNA_clkbuf_leaf_1_clk_A, 45.14, 87.04, 0.0309038
FILLER_0_28_96, 45.14, 87.04, 0.0309038
_10764_, 65.14, 87.04, 0.0309344
_10822_, 65.14, 87.04, 0.0309344
hold197, 65.14, 87.04, 0.0309344
ANTENNA__10826__A1, 65.14, 87.04, 0.0309344
ANTENNA__10825__B, 65.14, 87.04, 0.0309344
ANTENNA__10822__A2, 65.14, 87.04, 0.0309344
FILLER_0_28_137, 65.14, 87.04, 0.0309344
_11083_, 75.14, 87.04, 0.0309713
_11379_, 75.14, 87.04, 0.0309713
_11632_, 75.14, 87.04, 0.0309713
ANTENNA__10817__A1, 75.14, 87.04, 0.0309713
ANTENNA__10816__A1, 75.14, 87.04, 0.0309713
FILLER_0_28_153, 75.14, 87.04, 0.0309713
hold27, 95.14, 87.04, 0.0311388
hold269, 95.14, 87.04, 0.0311388
ANTENNA__06298__A2, 95.14, 87.04, 0.0311388
ANTENNA__11024__S, 95.14, 87.04, 0.0311388
_11022_, 105.14, 87.04, 0.0312757
_11080_, 105.14, 87.04, 0.0312757
clkbuf_3_1__f_clk, 105.14, 87.04, 0.0312757
_11033_, 125.14, 87.04, 0.0317061
_11090_, 125.14, 87.04, 0.0317061
wire72, 125.14, 87.04, 0.0317061
hold193, 125.14, 87.04, 0.0317061
ANTENNA__11090__S, 125.14, 87.04, 0.0317061
FILLER_0_29_268, 125.14, 87.04, 0.0317061
_10976_, 135.14, 87.04, 0.0320382
_11580_, 135.14, 87.04, 0.0320382
hold182, 135.14, 87.04, 0.0320382
_08619_, 155.14, 87.04, 0.0330983
_08716_, 155.14, 87.04, 0.0330983
_08720_, 155.14, 87.04, 0.0330983
_08765_, 155.14, 87.04, 0.0330983
ANTENNA__08762__A1, 155.14, 87.04, 0.0330983
ANTENNA__08716__A, 155.14, 87.04, 0.0330983
ANTENNA__08464__A, 155.14, 87.04, 0.0330983
FILLER_0_28_324, 155.14, 87.04, 0.0330983
_08761_, 165.14, 87.04, 0.0338175
ANTENNA__08761__A2, 165.14, 87.04, 0.0338175
ANTENNA__08619__C, 165.14, 87.04, 0.0338175
ANTENNA__08619__B, 165.14, 87.04, 0.0338175
FILLER_0_27_337, 165.14, 87.04, 0.0338175
FILLER_0_27_346, 165.14, 87.04, 0.0338175
FILLER_0_28_344, 165.14, 87.04, 0.0338175
_08723_, 185.14, 87.04, 0.0354737
_08769_, 185.14, 87.04, 0.0354737
_08770_, 185.14, 87.04, 0.0354737
FILLER_0_27_389, 185.14, 87.04, 0.0354737
FILLER_0_29_393, 185.14, 87.04, 0.0354737
_08831_, 195.14, 87.04, 0.0363955
FILLER_0_27_405, 195.14, 87.04, 0.0363955
FILLER_0_29_414, 195.14, 87.04, 0.0363955
_08786_, 215.14, 87.04, 0.0383524
_08787_, 215.14, 87.04, 0.0383524
_08839_, 215.14, 87.04, 0.0383524
_08840_, 215.14, 87.04, 0.0383524
FILLER_0_27_454, 215.14, 87.04, 0.0383524
FILLER_0_28_445, 215.14, 87.04, 0.0383524
_08710_, 225.14, 87.04, 0.0393657
_08711_, 225.14, 87.04, 0.0393657
_08712_, 225.14, 87.04, 0.0393657
_08713_, 225.14, 87.04, 0.0393657
ANTENNA__08710__B, 225.14, 87.04, 0.0393657
_08643_, 245.14, 87.04, 0.0413974
_08207_, 255.14, 87.04, 0.0424186
_08633_, 255.14, 87.04, 0.0424186
ANTENNA__08164__A, 255.14, 87.04, 0.0424186
ANTENNA__08166__A1, 255.14, 87.04, 0.0424186
FILLER_0_27_535, 255.14, 87.04, 0.0424186
_08168_, 275.14, 87.04, 0.0443989
_08208_, 275.14, 87.04, 0.0443989
_08211_, 275.14, 87.04, 0.0443989
_08212_, 275.14, 87.04, 0.0443989
ANTENNA__08168__A, 275.14, 87.04, 0.0443989
FILLER_0_27_585, 275.14, 87.04, 0.0443989
_08244_, 285.14, 87.04, 0.0454225
_08245_, 285.14, 87.04, 0.0454225
_08246_, 285.14, 87.04, 0.0454225
_08293_, 285.14, 87.04, 0.0454225
FILLER_0_28_606, 285.14, 87.04, 0.0454225
FILLER_0_28_614, 285.14, 87.04, 0.0454225
_08339_, 305.14, 87.04, 0.0474301
_08341_, 305.14, 87.04, 0.0474301
_08394_, 305.14, 87.04, 0.0474301
FILLER_0_28_641, 305.14, 87.04, 0.0474301
FILLER_0_28_660, 305.14, 87.04, 0.0474301
_08399_, 315.14, 87.04, 0.0484456
_08459_, 315.14, 87.04, 0.0484456
_08460_, 315.14, 87.04, 0.0484456
ANTENNA__08397__A2, 315.14, 87.04, 0.0484456
FILLER_0_29_682, 315.14, 87.04, 0.0484456
hold404, 335.14, 87.04, 0.0506387
ANTENNA__06747__S, 335.14, 87.04, 0.0506387
FILLER_0_28_713, 335.14, 87.04, 0.0506387
_06747_, 345.14, 87.04, 0.0518871
_11198_, 345.14, 87.04, 0.0518871
hold403, 345.14, 87.04, 0.0518871
FILLER_0_28_737, 345.14, 87.04, 0.0518871
FILLER_0_28_749, 345.14, 87.04, 0.0518871
FILLER_0_27_781, 365.14, 87.04, 0.0556344
FILLER_0_28_805, 375.14, 87.04, 0.0581365
output51, 395.66, 87.04, 0.069165
FILLER_0_27_841, 395.66, 87.04, 0.069165
_10673_, 5.52, 81.6, 0.0311091
_11480_, 5.52, 81.6, 0.0311091
PHY_50, 5.52, 81.6, 0.0311091
PHY_52, 5.52, 81.6, 0.0311091
ANTENNA__10622__S, 5.52, 81.6, 0.0311091
FILLER_0_27_3, 5.52, 81.6, 0.0311091
PHY_51, 406.18, 81.6, 0.0542001
PHY_53, 406.18, 81.6, 0.0542001
ANTENNA_output51_A, 406.18, 81.6, 0.0542001
FILLER_0_25_865, 406.18, 81.6, 0.0542001
FILLER_0_26_861, 406.18, 81.6, 0.0542001
_10623_, 15.33, 81.6, 0.0311048
_11456_, 15.33, 81.6, 0.0311048
ANTENNA__11480__RESET_B, 15.33, 81.6, 0.0311048
_10523_, 35.14, 81.6, 0.0311177
_11383_, 35.14, 81.6, 0.0311177
hold199, 35.14, 81.6, 0.0311177
_11549_, 45.14, 81.6, 0.0311288
ANTENNA__11408__RESET_B, 45.14, 81.6, 0.0311288
_10763_, 65.14, 81.6, 0.0311941
_11524_, 65.14, 81.6, 0.0311941
ANTENNA__10767__S, 65.14, 81.6, 0.0311941
ANTENNA__11550__RESET_B, 65.14, 81.6, 0.0311941
ANTENNA_fanout76_A, 65.14, 81.6, 0.0311941
FILLER_0_27_138, 65.14, 81.6, 0.0311941
_10462_, 75.14, 81.6, 0.0312486
_10463_, 75.14, 81.6, 0.0312486
hold196, 75.14, 81.6, 0.0312486
ANTENNA__10462__A0, 75.14, 81.6, 0.0312486
FILLER_0_25_150, 75.14, 81.6, 0.0312486
_10970_, 95.14, 81.6, 0.0314614
_11577_, 95.14, 81.6, 0.0314614
_11631_, 95.14, 81.6, 0.0314614
ANTENNA__11142__RESET_B, 95.14, 81.6, 0.0314614
FILLER_0_25_189, 95.14, 81.6, 0.0314614
FILLER_0_25_194, 95.14, 81.6, 0.0314614
FILLER_0_27_195, 95.14, 81.6, 0.0314614
hold444, 105.14, 81.6, 0.0316093
ANTENNA__11079__S, 105.14, 81.6, 0.0316093
FILLER_0_26_220, 105.14, 81.6, 0.0316093
FILLER_0_26_226, 105.14, 81.6, 0.0316093
_10975_, 125.14, 81.6, 0.0321096
_11034_, 125.14, 81.6, 0.0321096
_11608_, 125.14, 81.6, 0.0321096
ANTENNA__11033__S, 125.14, 81.6, 0.0321096
ANTENNA__11636__RESET_B, 125.14, 81.6, 0.0321096
ANTENNA__11578__RESET_B, 125.14, 81.6, 0.0321096
FILLER_0_25_256, 125.14, 81.6, 0.0321096
ANTENNA__08613__D1, 135.14, 81.6, 0.032458
ANTENNA__08613__C1, 135.14, 81.6, 0.032458
ANTENNA__08613__A2, 135.14, 81.6, 0.032458
ANTENNA__11608__RESET_B, 135.14, 81.6, 0.032458
ANTENNA__11580__RESET_B, 135.14, 81.6, 0.032458
FILLER_0_26_276, 135.14, 81.6, 0.032458
_08465_, 155.14, 81.6, 0.0335208
_08668_, 155.14, 81.6, 0.0335208
ANTENNA__08668__A1, 155.14, 81.6, 0.0335208
ANTENNA__08619__A, 155.14, 81.6, 0.0335208
ANTENNA__08465__A, 155.14, 81.6, 0.0335208
ANTENNA__08616__A1, 155.14, 81.6, 0.0335208
FILLER_0_25_316, 155.14, 81.6, 0.0335208
FILLER_0_26_317, 155.14, 81.6, 0.0335208
FILLER_0_26_331, 155.14, 81.6, 0.0335208
_08671_, 165.14, 81.6, 0.0342267
_08674_, 165.14, 81.6, 0.0342267
ANTENNA__08668__A3, 165.14, 81.6, 0.0342267
ANTENNA__08465__C, 165.14, 81.6, 0.0342267
ANTENNA__08668__A2, 165.14, 81.6, 0.0342267
ANTENNA__08465__B, 165.14, 81.6, 0.0342267
ANTENNA__08722__B1, 165.14, 81.6, 0.0342267
FILLER_0_26_346, 165.14, 81.6, 0.0342267
FILLER_0_27_354, 165.14, 81.6, 0.0342267
_08729_, 185.14, 81.6, 0.0358201
_08774_, 195.14, 81.6, 0.0367058
_08828_, 195.14, 81.6, 0.0367058
_08829_, 195.14, 81.6, 0.0367058
_08830_, 195.14, 81.6, 0.0367058
_08869_, 195.14, 81.6, 0.0367058
_08870_, 195.14, 81.6, 0.0367058
FILLER_0_25_406, 195.14, 81.6, 0.0367058
FILLER_0_26_409, 195.14, 81.6, 0.0367058
_08709_, 215.14, 81.6, 0.0385406
_08772_, 215.14, 81.6, 0.0385406
ANTENNA__08710__A, 215.14, 81.6, 0.0385406
FILLER_0_26_460, 215.14, 81.6, 0.0385406
_08189_, 225.14, 81.6, 0.0395081
_08681_, 225.14, 81.6, 0.0395081
_08707_, 225.14, 81.6, 0.0395081
ANTENNA__08189__A, 225.14, 81.6, 0.0395081
ANTENNA__08189__B, 225.14, 81.6, 0.0395081
ANTENNA__08190__A2, 225.14, 81.6, 0.0395081
FILLER_0_25_471, 225.14, 81.6, 0.0395081
FILLER_0_26_468, 225.14, 81.6, 0.0395081
FILLER_0_26_477, 225.14, 81.6, 0.0395081
FILLER_0_26_487, 225.14, 81.6, 0.0395081
_08162_, 245.14, 81.6, 0.0414384
ANTENNA__08162__B1, 245.14, 81.6, 0.0414384
ANTENNA__08162__A1, 245.14, 81.6, 0.0414384
ANTENNA__08164__B, 245.14, 81.6, 0.0414384
FILLER_0_26_524, 245.14, 81.6, 0.0414384
FILLER_0_27_529, 245.14, 81.6, 0.0414384
_08163_, 255.14, 81.6, 0.0424196
_08164_, 255.14, 81.6, 0.0424196
_08165_, 255.14, 81.6, 0.0424196
ANTENNA__08163__A1, 255.14, 81.6, 0.0424196
ANTENNA__08163__A2, 255.14, 81.6, 0.0424196
FILLER_0_25_533, 255.14, 81.6, 0.0424196
FILLER_0_26_552, 255.14, 81.6, 0.0424196
_08209_, 275.14, 81.6, 0.0443836
_08240_, 275.14, 81.6, 0.0443836
ANTENNA__08240__B1, 275.14, 81.6, 0.0443836
FILLER_0_26_580, 275.14, 81.6, 0.0443836
_08238_, 285.14, 81.6, 0.0453649
FILLER_0_26_613, 285.14, 81.6, 0.0453649
FILLER_0_27_610, 285.14, 81.6, 0.0453649
_08338_, 305.14, 81.6, 0.0473483
_08390_, 305.14, 81.6, 0.0473483
FILLER_0_26_641, 305.14, 81.6, 0.0473483
FILLER_0_26_657, 305.14, 81.6, 0.0473483
_08391_, 315.14, 81.6, 0.0482861
_08392_, 315.14, 81.6, 0.0482861
_08457_, 315.14, 81.6, 0.0482861
_06748_, 335.14, 81.6, 0.0500405
hold157, 335.14, 81.6, 0.0500405
ANTENNA__11199__RESET_B, 335.14, 81.6, 0.0500405
ANTENNA__11198__RESET_B, 335.14, 81.6, 0.0500405
FILLER_0_26_713, 335.14, 81.6, 0.0500405
_06749_, 345.14, 81.6, 0.0509217
_06750_, 345.14, 81.6, 0.0509217
_11199_, 345.14, 81.6, 0.0509217
hold156, 345.14, 81.6, 0.0509217
ANTENNA__06749__S, 345.14, 81.6, 0.0509217
FILLER_0_25_732, 345.14, 81.6, 0.0509217
FILLER_0_25_775, 365.14, 81.6, 0.0525998
FILLER_0_26_805, 375.14, 81.6, 0.0534
PHY_46, 5.52, 76.16, 0.031295
PHY_48, 5.52, 76.16, 0.031295
ANTENNA_input19_A, 5.52, 76.16, 0.031295
FILLER_0_25_3, 5.52, 76.16, 0.031295
FILLER_0_25_10, 5.52, 76.16, 0.031295
PHY_47, 406.18, 76.16, 0.0542161
PHY_49, 406.18, 76.16, 0.0542161
FILLER_0_23_865, 406.18, 76.16, 0.0542161
FILLER_0_24_861, 406.18, 76.16, 0.0542161
_10723_, 15.33, 76.16, 0.031295
hold355, 15.33, 76.16, 0.031295
ANTENNA__10723__S, 15.33, 76.16, 0.031295
FILLER_0_23_11, 15.33, 76.16, 0.031295
FILLER_0_24_15, 15.33, 76.16, 0.031295
_10769_, 35.14, 76.16, 0.0313262
_10770_, 35.14, 76.16, 0.0313262
hold66, 35.14, 76.16, 0.0313262
hold399, 35.14, 76.16, 0.0313262
ANTENNA__10523__S, 35.14, 76.16, 0.0313262
ANTENNA__11503__RESET_B, 35.14, 76.16, 0.0313262
FILLER_0_24_74, 35.14, 76.16, 0.0313262
_10766_, 45.14, 76.16, 0.0313549
_11525_, 45.14, 76.16, 0.0313549
ANTENNA__11525__RESET_B, 45.14, 76.16, 0.0313549
_10713_, 65.14, 76.16, 0.0314653
_11500_, 65.14, 76.16, 0.0314653
ANTENNA__10713__S, 65.14, 76.16, 0.0314653
ANTENNA__10763__S, 65.14, 76.16, 0.0314653
FILLER_0_25_139, 65.14, 76.16, 0.0314653
_06351_, 75.14, 76.16, 0.0315477
_10516_, 75.14, 76.16, 0.0315477
_11144_, 75.14, 76.16, 0.0315477
_11404_, 75.14, 76.16, 0.0315477
hold127, 75.14, 76.16, 0.0315477
FILLER_0_24_141, 75.14, 76.16, 0.0315477
FILLER_0_24_153, 75.14, 76.16, 0.0315477
_10969_, 95.14, 76.16, 0.0318168
_11605_, 95.14, 76.16, 0.0318168
clkbuf_leaf_71_clk, 95.14, 76.16, 0.0318168
FILLER_0_24_191, 95.14, 76.16, 0.0318168
_06380_, 105.14, 76.16, 0.0319891
hold246, 105.14, 76.16, 0.0319891
ANTENNA__06380__S, 105.14, 76.16, 0.0319891
ANTENNA__10971__S, 105.14, 76.16, 0.0319891
ANTENNA__10969__S, 105.14, 76.16, 0.0319891
ANTENNA_clkbuf_leaf_71_clk_A, 105.14, 76.16, 0.0319891
FILLER_0_24_215, 105.14, 76.16, 0.0319891
_06405_, 125.14, 76.16, 0.0325482
clkbuf_leaf_70_clk, 125.14, 76.16, 0.0325482
ANTENNA__10975__S, 125.14, 76.16, 0.0325482
ANTENNA_clkbuf_leaf_70_clk_A, 125.14, 76.16, 0.0325482
FILLER_0_24_253, 125.14, 76.16, 0.0325482
FILLER_0_25_265, 125.14, 76.16, 0.0325482
FILLER_0_25_270, 125.14, 76.16, 0.0325482
_06783_, 135.14, 76.16, 0.0329208
_10973_, 135.14, 76.16, 0.0329208
_11579_, 135.14, 76.16, 0.0329208
ANTENNA__11579__RESET_B, 135.14, 76.16, 0.0329208
FILLER_0_25_285, 135.14, 76.16, 0.0329208
_08610_, 155.14, 76.16, 0.0339473
_08617_, 155.14, 76.16, 0.0339473
_08669_, 155.14, 76.16, 0.0339473
_08725_, 155.14, 76.16, 0.0339473
ANTENNA__08616__B1, 155.14, 76.16, 0.0339473
ANTENNA__08616__C1, 155.14, 76.16, 0.0339473
ANTENNA__08610__B, 155.14, 76.16, 0.0339473
FILLER_0_25_333, 155.14, 76.16, 0.0339473
_08466_, 165.14, 76.16, 0.034618
_08467_, 165.14, 76.16, 0.034618
_08675_, 165.14, 76.16, 0.034618
ANTENNA__08467__A1, 165.14, 76.16, 0.034618
ANTENNA__08466__A, 165.14, 76.16, 0.034618
ANTENNA__08467__A2, 165.14, 76.16, 0.034618
ANTENNA__08609__B, 165.14, 76.16, 0.034618
FILLER_0_23_337, 165.14, 76.16, 0.034618
FILLER_0_25_352, 165.14, 76.16, 0.034618
_08728_, 185.14, 76.16, 0.0361382
_08773_, 185.14, 76.16, 0.0361382
FILLER_0_23_383, 185.14, 76.16, 0.0361382
_08826_, 195.14, 76.16, 0.0369905
_08827_, 195.14, 76.16, 0.0369905
ANTENNA__08829__B, 195.14, 76.16, 0.0369905
FILLER_0_24_409, 195.14, 76.16, 0.0369905
FILLER_0_24_417, 195.14, 76.16, 0.0369905
FILLER_0_24_421, 195.14, 76.16, 0.0369905
FILLER_0_25_415, 195.14, 76.16, 0.0369905
_08650_, 215.14, 76.16, 0.0387983
_08704_, 215.14, 76.16, 0.0387983
_08705_, 215.14, 76.16, 0.0387983
_08708_, 215.14, 76.16, 0.0387983
_08778_, 215.14, 76.16, 0.0387983
ANTENNA__08704__A, 215.14, 76.16, 0.0387983
ANTENNA__08650__B, 215.14, 76.16, 0.0387983
ANTENNA__08704__B, 215.14, 76.16, 0.0387983
_08190_, 225.14, 76.16, 0.0397449
_08191_, 225.14, 76.16, 0.0397449
_08651_, 225.14, 76.16, 0.0397449
ANTENNA__08190__A1, 225.14, 76.16, 0.0397449
ANTENNA__08191__A1_N, 225.14, 76.16, 0.0397449
ANTENNA__08656__A, 225.14, 76.16, 0.0397449
ANTENNA__08191__A2_N, 225.14, 76.16, 0.0397449
FILLER_0_24_468, 225.14, 76.16, 0.0397449
FILLER_0_24_485, 225.14, 76.16, 0.0397449
FILLER_0_25_484, 225.14, 76.16, 0.0397449
_08632_, 245.14, 76.16, 0.0416735
_08658_, 245.14, 76.16, 0.0416735
FILLER_0_24_521, 245.14, 76.16, 0.0416735
FILLER_0_24_529, 245.14, 76.16, 0.0416735
_08195_, 255.14, 76.16, 0.0426214
_08196_, 255.14, 76.16, 0.0426214
_08197_, 255.14, 76.16, 0.0426214
_08630_, 255.14, 76.16, 0.0426214
FILLER_0_24_533, 255.14, 76.16, 0.0426214
FILLER_0_24_551, 255.14, 76.16, 0.0426214
_08108_, 275.14, 76.16, 0.044538
_08204_, 275.14, 76.16, 0.044538
_08205_, 275.14, 76.16, 0.044538
_08206_, 275.14, 76.16, 0.044538
ANTENNA__08199__A, 275.14, 76.16, 0.044538
FILLER_0_24_593, 275.14, 76.16, 0.044538
_08239_, 285.14, 76.16, 0.0455169
_08242_, 285.14, 76.16, 0.0455169
_08243_, 285.14, 76.16, 0.0455169
_08389_, 305.14, 76.16, 0.0473931
FILLER_0_24_657, 305.14, 76.16, 0.0473931
_08398_, 315.14, 76.16, 0.0483381
_08458_, 315.14, 76.16, 0.0483381
_08515_, 315.14, 76.16, 0.0483381
FILLER_0_24_667, 315.14, 76.16, 0.0483381
FILLER_0_24_679, 315.14, 76.16, 0.0483381
FILLER_0_24_725, 335.14, 76.16, 0.0500646
FILLER_0_25_720, 335.14, 76.16, 0.0500646
_06751_, 345.14, 76.16, 0.0509482
_11200_, 345.14, 76.16, 0.0509482
clkbuf_leaf_59_clk, 345.14, 76.16, 0.0509482
ANTENNA__11200__RESET_B, 345.14, 76.16, 0.0509482
ANTENNA_clkbuf_leaf_59_clk_A, 345.14, 76.16, 0.0509482
FILLER_0_23_729, 345.14, 76.16, 0.0509482
FILLER_0_23_781, 365.14, 76.16, 0.0526162
FILLER_0_24_805, 375.14, 76.16, 0.0534161
_10724_, 5.52, 70.72, 0.0315232
_11505_, 5.52, 70.72, 0.0315232
PHY_42, 5.52, 70.72, 0.0315232
PHY_44, 5.52, 70.72, 0.0315232
ANTENNA_input18_A, 5.52, 70.72, 0.0315232
_05791_, 406.18, 70.72, 0.0687694
PHY_43, 406.18, 70.72, 0.0687694
PHY_45, 406.18, 70.72, 0.0687694
ANTENNA__05791__A, 406.18, 70.72, 0.0687694
_10773_, 15.33, 70.72, 0.0315188
_10774_, 15.33, 70.72, 0.0315188
_11529_, 15.33, 70.72, 0.0315188
ANTENNA__11505__RESET_B, 15.33, 70.72, 0.0315188
FILLER_0_22_29, 15.33, 70.72, 0.0315188
_10719_, 35.14, 70.72, 0.0315543
_11527_, 35.14, 70.72, 0.0315543
hold416, 35.14, 70.72, 0.0315543
ANTENNA__10769__S, 35.14, 70.72, 0.0315543
_10765_, 45.14, 70.72, 0.031593
_11501_, 45.14, 70.72, 0.031593
_10663_, 65.14, 70.72, 0.0317212
_10664_, 65.14, 70.72, 0.0317212
ANTENNA__11526__RESET_B, 65.14, 70.72, 0.0317212
_10515_, 75.14, 70.72, 0.0318149
_10714_, 75.14, 70.72, 0.0318149
hold266, 75.14, 70.72, 0.0318149
ANTENNA__10663__S, 75.14, 70.72, 0.0318149
FILLER_0_22_144, 75.14, 70.72, 0.0318149
_11027_, 95.14, 70.72, 0.0321151
hold240, 95.14, 70.72, 0.0321151
hold241, 95.14, 70.72, 0.0321151
_06381_, 105.14, 70.72, 0.0323185
_11086_, 105.14, 70.72, 0.0323185
_11087_, 105.14, 70.72, 0.0323185
_11634_, 105.14, 70.72, 0.0323185
_11146_, 125.14, 70.72, 0.0329038
hold175, 125.14, 70.72, 0.0329038
hold176, 125.14, 70.72, 0.0329038
ANTENNA__10973__S, 125.14, 70.72, 0.0329038
FILLER_0_23_264, 125.14, 70.72, 0.0329038
_10974_, 135.14, 70.72, 0.0332854
_11031_, 135.14, 70.72, 0.0332854
_11032_, 135.14, 70.72, 0.0332854
_11607_, 135.14, 70.72, 0.0332854
hold392, 135.14, 70.72, 0.0332854
ANTENNA__11146__RESET_B, 135.14, 70.72, 0.0332854
FILLER_0_23_290, 135.14, 70.72, 0.0332854
_08611_, 155.14, 70.72, 0.0343372
_08661_, 155.14, 70.72, 0.0343372
_08670_, 155.14, 70.72, 0.0343372
ANTENNA__08670__A, 155.14, 70.72, 0.0343372
ANTENNA__08669__A1, 155.14, 70.72, 0.0343372
FILLER_0_22_315, 155.14, 70.72, 0.0343372
FILLER_0_22_324, 155.14, 70.72, 0.0343372
FILLER_0_22_334, 155.14, 70.72, 0.0343372
_08470_, 165.14, 70.72, 0.0350008
_08471_, 165.14, 70.72, 0.0350008
_08609_, 165.14, 70.72, 0.0350008
_08726_, 165.14, 70.72, 0.0350008
ANTENNA__08470__A, 165.14, 70.72, 0.0350008
ANTENNA__08609__A, 165.14, 70.72, 0.0350008
ANTENNA__08466__B, 165.14, 70.72, 0.0350008
ANTENNA__08725__A1, 165.14, 70.72, 0.0350008
_08662_, 185.14, 70.72, 0.0364628
_08825_, 185.14, 70.72, 0.0364628
_08875_, 185.14, 70.72, 0.0364628
FILLER_0_21_389, 185.14, 70.72, 0.0364628
FILLER_0_22_386, 185.14, 70.72, 0.0364628
FILLER_0_23_393, 185.14, 70.72, 0.0364628
FILLER_0_23_401, 185.14, 70.72, 0.0364628
_08775_, 195.14, 70.72, 0.0372762
_08776_, 195.14, 70.72, 0.0372762
_08777_, 195.14, 70.72, 0.0372762
ANTENNA__08776__B, 195.14, 70.72, 0.0372762
ANTENNA__08824__A, 195.14, 70.72, 0.0372762
ANTENNA__08775__A1, 195.14, 70.72, 0.0372762
FILLER_0_22_403, 195.14, 70.72, 0.0372762
FILLER_0_23_414, 195.14, 70.72, 0.0372762
FILLER_0_23_422, 195.14, 70.72, 0.0372762
_08540_, 215.14, 70.72, 0.0389992
_08706_, 215.14, 70.72, 0.0389992
ANTENNA__08650__A, 215.14, 70.72, 0.0389992
ANTENNA__08540__A, 215.14, 70.72, 0.0389992
FILLER_0_22_464, 215.14, 70.72, 0.0389992
FILLER_0_23_461, 215.14, 70.72, 0.0389992
_08194_, 225.14, 70.72, 0.0399141
_08649_, 225.14, 70.72, 0.0399141
ANTENNA__08194__A, 225.14, 70.72, 0.0399141
ANTENNA__08227__B, 225.14, 70.72, 0.0399141
ANTENNA__08194__B, 225.14, 70.72, 0.0399141
FILLER_0_21_472, 225.14, 70.72, 0.0399141
_08141_, 245.14, 70.72, 0.0418074
_08627_, 245.14, 70.72, 0.0418074
_08631_, 245.14, 70.72, 0.0418074
ANTENNA__08141__A, 245.14, 70.72, 0.0418074
_08231_, 255.14, 70.72, 0.0427336
_08232_, 255.14, 70.72, 0.0427336
_08270_, 255.14, 70.72, 0.0427336
FILLER_0_22_553, 255.14, 70.72, 0.0427336
FILLER_0_23_548, 255.14, 70.72, 0.0427336
_08237_, 275.14, 70.72, 0.0446324
_08271_, 275.14, 70.72, 0.0446324
FILLER_0_22_581, 275.14, 70.72, 0.0446324
FILLER_0_22_589, 275.14, 70.72, 0.0446324
_08282_, 285.14, 70.72, 0.0455949
_08286_, 285.14, 70.72, 0.0455949
_08333_, 285.14, 70.72, 0.0455949
_08334_, 285.14, 70.72, 0.0455949
_08335_, 285.14, 70.72, 0.0455949
FILLER_0_23_611, 285.14, 70.72, 0.0455949
_08336_, 305.14, 70.72, 0.0476225
_08384_, 305.14, 70.72, 0.0476225
_08388_, 305.14, 70.72, 0.0476225
FILLER_0_22_641, 305.14, 70.72, 0.0476225
_08387_, 315.14, 70.72, 0.0486556
_08400_, 315.14, 70.72, 0.0486556
_08455_, 315.14, 70.72, 0.0486556
_08456_, 315.14, 70.72, 0.0486556
_08576_, 315.14, 70.72, 0.0486556
FILLER_0_22_673, 315.14, 70.72, 0.0486556
FILLER_0_23_721, 335.14, 70.72, 0.0507231
_06752_, 345.14, 70.72, 0.0519313
FILLER_0_21_729, 345.14, 70.72, 0.0519313
FILLER_0_22_737, 345.14, 70.72, 0.0519313
FILLER_0_22_744, 345.14, 70.72, 0.0519313
FILLER_0_21_781, 365.14, 70.72, 0.055591
FILLER_0_22_802, 375.14, 70.72, 0.0580426
output50, 395.66, 70.72, 0.068766
FILLER_0_21_841, 395.66, 70.72, 0.068766
FILLER_0_22_849, 395.66, 70.72, 0.068766
FILLER_0_22_857, 395.66, 70.72, 0.068766
PHY_38, 5.52, 65.28, 0.0317119
PHY_40, 5.52, 65.28, 0.0317119
input18, 5.52, 65.28, 0.0317119
hold80, 5.52, 65.28, 0.0317119
PHY_39, 406.18, 65.28, 0.0540469
PHY_41, 406.18, 65.28, 0.0540469
FILLER_0_19_865, 406.18, 65.28, 0.0540469
FILLER_0_20_861, 406.18, 65.28, 0.0540469
_10624_, 15.33, 65.28, 0.0317099
_10674_, 15.33, 65.28, 0.0317099
hold79, 15.33, 65.28, 0.0317099
ANTENNA__10674__S, 15.33, 65.28, 0.0317099
_10473_, 35.14, 65.28, 0.0317545
_10526_, 35.14, 65.28, 0.0317545
ANTENNA__10670__S, 35.14, 65.28, 0.0317545
ANTENNA__10719__S, 35.14, 65.28, 0.0317545
ANTENNA__11384__RESET_B, 35.14, 65.28, 0.0317545
ANTENNA__11527__RESET_B, 35.14, 65.28, 0.0317545
FILLER_0_19_57, 35.14, 65.28, 0.0317545
FILLER_0_19_63, 35.14, 65.28, 0.0317545
FILLER_0_20_59, 35.14, 65.28, 0.0317545
FILLER_0_20_66, 35.14, 65.28, 0.0317545
FILLER_0_20_72, 35.14, 65.28, 0.0317545
FILLER_0_21_70, 35.14, 65.28, 0.0317545
_10715_, 45.14, 65.28, 0.0318029
_10716_, 45.14, 65.28, 0.0318029
ANTENNA__10715__S, 45.14, 65.28, 0.0318029
ANTENNA__11501__RESET_B, 45.14, 65.28, 0.0318029
FILLER_0_20_79, 45.14, 65.28, 0.0318029
_11476_, 65.14, 65.28, 0.0319716
hold89, 65.14, 65.28, 0.0319716
hold109, 65.14, 65.28, 0.0319716
_10564_, 75.14, 65.28, 0.032087
_10565_, 75.14, 65.28, 0.032087
_10615_, 75.14, 65.28, 0.032087
_11428_, 75.14, 65.28, 0.032087
hold90, 75.14, 65.28, 0.032087
FILLER_0_21_158, 75.14, 65.28, 0.032087
_11028_, 95.14, 65.28, 0.0324233
_11145_, 95.14, 65.28, 0.0324233
ANTENNA__11027__S, 95.14, 65.28, 0.0324233
ANTENNA__11084__S, 95.14, 65.28, 0.0324233
FILLER_0_19_193, 95.14, 65.28, 0.0324233
FILLER_0_20_190, 95.14, 65.28, 0.0324233
FILLER_0_21_198, 95.14, 65.28, 0.0324233
_10433_, 105.14, 65.28, 0.0326445
FILLER_0_19_206, 105.14, 65.28, 0.0326445
FILLER_0_19_216, 105.14, 65.28, 0.0326445
FILLER_0_20_221, 105.14, 65.28, 0.0326445
FILLER_0_21_225, 105.14, 65.28, 0.0326445
_06406_, 125.14, 65.28, 0.0332735
_11088_, 125.14, 65.28, 0.0332735
_11089_, 125.14, 65.28, 0.0332735
_11635_, 125.14, 65.28, 0.0332735
ANTENNA__11088__S, 125.14, 65.28, 0.0332735
FILLER_0_19_257, 125.14, 65.28, 0.0332735
hold391, 135.14, 65.28, 0.0336735
ANTENNA__11635__RESET_B, 135.14, 65.28, 0.0336735
FILLER_0_19_271, 135.14, 65.28, 0.0336735
_08622_, 155.14, 65.28, 0.0347299
ANTENNA__08470__B, 155.14, 65.28, 0.0347299
ANTENNA__08471__A, 155.14, 65.28, 0.0347299
FILLER_0_20_334, 155.14, 65.28, 0.0347299
FILLER_0_21_327, 155.14, 65.28, 0.0347299
_07491_, 165.14, 65.28, 0.0353627
_08346_, 165.14, 65.28, 0.0353627
_08347_, 165.14, 65.28, 0.0353627
ANTENNA__08350__C, 165.14, 65.28, 0.0353627
ANTENNA__08347__A, 165.14, 65.28, 0.0353627
ANTENNA__08346__A_N, 165.14, 65.28, 0.0353627
ANTENNA__08347__B, 165.14, 65.28, 0.0353627
FILLER_0_19_343, 165.14, 65.28, 0.0353627
FILLER_0_21_357, 165.14, 65.28, 0.0353627
_08724_, 185.14, 65.28, 0.0367835
_08824_, 185.14, 65.28, 0.0367835
ANTENNA__08413__A, 185.14, 65.28, 0.0367835
ANTENNA__08824__B, 185.14, 65.28, 0.0367835
ANTENNA__08662__B, 185.14, 65.28, 0.0367835
ANTENNA__08662__A, 185.14, 65.28, 0.0367835
FILLER_0_19_386, 185.14, 65.28, 0.0367835
FILLER_0_20_381, 185.14, 65.28, 0.0367835
FILLER_0_20_386, 185.14, 65.28, 0.0367835
FILLER_0_20_391, 185.14, 65.28, 0.0367835
FILLER_0_20_399, 185.14, 65.28, 0.0367835
_08602_, 195.14, 65.28, 0.0375821
_08604_, 195.14, 65.28, 0.0375821
_08660_, 195.14, 65.28, 0.0375821
ANTENNA__08602__B, 195.14, 65.28, 0.0375821
ANTENNA__08776__A, 195.14, 65.28, 0.0375821
FILLER_0_20_408, 195.14, 65.28, 0.0375821
FILLER_0_20_421, 195.14, 65.28, 0.0375821
_08541_, 215.14, 65.28, 0.0392625
_08542_, 215.14, 65.28, 0.0392625
_08543_, 215.14, 65.28, 0.0392625
ANTENNA__08192__B, 215.14, 65.28, 0.0392625
ANTENNA__08541__A1, 215.14, 65.28, 0.0392625
ANTENNA__08541__A2, 215.14, 65.28, 0.0392625
FILLER_0_19_449, 215.14, 65.28, 0.0392625
_08159_, 225.14, 65.28, 0.0401389
_08227_, 225.14, 65.28, 0.0401389
_08316_, 225.14, 65.28, 0.0401389
ANTENNA__08227__A, 225.14, 65.28, 0.0401389
ANTENNA__08159__A, 225.14, 65.28, 0.0401389
ANTENNA__07243__A, 225.14, 65.28, 0.0401389
FILLER_0_20_473, 225.14, 65.28, 0.0401389
FILLER_0_20_485, 225.14, 65.28, 0.0401389
_08161_, 245.14, 65.28, 0.041921
_08589_, 245.14, 65.28, 0.041921
ANTENNA__08200__A, 245.14, 65.28, 0.041921
ANTENNA__08140__B, 245.14, 65.28, 0.041921
ANTENNA__08141__B, 245.14, 65.28, 0.041921
FILLER_0_20_516, 245.14, 65.28, 0.041921
FILLER_0_20_527, 245.14, 65.28, 0.041921
FILLER_0_21_529, 245.14, 65.28, 0.041921
_08140_, 255.14, 65.28, 0.0428304
_08142_, 255.14, 65.28, 0.0428304
_08201_, 255.14, 65.28, 0.0428304
_08234_, 255.14, 65.28, 0.0428304
_08369_, 255.14, 65.28, 0.0428304
ANTENNA__08140__A, 255.14, 65.28, 0.0428304
ANTENNA__08201__A, 255.14, 65.28, 0.0428304
ANTENNA__08142__A, 255.14, 65.28, 0.0428304
FILLER_0_20_533, 255.14, 65.28, 0.0428304
FILLER_0_21_552, 255.14, 65.28, 0.0428304
_08280_, 275.14, 65.28, 0.0446658
_08281_, 275.14, 65.28, 0.0446658
ANTENNA__08233__A, 275.14, 65.28, 0.0446658
FILLER_0_20_584, 275.14, 65.28, 0.0446658
_06746_, 285.14, 65.28, 0.0456052
_08283_, 285.14, 65.28, 0.0456052
ANTENNA__08283__A, 285.14, 65.28, 0.0456052
FILLER_0_20_600, 285.14, 65.28, 0.0456052
FILLER_0_21_610, 285.14, 65.28, 0.0456052
_08385_, 305.14, 65.28, 0.0474985
_08386_, 305.14, 65.28, 0.0474985
FILLER_0_21_661, 305.14, 65.28, 0.0474985
_08512_, 315.14, 65.28, 0.0483879
_08513_, 315.14, 65.28, 0.0483879
_08575_, 315.14, 65.28, 0.0483879
ANTENNA__08513__A, 315.14, 65.28, 0.0483879
FILLER_0_19_667, 315.14, 65.28, 0.0483879
FILLER_0_21_724, 335.14, 65.28, 0.0500414
_06754_, 345.14, 65.28, 0.0508953
_11201_, 345.14, 65.28, 0.0508953
ANTENNA__11201__RESET_B, 345.14, 65.28, 0.0508953
FILLER_0_20_737, 345.14, 65.28, 0.0508953
FILLER_0_20_748, 345.14, 65.28, 0.0508953
FILLER_0_19_773, 365.14, 65.28, 0.0525132
FILLER_0_19_781, 365.14, 65.28, 0.0525132
FILLER_0_20_801, 375.14, 65.28, 0.0532801
FILLER_0_20_809, 375.14, 65.28, 0.0532801
_10675_, 5.52, 59.84, 0.0319376
_11481_, 5.52, 59.84, 0.0319376
PHY_34, 5.52, 59.84, 0.0319376
PHY_36, 5.52, 59.84, 0.0319376
hold412, 5.52, 59.84, 0.0319376
FILLER_0_19_3, 5.52, 59.84, 0.0319376
PHY_35, 406.18, 59.84, 0.0539475
PHY_37, 406.18, 59.84, 0.0539475
FILLER_0_17_865, 406.18, 59.84, 0.0539475
FILLER_0_18_861, 406.18, 59.84, 0.0539475
_10625_, 15.33, 59.84, 0.0319317
_11457_, 15.33, 59.84, 0.0319317
hold413, 15.33, 59.84, 0.0319317
ANTENNA__10624__S, 15.33, 59.84, 0.0319317
_10472_, 35.14, 59.84, 0.0319822
_11384_, 35.14, 59.84, 0.0319822
_11409_, 35.14, 59.84, 0.0319822
_10665_, 45.14, 59.84, 0.0320323
_10666_, 45.14, 59.84, 0.0320323
_11477_, 45.14, 59.84, 0.0320323
hold55, 45.14, 59.84, 0.0320323
hold432, 45.14, 59.84, 0.0320323
ANTENNA__10472__S, 45.14, 59.84, 0.0320323
ANTENNA__10472__A0, 45.14, 59.84, 0.0320323
_10614_, 65.14, 59.84, 0.0322103
ANTENNA__10614__S, 65.14, 59.84, 0.0322103
ANTENNA__10667__S, 65.14, 59.84, 0.0322103
ANTENNA__10717__S, 65.14, 59.84, 0.0322103
ANTENNA__11478__RESET_B, 65.14, 59.84, 0.0322103
FILLER_0_18_128, 65.14, 59.84, 0.0322103
FILLER_0_18_137, 65.14, 59.84, 0.0322103
_11381_, 75.14, 59.84, 0.0323467
_11452_, 75.14, 59.84, 0.0323467
ANTENNA__10564__S, 75.14, 59.84, 0.0323467
_10430_, 95.14, 59.84, 0.0327098
_10431_, 95.14, 59.84, 0.0327098
ANTENNA__10430__A, 95.14, 59.84, 0.0327098
ANTENNA__11381__RESET_B, 95.14, 59.84, 0.0327098
FILLER_0_17_189, 95.14, 59.84, 0.0327098
FILLER_0_18_189, 95.14, 59.84, 0.0327098
FILLER_0_18_204, 95.14, 59.84, 0.0327098
FILLER_0_19_201, 95.14, 59.84, 0.0327098
_11364_, 105.14, 59.84, 0.0329491
ANTENNA__11364__RESET_B, 105.14, 59.84, 0.0329491
FILLER_0_19_225, 105.14, 59.84, 0.0329491
ANTENNA__11031__S, 125.14, 59.84, 0.0335941
ANTENNA__11365__RESET_B, 125.14, 59.84, 0.0335941
FILLER_0_19_262, 125.14, 59.84, 0.0335941
ANTENNA__11607__RESET_B, 135.14, 59.84, 0.0340026
FILLER_0_17_277, 135.14, 59.84, 0.0340026
_08620_, 155.14, 59.84, 0.0350486
_08679_, 155.14, 59.84, 0.0350486
FILLER_0_18_322, 155.14, 59.84, 0.0350486
FILLER_0_18_335, 155.14, 59.84, 0.0350486
_08350_, 165.14, 59.84, 0.0356783
_08351_, 165.14, 59.84, 0.0356783
_08547_, 165.14, 59.84, 0.0356783
_08551_, 165.14, 59.84, 0.0356783
_08553_, 165.14, 59.84, 0.0356783
ANTENNA__08547__B, 165.14, 59.84, 0.0356783
ANTENNA__07491__A, 165.14, 59.84, 0.0356783
ANTENNA__08350__A_N, 165.14, 59.84, 0.0356783
FILLER_0_17_337, 165.14, 59.84, 0.0356783
FILLER_0_18_352, 165.14, 59.84, 0.0356783
_08414_, 185.14, 59.84, 0.0370624
_08663_, 185.14, 59.84, 0.0370624
ANTENNA__08225__A, 185.14, 59.84, 0.0370624
FILLER_0_18_394, 185.14, 59.84, 0.0370624
_08412_, 195.14, 59.84, 0.0378286
_08605_, 195.14, 59.84, 0.0378286
_08606_, 195.14, 59.84, 0.0378286
_08607_, 195.14, 59.84, 0.0378286
ANTENNA__08412__A, 195.14, 59.84, 0.0378286
ANTENNA__08412__B, 195.14, 59.84, 0.0378286
ANTENNA__08255__A2, 195.14, 59.84, 0.0378286
ANTENNA__08602__A, 195.14, 59.84, 0.0378286
FILLER_0_17_412, 195.14, 59.84, 0.0378286
_08192_, 215.14, 59.84, 0.039454
_08226_, 215.14, 59.84, 0.039454
_08230_, 215.14, 59.84, 0.039454
ANTENNA__08226__C1, 215.14, 59.84, 0.039454
ANTENNA__08192__A_N, 215.14, 59.84, 0.039454
_07243_, 225.14, 59.84, 0.0403009
_08188_, 225.14, 59.84, 0.0403009
_08193_, 225.14, 59.84, 0.0403009
_08317_, 225.14, 59.84, 0.0403009
_08648_, 225.14, 59.84, 0.0403009
ANTENNA__08316__A, 225.14, 59.84, 0.0403009
ANTENNA__08316__C, 225.14, 59.84, 0.0403009
ANTENNA__08193__B, 225.14, 59.84, 0.0403009
ANTENNA__08192__C, 225.14, 59.84, 0.0403009
ANTENNA__08316__B, 225.14, 59.84, 0.0403009
_08200_, 245.14, 59.84, 0.0420286
_08427_, 245.14, 59.84, 0.0420286
_08428_, 245.14, 59.84, 0.0420286
_08590_, 245.14, 59.84, 0.0420286
ANTENNA__08200__B, 245.14, 59.84, 0.0420286
ANTENNA__08589__B, 245.14, 59.84, 0.0420286
FILLER_0_17_518, 245.14, 59.84, 0.0420286
FILLER_0_18_529, 245.14, 59.84, 0.0420286
_08202_, 255.14, 59.84, 0.0429108
_08262_, 255.14, 59.84, 0.0429108
_08263_, 255.14, 59.84, 0.0429108
_08306_, 255.14, 59.84, 0.0429108
ANTENNA__08234__A, 255.14, 59.84, 0.0429108
FILLER_0_17_538, 255.14, 59.84, 0.0429108
FILLER_0_18_537, 255.14, 59.84, 0.0429108
FILLER_0_18_546, 255.14, 59.84, 0.0429108
_08276_, 275.14, 59.84, 0.044703
_08278_, 275.14, 59.84, 0.044703
ANTENNA__08278__A, 275.14, 59.84, 0.044703
ANTENNA__08277__A1, 275.14, 59.84, 0.044703
FILLER_0_18_581, 275.14, 59.84, 0.044703
_08272_, 285.14, 59.84, 0.0456158
_08273_, 285.14, 59.84, 0.0456158
FILLER_0_17_601, 285.14, 59.84, 0.0456158
FILLER_0_19_609, 285.14, 59.84, 0.0456158
_08452_, 305.14, 59.84, 0.0474275
FILLER_0_17_647, 305.14, 59.84, 0.0474275
FILLER_0_18_657, 305.14, 59.84, 0.0474275
_08453_, 315.14, 59.84, 0.048347
_08510_, 315.14, 59.84, 0.048347
_08511_, 315.14, 59.84, 0.048347
ANTENNA__08513__B, 315.14, 59.84, 0.048347
ANTENNA__08512__A2_N, 315.14, 59.84, 0.048347
ANTENNA__08512__A1_N, 315.14, 59.84, 0.048347
FILLER_0_19_721, 335.14, 59.84, 0.0500093
_06756_, 345.14, 59.84, 0.0508555
ANTENNA__06755__S, 345.14, 59.84, 0.0508555
FILLER_0_18_749, 345.14, 59.84, 0.0508555
FILLER_0_19_741, 345.14, 59.84, 0.0508555
FILLER_0_18_809, 375.14, 59.84, 0.0531989
PHY_30, 5.52, 54.4, 0.0320145
PHY_32, 5.52, 54.4, 0.0320145
FILLER_0_17_3, 5.52, 54.4, 0.0320145
PHY_31, 406.18, 54.4, 0.073653
PHY_33, 406.18, 54.4, 0.073653
ANTENNA_output49_A, 406.18, 54.4, 0.073653
ANTENNA__11481__RESET_B, 15.33, 54.4, 0.0320145
ANTENNA__11457__RESET_B, 15.33, 54.4, 0.0320145
FILLER_0_16_15, 15.33, 54.4, 0.0320145
FILLER_0_16_29, 15.33, 54.4, 0.0320145
_10525_, 35.14, 54.4, 0.0320821
hold397, 35.14, 54.4, 0.0320821
ANTENNA__10620__S, 35.14, 54.4, 0.0320821
ANTENNA__11433__RESET_B, 35.14, 54.4, 0.0320821
ANTENNA_clkbuf_leaf_75_clk_A, 35.14, 54.4, 0.0320821
FILLER_0_16_73, 35.14, 54.4, 0.0320821
_10616_, 45.14, 54.4, 0.0321473
hold285, 45.14, 54.4, 0.0321473
ANTENNA__11409__RESET_B, 45.14, 54.4, 0.0321473
FILLER_0_15_83, 45.14, 54.4, 0.0321473
FILLER_0_16_79, 45.14, 54.4, 0.0321473
FILLER_0_16_85, 45.14, 54.4, 0.0321473
_10618_, 65.14, 54.4, 0.0323578
_11454_, 65.14, 54.4, 0.0323578
hold351, 65.14, 54.4, 0.0323578
ANTENNA__10618__S, 65.14, 54.4, 0.0323578
FILLER_0_16_134, 65.14, 54.4, 0.0323578
_10568_, 75.14, 54.4, 0.0324988
hold111, 75.14, 54.4, 0.0324988
hold112, 75.14, 54.4, 0.0324988
hold318, 75.14, 54.4, 0.0324988
ANTENNA_clkbuf_leaf_72_clk_A, 75.14, 54.4, 0.0324988
FILLER_0_15_141, 75.14, 54.4, 0.0324988
FILLER_0_16_141, 75.14, 54.4, 0.0324988
FILLER_0_17_153, 75.14, 54.4, 0.0324988
_11363_, 95.14, 54.4, 0.0328868
ANTENNA__10466__S, 95.14, 54.4, 0.0328868
ANTENNA__11363__RESET_B, 95.14, 54.4, 0.0328868
FILLER_0_16_186, 95.14, 54.4, 0.0328868
_10432_, 105.14, 54.4, 0.0331382
hold19, 105.14, 54.4, 0.0331382
FILLER_0_16_221, 105.14, 54.4, 0.0331382
FILLER_0_17_221, 105.14, 54.4, 0.0331382
ANTENNA__11366__RESET_B, 125.14, 54.4, 0.0338105
FILLER_0_17_269, 125.14, 54.4, 0.0338105
FILLER_0_15_271, 135.14, 54.4, 0.0342316
_08402_, 155.14, 54.4, 0.0352908
_08563_, 155.14, 54.4, 0.0352908
_08564_, 155.14, 54.4, 0.0352908
_08621_, 155.14, 54.4, 0.0352908
_08546_, 165.14, 54.4, 0.0358867
_08550_, 165.14, 54.4, 0.0358867
_08552_, 165.14, 54.4, 0.0358867
ANTENNA__06812__A, 165.14, 54.4, 0.0358867
ANTENNA__08546__A, 165.14, 54.4, 0.0358867
ANTENNA__08472__B, 165.14, 54.4, 0.0358867
FILLER_0_15_341, 165.14, 54.4, 0.0358867
FILLER_0_16_342, 165.14, 54.4, 0.0358867
_08321_, 185.14, 54.4, 0.0372407
_08323_, 185.14, 54.4, 0.0372407
_08415_, 185.14, 54.4, 0.0372407
_08603_, 185.14, 54.4, 0.0372407
ANTENNA__08321__C, 185.14, 54.4, 0.0372407
ANTENNA__08225__B, 185.14, 54.4, 0.0372407
ANTENNA__08319__B, 185.14, 54.4, 0.0372407
ANTENNA__08414__A, 185.14, 54.4, 0.0372407
_08224_, 195.14, 54.4, 0.0379914
_08254_, 195.14, 54.4, 0.0379914
_08255_, 195.14, 54.4, 0.0379914
_08416_, 195.14, 54.4, 0.0379914
ANTENNA__08255__B1, 195.14, 54.4, 0.0379914
ANTENNA__08224__A, 195.14, 54.4, 0.0379914
ANTENNA__08255__A1, 195.14, 54.4, 0.0379914
ANTENNA__08256__A2, 195.14, 54.4, 0.0379914
ANTENNA__08254__B, 195.14, 54.4, 0.0379914
_08229_, 215.14, 54.4, 0.0395696
_08258_, 215.14, 54.4, 0.0395696
_08261_, 215.14, 54.4, 0.0395696
ANTENNA__08193__A, 215.14, 54.4, 0.0395696
ANTENNA__08537__A, 215.14, 54.4, 0.0395696
ANTENNA__08537__B, 215.14, 54.4, 0.0395696
FILLER_0_17_458, 215.14, 54.4, 0.0395696
_08368_, 225.14, 54.4, 0.0404017
_08483_, 225.14, 54.4, 0.0404017
_08537_, 225.14, 54.4, 0.0404017
ANTENNA__08595__B, 225.14, 54.4, 0.0404017
ANTENNA__08188__C_N, 225.14, 54.4, 0.0404017
ANTENNA__08368__A1, 225.14, 54.4, 0.0404017
ANTENNA__08188__A, 225.14, 54.4, 0.0404017
FILLER_0_16_473, 225.14, 54.4, 0.0404017
FILLER_0_16_481, 225.14, 54.4, 0.0404017
_08592_, 245.14, 54.4, 0.042121
_08593_, 245.14, 54.4, 0.042121
_08594_, 245.14, 54.4, 0.042121
ANTENNA__08427__A, 245.14, 54.4, 0.042121
FILLER_0_15_517, 245.14, 54.4, 0.042121
FILLER_0_16_524, 245.14, 54.4, 0.042121
_08145_, 255.14, 54.4, 0.0430093
_08146_, 255.14, 54.4, 0.0430093
_08264_, 255.14, 54.4, 0.0430093
ANTENNA__08145__B, 255.14, 54.4, 0.0430093
ANTENNA__08265__A, 255.14, 54.4, 0.0430093
ANTENNA__08146__A, 255.14, 54.4, 0.0430093
ANTENNA__08145__A, 255.14, 54.4, 0.0430093
ANTENNA__08526__B, 255.14, 54.4, 0.0430093
FILLER_0_16_542, 255.14, 54.4, 0.0430093
FILLER_0_17_548, 255.14, 54.4, 0.0430093
_08277_, 275.14, 54.4, 0.0448557
_08279_, 275.14, 54.4, 0.0448557
_08305_, 275.14, 54.4, 0.0448557
_08310_, 275.14, 54.4, 0.0448557
_08311_, 275.14, 54.4, 0.0448557
ANTENNA__08278__B, 275.14, 54.4, 0.0448557
ANTENNA__08277__A2, 275.14, 54.4, 0.0448557
FILLER_0_16_583, 275.14, 54.4, 0.0448557
_08268_, 285.14, 54.4, 0.0458141
_08269_, 285.14, 54.4, 0.0458141
_08312_, 285.14, 54.4, 0.0458141
_08313_, 285.14, 54.4, 0.0458141
_08328_, 285.14, 54.4, 0.0458141
_08379_, 285.14, 54.4, 0.0458141
FILLER_0_15_601, 285.14, 54.4, 0.0458141
FILLER_0_17_612, 285.14, 54.4, 0.0458141
_08381_, 305.14, 54.4, 0.0478214
_08382_, 305.14, 54.4, 0.0478214
_08451_, 305.14, 54.4, 0.0478214
_08454_, 305.14, 54.4, 0.0478214
max_cap59, 305.14, 54.4, 0.0478214
FILLER_0_17_655, 305.14, 54.4, 0.0478214
_08574_, 315.14, 54.4, 0.0487889
_08581_, 315.14, 54.4, 0.0487889
FILLER_0_15_668, 315.14, 54.4, 0.0487889
FILLER_0_16_669, 315.14, 54.4, 0.0487889
FILLER_0_17_721, 335.14, 54.4, 0.0509586
_11202_, 345.14, 54.4, 0.0522759
ANTENNA__11202__RESET_B, 345.14, 54.4, 0.0522759
FILLER_0_16_749, 345.14, 54.4, 0.0522759
FILLER_0_15_775, 365.14, 54.4, 0.0565924
output49, 395.66, 54.4, 0.073653
FILLER_0_16_837, 395.66, 54.4, 0.073653
FILLER_0_16_845, 395.66, 54.4, 0.073653
PHY_26, 5.52, 48.96, 0.0321516
PHY_28, 5.52, 48.96, 0.0321516
input17, 5.52, 48.96, 0.0321516
ANTENNA_input17_A, 5.52, 48.96, 0.0321516
PHY_27, 406.18, 48.96, 0.0542197
PHY_29, 406.18, 48.96, 0.0542197
FILLER_0_13_865, 406.18, 48.96, 0.0542197
FILLER_0_14_861, 406.18, 48.96, 0.0542197
_11455_, 15.33, 48.96, 0.0321512
FILLER_0_14_23, 15.33, 48.96, 0.0321512
FILLER_0_15_27, 15.33, 48.96, 0.0321512
_10522_, 35.14, 48.96, 0.032225
_11407_, 35.14, 48.96, 0.032225
hold310, 35.14, 48.96, 0.032225
hold311, 35.14, 48.96, 0.032225
ANTENNA__10525__S, 35.14, 48.96, 0.032225
FILLER_0_14_72, 35.14, 48.96, 0.032225
FILLER_0_15_65, 35.14, 48.96, 0.032225
_10468_, 45.14, 48.96, 0.0322954
_10617_, 45.14, 48.96, 0.0322954
_11453_, 45.14, 48.96, 0.0322954
ANTENNA__10468__S, 45.14, 48.96, 0.0322954
ANTENNA__11407__RESET_B, 45.14, 48.96, 0.0322954
FILLER_0_14_85, 45.14, 48.96, 0.0322954
FILLER_0_14_96, 45.14, 48.96, 0.0322954
_10619_, 65.14, 48.96, 0.0325113
hold247, 65.14, 48.96, 0.0325113
FILLER_0_14_134, 65.14, 48.96, 0.0325113
_10519_, 75.14, 48.96, 0.0326595
_10569_, 75.14, 48.96, 0.0326595
_11406_, 75.14, 48.96, 0.0326595
_11430_, 75.14, 48.96, 0.0326595
ANTENNA__10568__S, 75.14, 48.96, 0.0326595
ANTENNA__11454__RESET_B, 75.14, 48.96, 0.0326595
FILLER_0_14_145, 75.14, 48.96, 0.0326595
ANTENNA__11370__RESET_B, 95.14, 48.96, 0.0330567
ANTENNA__11369__RESET_B, 95.14, 48.96, 0.0330567
FILLER_0_14_197, 95.14, 48.96, 0.0330567
FILLER_0_14_202, 95.14, 48.96, 0.0330567
_10443_, 105.14, 48.96, 0.0333156
_11368_, 105.14, 48.96, 0.0333156
ANTENNA__11368__RESET_B, 105.14, 48.96, 0.0333156
FILLER_0_15_219, 105.14, 48.96, 0.0333156
FILLER_0_15_225, 105.14, 48.96, 0.0333156
FILLER_0_13_275, 135.14, 48.96, 0.0344033
_08401_, 155.14, 48.96, 0.0354382
_08403_, 155.14, 48.96, 0.0354382
_08404_, 155.14, 48.96, 0.0354382
ANTENNA__08402__A, 155.14, 48.96, 0.0354382
ANTENNA__08401__B1, 155.14, 48.96, 0.0354382
ANTENNA__08404__A, 155.14, 48.96, 0.0354382
ANTENNA__08402__C, 155.14, 48.96, 0.0354382
ANTENNA__08473__A_N, 155.14, 48.96, 0.0354382
FILLER_0_13_317, 155.14, 48.96, 0.0354382
_08320_, 165.14, 48.96, 0.0360458
_08472_, 165.14, 48.96, 0.0360458
_08473_, 165.14, 48.96, 0.0360458
ANTENNA__08407__A1, 165.14, 48.96, 0.0360458
ANTENNA__08348__A1, 165.14, 48.96, 0.0360458
ANTENNA__08473__C, 165.14, 48.96, 0.0360458
ANTENNA__08320__B, 165.14, 48.96, 0.0360458
ANTENNA__08320__A, 165.14, 48.96, 0.0360458
FILLER_0_13_337, 165.14, 48.96, 0.0360458
FILLER_0_14_345, 165.14, 48.96, 0.0360458
FILLER_0_14_354, 165.14, 48.96, 0.0360458
_08319_, 185.14, 48.96, 0.0373985
_08322_, 185.14, 48.96, 0.0373985
_08353_, 185.14, 48.96, 0.0373985
_08354_, 185.14, 48.96, 0.0373985
ANTENNA__08322__B1, 185.14, 48.96, 0.0373985
ANTENNA__08353__A, 185.14, 48.96, 0.0373985
ANTENNA__08353__B, 185.14, 48.96, 0.0373985
ANTENNA__08322__A2, 185.14, 48.96, 0.0373985
FILLER_0_15_397, 185.14, 48.96, 0.0373985
_08257_, 195.14, 48.96, 0.0381436
_08482_, 195.14, 48.96, 0.0381436
ANTENNA__08224__B, 195.14, 48.96, 0.0381436
ANTENNA__08482__A1, 195.14, 48.96, 0.0381436
ANTENNA__08254__A, 195.14, 48.96, 0.0381436
FILLER_0_13_406, 195.14, 48.96, 0.0381436
FILLER_0_14_411, 195.14, 48.96, 0.0381436
FILLER_0_14_421, 195.14, 48.96, 0.0381436
FILLER_0_15_415, 195.14, 48.96, 0.0381436
_08260_, 215.14, 48.96, 0.0397382
_08327_, 215.14, 48.96, 0.0397382
_08538_, 215.14, 48.96, 0.0397382
_08314_, 225.14, 48.96, 0.0405532
_08318_, 225.14, 48.96, 0.0405532
_08484_, 225.14, 48.96, 0.0405532
ANTENNA__08314__A, 225.14, 48.96, 0.0405532
FILLER_0_15_484, 225.14, 48.96, 0.0405532
_08526_, 245.14, 48.96, 0.0422181
_08527_, 245.14, 48.96, 0.0422181
_08591_, 245.14, 48.96, 0.0422181
ANTENNA__08526__A, 245.14, 48.96, 0.0422181
ANTENNA__08424__A, 245.14, 48.96, 0.0422181
FILLER_0_14_525, 245.14, 48.96, 0.0422181
_08370_, 255.14, 48.96, 0.0430792
_08423_, 255.14, 48.96, 0.0430792
_08424_, 255.14, 48.96, 0.0430792
_08425_, 255.14, 48.96, 0.0430792
_08494_, 255.14, 48.96, 0.0430792
FILLER_0_13_534, 255.14, 48.96, 0.0430792
FILLER_0_13_541, 255.14, 48.96, 0.0430792
FILLER_0_15_551, 255.14, 48.96, 0.0430792
_08267_, 275.14, 48.96, 0.0448349
ANTENNA__08440__B, 275.14, 48.96, 0.0448349
ANTENNA__08440__A, 275.14, 48.96, 0.0448349
FILLER_0_13_582, 275.14, 48.96, 0.0448349
FILLER_0_15_594, 275.14, 48.96, 0.0448349
_08329_, 285.14, 48.96, 0.0457395
_08436_, 285.14, 48.96, 0.0457395
FILLER_0_14_613, 285.14, 48.96, 0.0457395
FILLER_0_15_613, 285.14, 48.96, 0.0457395
_08450_, 305.14, 48.96, 0.0475231
FILLER_0_14_645, 305.14, 48.96, 0.0475231
FILLER_0_14_658, 305.14, 48.96, 0.0475231
_08509_, 315.14, 48.96, 0.0483927
_08521_, 315.14, 48.96, 0.0483927
FILLER_0_14_666, 315.14, 48.96, 0.0483927
FILLER_0_15_721, 335.14, 48.96, 0.0500966
_11203_, 345.14, 48.96, 0.0509664
ANTENNA__11203__RESET_B, 345.14, 48.96, 0.0509664
FILLER_0_15_741, 345.14, 48.96, 0.0509664
FILLER_0_13_778, 365.14, 48.96, 0.0526288
FILLER_0_14_801, 375.14, 48.96, 0.0534242
FILLER_0_14_809, 375.14, 48.96, 0.0534242
PHY_22, 5.52, 43.52, 0.0322616
PHY_24, 5.52, 43.52, 0.0322616
PHY_23, 406.18, 43.52, 0.0542036
PHY_25, 406.18, 43.52, 0.0542036
FILLER_0_11_865, 406.18, 43.52, 0.0542036
FILLER_0_12_861, 406.18, 43.52, 0.0542036
FILLER_0_13_27, 15.33, 43.52, 0.0322616
_10521_, 35.14, 43.52, 0.0323402
hold388, 35.14, 43.52, 0.0323402
ANTENNA__11431__RESET_B, 35.14, 43.52, 0.0323402
FILLER_0_11_57, 35.14, 43.52, 0.0323402
FILLER_0_11_64, 35.14, 43.52, 0.0323402
_10469_, 45.14, 43.52, 0.0324161
_11382_, 45.14, 43.52, 0.0324161
ANTENNA__10566__S, 45.14, 43.52, 0.0324161
ANTENNA__10468__A0, 45.14, 43.52, 0.0324161
FILLER_0_11_85, 45.14, 43.52, 0.0324161
_10464_, 65.14, 43.52, 0.0326399
_10465_, 65.14, 43.52, 0.0326399
ANTENNA__10517__S, 65.14, 43.52, 0.0326399
ANTENNA__11405__RESET_B, 65.14, 43.52, 0.0326399
FILLER_0_11_126, 65.14, 43.52, 0.0326399
FILLER_0_13_139, 65.14, 43.52, 0.0326399
ANTENNA__10464__S, 75.14, 43.52, 0.0327956
_10444_, 95.14, 43.52, 0.0332229
_10445_, 95.14, 43.52, 0.0332229
_10446_, 95.14, 43.52, 0.0332229
_11369_, 95.14, 43.52, 0.0332229
hold38, 95.14, 43.52, 0.0332229
FILLER_0_11_189, 95.14, 43.52, 0.0332229
_06218_, 105.14, 43.52, 0.0334914
_10440_, 105.14, 43.52, 0.0334914
_10441_, 105.14, 43.52, 0.0334914
_10442_, 105.14, 43.52, 0.0334914
hold13, 105.14, 43.52, 0.0334914
hold84, 105.14, 43.52, 0.0334914
FILLER_0_12_208, 105.14, 43.52, 0.0334914
FILLER_0_12_226, 105.14, 43.52, 0.0334914
clkbuf_leaf_69_clk, 125.14, 43.52, 0.0341863
ANTENNA_clkbuf_leaf_69_clk_A, 125.14, 43.52, 0.0341863
FILLER_0_11_277, 135.14, 43.52, 0.0345996
_08405_, 155.14, 43.52, 0.035622
ANTENNA__08401__A2, 155.14, 43.52, 0.035622
ANTENNA__08404__B, 155.14, 43.52, 0.035622
ANTENNA__08401__A1, 155.14, 43.52, 0.035622
_08406_, 165.14, 43.52, 0.0362252
_08469_, 165.14, 43.52, 0.0362252
_08474_, 165.14, 43.52, 0.0362252
_08539_, 165.14, 43.52, 0.0362252
ANTENNA__08472__A, 165.14, 43.52, 0.0362252
FILLER_0_11_337, 165.14, 43.52, 0.0362252
FILLER_0_13_356, 165.14, 43.52, 0.0362252
_08324_, 185.14, 43.52, 0.0375441
_08356_, 185.14, 43.52, 0.0375441
FILLER_0_11_389, 185.14, 43.52, 0.0375441
FILLER_0_12_401, 185.14, 43.52, 0.0375441
_08411_, 195.14, 43.52, 0.0382673
ANTENNA__08411__A, 195.14, 43.52, 0.0382673
FILLER_0_12_411, 195.14, 43.52, 0.0382673
FILLER_0_12_421, 195.14, 43.52, 0.0382673
FILLER_0_13_419, 195.14, 43.52, 0.0382673
_08358_, 215.14, 43.52, 0.0398018
_08359_, 215.14, 43.52, 0.0398018
_08587_, 215.14, 43.52, 0.0398018
FILLER_0_11_455, 215.14, 43.52, 0.0398018
FILLER_0_12_466, 215.14, 43.52, 0.0398018
_08588_, 225.14, 43.52, 0.0406066
_08597_, 225.14, 43.52, 0.0406066
ANTENNA__08531__B, 225.14, 43.52, 0.0406066
FILLER_0_12_477, 225.14, 43.52, 0.0406066
FILLER_0_12_485, 225.14, 43.52, 0.0406066
_08481_, 245.14, 43.52, 0.0422671
FILLER_0_11_513, 245.14, 43.52, 0.0422671
FILLER_0_12_521, 245.14, 43.52, 0.0422671
FILLER_0_12_529, 245.14, 43.52, 0.0422671
FILLER_0_13_526, 245.14, 43.52, 0.0422671
_08495_, 255.14, 43.52, 0.0431274
_08528_, 255.14, 43.52, 0.0431274
FILLER_0_12_533, 255.14, 43.52, 0.0431274
FILLER_0_12_549, 255.14, 43.52, 0.0431274
FILLER_0_13_549, 255.14, 43.52, 0.0431274
_08371_, 275.14, 43.52, 0.0448951
_08440_, 275.14, 43.52, 0.0448951
_08441_, 275.14, 43.52, 0.0448951
_08372_, 285.14, 43.52, 0.0457972
_08437_, 285.14, 43.52, 0.0457972
_08445_, 285.14, 43.52, 0.0457972
_08446_, 285.14, 43.52, 0.0457972
FILLER_0_11_602, 285.14, 43.52, 0.0457972
FILLER_0_13_612, 285.14, 43.52, 0.0457972
_08448_, 305.14, 43.52, 0.0476078
_08449_, 305.14, 43.52, 0.0476078
_08508_, 305.14, 43.52, 0.0476078
FILLER_0_12_641, 305.14, 43.52, 0.0476078
FILLER_0_13_652, 305.14, 43.52, 0.0476078
FILLER_0_11_667, 315.14, 43.52, 0.0484274
FILLER_0_13_721, 335.14, 43.52, 0.0501099
hold262, 345.14, 43.52, 0.0509728
ANTENNA__06761__S, 345.14, 43.52, 0.0509728
FILLER_0_12_737, 345.14, 43.52, 0.0509728
FILLER_0_13_741, 345.14, 43.52, 0.0509728
FILLER_0_12_803, 375.14, 43.52, 0.0534142
PHY_18, 5.52, 38.08, 0.0323678
PHY_20, 5.52, 38.08, 0.0323678
PHY_19, 406.18, 38.08, 0.0680903
PHY_21, 406.18, 38.08, 0.0680903
ANTENNA_output48_A, 406.18, 38.08, 0.0680903
ANTENNA__10521__S, 35.14, 38.08, 0.0324478
_11429_, 45.14, 38.08, 0.0325278
FILLER_0_10_77, 45.14, 38.08, 0.0325278
_11380_, 65.14, 38.08, 0.0327726
ANTENNA__11380__RESET_B, 75.14, 38.08, 0.0329348
FILLER_0_11_158, 75.14, 38.08, 0.0329348
_10447_, 95.14, 38.08, 0.0333737
_10449_, 95.14, 38.08, 0.0333737
_11372_, 95.14, 38.08, 0.0333737
ANTENNA__11373__RESET_B, 95.14, 38.08, 0.0333737
ANTENNA__11372__RESET_B, 95.14, 38.08, 0.0333737
FILLER_0_10_190, 95.14, 38.08, 0.0333737
FILLER_0_10_200, 95.14, 38.08, 0.0333737
FILLER_0_11_195, 95.14, 38.08, 0.0333737
FILLER_0_11_204, 95.14, 38.08, 0.0333737
_06220_, 105.14, 38.08, 0.0336474
_10451_, 105.14, 38.08, 0.0336474
hold52, 105.14, 38.08, 0.0336474
hold88, 105.14, 38.08, 0.0336474
FILLER_0_10_217, 105.14, 38.08, 0.0336474
FILLER_0_11_218, 105.14, 38.08, 0.0336474
FILLER_0_9_273, 135.14, 38.08, 0.034764
FILLER_0_11_329, 155.14, 38.08, 0.0357864
_08408_, 165.14, 38.08, 0.0363871
_08468_, 165.14, 38.08, 0.0363871
FILLER_0_10_345, 165.14, 38.08, 0.0363871
_08417_, 185.14, 38.08, 0.0377111
FILLER_0_11_393, 185.14, 38.08, 0.0377111
_08418_, 195.14, 38.08, 0.0384402
FILLER_0_10_421, 195.14, 38.08, 0.0384402
FILLER_0_11_422, 195.14, 38.08, 0.0384402
_08357_, 215.14, 38.08, 0.0399874
_08360_, 215.14, 38.08, 0.0399874
_08426_, 215.14, 38.08, 0.0399874
_08544_, 215.14, 38.08, 0.0399874
_08545_, 215.14, 38.08, 0.0399874
ANTENNA__08426__A1, 215.14, 38.08, 0.0399874
FILLER_0_9_445, 215.14, 38.08, 0.0399874
_08485_, 225.14, 38.08, 0.0407609
_08524_, 225.14, 38.08, 0.0407609
FILLER_0_9_471, 225.14, 38.08, 0.0407609
FILLER_0_11_486, 225.14, 38.08, 0.0407609
_08429_, 245.14, 38.08, 0.0423871
FILLER_0_9_518, 245.14, 38.08, 0.0423871
FILLER_0_10_529, 245.14, 38.08, 0.0423871
_08430_, 255.14, 38.08, 0.0432412
_08493_, 255.14, 38.08, 0.0432412
FILLER_0_10_552, 255.14, 38.08, 0.0432412
_08500_, 275.14, 38.08, 0.0449857
ANTENNA__08500__A, 275.14, 38.08, 0.0449857
ANTENNA__08443__A, 275.14, 38.08, 0.0449857
ANTENNA__08500__B, 275.14, 38.08, 0.0449857
_08443_, 285.14, 38.08, 0.0458971
_08444_, 285.14, 38.08, 0.0458971
ANTENNA__08374__B, 285.14, 38.08, 0.0458971
FILLER_0_9_607, 285.14, 38.08, 0.0458971
FILLER_0_11_611, 285.14, 38.08, 0.0458971
_08506_, 305.14, 38.08, 0.0478277
_08507_, 305.14, 38.08, 0.0478277
_08573_, 305.14, 38.08, 0.0478277
_08583_, 305.14, 38.08, 0.0478277
FILLER_0_10_645, 305.14, 38.08, 0.0478277
FILLER_0_9_669, 315.14, 38.08, 0.0486853
FILLER_0_11_721, 335.14, 38.08, 0.0507298
FILLER_0_10_749, 345.14, 38.08, 0.0519166
FILLER_0_11_741, 345.14, 38.08, 0.0519166
FILLER_0_9_778, 365.14, 38.08, 0.0554626
output48, 395.66, 38.08, 0.0680903
FILLER_0_10_837, 395.66, 38.08, 0.0680903
FILLER_0_10_845, 395.66, 38.08, 0.0680903
PHY_14, 5.52, 32.64, 0.0324752
PHY_16, 5.52, 32.64, 0.0324752
PHY_15, 406.18, 32.64, 0.0539851
PHY_17, 406.18, 32.64, 0.0539851
FILLER_0_7_865, 406.18, 32.64, 0.0539851
FILLER_0_8_861, 406.18, 32.64, 0.0539851
FILLER_0_8_77, 45.14, 32.64, 0.0326398
FILLER_0_8_133, 65.14, 32.64, 0.0328973
FILLER_0_9_161, 75.14, 32.64, 0.0330724
_11373_, 95.14, 32.64, 0.033542
clkbuf_leaf_73_clk, 95.14, 32.64, 0.033542
_06219_, 105.14, 32.64, 0.0338171
_10450_, 105.14, 32.64, 0.0338171
_10452_, 105.14, 32.64, 0.0338171
_11374_, 105.14, 32.64, 0.0338171
FILLER_0_7_211, 105.14, 32.64, 0.0338171
FILLER_0_7_276, 135.14, 32.64, 0.0349351
FILLER_0_9_329, 155.14, 32.64, 0.0359535
FILLER_0_8_357, 165.14, 32.64, 0.0365491
_08478_, 185.14, 32.64, 0.0379026
_08479_, 185.14, 32.64, 0.0379026
_08480_, 185.14, 32.64, 0.0379026
_08624_, 185.14, 32.64, 0.0379026
FILLER_0_7_385, 185.14, 32.64, 0.0379026
FILLER_0_8_389, 185.14, 32.64, 0.0379026
_08419_, 195.14, 32.64, 0.0386228
_08420_, 195.14, 32.64, 0.0386228
_08421_, 195.14, 32.64, 0.0386228
_08422_, 195.14, 32.64, 0.0386228
FILLER_0_8_405, 195.14, 32.64, 0.0386228
FILLER_0_8_417, 195.14, 32.64, 0.0386228
_08567_, 215.14, 32.64, 0.0401065
_08625_, 215.14, 32.64, 0.0401065
ANTENNA__08357__A, 215.14, 32.64, 0.0401065
FILLER_0_8_447, 215.14, 32.64, 0.0401065
FILLER_0_8_459, 215.14, 32.64, 0.0401065
_08486_, 225.14, 32.64, 0.0408837
FILLER_0_8_477, 225.14, 32.64, 0.0408837
FILLER_0_9_482, 225.14, 32.64, 0.0408837
_08536_, 245.14, 32.64, 0.0425306
_08584_, 245.14, 32.64, 0.0425306
_08585_, 245.14, 32.64, 0.0425306
_08628_, 245.14, 32.64, 0.0425306
FILLER_0_8_515, 245.14, 32.64, 0.0425306
FILLER_0_8_526, 245.14, 32.64, 0.0425306
_08431_, 255.14, 32.64, 0.0433574
_08489_, 255.14, 32.64, 0.0433574
_08492_, 255.14, 32.64, 0.0433574
FILLER_0_8_533, 255.14, 32.64, 0.0433574
FILLER_0_8_547, 255.14, 32.64, 0.0433574
_08522_, 275.14, 32.64, 0.0450204
ANTENNA__08522__A1, 275.14, 32.64, 0.0450204
FILLER_0_7_581, 275.14, 32.64, 0.0450204
FILLER_0_8_581, 275.14, 32.64, 0.0450204
_08442_, 285.14, 32.64, 0.0458709
_08503_, 285.14, 32.64, 0.0458709
ANTENNA__08442__A, 285.14, 32.64, 0.0458709
FILLER_0_8_612, 285.14, 32.64, 0.0458709
FILLER_0_9_617, 285.14, 32.64, 0.0458709
_08572_, 305.14, 32.64, 0.0475821
_08582_, 305.14, 32.64, 0.0475821
FILLER_0_7_665, 315.14, 32.64, 0.0484035
FILLER_0_9_721, 335.14, 32.64, 0.0500677
_06764_, 345.14, 32.64, 0.0509106
ANTENNA_clkbuf_leaf_60_clk_A, 345.14, 32.64, 0.0509106
FILLER_0_8_749, 345.14, 32.64, 0.0509106
FILLER_0_9_741, 345.14, 32.64, 0.0509106
FILLER_0_7_774, 365.14, 32.64, 0.0524973
FILLER_0_8_801, 375.14, 32.64, 0.0532412
FILLER_0_8_809, 375.14, 32.64, 0.0532412
PHY_10, 5.52, 27.2, 0.0325268
PHY_12, 5.52, 27.2, 0.0325268
input14, 5.52, 27.2, 0.0325268
ANTENNA_input14_A, 5.52, 27.2, 0.0325268
PHY_11, 406.18, 27.2, 0.0654485
PHY_13, 406.18, 27.2, 0.0654485
FILLER_0_6_861, 406.18, 27.2, 0.0654485
FILLER_0_6_77, 45.14, 27.2, 0.032694
FILLER_0_6_133, 65.14, 27.2, 0.0329537
FILLER_0_7_161, 75.14, 27.2, 0.0331294
_10448_, 95.14, 27.2, 0.0335908
_10457_, 95.14, 27.2, 0.0335908
_11376_, 95.14, 27.2, 0.0335908
hold100, 95.14, 27.2, 0.0335908
ANTENNA__11376__RESET_B, 95.14, 27.2, 0.0335908
ANTENNA__11371__RESET_B, 95.14, 27.2, 0.0335908
FILLER_0_5_189, 95.14, 27.2, 0.0335908
FILLER_0_6_189, 95.14, 27.2, 0.0335908
FILLER_0_6_197, 95.14, 27.2, 0.0335908
_10453_, 105.14, 27.2, 0.0338733
_10458_, 105.14, 27.2, 0.0338733
hold33, 105.14, 27.2, 0.0338733
hold73, 105.14, 27.2, 0.0338733
ANTENNA_clkbuf_leaf_73_clk_A, 105.14, 27.2, 0.0338733
FILLER_0_6_206, 105.14, 27.2, 0.0338733
FILLER_0_7_220, 105.14, 27.2, 0.0338733
FILLER_0_5_273, 135.14, 27.2, 0.0349993
FILLER_0_7_329, 155.14, 27.2, 0.0359977
FILLER_0_6_357, 165.14, 27.2, 0.0365741
FILLER_0_5_385, 185.14, 27.2, 0.0378551
FILLER_0_6_413, 195.14, 27.2, 0.0385598
_11359_, 215.14, 27.2, 0.0400673
hold142, 215.14, 27.2, 0.0400673
ANTENNA__11359__RESET_B, 215.14, 27.2, 0.0400673
FILLER_0_6_457, 215.14, 27.2, 0.0400673
_11358_, 225.14, 27.2, 0.040867
FILLER_0_7_485, 225.14, 27.2, 0.040867
_08569_, 245.14, 27.2, 0.0425869
_08570_, 245.14, 27.2, 0.0425869
_08629_, 245.14, 27.2, 0.0425869
FILLER_0_6_529, 245.14, 27.2, 0.0425869
_08491_, 255.14, 27.2, 0.0433778
FILLER_0_7_544, 255.14, 27.2, 0.0433778
_08502_, 275.14, 27.2, 0.045003
_10403_, 275.14, 27.2, 0.045003
_10404_, 275.14, 27.2, 0.045003
FILLER_0_6_584, 275.14, 27.2, 0.045003
FILLER_0_6_589, 275.14, 27.2, 0.045003
FILLER_0_6_595, 275.14, 27.2, 0.045003
_10398_, 285.14, 27.2, 0.0458479
_11347_, 285.14, 27.2, 0.0458479
ANTENNA__11347__RESET_B, 285.14, 27.2, 0.0458479
FILLER_0_5_604, 285.14, 27.2, 0.0458479
FILLER_0_6_603, 285.14, 27.2, 0.0458479
FILLER_0_7_609, 285.14, 27.2, 0.0458479
ANTENNA__10397__A0, 305.14, 27.2, 0.0476043
FILLER_0_7_721, 335.14, 27.2, 0.0505612
_06765_, 345.14, 27.2, 0.0516893
ANTENNA__06765__S, 345.14, 27.2, 0.0516893
ANTENNA__11207__RESET_B, 345.14, 27.2, 0.0516893
FILLER_0_6_737, 345.14, 27.2, 0.0516893
FILLER_0_7_741, 345.14, 27.2, 0.0516893
FILLER_0_5_774, 365.14, 27.2, 0.0548674
FILLER_0_6_801, 375.14, 27.2, 0.0569174
FILLER_0_6_809, 375.14, 27.2, 0.0569174
output39, 395.66, 27.2, 0.0654485
FILLER_0_5_841, 395.66, 27.2, 0.0654485
PHY_6, 5.52, 21.76, 0.0325447
PHY_8, 5.52, 21.76, 0.0325447
PHY_7, 406.18, 21.76, 0.0541443
PHY_9, 406.18, 21.76, 0.0541443
ANTENNA_output39_A, 406.18, 21.76, 0.0541443
FILLER_0_3_865, 406.18, 21.76, 0.0541443
FILLER_0_4_861, 406.18, 21.76, 0.0541443
FILLER_0_4_77, 45.14, 21.76, 0.032716
FILLER_0_4_133, 65.14, 21.76, 0.0329791
FILLER_0_5_161, 75.14, 21.76, 0.0331565
_11377_, 95.14, 21.76, 0.0336204
ANTENNA__11377__RESET_B, 95.14, 21.76, 0.0336204
FILLER_0_4_189, 95.14, 21.76, 0.0336204
FILLER_0_4_197, 95.14, 21.76, 0.0336204
_10456_, 105.14, 21.76, 0.0339041
_10459_, 105.14, 21.76, 0.0339041
_10460_, 105.14, 21.76, 0.0339041
_11375_, 105.14, 21.76, 0.0339041
hold59, 105.14, 21.76, 0.0339041
FILLER_0_3_211, 105.14, 21.76, 0.0339041
FILLER_0_5_220, 105.14, 21.76, 0.0339041
FILLER_0_3_273, 135.14, 21.76, 0.0350278
FILLER_0_5_329, 155.14, 21.76, 0.0360243
FILLER_0_4_357, 165.14, 21.76, 0.0365991
FILLER_0_3_385, 185.14, 21.76, 0.0378743
FILLER_0_4_413, 195.14, 21.76, 0.0385747
FILLER_0_4_421, 195.14, 21.76, 0.0385747
_10422_, 215.14, 21.76, 0.0400557
_10423_, 215.14, 21.76, 0.0400557
hold143, 215.14, 21.76, 0.0400557
hold307, 215.14, 21.76, 0.0400557
ANTENNA__11361__RESET_B, 215.14, 21.76, 0.0400557
_10420_, 225.14, 21.76, 0.0408357
_10421_, 225.14, 21.76, 0.0408357
clkbuf_leaf_62_clk, 225.14, 21.76, 0.0408357
ANTENNA__10420__S, 225.14, 21.76, 0.0408357
hold253, 245.14, 21.76, 0.0424283
_10413_, 255.14, 21.76, 0.043256
_11354_, 255.14, 21.76, 0.043256
hold129, 255.14, 21.76, 0.043256
FILLER_0_5_553, 255.14, 21.76, 0.043256
_11349_, 275.14, 21.76, 0.0449488
clkbuf_leaf_61_clk, 275.14, 21.76, 0.0449488
hold178, 275.14, 21.76, 0.0449488
hold217, 275.14, 21.76, 0.0449488
ANTENNA__11349__RESET_B, 275.14, 21.76, 0.0449488
_10397_, 285.14, 21.76, 0.0457975
_11348_, 285.14, 21.76, 0.0457975
ANTENNA__10399__S, 285.14, 21.76, 0.0457975
ANTENNA__10402__S, 285.14, 21.76, 0.0457975
ANTENNA__11348__RESET_B, 285.14, 21.76, 0.0457975
FILLER_0_4_609, 285.14, 21.76, 0.0457975
FILLER_0_3_668, 315.14, 21.76, 0.0483728
FILLER_0_4_725, 335.14, 21.76, 0.0501044
FILLER_0_5_721, 335.14, 21.76, 0.0501044
_11208_, 345.14, 21.76, 0.0509711
hold423, 345.14, 21.76, 0.0509711
ANTENNA__06767__S, 345.14, 21.76, 0.0509711
ANTENNA__11209__RESET_B, 345.14, 21.76, 0.0509711
ANTENNA__11208__RESET_B, 345.14, 21.76, 0.0509711
FILLER_0_3_729, 345.14, 21.76, 0.0509711
FILLER_0_5_741, 345.14, 21.76, 0.0509711
FILLER_0_3_781, 365.14, 21.76, 0.0526047
FILLER_0_4_805, 375.14, 21.76, 0.0533745
PHY_2, 5.52, 16.32, 0.0325583
PHY_4, 5.52, 16.32, 0.0325583
PHY_3, 406.18, 16.32, 0.0542361
PHY_5, 406.18, 16.32, 0.0542361
ANTENNA_output28_A, 406.18, 16.32, 0.0542361
FILLER_0_2_861, 406.18, 16.32, 0.0542361
FILLER_0_2_77, 45.14, 16.32, 0.032732
FILLER_0_2_133, 65.14, 16.32, 0.0329969
FILLER_0_3_161, 75.14, 16.32, 0.033175
FILLER_0_1_193, 95.14, 16.32, 0.0336361
FILLER_0_2_189, 95.14, 16.32, 0.0336361
FILLER_0_3_205, 95.14, 16.32, 0.0336361
_10461_, 105.14, 16.32, 0.0339191
FILLER_0_3_218, 105.14, 16.32, 0.0339191
FILLER_0_1_273, 135.14, 16.32, 0.0350468
FILLER_0_3_329, 155.14, 16.32, 0.0360446
FILLER_0_2_357, 165.14, 16.32, 0.03662
FILLER_0_1_385, 185.14, 16.32, 0.0378993
_11362_, 195.14, 16.32, 0.0386032
ANTENNA__11362__RESET_B, 195.14, 16.32, 0.0386032
FILLER_0_2_413, 195.14, 16.32, 0.0386032
FILLER_0_2_421, 195.14, 16.32, 0.0386032
FILLER_0_3_417, 195.14, 16.32, 0.0386032
_10425_, 215.14, 16.32, 0.0400762
_10426_, 215.14, 16.32, 0.0400762
_11360_, 215.14, 16.32, 0.0400762
hold277, 215.14, 16.32, 0.0400762
ANTENNA__10422__S, 215.14, 16.32, 0.0400762
_11357_, 225.14, 16.32, 0.0408452
hold50, 225.14, 16.32, 0.0408452
ANTENNA__10418__S, 225.14, 16.32, 0.0408452
ANTENNA__11360__RESET_B, 225.14, 16.32, 0.0408452
FILLER_0_2_473, 225.14, 16.32, 0.0408452
FILLER_0_2_481, 225.14, 16.32, 0.0408452
FILLER_0_3_478, 225.14, 16.32, 0.0408452
_10415_, 245.14, 16.32, 0.0424374
_10416_, 245.14, 16.32, 0.0424374
_11355_, 245.14, 16.32, 0.0424374
hold130, 245.14, 16.32, 0.0424374
ANTENNA__11354__RESET_B, 245.14, 16.32, 0.0424374
FILLER_0_1_513, 245.14, 16.32, 0.0424374
_10414_, 255.14, 16.32, 0.0432605
_11353_, 255.14, 16.32, 0.0432605
ANTENNA__10414__S, 255.14, 16.32, 0.0432605
FILLER_0_1_540, 255.14, 16.32, 0.0432605
FILLER_0_3_552, 255.14, 16.32, 0.0432605
_10402_, 275.14, 16.32, 0.0449359
_10408_, 275.14, 16.32, 0.0449359
FILLER_0_2_585, 275.14, 16.32, 0.0449359
_10400_, 285.14, 16.32, 0.0457909
hold433, 285.14, 16.32, 0.0457909
FILLER_0_3_609, 285.14, 16.32, 0.0457909
FILLER_0_1_665, 315.14, 16.32, 0.0483875
_06771_, 335.14, 16.32, 0.0501357
_06772_, 335.14, 16.32, 0.0501357
ANTENNA__06771__S, 335.14, 16.32, 0.0501357
FILLER_0_2_713, 335.14, 16.32, 0.0501357
FILLER_0_3_721, 335.14, 16.32, 0.0501357
_06768_, 345.14, 16.32, 0.0510127
_06770_, 345.14, 16.32, 0.0510127
_11209_, 345.14, 16.32, 0.0510127
_11210_, 345.14, 16.32, 0.0510127
FILLER_0_3_742, 345.14, 16.32, 0.0510127
FILLER_0_1_781, 365.14, 16.32, 0.052668
FILLER_0_2_802, 375.14, 16.32, 0.053452
PHY_0, 5.52, 10.88, 0.0325956
input3, 5.52, 10.88, 0.0325956
ANTENNA_input3_A, 5.52, 10.88, 0.0325956
PHY_1, 406.18, 10.88, 0.0620486
FILLER_0_0_23, 15.33, 10.88, 0.032595
FILLER_0_0_81, 45.14, 10.88, 0.0328245
FILLER_0_0_137, 65.14, 10.88, 0.0332543
output57, 75.14, 10.88, 0.033569
FILLER_0_0_161, 75.14, 10.88, 0.033569
FILLER_0_1_161, 75.14, 10.88, 0.033569
_11378_, 95.14, 10.88, 0.0337771
ANTENNA__11378__RESET_B, 95.14, 10.88, 0.0337771
FILLER_0_0_193, 95.14, 10.88, 0.0337771
FILLER_0_0_221, 105.14, 10.88, 0.0340143
FILLER_0_0_277, 135.14, 10.88, 0.0350817
FILLER_0_0_333, 155.14, 10.88, 0.0360821
FILLER_0_1_329, 155.14, 10.88, 0.0360821
FILLER_0_0_389, 185.14, 10.88, 0.0380129
FILLER_0_0_417, 195.14, 10.88, 0.0387731
FILLER_0_0_421, 195.14, 10.88, 0.0387731
FILLER_0_1_417, 195.14, 10.88, 0.0387731
_10424_, 215.14, 10.88, 0.0402425
_10427_, 215.14, 10.88, 0.0402425
hold51, 215.14, 10.88, 0.0402425
ANTENNA__10426__S, 215.14, 10.88, 0.0402425
ANTENNA__10424__S, 225.14, 10.88, 0.0409513
FILLER_0_0_469, 225.14, 10.88, 0.0409513
ANTENNA__10410__S, 245.14, 10.88, 0.0424747
ANTENNA__11355__RESET_B, 245.14, 10.88, 0.0424747
_10410_, 255.14, 10.88, 0.0432893
_10412_, 255.14, 10.88, 0.0432893
hold166, 255.14, 10.88, 0.0432893
hold322, 255.14, 10.88, 0.0432893
ANTENNA__10412__S, 255.14, 10.88, 0.0432893
ANTENNA__11353__RESET_B, 255.14, 10.88, 0.0432893
hold434, 275.14, 10.88, 0.0449714
ANTENNA__10408__S, 275.14, 10.88, 0.0449714
FILLER_0_0_584, 275.14, 10.88, 0.0449714
FILLER_0_0_613, 285.14, 10.88, 0.0458394
FILLER_0_0_641, 305.14, 10.88, 0.0476485
FILLER_0_0_669, 315.14, 10.88, 0.0485897
ANTENNA__11210__RESET_B, 335.14, 10.88, 0.0507345
FILLER_0_0_725, 335.14, 10.88, 0.0507345
FILLER_0_1_721, 335.14, 10.88, 0.0507345
output27, 345.14, 10.88, 0.0519381
FILLER_0_0_729, 345.14, 10.88, 0.0519381
FILLER_0_1_749, 345.14, 10.88, 0.0519381
FILLER_0_0_781, 365.14, 10.88, 0.0544256
FILLER_0_0_809, 375.14, 10.88, 0.056057
output28, 395.66, 10.88, 0.0620486
FILLER_0_0_837, 395.66, 10.88, 0.0620486
FILLER_0_0_841, 395.66, 10.88, 0.0620486

