Instance name,  X location,  Y location,  Voltage 
FILLER_0_146_809, 381.84, 410.72, 1.73411
_06214_, 381.84, 383.52, 1.72945
ANTENNA__06214__S, 381.84, 383.52, 1.72945
FILLER_0_137_829, 381.84, 383.52, 1.72945
_06213_, 381.84, 378.08, 1.73504
_09424_, 381.84, 378.08, 1.73504
ANTENNA__09423__S, 381.84, 378.08, 1.73504
ANTENNA__11315__RESET_B, 381.84, 378.08, 1.73504
_09423_, 381.84, 372.64, 1.7352
_09426_, 381.84, 372.64, 1.7352
_11315_, 381.84, 372.64, 1.7352
ANTENNA__09429__A1, 381.84, 372.64, 1.7352
_06200_, 381.84, 367.2, 1.73531
_06204_, 381.84, 367.2, 1.73531
_06212_, 381.84, 367.2, 1.73531
_09422_, 381.84, 367.2, 1.73531
_09425_, 381.84, 367.2, 1.73531
FILLER_0_130_809, 381.84, 367.2, 1.73531
_06201_, 381.84, 361.76, 1.72999
_06202_, 381.84, 361.76, 1.72999
_06203_, 381.84, 361.76, 1.72999
_09420_, 381.84, 361.76, 1.72999
_09421_, 381.84, 361.76, 1.72999
ANTENNA__09422__A1, 381.84, 361.76, 1.72999
ANTENNA__06111__A1, 381.84, 361.76, 1.72999
ANTENNA__09421__B1, 381.84, 361.76, 1.72999
FILLER_0_130_820, 381.84, 361.76, 1.72999
_06061_, 381.84, 356.32, 1.7357
_06099_, 381.84, 356.32, 1.7357
ANTENNA__06099__A1, 381.84, 356.32, 1.7357
ANTENNA__06061__A, 381.84, 356.32, 1.7357
FILLER_0_128_819, 381.84, 356.32, 1.7357
_06198_, 381.84, 350.88, 1.73052
ANTENNA__09335__A1, 381.84, 350.88, 1.73052
FILLER_0_125_824, 381.84, 350.88, 1.73052
_06195_, 381.84, 345.44, 1.73586
_06197_, 381.84, 345.44, 1.73586
ANTENNA__06198__A1, 381.84, 345.44, 1.73586
FILLER_0_122_813, 381.84, 345.44, 1.73586
FILLER_0_123_810, 381.84, 345.44, 1.73586
FILLER_0_123_818, 381.84, 345.44, 1.73586
FILLER_0_123_823, 381.84, 345.44, 1.73586
_06042_, 381.84, 340, 1.73603
_06196_, 381.84, 340, 1.73603
_09325_, 381.84, 340, 1.73603
ANTENNA__06195__B1, 381.84, 340, 1.73603
ANTENNA__09325__A1, 381.84, 340, 1.73603
FILLER_0_121_818, 381.84, 340, 1.73603
_06059_, 381.84, 334.56, 1.73109
_06066_, 381.84, 334.56, 1.73109
ANTENNA__06059__A1, 381.84, 334.56, 1.73109
ANTENNA__06194__A1, 381.84, 334.56, 1.73109
FILLER_0_118_809, 381.84, 334.56, 1.73109
FILLER_0_118_813, 381.84, 334.56, 1.73109
FILLER_0_120_820, 381.84, 334.56, 1.73109
_06190_, 381.84, 329.12, 1.73653
_06191_, 381.84, 329.12, 1.73653
_06194_, 381.84, 329.12, 1.73653
_09330_, 381.84, 329.12, 1.73653
ANTENNA__06191__B2, 381.84, 329.12, 1.73653
FILLER_0_118_820, 381.84, 329.12, 1.73653
_06002_, 381.84, 323.68, 1.72962
_06189_, 381.84, 323.68, 1.72962
ANTENNA__06189__B1, 381.84, 323.68, 1.72962
ANTENNA__06001__A1, 381.84, 323.68, 1.72962
FILLER_0_115_829, 381.84, 323.68, 1.72962
FILLER_0_116_830, 381.84, 323.68, 1.72962
_06062_, 381.84, 318.24, 1.73694
_09318_, 381.84, 318.24, 1.73694
ANTENNA__09318__A1, 381.84, 318.24, 1.73694
FILLER_0_113_813, 381.84, 318.24, 1.73694
FILLER_0_114_820, 381.84, 318.24, 1.73694
FILLER_0_114_828, 381.84, 318.24, 1.73694
_06185_, 381.84, 312.8, 1.7372
_06188_, 381.84, 312.8, 1.7372
ANTENNA__06185__B2, 381.84, 312.8, 1.7372
ANTENNA__06188__A1, 381.84, 312.8, 1.7372
ANTENNA__06018__A1, 381.84, 312.8, 1.7372
FILLER_0_111_814, 381.84, 312.8, 1.7372
FILLER_0_111_830, 381.84, 312.8, 1.7372
FILLER_0_112_825, 381.84, 312.8, 1.7372
_05986_, 381.84, 307.36, 1.73187
_06183_, 381.84, 307.36, 1.73187
_06184_, 381.84, 307.36, 1.73187
ANTENNA__06183__B1, 381.84, 307.36, 1.73187
FILLER_0_109_829, 381.84, 307.36, 1.73187
_05964_, 381.84, 301.92, 1.73798
_09311_, 381.84, 301.92, 1.73798
ANTENNA__09311__A1, 381.84, 301.92, 1.73798
FILLER_0_107_820, 381.84, 301.92, 1.73798
FILLER_0_108_831, 381.84, 301.92, 1.73798
_06176_, 381.84, 296.48, 1.73838
_06177_, 381.84, 296.48, 1.73838
_06179_, 381.84, 296.48, 1.73838
ANTENNA__06177__S, 381.84, 296.48, 1.73838
FILLER_0_104_813, 381.84, 296.48, 1.73838
FILLER_0_105_811, 381.84, 296.48, 1.73838
FILLER_0_105_820, 381.84, 296.48, 1.73838
FILLER_0_106_825, 381.84, 296.48, 1.73838
_09397_, 381.84, 291.04, 1.73324
ANTENNA__09396__A1, 381.84, 291.04, 1.73324
ANTENNA__09397__S, 381.84, 291.04, 1.73324
FILLER_0_103_808, 381.84, 291.04, 1.73324
FILLER_0_103_829, 381.84, 291.04, 1.73324
FILLER_0_104_823, 381.84, 291.04, 1.73324
FILLER_0_104_831, 381.84, 291.04, 1.73324
_05939_, 381.84, 285.6, 1.73882
_11311_, 381.84, 285.6, 1.73882
ANTENNA__05939__A1, 381.84, 280.16, 1.73914
ANTENNA__11311__RESET_B, 381.84, 280.16, 1.73914
FILLER_0_99_825, 381.84, 280.16, 1.73914
_06168_, 381.84, 274.72, 1.73443
_06174_, 381.84, 274.72, 1.73443
_06175_, 381.84, 274.72, 1.73443
_09392_, 381.84, 274.72, 1.73443
ANTENNA__09305__A1, 381.84, 274.72, 1.73443
FILLER_0_98_825, 381.84, 274.72, 1.73443
_06170_, 381.84, 269.28, 1.73995
_06171_, 381.84, 269.28, 1.73995
_09387_, 381.84, 269.28, 1.73995
clkbuf_leaf_42_clk, 381.84, 269.28, 1.73995
ANTENNA__06171__A1, 381.84, 269.28, 1.73995
ANTENNA__09388__S, 381.84, 269.28, 1.73995
_05885_, 381.84, 263.84, 1.74021
_06169_, 381.84, 263.84, 1.74021
ANTENNA__06170__B1, 381.84, 263.84, 1.74021
ANTENNA_clkbuf_leaf_42_clk_A, 381.84, 263.84, 1.74021
FILLER_0_92_808, 381.84, 263.84, 1.74021
FILLER_0_93_811, 381.84, 263.84, 1.74021
FILLER_0_94_830, 381.84, 263.84, 1.74021
_05900_, 381.84, 258.4, 1.73516
_06160_, 381.84, 258.4, 1.73516
_06161_, 381.84, 258.4, 1.73516
_09295_, 381.84, 258.4, 1.73516
ANTENNA__05900__A1, 381.84, 258.4, 1.73516
ANTENNA__09295__A1, 381.84, 258.4, 1.73516
FILLER_0_91_809, 381.84, 258.4, 1.73516
FILLER_0_91_828, 381.84, 258.4, 1.73516
FILLER_0_92_820, 381.84, 258.4, 1.73516
_06159_, 381.84, 252.96, 1.74069
_06165_, 381.84, 252.96, 1.74069
_06166_, 381.84, 252.96, 1.74069
_09385_, 381.84, 252.96, 1.74069
ANTENNA__06166__A1, 381.84, 252.96, 1.74069
FILLER_0_90_831, 381.84, 252.96, 1.74069
_05870_, 381.84, 247.52, 1.73628
_06163_, 381.84, 247.52, 1.73628
_06164_, 381.84, 247.52, 1.73628
_09380_, 381.84, 247.52, 1.73628
FILLER_0_87_829, 381.84, 247.52, 1.73628
_05847_, 381.84, 242.08, 1.74157
_09287_, 381.84, 242.08, 1.74157
ANTENNA__09381__S, 381.84, 242.08, 1.74157
ANTENNA__09287__A1, 381.84, 242.08, 1.74157
FILLER_0_85_815, 381.84, 242.08, 1.74157
FILLER_0_85_823, 381.84, 242.08, 1.74157
_05862_, 381.84, 236.64, 1.74202
_06162_, 381.84, 236.64, 1.74202
_09379_, 381.84, 236.64, 1.74202
ANTENNA__05862__A1, 381.84, 236.64, 1.74202
ANTENNA__09376__S, 381.84, 236.64, 1.74202
_06154_, 381.84, 231.2, 1.73817
_06156_, 381.84, 231.2, 1.73817
_06157_, 381.84, 231.2, 1.73817
ANTENNA__06153__A1, 381.84, 231.2, 1.73817
ANTENNA__06162__A1, 381.84, 231.2, 1.73817
FILLER_0_80_813, 381.84, 231.2, 1.73817
FILLER_0_82_827, 381.84, 231.2, 1.73817
_05810_, 381.84, 225.76, 1.74247
_06155_, 381.84, 225.76, 1.74247
_09374_, 381.84, 225.76, 1.74247
ANTENNA__09375__S, 381.84, 225.76, 1.74247
_09280_, 381.84, 220.32, 1.74275
ANTENNA__09280__A1, 381.84, 220.32, 1.74275
FILLER_0_76_813, 381.84, 220.32, 1.74275
FILLER_0_77_820, 381.84, 220.32, 1.74275
_06148_, 381.84, 214.88, 1.73971
_06149_, 381.84, 214.88, 1.73971
_06152_, 381.84, 214.88, 1.73971
_09373_, 381.84, 214.88, 1.73971
ANTENNA__05824__A1, 381.84, 214.88, 1.73971
ANTENNA__06149__S, 381.84, 214.88, 1.73971
FILLER_0_74_813, 381.84, 214.88, 1.73971
FILLER_0_76_823, 381.84, 214.88, 1.73971
_06151_, 381.84, 209.44, 1.74339
_09368_, 381.84, 209.44, 1.74339
_09272_, 381.84, 204, 1.73776
_09367_, 381.84, 204, 1.73776
ANTENNA__09272__B1, 381.84, 204, 1.73776
ANTENNA__09369__A1, 381.84, 204, 1.73776
ANTENNA__05784__A1, 381.84, 204, 1.73776
ANTENNA__09368__B1, 381.84, 204, 1.73776
FILLER_0_70_813, 381.84, 204, 1.73776
FILLER_0_71_818, 381.84, 204, 1.73776
_05557_, 381.84, 198.56, 1.74369
_05784_, 381.84, 198.56, 1.74369
_09273_, 381.84, 198.56, 1.74369
ANTENNA__05557__A, 381.84, 198.56, 1.74369
ANTENNA__11306__RESET_B, 381.84, 198.56, 1.74369
ANTENNA_fanout98_A, 381.84, 198.56, 1.74369
FILLER_0_69_821, 381.84, 198.56, 1.74369
_06136_, 381.84, 193.12, 1.74387
_06137_, 381.84, 193.12, 1.74387
_06145_, 381.84, 193.12, 1.74387
fanout98, 381.84, 193.12, 1.74387
clkbuf_leaf_55_clk, 381.84, 193.12, 1.74387
FILLER_0_68_829, 381.84, 193.12, 1.74387
_06140_, 381.84, 187.68, 1.73781
_06146_, 381.84, 187.68, 1.73781
_06147_, 381.84, 187.68, 1.73781
_09366_, 381.84, 187.68, 1.73781
ANTENNA__09363__S, 381.84, 187.68, 1.73781
FILLER_0_64_813, 381.84, 187.68, 1.73781
_05750_, 381.84, 182.24, 1.74445
_06138_, 381.84, 182.24, 1.74445
_06139_, 381.84, 182.24, 1.74445
_09362_, 381.84, 182.24, 1.74445
_09361_, 381.84, 176.8, 1.74478
FILLER_0_61_829, 381.84, 176.8, 1.74478
_06128_, 381.84, 171.36, 1.73875
_06132_, 381.84, 171.36, 1.73875
_06133_, 381.84, 171.36, 1.73875
_06134_, 381.84, 171.36, 1.73875
_09360_, 381.84, 171.36, 1.73875
ANTENNA__09169__A, 381.84, 171.36, 1.73875
ANTENNA__11305__RESET_B, 381.84, 171.36, 1.73875
_06130_, 381.84, 165.92, 1.74488
_06131_, 381.84, 165.92, 1.74488
_09356_, 381.84, 165.92, 1.74488
FILLER_0_56_809, 381.84, 165.92, 1.74488
FILLER_0_56_813, 381.84, 165.92, 1.74488
FILLER_0_57_809, 381.84, 165.92, 1.74488
FILLER_0_57_817, 381.84, 165.92, 1.74488
_05686_, 381.84, 160.48, 1.74498
_05699_, 381.84, 160.48, 1.74498
ANTENNA__09256__B1, 381.84, 160.48, 1.74498
ANTENNA__09357__S, 381.84, 160.48, 1.74498
ANTENNA__05699__A1, 381.84, 160.48, 1.74498
FILLER_0_56_823, 381.84, 160.48, 1.74498
_06123_, 381.84, 155.04, 1.73927
_06126_, 381.84, 155.04, 1.73927
_06129_, 381.84, 155.04, 1.73927
ANTENNA__06126__B2, 381.84, 155.04, 1.73927
FILLER_0_53_809, 381.84, 155.04, 1.73927
FILLER_0_54_825, 381.84, 155.04, 1.73927
_06124_, 381.84, 149.6, 1.74545
_09354_, 381.84, 149.6, 1.74545
_09355_, 381.84, 149.6, 1.74545
ANTENNA__09350__B1, 381.84, 149.6, 1.74545
FILLER_0_50_813, 381.84, 149.6, 1.74545
FILLER_0_51_811, 381.84, 149.6, 1.74545
_09348_, 381.84, 144.16, 1.73951
_09349_, 381.84, 144.16, 1.73951
_09350_, 381.84, 144.16, 1.73951
_09351_, 381.84, 144.16, 1.73951
ANTENNA__09351__A1, 381.84, 144.16, 1.73951
FILLER_0_50_831, 381.84, 144.16, 1.73951
_05560_, 381.84, 138.72, 1.74554
_06118_, 381.84, 138.72, 1.74554
_06119_, 381.84, 138.72, 1.74554
_06121_, 381.84, 138.72, 1.74554
ANTENNA__09345__A1, 381.84, 138.72, 1.74554
ANTENNA__06121__A1, 381.84, 138.72, 1.74554
ANTENNA__05560__A, 381.84, 138.72, 1.74554
_09352_, 381.84, 133.28, 1.7456
_09353_, 381.84, 133.28, 1.7456
ANTENNA__09352__S, 381.84, 133.28, 1.7456
FILLER_0_45_813, 381.84, 133.28, 1.7456
FILLER_0_45_830, 381.84, 133.28, 1.7456
FILLER_0_46_829, 381.84, 133.28, 1.7456
_11304_, 381.84, 127.84, 1.74561
ANTENNA__11183__RESET_B, 381.84, 127.84, 1.74561
FILLER_0_42_808, 381.84, 127.84, 1.74561
FILLER_0_44_827, 381.84, 127.84, 1.74561
ANTENNA__11303__RESET_B, 381.84, 122.4, 1.73967
FILLER_0_42_825, 381.84, 122.4, 1.73967
FILLER_0_38_809, 381.84, 116.96, 1.74576
FILLER_0_39_829, 381.84, 116.96, 1.74576
FILLER_0_20_809, 381.84, 68, 1.73938
FILLER_0_18_809, 381.84, 62.56, 1.74582
FILLER_0_14_809, 381.84, 51.68, 1.73728
FILLER_0_8_809, 381.84, 35.36, 1.73964
FILLER_0_6_809, 381.84, 29.92, 1.74581
FILLER_0_0_809, 381.84, 13.6, 1.74218
FILLER_0_144_749, 351.84, 405.28, 1.73535
FILLER_0_146_753, 351.84, 405.28, 1.73535
FILLER_0_142_749, 351.84, 399.84, 1.73654
FILLER_0_140_749, 351.84, 394.4, 1.73555
FILLER_0_138_749, 351.84, 388.96, 1.7368
_06708_, 351.84, 383.52, 1.73574
fanout103, 351.84, 383.52, 1.73574
ANTENNA_fanout103_A, 351.84, 383.52, 1.73574
FILLER_0_136_750, 351.84, 383.52, 1.73574
FILLER_0_137_753, 351.84, 383.52, 1.73574
_06707_, 351.84, 378.08, 1.73696
_11179_, 351.84, 378.08, 1.73696
_11274_, 351.84, 378.08, 1.73696
ANTENNA__06707__S, 351.84, 378.08, 1.73696
FILLER_0_134_751, 351.84, 378.08, 1.73696
_09153_, 351.84, 372.64, 1.7371
hold248, 351.84, 372.64, 1.7371
ANTENNA__09153__S, 351.84, 372.64, 1.7371
_09145_, 351.84, 367.2, 1.73718
_09146_, 351.84, 367.2, 1.73718
_09149_, 351.84, 367.2, 1.73718
_09152_, 351.84, 367.2, 1.73718
ANTENNA__09152__S, 351.84, 367.2, 1.73718
ANTENNA__09146__S, 351.84, 367.2, 1.73718
ANTENNA_clkbuf_leaf_36_clk_A, 351.84, 367.2, 1.73718
FILLER_0_131_756, 351.84, 367.2, 1.73718
_06092_, 351.84, 361.76, 1.73614
_06094_, 351.84, 361.76, 1.73614
_06095_, 351.84, 361.76, 1.73614
_06107_, 351.84, 361.76, 1.73614
_09150_, 351.84, 361.76, 1.73614
_09151_, 351.84, 361.76, 1.73614
FILLER_0_129_751, 351.84, 361.76, 1.73614
FILLER_0_130_757, 351.84, 361.76, 1.73614
_06706_, 351.84, 356.32, 1.73749
hold226, 351.84, 356.32, 1.73749
FILLER_0_126_742, 351.84, 356.32, 1.73749
FILLER_0_128_757, 351.84, 356.32, 1.73749
_06705_, 351.84, 350.88, 1.7365
_09142_, 351.84, 350.88, 1.7365
_11178_, 351.84, 350.88, 1.7365
ANTENNA__09142__S, 351.84, 350.88, 1.7365
FILLER_0_125_762, 351.84, 350.88, 1.7365
_06053_, 351.84, 345.44, 1.73773
_06056_, 351.84, 345.44, 1.73773
ANTENNA__06705__S, 351.84, 345.44, 1.73773
ANTENNA__09141__S, 351.84, 345.44, 1.73773
FILLER_0_123_745, 351.84, 345.44, 1.73773
FILLER_0_124_761, 351.84, 345.44, 1.73773
_06054_, 351.84, 340, 1.73792
_06084_, 351.84, 340, 1.73792
_09140_, 351.84, 340, 1.73792
_09141_, 351.84, 340, 1.73792
_09144_, 351.84, 340, 1.73792
FILLER_0_121_746, 351.84, 340, 1.73792
_06055_, 351.84, 334.56, 1.73707
_06703_, 351.84, 329.12, 1.73837
_09137_, 351.84, 329.12, 1.73837
_11177_, 351.84, 329.12, 1.73837
ANTENNA__09136__S, 351.84, 329.12, 1.73837
FILLER_0_116_746, 351.84, 329.12, 1.73837
FILLER_0_118_753, 351.84, 329.12, 1.73837
_06010_, 351.84, 323.68, 1.73707
_06704_, 351.84, 323.68, 1.73707
_09135_, 351.84, 323.68, 1.73707
_09136_, 351.84, 323.68, 1.73707
_09139_, 351.84, 323.68, 1.73707
ANTENNA__09135__S, 351.84, 323.68, 1.73707
FILLER_0_115_753, 351.84, 323.68, 1.73707
_06011_, 351.84, 318.24, 1.7388
_09138_, 351.84, 318.24, 1.7388
_05974_, 351.84, 312.8, 1.73907
_06013_, 351.84, 312.8, 1.73907
_09132_, 351.84, 312.8, 1.73907
_09133_, 351.84, 312.8, 1.73907
FILLER_0_111_753, 351.84, 312.8, 1.73907
FILLER_0_112_757, 351.84, 312.8, 1.73907
_05975_, 351.84, 307.36, 1.73811
_09129_, 351.84, 307.36, 1.73811
clkbuf_leaf_39_clk, 351.84, 307.36, 1.73811
ANTENNA__09215__B1_N, 351.84, 307.36, 1.73811
ANTENNA_clkbuf_leaf_39_clk_A, 351.84, 307.36, 1.73811
FILLER_0_108_747, 351.84, 307.36, 1.73811
FILLER_0_109_744, 351.84, 307.36, 1.73811
FILLER_0_110_757, 351.84, 307.36, 1.73811
_06701_, 351.84, 301.92, 1.73974
_09128_, 351.84, 301.92, 1.73974
ANTENNA__09129__S, 351.84, 301.92, 1.73974
_06702_, 351.84, 296.48, 1.74006
_09130_, 351.84, 296.48, 1.74006
hold163, 351.84, 296.48, 1.74006
FILLER_0_104_745, 351.84, 296.48, 1.74006
FILLER_0_106_757, 351.84, 296.48, 1.74006
_06700_, 351.84, 291.04, 1.73921
_11175_, 351.84, 291.04, 1.73921
ANTENNA__09125__B, 351.84, 291.04, 1.73921
ANTENNA__11175__RESET_B, 351.84, 291.04, 1.73921
FILLER_0_103_752, 351.84, 291.04, 1.73921
FILLER_0_103_757, 351.84, 291.04, 1.73921
FILLER_0_104_753, 351.84, 291.04, 1.73921
FILLER_0_104_757, 351.84, 291.04, 1.73921
_05933_, 351.84, 285.6, 1.74056
_06699_, 351.84, 285.6, 1.74056
_09125_, 351.84, 285.6, 1.74056
_09126_, 351.84, 285.6, 1.74056
hold12, 351.84, 285.6, 1.74056
ANTENNA__09126__A1, 351.84, 285.6, 1.74056
FILLER_0_100_750, 351.84, 285.6, 1.74056
_09122_, 351.84, 280.16, 1.74092
_09123_, 351.84, 280.16, 1.74092
_09124_, 351.84, 280.16, 1.74092
ANTENNA__09124__A1, 351.84, 280.16, 1.74092
ANTENNA__09123__B1_N, 351.84, 280.16, 1.74092
ANTENNA__11188__RESET_B, 351.84, 280.16, 1.74092
FILLER_0_98_745, 351.84, 280.16, 1.74092
_09119_, 351.84, 274.72, 1.7402
hold159, 351.84, 274.72, 1.7402
FILLER_0_96_744, 351.84, 274.72, 1.7402
FILLER_0_98_753, 351.84, 274.72, 1.7402
FILLER_0_98_757, 351.84, 274.72, 1.7402
_05895_, 351.84, 269.28, 1.74164
_05896_, 351.84, 269.28, 1.74164
_06697_, 351.84, 269.28, 1.74164
_06698_, 351.84, 269.28, 1.74164
_09118_, 351.84, 269.28, 1.74164
ANTENNA__09119__S, 351.84, 269.28, 1.74164
ANTENNA__09118__S, 351.84, 269.28, 1.74164
FILLER_0_94_751, 351.84, 269.28, 1.74164
FILLER_0_96_757, 351.84, 269.28, 1.74164
_11174_, 351.84, 263.84, 1.74188
ANTENNA__06697__S, 351.84, 263.84, 1.74188
ANTENNA__11174__RESET_B, 351.84, 263.84, 1.74188
FILLER_0_92_746, 351.84, 263.84, 1.74188
FILLER_0_93_743, 351.84, 263.84, 1.74188
FILLER_0_94_761, 351.84, 263.84, 1.74188
_05864_, 351.84, 258.4, 1.7411
hold321, 351.84, 258.4, 1.7411
FILLER_0_91_753, 351.84, 258.4, 1.7411
FILLER_0_92_757, 351.84, 258.4, 1.7411
_05872_, 351.84, 252.96, 1.74253
_09113_, 351.84, 252.96, 1.74253
_11267_, 351.84, 252.96, 1.74253
ANTENNA__05864__A, 351.84, 252.96, 1.74253
ANTENNA__11267__RESET_B, 351.84, 252.96, 1.74253
_09112_, 351.84, 247.52, 1.74188
ANTENNA__09197__S, 351.84, 247.52, 1.74188
ANTENNA__09111__S, 351.84, 247.52, 1.74188
FILLER_0_86_747, 351.84, 247.52, 1.74188
FILLER_0_87_750, 351.84, 247.52, 1.74188
_05843_, 351.84, 242.08, 1.74328
_05844_, 351.84, 242.08, 1.74328
_05845_, 351.84, 242.08, 1.74328
_09116_, 351.84, 242.08, 1.74328
FILLER_0_84_749, 351.84, 242.08, 1.74328
FILLER_0_85_753, 351.84, 242.08, 1.74328
_05841_, 351.84, 236.64, 1.74371
_05842_, 351.84, 236.64, 1.74371
FILLER_0_82_745, 351.84, 236.64, 1.74371
_05806_, 351.84, 231.2, 1.74312
_05807_, 351.84, 231.2, 1.74312
_05808_, 351.84, 231.2, 1.74312
_09189_, 351.84, 231.2, 1.74312
ANTENNA__05808__B1, 351.84, 231.2, 1.74312
ANTENNA__09190__B1_N, 351.84, 231.2, 1.74312
FILLER_0_81_762, 351.84, 231.2, 1.74312
FILLER_0_82_753, 351.84, 231.2, 1.74312
_09108_, 351.84, 225.76, 1.74428
FILLER_0_78_749, 351.84, 225.76, 1.74428
FILLER_0_80_757, 351.84, 225.76, 1.74428
_09106_, 351.84, 220.32, 1.74459
_09107_, 351.84, 220.32, 1.74459
_11266_, 351.84, 220.32, 1.74459
ANTENNA__09106__S, 351.84, 220.32, 1.74459
ANTENNA__11266__RESET_B, 351.84, 220.32, 1.74459
FILLER_0_76_743, 351.84, 220.32, 1.74459
_09103_, 351.84, 214.88, 1.74417
clkbuf_leaf_44_clk, 351.84, 214.88, 1.74417
FILLER_0_75_763, 351.84, 214.88, 1.74417
_05775_, 351.84, 209.44, 1.74525
_09099_, 351.84, 209.44, 1.74525
_09100_, 351.84, 209.44, 1.74525
hold286, 351.84, 209.44, 1.74525
ANTENNA__11265__RESET_B, 351.84, 209.44, 1.74525
FILLER_0_72_745, 351.84, 209.44, 1.74525
_09097_, 351.84, 204, 1.74428
ANTENNA__09092__S, 351.84, 204, 1.74428
FILLER_0_70_751, 351.84, 204, 1.74428
FILLER_0_72_753, 351.84, 204, 1.74428
FILLER_0_72_757, 351.84, 204, 1.74428
_06688_, 351.84, 198.56, 1.74573
_09092_, 351.84, 198.56, 1.74573
_09096_, 351.84, 198.56, 1.74573
hold267, 351.84, 198.56, 1.74573
ANTENNA__06688__S, 351.84, 198.56, 1.74573
_05739_, 351.84, 193.12, 1.74596
_09090_, 351.84, 193.12, 1.74596
_09091_, 351.84, 193.12, 1.74596
ANTENNA__09091__S, 351.84, 193.12, 1.74596
_05795_, 351.84, 187.68, 1.74491
_09183_, 351.84, 187.68, 1.74491
FILLER_0_65_761, 351.84, 187.68, 1.74491
_05723_, 351.84, 182.24, 1.74656
_05764_, 351.84, 182.24, 1.74656
_09182_, 351.84, 182.24, 1.74656
ANTENNA_clkbuf_leaf_54_clk_A, 351.84, 182.24, 1.74656
FILLER_0_63_747, 351.84, 182.24, 1.74656
FILLER_0_64_753, 351.84, 182.24, 1.74656
FILLER_0_64_757, 351.84, 182.24, 1.74656
_05721_, 351.84, 176.8, 1.74685
_05722_, 351.84, 176.8, 1.74685
_05724_, 351.84, 176.8, 1.74685
_05752_, 351.84, 176.8, 1.74685
_05753_, 351.84, 176.8, 1.74685
_09179_, 351.84, 176.8, 1.74685
_09181_, 351.84, 176.8, 1.74685
FILLER_0_61_748, 351.84, 176.8, 1.74685
FILLER_0_61_762, 351.84, 176.8, 1.74685
_09177_, 351.84, 171.36, 1.74571
_09178_, 351.84, 171.36, 1.74571
hold242, 351.84, 171.36, 1.74571
ANTENNA__09179__S, 351.84, 171.36, 1.74571
FILLER_0_58_751, 351.84, 171.36, 1.74571
_05670_, 351.84, 165.92, 1.74714
_05731_, 351.84, 165.92, 1.74714
ANTENNA__09178__S, 351.84, 165.92, 1.74714
FILLER_0_56_748, 351.84, 165.92, 1.74714
FILLER_0_58_761, 351.84, 165.92, 1.74714
_05682_, 351.84, 160.48, 1.74728
_05698_, 351.84, 160.48, 1.74728
_09071_, 351.84, 160.48, 1.74728
ANTENNA__09071__A, 351.84, 160.48, 1.74728
_09175_, 351.84, 155.04, 1.74624
_09176_, 351.84, 155.04, 1.74624
ANTENNA__09077__S, 351.84, 155.04, 1.74624
FILLER_0_52_749, 351.84, 155.04, 1.74624
FILLER_0_53_762, 351.84, 155.04, 1.74624
_09084_, 351.84, 149.6, 1.74772
ANTENNA__09084__A, 351.84, 149.6, 1.74772
FILLER_0_50_747, 351.84, 149.6, 1.74772
FILLER_0_51_760, 351.84, 149.6, 1.74772
_05601_, 351.84, 144.16, 1.74653
_05604_, 351.84, 144.16, 1.74653
_05647_, 351.84, 144.16, 1.74653
_05663_, 351.84, 144.16, 1.74653
_09160_, 351.84, 144.16, 1.74653
_05639_, 351.84, 138.72, 1.74786
_09159_, 351.84, 138.72, 1.74786
_09242_, 351.84, 138.72, 1.74786
_05605_, 351.84, 133.28, 1.74794
_09155_, 351.84, 133.28, 1.74794
ANTENNA__09155__A1, 351.84, 133.28, 1.74794
_06712_, 351.84, 127.84, 1.74797
hold164, 351.84, 127.84, 1.74797
ANTENNA_clkbuf_leaf_57_clk_A, 351.84, 127.84, 1.74797
FILLER_0_43_743, 351.84, 127.84, 1.74797
_09157_, 351.84, 122.4, 1.74674
_11181_, 351.84, 122.4, 1.74674
clkbuf_leaf_57_clk, 351.84, 122.4, 1.74674
ANTENNA__09157__S, 351.84, 122.4, 1.74674
FILLER_0_42_753, 351.84, 122.4, 1.74674
_06711_, 351.84, 116.96, 1.74809
_09158_, 351.84, 116.96, 1.74809
_11275_, 351.84, 116.96, 1.74809
FILLER_0_38_743, 351.84, 116.96, 1.74809
_11276_, 351.84, 111.52, 1.74625
ANTENNA__09164__S, 351.84, 111.52, 1.74625
ANTENNA__11275__RESET_B, 351.84, 111.52, 1.74625
FILLER_0_36_752, 351.84, 111.52, 1.74625
FILLER_0_37_757, 351.84, 111.52, 1.74625
ANTENNA__06744__S, 351.84, 106.08, 1.748
FILLER_0_32_747, 351.84, 100.64, 1.74803
FILLER_0_30_748, 351.84, 95.2, 1.74665
FILLER_0_28_749, 351.84, 89.76, 1.74813
hold156, 351.84, 84.32, 1.74679
_06751_, 351.84, 78.88, 1.7481
hold177, 351.84, 78.88, 1.7481
ANTENNA__06751__S, 351.84, 78.88, 1.7481
FILLER_0_22_744, 351.84, 73.44, 1.74808
_06753_, 351.84, 68, 1.74676
_06754_, 351.84, 68, 1.74676
hold48, 351.84, 68, 1.74676
ANTENNA__06753__S, 351.84, 68, 1.74676
FILLER_0_20_748, 351.84, 68, 1.74676
_06755_, 351.84, 62.56, 1.74816
_06756_, 351.84, 62.56, 1.74816
hold49, 351.84, 62.56, 1.74816
ANTENNA__06755__S, 351.84, 62.56, 1.74816
FILLER_0_18_749, 351.84, 62.56, 1.74816
_06757_, 351.84, 57.12, 1.7482
_06758_, 351.84, 57.12, 1.7482
_11202_, 351.84, 57.12, 1.7482
FILLER_0_16_749, 351.84, 57.12, 1.7482
FILLER_0_18_757, 351.84, 57.12, 1.7482
_11203_, 351.84, 51.68, 1.74631
ANTENNA__06757__S, 351.84, 51.68, 1.74631
ANTENNA__11204__RESET_B, 351.84, 51.68, 1.74631
ANTENNA__11203__RESET_B, 351.84, 51.68, 1.74631
FILLER_0_16_757, 351.84, 51.68, 1.74631
_06759_, 351.84, 46.24, 1.74805
_06760_, 351.84, 46.24, 1.74805
_06762_, 351.84, 46.24, 1.74805
_11204_, 351.84, 46.24, 1.74805
hold262, 351.84, 46.24, 1.74805
ANTENNA__06761__S, 351.84, 46.24, 1.74805
ANTENNA__06759__S, 351.84, 46.24, 1.74805
_06761_, 351.84, 40.8, 1.74805
_11205_, 351.84, 40.8, 1.74805
ANTENNA__11205__RESET_B, 351.84, 40.8, 1.74805
FILLER_0_10_749, 351.84, 40.8, 1.74805
_06764_, 351.84, 35.36, 1.74677
clkbuf_leaf_60_clk, 351.84, 35.36, 1.74677
ANTENNA_clkbuf_leaf_60_clk_A, 351.84, 35.36, 1.74677
FILLER_0_8_749, 351.84, 35.36, 1.74677
FILLER_0_10_757, 351.84, 35.36, 1.74677
_06763_, 351.84, 29.92, 1.74811
_06765_, 351.84, 29.92, 1.74811
_11206_, 351.84, 29.92, 1.74811
ANTENNA__06765__S, 351.84, 29.92, 1.74811
ANTENNA__06763__S, 351.84, 29.92, 1.74811
ANTENNA__11207__RESET_B, 351.84, 29.92, 1.74811
ANTENNA__11206__RESET_B, 351.84, 29.92, 1.74811
_06766_, 351.84, 24.48, 1.74706
_06767_, 351.84, 24.48, 1.74706
_11207_, 351.84, 24.48, 1.74706
ANTENNA__06767__S, 351.84, 24.48, 1.74706
FILLER_0_5_760, 351.84, 24.48, 1.74706
_06768_, 351.84, 19.04, 1.74803
_06770_, 351.84, 19.04, 1.74803
hold331, 351.84, 19.04, 1.74803
hold332, 351.84, 19.04, 1.74803
FILLER_0_3_742, 351.84, 19.04, 1.74803
_06769_, 351.84, 13.6, 1.74711
ANTENNA__06769__S, 351.84, 13.6, 1.74711
FILLER_0_1_749, 351.84, 13.6, 1.74711
FILLER_0_146_697, 321.84, 405.28, 1.7385
FILLER_0_144_693, 321.84, 399.84, 1.73877
FILLER_0_142_693, 321.84, 394.4, 1.73858
FILLER_0_140_693, 321.84, 388.96, 1.73888
FILLER_0_138_693, 321.84, 383.52, 1.73869
_11193_, 321.84, 378.08, 1.73897
ANTENNA__11193__RESET_B, 321.84, 378.08, 1.73897
FILLER_0_135_685, 321.84, 378.08, 1.73897
FILLER_0_136_695, 321.84, 378.08, 1.73897
_06738_, 321.84, 372.64, 1.73906
_09241_, 321.84, 372.64, 1.73906
ANTENNA__06738__S, 321.84, 372.64, 1.73906
ANTENNA__11287__RESET_B, 321.84, 372.64, 1.73906
FILLER_0_133_685, 321.84, 372.64, 1.73906
FILLER_0_133_692, 321.84, 372.64, 1.73906
_09240_, 321.84, 367.2, 1.73908
hold278, 321.84, 367.2, 1.73908
clkbuf_leaf_35_clk, 321.84, 361.76, 1.73894
ANTENNA__05789__A, 321.84, 361.76, 1.73894
ANTENNA__11194__RESET_B, 321.84, 361.76, 1.73894
FILLER_0_130_693, 321.84, 361.76, 1.73894
_09230_, 321.84, 356.32, 1.73929
FILLER_0_127_677, 321.84, 356.32, 1.73929
FILLER_0_127_695, 321.84, 356.32, 1.73929
_06734_, 321.84, 350.88, 1.73924
_06735_, 321.84, 350.88, 1.73924
_09229_, 321.84, 350.88, 1.73924
ANTENNA__11192__RESET_B, 321.84, 350.88, 1.73924
FILLER_0_126_693, 321.84, 350.88, 1.73924
ANTENNA__06734__S, 321.84, 345.44, 1.73954
_06076_, 321.84, 340, 1.73982
_06089_, 321.84, 340, 1.73982
FILLER_0_120_685, 321.84, 340, 1.73982
FILLER_0_121_687, 321.84, 340, 1.73982
FILLER_0_122_694, 321.84, 340, 1.73982
_06032_, 321.84, 334.56, 1.73983
_06033_, 321.84, 334.56, 1.73983
_11285_, 321.84, 334.56, 1.73983
ANTENNA__11285__RESET_B, 321.84, 334.56, 1.73983
FILLER_0_119_680, 321.84, 334.56, 1.73983
FILLER_0_120_697, 321.84, 334.56, 1.73983
_09224_, 321.84, 329.12, 1.74026
FILLER_0_118_697, 321.84, 329.12, 1.74026
_05993_, 321.84, 323.68, 1.74009
_05994_, 321.84, 323.68, 1.74009
FILLER_0_115_683, 321.84, 323.68, 1.74009
_06007_, 321.84, 318.24, 1.74062
_11190_, 321.84, 318.24, 1.74062
ANTENNA__11284__RESET_B, 321.84, 318.24, 1.74062
ANTENNA__11190__RESET_B, 321.84, 318.24, 1.74062
FILLER_0_112_677, 321.84, 318.24, 1.74062
FILLER_0_113_682, 321.84, 318.24, 1.74062
_05970_, 321.84, 312.8, 1.74091
_06731_, 321.84, 312.8, 1.74091
_11284_, 321.84, 312.8, 1.74091
FILLER_0_110_682, 321.84, 312.8, 1.74091
_09218_, 321.84, 307.36, 1.74073
FILLER_0_108_681, 321.84, 307.36, 1.74073
FILLER_0_110_694, 321.84, 307.36, 1.74073
_05955_, 321.84, 301.92, 1.74163
_05956_, 321.84, 301.92, 1.74163
_05957_, 321.84, 301.92, 1.74163
FILLER_0_107_688, 321.84, 301.92, 1.74163
FILLER_0_108_689, 321.84, 301.92, 1.74163
FILLER_0_108_697, 321.84, 301.92, 1.74163
_05914_, 321.84, 296.48, 1.74182
_05916_, 321.84, 296.48, 1.74182
_05928_, 321.84, 296.48, 1.74182
_05930_, 321.84, 291.04, 1.74198
ANTENNA__11283__RESET_B, 321.84, 291.04, 1.74198
FILLER_0_104_693, 321.84, 291.04, 1.74198
_11283_, 321.84, 285.6, 1.74232
ANTENNA__11229__RESET_B, 321.84, 285.6, 1.74232
FILLER_0_100_687, 321.84, 285.6, 1.74232
FILLER_0_102_689, 321.84, 285.6, 1.74232
FILLER_0_102_697, 321.84, 285.6, 1.74232
_05929_, 321.84, 280.16, 1.74276
_08345_, 321.84, 280.16, 1.74276
_09211_, 321.84, 280.16, 1.74276
ANTENNA__08345__A, 321.84, 280.16, 1.74276
ANTENNA__05888__B, 321.84, 280.16, 1.74276
FILLER_0_100_695, 321.84, 280.16, 1.74276
_05888_, 321.84, 274.72, 1.74291
_05889_, 321.84, 274.72, 1.74291
_05890_, 321.84, 274.72, 1.74291
_05891_, 321.84, 274.72, 1.74291
_11282_, 321.84, 274.72, 1.74291
FILLER_0_98_693, 321.84, 274.72, 1.74291
_05874_, 321.84, 269.28, 1.74351
_05913_, 321.84, 269.28, 1.74351
ANTENNA__11282__RESET_B, 321.84, 269.28, 1.74351
FILLER_0_96_689, 321.84, 269.28, 1.74351
FILLER_0_96_696, 321.84, 269.28, 1.74351
_05876_, 321.84, 263.84, 1.74354
_05877_, 321.84, 263.84, 1.74354
FILLER_0_93_677, 321.84, 263.84, 1.74354
FILLER_0_93_685, 321.84, 263.84, 1.74354
FILLER_0_93_695, 321.84, 263.84, 1.74354
FILLER_0_94_694, 321.84, 263.84, 1.74354
hold152, 321.84, 258.4, 1.74381
hold360, 321.84, 258.4, 1.74381
ANTENNA_hold360_A, 321.84, 258.4, 1.74381
ANTENNA_hold152_A, 321.84, 258.4, 1.74381
ANTENNA__11226__RESET_B, 321.84, 258.4, 1.74381
FILLER_0_91_686, 321.84, 258.4, 1.74381
FILLER_0_91_695, 321.84, 258.4, 1.74381
FILLER_0_92_695, 321.84, 258.4, 1.74381
_05849_, 321.84, 252.96, 1.74442
_05887_, 321.84, 252.96, 1.74442
clkbuf_leaf_46_clk, 321.84, 252.96, 1.74442
ANTENNA__05849__B, 321.84, 252.96, 1.74442
ANTENNA__11225__RESET_B, 321.84, 252.96, 1.74442
ANTENNA_clkbuf_leaf_46_clk_A, 321.84, 252.96, 1.74442
FILLER_0_90_689, 321.84, 252.96, 1.74442
_05848_, 321.84, 247.52, 1.74459
_05850_, 321.84, 247.52, 1.74459
_05852_, 321.84, 247.52, 1.74459
hold415, 321.84, 247.52, 1.74459
ANTENNA_hold415_A, 321.84, 247.52, 1.74459
FILLER_0_87_679, 321.84, 247.52, 1.74459
FILLER_0_87_688, 321.84, 247.52, 1.74459
FILLER_0_88_697, 321.84, 247.52, 1.74459
_05831_, 321.84, 242.08, 1.7452
_05832_, 321.84, 242.08, 1.7452
_05836_, 321.84, 242.08, 1.7452
_05873_, 321.84, 242.08, 1.7452
ANTENNA__05832__B, 321.84, 242.08, 1.7452
ANTENNA__05831__B, 321.84, 242.08, 1.7452
ANTENNA__11224__RESET_B, 321.84, 242.08, 1.7452
FILLER_0_86_691, 321.84, 242.08, 1.7452
_05797_, 321.84, 236.64, 1.74565
_05798_, 321.84, 236.64, 1.74565
_05833_, 321.84, 236.64, 1.74565
_05835_, 321.84, 236.64, 1.74565
hold450, 321.84, 236.64, 1.74565
ANTENNA__11334__RESET_B, 321.84, 236.64, 1.74565
FILLER_0_83_680, 321.84, 236.64, 1.74565
FILLER_0_83_686, 321.84, 236.64, 1.74565
FILLER_0_84_693, 321.84, 236.64, 1.74565
_05799_, 321.84, 231.2, 1.74582
_05812_, 321.84, 231.2, 1.74582
_05813_, 321.84, 231.2, 1.74582
_05834_, 321.84, 231.2, 1.74582
_05851_, 321.84, 231.2, 1.74582
ANTENNA__11403__RESET_B, 321.84, 231.2, 1.74582
FILLER_0_80_679, 321.84, 231.2, 1.74582
FILLER_0_81_677, 321.84, 231.2, 1.74582
_05814_, 321.84, 225.76, 1.74636
_05816_, 321.84, 225.76, 1.74636
FILLER_0_78_687, 321.84, 225.76, 1.74636
FILLER_0_80_695, 321.84, 225.76, 1.74636
_05769_, 321.84, 220.32, 1.74668
_10072_, 321.84, 220.32, 1.74668
hold23, 321.84, 220.32, 1.74668
ANTENNA__10072__B, 321.84, 220.32, 1.74668
ANTENNA__11333__RESET_B, 321.84, 220.32, 1.74668
FILLER_0_78_695, 321.84, 220.32, 1.74668
_05770_, 321.84, 214.88, 1.74678
_05771_, 321.84, 214.88, 1.74678
_05815_, 321.84, 214.88, 1.74678
ANTENNA__07750__S, 321.84, 214.88, 1.74678
ANTENNA__11223__RESET_B, 321.84, 214.88, 1.74678
FILLER_0_75_684, 321.84, 214.88, 1.74678
_05734_, 321.84, 209.44, 1.74745
_05735_, 321.84, 209.44, 1.74745
_05811_, 321.84, 209.44, 1.74745
ANTENNA__05735__B, 321.84, 209.44, 1.74745
ANTENNA__05734__A_N, 321.84, 209.44, 1.74745
ANTENNA__05734__B, 321.84, 209.44, 1.74745
ANTENNA__11227__RESET_B, 321.84, 209.44, 1.74745
FILLER_0_73_690, 321.84, 209.44, 1.74745
FILLER_0_74_692, 321.84, 209.44, 1.74745
_05691_, 321.84, 204, 1.7475
_05733_, 321.84, 204, 1.7475
_05736_, 321.84, 204, 1.7475
_05737_, 321.84, 204, 1.7475
_05772_, 321.84, 204, 1.7475
ANTENNA__05691__B_N, 321.84, 204, 1.7475
ANTENNA__05735__A_N, 321.84, 204, 1.7475
FILLER_0_71_681, 321.84, 204, 1.7475
_05694_, 321.84, 198.56, 1.74808
ANTENNA__05691__A, 321.84, 198.56, 1.74808
ANTENNA__05690__B, 321.84, 198.56, 1.74808
ANTENNA_fanout99_A, 321.84, 198.56, 1.74808
ANTENNA_fanout97_A, 321.84, 198.56, 1.74808
FILLER_0_69_694, 321.84, 198.56, 1.74808
_05657_, 321.84, 193.12, 1.74837
_05695_, 321.84, 193.12, 1.74837
ANTENNA__05657__A_N, 321.84, 193.12, 1.74837
FILLER_0_67_689, 321.84, 193.12, 1.74837
FILLER_0_68_695, 321.84, 193.12, 1.74837
_05658_, 321.84, 187.68, 1.74844
_05689_, 321.84, 187.68, 1.74844
_05755_, 321.84, 187.68, 1.74844
FILLER_0_64_678, 321.84, 187.68, 1.74844
FILLER_0_66_694, 321.84, 187.68, 1.74844
_05660_, 321.84, 182.24, 1.74908
_05717_, 321.84, 182.24, 1.74908
_05756_, 321.84, 182.24, 1.74908
_05757_, 321.84, 182.24, 1.74908
ANTENNA__05654__A, 321.84, 182.24, 1.74908
FILLER_0_63_680, 321.84, 182.24, 1.74908
_05596_, 321.84, 176.8, 1.74941
_05597_, 321.84, 176.8, 1.74941
_05716_, 321.84, 176.8, 1.74941
_05718_, 321.84, 176.8, 1.74941
_05719_, 321.84, 176.8, 1.74941
_05758_, 321.84, 176.8, 1.74941
ANTENNA__05717__A, 321.84, 176.8, 1.74941
FILLER_0_60_681, 321.84, 176.8, 1.74941
FILLER_0_62_696, 321.84, 176.8, 1.74941
_05599_, 321.84, 171.36, 1.74936
_09087_, 321.84, 171.36, 1.74936
ANTENNA__09086__S, 321.84, 171.36, 1.74936
ANTENNA__05716__A, 321.84, 171.36, 1.74936
FILLER_0_59_690, 321.84, 171.36, 1.74936
_06687_, 321.84, 165.92, 1.74985
_11263_, 321.84, 165.92, 1.74985
ANTENNA__11263__RESET_B, 321.84, 165.92, 1.74985
ANTENNA__11169__RESET_B, 321.84, 165.92, 1.74985
FILLER_0_58_689, 321.84, 165.92, 1.74985
_08801_, 321.84, 160.48, 1.75005
clkbuf_leaf_53_clk, 321.84, 160.48, 1.75005
ANTENNA__08801__A, 321.84, 160.48, 1.75005
FILLER_0_54_685, 321.84, 160.48, 1.75005
FILLER_0_56_697, 321.84, 160.48, 1.75005
_05676_, 321.84, 155.04, 1.74999
_05677_, 321.84, 155.04, 1.74999
_05680_, 321.84, 155.04, 1.74999
ANTENNA__08802__S, 321.84, 155.04, 1.74999
ANTENNA__05677__A, 321.84, 155.04, 1.74999
ANTENNA__05676__A, 321.84, 155.04, 1.74999
FILLER_0_52_683, 321.84, 155.04, 1.74999
FILLER_0_54_693, 321.84, 155.04, 1.74999
_05642_, 321.84, 149.6, 1.75051
_05643_, 321.84, 149.6, 1.75051
_05644_, 321.84, 149.6, 1.75051
_05678_, 321.84, 149.6, 1.75051
_05679_, 321.84, 149.6, 1.75051
hold116, 321.84, 149.6, 1.75051
ANTENNA__05642__A, 321.84, 149.6, 1.75051
ANTENNA__08695__B, 321.84, 144.16, 1.75033
ANTENNA__11252__RESET_B, 321.84, 144.16, 1.75033
ANTENNA__11251__RESET_B, 321.84, 144.16, 1.75033
FILLER_0_49_694, 321.84, 144.16, 1.75033
FILLER_0_50_691, 321.84, 144.16, 1.75033
_05611_, 321.84, 138.72, 1.75066
_05612_, 321.84, 138.72, 1.75066
_05633_, 321.84, 138.72, 1.75066
_05636_, 321.84, 138.72, 1.75066
ANTENNA__05611__A, 321.84, 138.72, 1.75066
FILLER_0_46_681, 321.84, 138.72, 1.75066
FILLER_0_47_687, 321.84, 138.72, 1.75066
_05613_, 321.84, 133.28, 1.75074
_05630_, 321.84, 133.28, 1.75074
_05631_, 321.84, 133.28, 1.75074
_05632_, 321.84, 133.28, 1.75074
_05634_, 321.84, 133.28, 1.75074
FILLER_0_44_685, 321.84, 133.28, 1.75074
_05610_, 321.84, 127.84, 1.75072
hold137, 321.84, 127.84, 1.75072
ANTENNA__05610__A, 321.84, 127.84, 1.75072
FILLER_0_43_697, 321.84, 127.84, 1.75072
FILLER_0_44_697, 321.84, 127.84, 1.75072
_08579_, 321.84, 122.4, 1.75045
_11249_, 321.84, 122.4, 1.75045
ANTENNA__08579__B2, 321.84, 122.4, 1.75045
ANTENNA_hold137_A, 321.84, 122.4, 1.75045
ANTENNA__11249__RESET_B, 321.84, 122.4, 1.75045
FILLER_0_42_697, 321.84, 122.4, 1.75045
_08638_, 321.84, 116.96, 1.75084
_08639_, 321.84, 116.96, 1.75084
hold99, 321.84, 116.96, 1.75084
ANTENNA__08638__A, 321.84, 116.96, 1.75084
ANTENNA__08639__A2, 321.84, 116.96, 1.75084
FILLER_0_39_681, 321.84, 116.96, 1.75084
FILLER_0_39_691, 321.84, 116.96, 1.75084
_08637_, 321.84, 111.52, 1.75038
_11250_, 321.84, 111.52, 1.75038
hold92, 321.84, 111.52, 1.75038
ANTENNA__11250__RESET_B, 321.84, 111.52, 1.75038
FILLER_0_36_677, 321.84, 111.52, 1.75038
FILLER_0_37_682, 321.84, 111.52, 1.75038
FILLER_0_38_697, 321.84, 111.52, 1.75038
_08519_, 321.84, 106.08, 1.75071
_08578_, 321.84, 106.08, 1.75071
_08636_, 321.84, 106.08, 1.75071
_08640_, 321.84, 106.08, 1.75071
ANTENNA__08578__B1, 321.84, 106.08, 1.75071
ANTENNA__08519__A2, 321.84, 106.08, 1.75071
FILLER_0_36_697, 321.84, 106.08, 1.75071
_11248_, 321.84, 100.64, 1.75082
hold75, 321.84, 100.64, 1.75082
ANTENNA__11248__RESET_B, 321.84, 100.64, 1.75082
ANTENNA__11247__RESET_B, 321.84, 100.64, 1.75082
ANTENNA__11246__RESET_B, 321.84, 100.64, 1.75082
_08518_, 321.84, 95.2, 1.75052
_11247_, 321.84, 95.2, 1.75052
hold98, 321.84, 95.2, 1.75052
ANTENNA__08518__A, 321.84, 95.2, 1.75052
_08461_, 321.84, 89.76, 1.75075
_08463_, 321.84, 89.76, 1.75075
_08516_, 321.84, 89.76, 1.75075
_08517_, 321.84, 89.76, 1.75075
ANTENNA__08397__A2, 321.84, 89.76, 1.75075
FILLER_0_29_682, 321.84, 89.76, 1.75075
FILLER_0_30_697, 321.84, 89.76, 1.75075
_08514_, 321.84, 78.88, 1.75072
_08515_, 321.84, 78.88, 1.75072
_08520_, 321.84, 78.88, 1.75072
FILLER_0_24_679, 321.84, 78.88, 1.75072
FILLER_0_26_690, 321.84, 78.88, 1.75072
_08576_, 321.84, 73.44, 1.75072
FILLER_0_24_690, 321.84, 73.44, 1.75072
_08512_, 321.84, 68, 1.7504
_08575_, 321.84, 68, 1.7504
_08580_, 321.84, 68, 1.7504
FILLER_0_22_696, 321.84, 68, 1.7504
ANTENNA__08512__A2_N, 321.84, 62.56, 1.75078
ANTENNA__08512__A1_N, 321.84, 62.56, 1.75078
FILLER_0_20_690, 321.84, 62.56, 1.75078
_08581_, 321.84, 57.12, 1.75074
FILLER_0_18_691, 321.84, 57.12, 1.75074
FILLER_0_16_697, 321.84, 51.68, 1.75031
FILLER_0_10_695, 321.84, 35.36, 1.75038
FILLER_0_8_691, 321.84, 29.92, 1.7507
FILLER_0_6_693, 321.84, 24.48, 1.7505
FILLER_0_4_693, 321.84, 19.04, 1.75069
FILLER_0_0_697, 321.84, 13.6, 1.75041
FILLER_0_2_693, 321.84, 13.6, 1.75041
input25, 291.84, 410.72, 1.74073
ANTENNA_input25_A, 291.84, 410.72, 1.74073
FILLER_0_135_629, 291.84, 378.08, 1.74074
_11234_, 291.84, 372.64, 1.74077
hold461, 291.84, 372.64, 1.74077
ANTENNA__08072__B1, 291.84, 372.64, 1.74077
ANTENNA__08073__B2, 291.84, 372.64, 1.74077
ANTENNA__11234__RESET_B, 291.84, 372.64, 1.74077
_08045_, 291.84, 367.2, 1.74055
_08073_, 291.84, 367.2, 1.74055
ANTENNA__08045__A2, 291.84, 367.2, 1.74055
ANTENNA__08044__A, 291.84, 367.2, 1.74055
ANTENNA__11233__RESET_B, 291.84, 367.2, 1.74055
FILLER_0_131_613, 291.84, 367.2, 1.74055
FILLER_0_131_625, 291.84, 367.2, 1.74055
_06610_, 291.84, 361.76, 1.74077
_08007_, 291.84, 361.76, 1.74077
_11233_, 291.84, 361.76, 1.74077
ANTENNA__08007__B1, 291.84, 361.76, 1.74077
ANTENNA__06610__A, 291.84, 361.76, 1.74077
FILLER_0_129_617, 291.84, 361.76, 1.74077
FILLER_0_129_627, 291.84, 361.76, 1.74077
_07965_, 291.84, 356.32, 1.74069
_07966_, 291.84, 356.32, 1.74069
_08006_, 291.84, 356.32, 1.74069
_08008_, 291.84, 356.32, 1.74069
_08012_, 291.84, 356.32, 1.74069
_07909_, 291.84, 350.88, 1.74101
_07911_, 291.84, 350.88, 1.74101
_07920_, 291.84, 350.88, 1.74101
ANTENNA__11232__RESET_B, 291.84, 350.88, 1.74101
FILLER_0_126_628, 291.84, 350.88, 1.74101
_07855_, 291.84, 345.44, 1.74091
_07910_, 291.84, 345.44, 1.74091
_07914_, 291.84, 345.44, 1.74091
_07917_, 291.84, 345.44, 1.74091
FILLER_0_123_617, 291.84, 345.44, 1.74091
FILLER_0_124_629, 291.84, 345.44, 1.74091
_07912_, 291.84, 340, 1.74155
FILLER_0_120_614, 291.84, 340, 1.74155
FILLER_0_121_612, 291.84, 340, 1.74155
_07854_, 291.84, 334.56, 1.74169
_10381_, 291.84, 334.56, 1.74169
_11341_, 291.84, 334.56, 1.74169
ANTENNA__10380__S, 291.84, 334.56, 1.74169
ANTENNA__11341__RESET_B, 291.84, 334.56, 1.74169
FILLER_0_119_617, 291.84, 334.56, 1.74169
_07798_, 291.84, 329.12, 1.74191
_10380_, 291.84, 329.12, 1.74191
FILLER_0_117_612, 291.84, 329.12, 1.74191
_07738_, 291.84, 323.68, 1.74195
FILLER_0_115_629, 291.84, 323.68, 1.74195
FILLER_0_116_633, 291.84, 323.68, 1.74195
_07752_, 291.84, 318.24, 1.74229
_07796_, 291.84, 318.24, 1.74229
_07857_, 291.84, 318.24, 1.74229
FILLER_0_112_613, 291.84, 318.24, 1.74229
FILLER_0_113_612, 291.84, 318.24, 1.74229
FILLER_0_113_626, 291.84, 318.24, 1.74229
FILLER_0_114_625, 291.84, 318.24, 1.74229
_07741_, 291.84, 312.8, 1.74255
_07753_, 291.84, 312.8, 1.74255
FILLER_0_110_618, 291.84, 312.8, 1.74255
_07646_, 291.84, 307.36, 1.74243
_07681_, 291.84, 307.36, 1.74243
_07693_, 291.84, 307.36, 1.74243
_07740_, 291.84, 307.36, 1.74243
_07742_, 291.84, 307.36, 1.74243
FILLER_0_108_614, 291.84, 307.36, 1.74243
FILLER_0_109_631, 291.84, 307.36, 1.74243
_07585_, 291.84, 296.48, 1.74353
_07586_, 291.84, 296.48, 1.74353
_07587_, 291.84, 296.48, 1.74353
FILLER_0_104_617, 291.84, 296.48, 1.74353
_07616_, 291.84, 291.04, 1.74402
_07632_, 291.84, 291.04, 1.74402
_07682_, 291.84, 291.04, 1.74402
FILLER_0_103_617, 291.84, 291.04, 1.74402
_07617_, 291.84, 285.6, 1.7442
FILLER_0_101_612, 291.84, 285.6, 1.7442
FILLER_0_102_625, 291.84, 285.6, 1.7442
FILLER_0_100_629, 291.84, 280.16, 1.74461
_07522_, 291.84, 274.72, 1.7449
_07553_, 291.84, 274.72, 1.7449
_07554_, 291.84, 274.72, 1.7449
_07618_, 291.84, 274.72, 1.7449
_07619_, 291.84, 274.72, 1.7449
FILLER_0_96_612, 291.84, 274.72, 1.7449
_07622_, 291.84, 269.28, 1.74544
FILLER_0_95_629, 291.84, 269.28, 1.74544
_07556_, 291.84, 263.84, 1.7454
_07557_, 291.84, 263.84, 1.7454
FILLER_0_93_629, 291.84, 263.84, 1.7454
_07469_, 291.84, 258.4, 1.746
FILLER_0_91_612, 291.84, 258.4, 1.746
FILLER_0_92_633, 291.84, 258.4, 1.746
_07388_, 291.84, 252.96, 1.74639
_07470_, 291.84, 252.96, 1.74639
_07471_, 291.84, 252.96, 1.74639
_07479_, 291.84, 252.96, 1.74639
max_cap58, 291.84, 252.96, 1.74639
FILLER_0_88_622, 291.84, 252.96, 1.74639
FILLER_0_89_617, 291.84, 252.96, 1.74639
_07390_, 291.84, 247.52, 1.74674
_07472_, 291.84, 247.52, 1.74674
_07389_, 291.84, 242.08, 1.74725
_07391_, 291.84, 242.08, 1.74725
_07394_, 291.84, 242.08, 1.74725
FILLER_0_84_613, 291.84, 242.08, 1.74725
FILLER_0_85_627, 291.84, 242.08, 1.74725
_07393_, 291.84, 236.64, 1.7477
_07473_, 291.84, 236.64, 1.7477
FILLER_0_83_632, 291.84, 236.64, 1.7477
_07306_, 291.84, 231.2, 1.74808
_07308_, 291.84, 231.2, 1.74808
FILLER_0_80_615, 291.84, 231.2, 1.74808
_07310_, 291.84, 225.76, 1.74848
_07395_, 291.84, 225.76, 1.74848
_07396_, 291.84, 225.76, 1.74848
FILLER_0_78_620, 291.84, 225.76, 1.74848
FILLER_0_79_613, 291.84, 225.76, 1.74848
FILLER_0_79_617, 291.84, 225.76, 1.74848
_07311_, 291.84, 220.32, 1.74891
_07476_, 291.84, 220.32, 1.74891
FILLER_0_77_629, 291.84, 220.32, 1.74891
_07227_, 291.84, 214.88, 1.74918
_07230_, 291.84, 214.88, 1.74918
_07229_, 291.84, 209.44, 1.74979
_07312_, 291.84, 209.44, 1.74979
_07313_, 291.84, 209.44, 1.74979
FILLER_0_73_613, 291.84, 209.44, 1.74979
FILLER_0_73_626, 291.84, 209.44, 1.74979
FILLER_0_74_625, 291.84, 209.44, 1.74979
_07232_, 291.84, 204, 1.75008
_07234_, 291.84, 204, 1.75008
FILLER_0_71_617, 291.84, 204, 1.75008
_07231_, 291.84, 198.56, 1.75058
_07314_, 291.84, 198.56, 1.75058
_07084_, 291.84, 193.12, 1.7509
_07159_, 291.84, 193.12, 1.7509
_07235_, 291.84, 193.12, 1.7509
FILLER_0_68_633, 291.84, 193.12, 1.7509
_07158_, 291.84, 187.68, 1.75135
_07161_, 291.84, 187.68, 1.75135
ANTENNA__07237__A1, 291.84, 187.68, 1.75135
ANTENNA__11220__RESET_B, 291.84, 187.68, 1.75135
FILLER_0_64_613, 291.84, 187.68, 1.75135
FILLER_0_65_627, 291.84, 187.68, 1.75135
FILLER_0_66_623, 291.84, 187.68, 1.75135
_07088_, 291.84, 182.24, 1.75182
_07089_, 291.84, 182.24, 1.75182
_07160_, 291.84, 182.24, 1.75182
_07162_, 291.84, 182.24, 1.75182
_09846_, 291.84, 182.24, 1.75182
ANTENNA__09846__A1, 291.84, 182.24, 1.75182
FILLER_0_63_624, 291.84, 182.24, 1.75182
_07093_, 291.84, 176.8, 1.75229
_11329_, 291.84, 176.8, 1.75229
ANTENNA__11329__RESET_B, 291.84, 176.8, 1.75229
FILLER_0_60_620, 291.84, 176.8, 1.75229
FILLER_0_61_613, 291.84, 176.8, 1.75229
_07092_, 291.84, 171.36, 1.75249
_07094_, 291.84, 171.36, 1.75249
_09720_, 291.84, 171.36, 1.75249
_09721_, 291.84, 171.36, 1.75249
clkbuf_leaf_50_clk, 291.84, 171.36, 1.75249
ANTENNA__07094__A, 291.84, 171.36, 1.75249
ANTENNA__09721__B1, 291.84, 171.36, 1.75249
ANTENNA_clkbuf_leaf_50_clk_A, 291.84, 171.36, 1.75249
FILLER_0_58_613, 291.84, 171.36, 1.75249
FILLER_0_60_625, 291.84, 171.36, 1.75249
_07095_, 291.84, 165.92, 1.75285
_09722_, 291.84, 165.92, 1.75285
_11218_, 291.84, 165.92, 1.75285
ANTENNA__07095__B2, 291.84, 165.92, 1.75285
ANTENNA__09722__A2, 291.84, 165.92, 1.75285
ANTENNA__11218__RESET_B, 291.84, 165.92, 1.75285
FILLER_0_57_613, 291.84, 165.92, 1.75285
FILLER_0_57_617, 291.84, 165.92, 1.75285
FILLER_0_57_632, 291.84, 165.92, 1.75285
_09515_, 291.84, 160.48, 1.75315
_09514_, 291.84, 155.04, 1.75336
_11322_, 291.84, 155.04, 1.75336
ANTENNA__11322__RESET_B, 291.84, 155.04, 1.75336
FILLER_0_52_617, 291.84, 155.04, 1.75336
FILLER_0_54_632, 291.84, 155.04, 1.75336
_05578_, 291.84, 149.6, 1.75371
_05580_, 291.84, 149.6, 1.75371
_05581_, 291.84, 149.6, 1.75371
_05582_, 291.84, 149.6, 1.75371
hold468, 291.84, 149.6, 1.75371
ANTENNA__09514__S, 291.84, 149.6, 1.75371
FILLER_0_51_617, 291.84, 149.6, 1.75371
_05579_, 291.84, 144.16, 1.75376
_05583_, 291.84, 144.16, 1.75376
_05584_, 291.84, 144.16, 1.75376
_07031_, 291.84, 144.16, 1.75376
_07032_, 291.84, 144.16, 1.75376
ANTENNA__07031__S, 291.84, 144.16, 1.75376
_05621_, 291.84, 138.72, 1.75388
_11217_, 291.84, 138.72, 1.75388
ANTENNA__11219__RESET_B, 291.84, 138.72, 1.75388
FILLER_0_47_613, 291.84, 138.72, 1.75388
FILLER_0_48_628, 291.84, 138.72, 1.75388
_05622_, 291.84, 133.28, 1.75389
_05623_, 291.84, 133.28, 1.75389
hold46, 291.84, 133.28, 1.75389
_08223_, 291.84, 127.84, 1.75387
_11242_, 291.84, 127.84, 1.75387
ANTENNA__11242__RESET_B, 291.84, 127.84, 1.75387
_08898_, 291.84, 122.4, 1.75377
_11243_, 291.84, 122.4, 1.75377
ANTENNA__08898__B1, 291.84, 122.4, 1.75377
ANTENNA__08223__A2, 291.84, 122.4, 1.75377
FILLER_0_41_631, 291.84, 122.4, 1.75377
FILLER_0_42_628, 291.84, 122.4, 1.75377
_08221_, 291.84, 116.96, 1.75391
_08250_, 291.84, 116.96, 1.75391
_08252_, 291.84, 116.96, 1.75391
hold42, 291.84, 116.96, 1.75391
ANTENNA__08222__A, 291.84, 116.96, 1.75391
ANTENNA__08252__B2, 291.84, 116.96, 1.75391
FILLER_0_38_617, 291.84, 116.96, 1.75391
FILLER_0_39_613, 291.84, 116.96, 1.75391
_08251_, 291.84, 111.52, 1.75376
_11244_, 291.84, 111.52, 1.75376
ANTENNA__08251__B1, 291.84, 111.52, 1.75376
ANTENNA__11244__RESET_B, 291.84, 111.52, 1.75376
FILLER_0_37_617, 291.84, 111.52, 1.75376
_06784_, 291.84, 106.08, 1.75383
_08302_, 291.84, 106.08, 1.75383
_08303_, 291.84, 106.08, 1.75383
ANTENNA__06784__A, 291.84, 106.08, 1.75383
ANTENNA__08302__B1, 291.84, 106.08, 1.75383
FILLER_0_34_613, 291.84, 106.08, 1.75383
FILLER_0_35_613, 291.84, 106.08, 1.75383
FILLER_0_36_625, 291.84, 106.08, 1.75383
_06544_, 291.84, 100.64, 1.75378
_08248_, 291.84, 100.64, 1.75378
_08249_, 291.84, 100.64, 1.75378
_08299_, 291.84, 100.64, 1.75378
FILLER_0_32_615, 291.84, 100.64, 1.75378
FILLER_0_34_630, 291.84, 100.64, 1.75378
_08294_, 291.84, 95.2, 1.75373
_08298_, 291.84, 95.2, 1.75373
FILLER_0_30_614, 291.84, 95.2, 1.75373
FILLER_0_31_617, 291.84, 95.2, 1.75373
FILLER_0_31_625, 291.84, 95.2, 1.75373
_08245_, 291.84, 89.76, 1.75361
_08246_, 291.84, 89.76, 1.75361
_08297_, 291.84, 89.76, 1.75361
FILLER_0_28_614, 291.84, 89.76, 1.75361
FILLER_0_30_624, 291.84, 89.76, 1.75361
_08287_, 291.84, 84.32, 1.75366
_08295_, 291.84, 84.32, 1.75366
FILLER_0_26_613, 291.84, 84.32, 1.75366
_08242_, 291.84, 78.88, 1.75357
_08243_, 291.84, 78.88, 1.75357
_08290_, 291.84, 78.88, 1.75357
_08291_, 291.84, 78.88, 1.75357
_08286_, 291.84, 73.44, 1.75357
_08289_, 291.84, 73.44, 1.75357
_06746_, 291.84, 68, 1.75344
_08284_, 291.84, 68, 1.75344
_08285_, 291.84, 68, 1.75344
ANTENNA__06746__A, 291.84, 68, 1.75344
FILLER_0_21_621, 291.84, 68, 1.75344
_08272_, 291.84, 62.56, 1.75346
_08273_, 291.84, 62.56, 1.75346
_08331_, 291.84, 62.56, 1.75346
_08332_, 291.84, 62.56, 1.75346
FILLER_0_19_633, 291.84, 62.56, 1.75346
_08328_, 291.84, 57.12, 1.75347
FILLER_0_16_621, 291.84, 57.12, 1.75347
FILLER_0_17_612, 291.84, 57.12, 1.75347
FILLER_0_17_629, 291.84, 57.12, 1.75347
_08329_, 291.84, 51.68, 1.75324
_08330_, 291.84, 51.68, 1.75324
_08375_, 291.84, 51.68, 1.75324
_08376_, 291.84, 51.68, 1.75324
FILLER_0_14_613, 291.84, 51.68, 1.75324
FILLER_0_15_613, 291.84, 51.68, 1.75324
_08377_, 291.84, 46.24, 1.75333
_08378_, 291.84, 46.24, 1.75333
_08445_, 291.84, 46.24, 1.75333
FILLER_0_12_621, 291.84, 46.24, 1.75333
FILLER_0_13_612, 291.84, 46.24, 1.75333
FILLER_0_14_627, 291.84, 46.24, 1.75333
_08373_, 291.84, 40.8, 1.75329
_08374_, 291.84, 40.8, 1.75329
_08434_, 291.84, 40.8, 1.75329
ANTENNA__08374__B, 291.84, 40.8, 1.75329
ANTENNA__08373__A1, 291.84, 40.8, 1.75329
ANTENNA__08434__B1, 291.84, 40.8, 1.75329
ANTENNA__08374__C, 291.84, 40.8, 1.75329
ANTENNA__08373__A2, 291.84, 40.8, 1.75329
FILLER_0_12_632, 291.84, 40.8, 1.75329
_08435_, 291.84, 35.36, 1.75317
_08442_, 291.84, 35.36, 1.75317
_08504_, 291.84, 35.36, 1.75317
ANTENNA__08435__A1, 291.84, 35.36, 1.75317
FILLER_0_8_612, 291.84, 35.36, 1.75317
FILLER_0_9_617, 291.84, 35.36, 1.75317
_08505_, 291.84, 29.92, 1.75328
FILLER_0_8_633, 291.84, 29.92, 1.75328
_10397_, 291.84, 24.48, 1.7533
_10399_, 291.84, 24.48, 1.7533
_11348_, 291.84, 24.48, 1.7533
hold224, 291.84, 24.48, 1.7533
ANTENNA__10399__S, 291.84, 24.48, 1.7533
_10400_, 291.84, 19.04, 1.75333
FILLER_0_0_613, 291.84, 13.6, 1.75328
FILLER_0_146_557, 261.84, 410.72, 1.74258
FILLER_0_145_553, 261.84, 405.28, 1.74257
FILLER_0_143_553, 261.84, 399.84, 1.74259
FILLER_0_141_553, 261.84, 394.4, 1.74259
FILLER_0_139_553, 261.84, 388.96, 1.74261
_08003_, 261.84, 378.08, 1.74237
_08039_, 261.84, 378.08, 1.74237
_08040_, 261.84, 378.08, 1.74237
FILLER_0_135_552, 261.84, 378.08, 1.74237
_07923_, 261.84, 372.64, 1.74253
FILLER_0_132_552, 261.84, 372.64, 1.74253
FILLER_0_133_549, 261.84, 372.64, 1.74253
FILLER_0_133_557, 261.84, 372.64, 1.74253
_07902_, 261.84, 367.2, 1.74238
_07924_, 261.84, 367.2, 1.74238
_07956_, 261.84, 367.2, 1.74238
_07957_, 261.84, 367.2, 1.74238
FILLER_0_131_552, 261.84, 367.2, 1.74238
FILLER_0_131_567, 261.84, 367.2, 1.74238
_07877_, 261.84, 361.76, 1.74268
_07904_, 261.84, 361.76, 1.74268
FILLER_0_129_556, 261.84, 361.76, 1.74268
FILLER_0_130_558, 261.84, 361.76, 1.74268
_07847_, 261.84, 356.32, 1.74277
FILLER_0_127_552, 261.84, 356.32, 1.74277
_07816_, 261.84, 350.88, 1.74304
_07905_, 261.84, 350.88, 1.74304
_07817_, 261.84, 345.44, 1.74316
_07866_, 261.84, 345.44, 1.74316
_07867_, 261.84, 345.44, 1.74316
FILLER_0_123_561, 261.84, 345.44, 1.74316
_07765_, 261.84, 340, 1.74353
_07806_, 261.84, 340, 1.74353
FILLER_0_121_556, 261.84, 340, 1.74353
_07766_, 261.84, 334.56, 1.74363
_07846_, 261.84, 334.56, 1.74363
FILLER_0_119_561, 261.84, 334.56, 1.74363
_07790_, 261.84, 329.12, 1.74382
_07791_, 261.84, 329.12, 1.74382
_07845_, 261.84, 329.12, 1.74382
_07734_, 261.84, 323.68, 1.74401
_07789_, 261.84, 323.68, 1.74401
FILLER_0_115_561, 261.84, 323.68, 1.74401
_07731_, 261.84, 318.24, 1.74443
_07732_, 261.84, 318.24, 1.74443
_07695_, 261.84, 312.8, 1.7447
_07730_, 261.84, 312.8, 1.7447
FILLER_0_111_557, 261.84, 312.8, 1.7447
FILLER_0_111_561, 261.84, 312.8, 1.7447
_07663_, 261.84, 307.36, 1.74487
_07665_, 261.84, 307.36, 1.74487
_07672_, 261.84, 307.36, 1.74487
_07675_, 261.84, 307.36, 1.74487
FILLER_0_109_555, 261.84, 307.36, 1.74487
_07593_, 261.84, 301.92, 1.74542
_07674_, 261.84, 301.92, 1.74542
FILLER_0_106_554, 261.84, 301.92, 1.74542
_07600_, 261.84, 296.48, 1.7456
_07601_, 261.84, 296.48, 1.7456
_07673_, 261.84, 296.48, 1.7456
FILLER_0_104_553, 261.84, 296.48, 1.7456
FILLER_0_105_556, 261.84, 296.48, 1.7456
FILLER_0_106_565, 261.84, 296.48, 1.7456
_07527_, 261.84, 291.04, 1.74609
_07528_, 261.84, 291.04, 1.74609
_07529_, 261.84, 291.04, 1.74609
_07536_, 261.84, 291.04, 1.74609
FILLER_0_102_549, 261.84, 291.04, 1.74609
_07543_, 261.84, 285.6, 1.74636
_07549_, 261.84, 285.6, 1.74636
ANTENNA__07524__A, 261.84, 285.6, 1.74636
ANTENNA__07524__B, 261.84, 285.6, 1.74636
FILLER_0_101_553, 261.84, 285.6, 1.74636
FILLER_0_102_558, 261.84, 285.6, 1.74636
_07444_, 261.84, 280.16, 1.74676
_07451_, 261.84, 280.16, 1.74676
_07537_, 261.84, 280.16, 1.74676
FILLER_0_99_548, 261.84, 280.16, 1.74676
FILLER_0_99_556, 261.84, 280.16, 1.74676
_07452_, 261.84, 274.72, 1.7471
ANTENNA__07441__A, 261.84, 274.72, 1.7471
FILLER_0_97_549, 261.84, 274.72, 1.7471
FILLER_0_97_557, 261.84, 274.72, 1.7471
_07323_, 261.84, 269.28, 1.74754
_07457_, 261.84, 269.28, 1.74754
ANTENNA__07323__A1, 261.84, 269.28, 1.74754
FILLER_0_95_557, 261.84, 269.28, 1.74754
FILLER_0_95_561, 261.84, 269.28, 1.74754
FILLER_0_96_563, 261.84, 269.28, 1.74754
_07324_, 261.84, 263.84, 1.74788
_07327_, 261.84, 263.84, 1.74788
_07328_, 261.84, 263.84, 1.74788
ANTENNA__07324__A, 261.84, 263.84, 1.74788
FILLER_0_93_557, 261.84, 263.84, 1.74788
_07344_, 261.84, 258.4, 1.7483
_07345_, 261.84, 258.4, 1.7483
_07346_, 261.84, 258.4, 1.7483
ANTENNA__07345__A1, 261.84, 258.4, 1.7483
FILLER_0_91_548, 261.84, 258.4, 1.7483
FILLER_0_91_553, 261.84, 258.4, 1.7483
_07242_, 261.84, 252.96, 1.74878
_07249_, 261.84, 252.96, 1.74878
_07332_, 261.84, 252.96, 1.74878
_07343_, 261.84, 252.96, 1.74878
_07453_, 261.84, 252.96, 1.74878
ANTENNA__07343__A1, 261.84, 252.96, 1.74878
ANTENNA__07239__C, 261.84, 252.96, 1.74878
ANTENNA__07343__A2, 261.84, 252.96, 1.74878
_07174_, 261.84, 247.52, 1.74918
_07238_, 261.84, 247.52, 1.74918
clkbuf_3_6__f_clk, 261.84, 247.52, 1.74918
ANTENNA__07174__B, 261.84, 247.52, 1.74918
ANTENNA_clkbuf_3_6__f_clk_A, 261.84, 247.52, 1.74918
_07181_, 261.84, 242.08, 1.74966
_07190_, 261.84, 242.08, 1.74966
_07300_, 261.84, 242.08, 1.74966
_07274_, 261.84, 236.64, 1.75014
_07275_, 261.84, 236.64, 1.75014
_07299_, 261.84, 236.64, 1.75014
ANTENNA__07099__B, 261.84, 236.64, 1.75014
FILLER_0_83_557, 261.84, 236.64, 1.75014
_07099_, 261.84, 231.2, 1.75064
ANTENNA__07099__A, 261.84, 231.2, 1.75064
FILLER_0_81_557, 261.84, 231.2, 1.75064
_07112_, 261.84, 225.76, 1.75105
_07145_, 261.84, 225.76, 1.75105
_07193_, 261.84, 225.76, 1.75105
_07103_, 261.84, 220.32, 1.75159
_07194_, 261.84, 220.32, 1.75159
FILLER_0_77_549, 261.84, 220.32, 1.75159
FILLER_0_77_557, 261.84, 220.32, 1.75159
FILLER_0_78_561, 261.84, 220.32, 1.75159
_07041_, 261.84, 214.88, 1.752
_07117_, 261.84, 214.88, 1.752
_07146_, 261.84, 214.88, 1.752
_07147_, 261.84, 214.88, 1.752
FILLER_0_75_557, 261.84, 214.88, 1.752
_07042_, 261.84, 209.44, 1.75258
_07118_, 261.84, 209.44, 1.75258
FILLER_0_73_555, 261.84, 209.44, 1.75258
_06988_, 261.84, 204, 1.753
_07017_, 261.84, 204, 1.753
_07073_, 261.84, 204, 1.753
_07074_, 261.84, 204, 1.753
_07075_, 261.84, 204, 1.753
FILLER_0_71_557, 261.84, 204, 1.753
FILLER_0_72_564, 261.84, 204, 1.753
_06938_, 261.84, 198.56, 1.75355
_07047_, 261.84, 198.56, 1.75355
FILLER_0_69_552, 261.84, 198.56, 1.75355
FILLER_0_70_560, 261.84, 198.56, 1.75355
_06892_, 261.84, 193.12, 1.754
_06940_, 261.84, 193.12, 1.754
_06941_, 261.84, 193.12, 1.754
_06992_, 261.84, 193.12, 1.754
FILLER_0_67_557, 261.84, 193.12, 1.754
_06979_, 261.84, 187.68, 1.75453
_07025_, 261.84, 187.68, 1.75453
FILLER_0_66_567, 261.84, 187.68, 1.75453
_07026_, 261.84, 182.24, 1.75503
FILLER_0_62_557, 261.84, 182.24, 1.75503
FILLER_0_63_552, 261.84, 182.24, 1.75503
FILLER_0_63_567, 261.84, 182.24, 1.75503
_06921_, 261.84, 176.8, 1.75553
_06970_, 261.84, 176.8, 1.75553
_06972_, 261.84, 176.8, 1.75553
FILLER_0_61_555, 261.84, 176.8, 1.75553
FILLER_0_61_561, 261.84, 176.8, 1.75553
FILLER_0_62_568, 261.84, 176.8, 1.75553
_06920_, 261.84, 171.36, 1.7559
_06922_, 261.84, 171.36, 1.7559
ANTENNA__06839__A1, 261.84, 171.36, 1.7559
_06844_, 261.84, 165.92, 1.75633
_06875_, 261.84, 165.92, 1.75633
_06881_, 261.84, 165.92, 1.75633
FILLER_0_56_552, 261.84, 165.92, 1.75633
FILLER_0_57_548, 261.84, 165.92, 1.75633
_06816_, 261.84, 160.48, 1.75671
_06845_, 261.84, 160.48, 1.75671
_06882_, 261.84, 160.48, 1.75671
FILLER_0_54_552, 261.84, 160.48, 1.75671
FILLER_0_55_552, 261.84, 160.48, 1.75671
_06876_, 261.84, 155.04, 1.75708
_06877_, 261.84, 155.04, 1.75708
_06878_, 261.84, 155.04, 1.75708
_11213_, 261.84, 155.04, 1.75708
FILLER_0_53_561, 261.84, 155.04, 1.75708
fanout94, 261.84, 149.6, 1.75747
hold464, 261.84, 149.6, 1.75747
ANTENNA_fanout94_A, 261.84, 149.6, 1.75747
_05573_, 261.84, 144.16, 1.75758
_05574_, 261.84, 144.16, 1.75758
_05575_, 261.84, 144.16, 1.75758
_06880_, 261.84, 144.16, 1.75758
hold460, 261.84, 144.16, 1.75758
FILLER_0_48_548, 261.84, 144.16, 1.75758
FILLER_0_49_561, 261.84, 144.16, 1.75758
_05615_, 261.84, 138.72, 1.75757
_11214_, 261.84, 138.72, 1.75757
hold26, 261.84, 138.72, 1.75757
ANTENNA__11214__RESET_B, 261.84, 138.72, 1.75757
ANTENNA__11212__RESET_B, 261.84, 138.72, 1.75757
FILLER_0_48_562, 261.84, 138.72, 1.75757
_08107_, 261.84, 133.28, 1.75751
_11239_, 261.84, 133.28, 1.75751
ANTENNA__08107__B1, 261.84, 133.28, 1.75751
ANTENNA__08100__A2, 261.84, 133.28, 1.75751
ANTENNA__08107__A2, 261.84, 133.28, 1.75751
ANTENNA__11239__RESET_B, 261.84, 133.28, 1.75751
ANTENNA__11236__RESET_B, 261.84, 133.28, 1.75751
FILLER_0_46_567, 261.84, 133.28, 1.75751
_05616_, 261.84, 127.84, 1.75744
hold34, 261.84, 127.84, 1.75744
_11238_, 261.84, 122.4, 1.75734
hold53, 261.84, 122.4, 1.75734
ANTENNA__11237__RESET_B, 261.84, 122.4, 1.75734
FILLER_0_40_556, 261.84, 122.4, 1.75734
FILLER_0_42_561, 261.84, 122.4, 1.75734
_08116_, 261.84, 116.96, 1.75713
_08118_, 261.84, 116.96, 1.75713
_08743_, 261.84, 116.96, 1.75713
clkbuf_3_4__f_clk, 261.84, 116.96, 1.75713
ANTENNA__08118__B1, 261.84, 116.96, 1.75713
ANTENNA_clkbuf_3_4__f_clk_A, 261.84, 116.96, 1.75713
FILLER_0_38_548, 261.84, 116.96, 1.75713
FILLER_0_39_552, 261.84, 116.96, 1.75713
_08113_, 261.84, 111.52, 1.75707
_08127_, 261.84, 111.52, 1.75707
_08128_, 261.84, 111.52, 1.75707
ANTENNA__08113__B, 261.84, 111.52, 1.75707
FILLER_0_37_555, 261.84, 111.52, 1.75707
_08121_, 261.84, 106.08, 1.75704
_08124_, 261.84, 106.08, 1.75704
_08148_, 261.84, 106.08, 1.75704
ANTENNA__08114__A, 261.84, 106.08, 1.75704
ANTENNA__08121__B, 261.84, 106.08, 1.75704
FILLER_0_35_549, 261.84, 106.08, 1.75704
FILLER_0_35_557, 261.84, 106.08, 1.75704
FILLER_0_36_564, 261.84, 106.08, 1.75704
_08138_, 261.84, 100.64, 1.75698
_08144_, 261.84, 100.64, 1.75698
_08149_, 261.84, 100.64, 1.75698
ANTENNA__08121__A, 261.84, 100.64, 1.75698
FILLER_0_33_553, 261.84, 100.64, 1.75698
_08157_, 261.84, 95.2, 1.75686
_08166_, 261.84, 95.2, 1.75686
ANTENNA__08138__B, 261.84, 95.2, 1.75686
ANTENNA__08138__A, 261.84, 95.2, 1.75686
FILLER_0_31_548, 261.84, 95.2, 1.75686
FILLER_0_31_554, 261.84, 95.2, 1.75686
FILLER_0_32_561, 261.84, 95.2, 1.75686
_08167_, 261.84, 89.76, 1.75667
_08173_, 261.84, 89.76, 1.75667
_08207_, 261.84, 89.76, 1.75667
FILLER_0_29_561, 261.84, 89.76, 1.75667
FILLER_0_30_567, 261.84, 89.76, 1.75667
_08172_, 261.84, 84.32, 1.75671
FILLER_0_26_552, 261.84, 84.32, 1.75671
_08169_, 261.84, 78.88, 1.75657
_08171_, 261.84, 78.88, 1.75657
_08197_, 261.84, 78.88, 1.75657
_08198_, 261.84, 78.88, 1.75657
ANTENNA__08198__A, 261.84, 78.88, 1.75657
ANTENNA__08169__A, 261.84, 78.88, 1.75657
ANTENNA__08198__B, 261.84, 78.88, 1.75657
ANTENNA__08170__B, 261.84, 78.88, 1.75657
FILLER_0_24_551, 261.84, 78.88, 1.75657
_08101_, 261.84, 73.44, 1.75648
_08105_, 261.84, 73.44, 1.75648
_08170_, 261.84, 73.44, 1.75648
ANTENNA__08170__A, 261.84, 73.44, 1.75648
ANTENNA__08101__A, 261.84, 73.44, 1.75648
FILLER_0_22_553, 261.84, 73.44, 1.75648
FILLER_0_23_548, 261.84, 73.44, 1.75648
_08102_, 261.84, 68, 1.75635
_08234_, 261.84, 68, 1.75635
max_cap68, 261.84, 68, 1.75635
ANTENNA__08140__A, 261.84, 68, 1.75635
ANTENNA__08101__B, 261.84, 68, 1.75635
FILLER_0_21_552, 261.84, 68, 1.75635
_08125_, 261.84, 62.56, 1.75629
_08203_, 261.84, 62.56, 1.75629
_08233_, 261.84, 62.56, 1.75629
_08235_, 261.84, 62.56, 1.75629
ANTENNA__08125__A, 261.84, 62.56, 1.75629
ANTENNA__08234__A, 261.84, 62.56, 1.75629
ANTENNA__08125__B, 261.84, 62.56, 1.75629
FILLER_0_20_559, 261.84, 62.56, 1.75629
FILLER_0_20_568, 261.84, 62.56, 1.75629
_08104_, 261.84, 57.12, 1.75623
_08126_, 261.84, 57.12, 1.75623
_08265_, 261.84, 57.12, 1.75623
_08266_, 261.84, 57.12, 1.75623
ANTENNA__08265__A, 261.84, 57.12, 1.75623
ANTENNA__08146__A, 261.84, 57.12, 1.75623
ANTENNA__08104__A, 261.84, 57.12, 1.75623
FILLER_0_16_554, 261.84, 57.12, 1.75623
FILLER_0_17_548, 261.84, 57.12, 1.75623
_08103_, 261.84, 51.68, 1.75612
_08147_, 261.84, 51.68, 1.75612
_08423_, 261.84, 51.68, 1.75612
_08494_, 261.84, 51.68, 1.75612
ANTENNA__08103__B, 261.84, 51.68, 1.75612
ANTENNA__08266__A1, 261.84, 51.68, 1.75612
FILLER_0_14_555, 261.84, 51.68, 1.75612
FILLER_0_15_551, 261.84, 51.68, 1.75612
FILLER_0_15_566, 261.84, 51.68, 1.75612
_08307_, 261.84, 46.24, 1.75608
_08367_, 261.84, 46.24, 1.75608
_08496_, 261.84, 46.24, 1.75608
ANTENNA__08367__A1, 261.84, 46.24, 1.75608
ANTENNA__08367__A2, 261.84, 46.24, 1.75608
FILLER_0_12_549, 261.84, 46.24, 1.75608
FILLER_0_13_549, 261.84, 46.24, 1.75608
FILLER_0_13_557, 261.84, 46.24, 1.75608
FILLER_0_13_561, 261.84, 46.24, 1.75608
FILLER_0_13_566, 261.84, 46.24, 1.75608
_08498_, 261.84, 40.8, 1.75603
FILLER_0_10_552, 261.84, 40.8, 1.75603
FILLER_0_11_561, 261.84, 40.8, 1.75603
FILLER_0_12_561, 261.84, 40.8, 1.75603
_08431_, 261.84, 35.36, 1.7559
_08433_, 261.84, 35.36, 1.7559
_08489_, 261.84, 35.36, 1.7559
_08499_, 261.84, 35.36, 1.7559
_08523_, 261.84, 35.36, 1.7559
ANTENNA__08523__A1, 261.84, 35.36, 1.7559
ANTENNA__08523__A2, 261.84, 35.36, 1.7559
FILLER_0_8_547, 261.84, 35.36, 1.7559
FILLER_0_9_561, 261.84, 35.36, 1.7559
FILLER_0_9_566, 261.84, 35.36, 1.7559
_08432_, 261.84, 29.92, 1.75583
_08490_, 261.84, 29.92, 1.75583
_08491_, 261.84, 29.92, 1.75583
FILLER_0_6_557, 261.84, 29.92, 1.75583
_11350_, 261.84, 24.48, 1.75595
ANTENNA__11350__RESET_B, 261.84, 24.48, 1.75595
FILLER_0_5_553, 261.84, 24.48, 1.75595
FILLER_0_5_561, 261.84, 24.48, 1.75595
hold179, 261.84, 19.04, 1.75594
ANTENNA__10406__S, 261.84, 19.04, 1.75594
ANTENNA__11351__RESET_B, 261.84, 19.04, 1.75594
FILLER_0_3_552, 261.84, 19.04, 1.75594
FILLER_0_3_565, 261.84, 19.04, 1.75594
FILLER_0_4_558, 261.84, 19.04, 1.75594
_10409_, 261.84, 13.6, 1.75592
_10410_, 261.84, 13.6, 1.75592
_10411_, 261.84, 13.6, 1.75592
_11351_, 261.84, 13.6, 1.75592
_11352_, 261.84, 13.6, 1.75592
hold322, 261.84, 13.6, 1.75592
hold323, 261.84, 13.6, 1.75592
ANTENNA__10412__S, 261.84, 13.6, 1.75592
FILLER_0_1_564, 261.84, 13.6, 1.75592
FILLER_0_145_497, 231.84, 405.28, 1.74432
FILLER_0_146_501, 231.84, 405.28, 1.74432
FILLER_0_143_497, 231.84, 399.84, 1.74433
FILLER_0_141_497, 231.84, 394.4, 1.74433
_08034_, 231.84, 388.96, 1.74432
FILLER_0_138_485, 231.84, 388.96, 1.74432
FILLER_0_139_497, 231.84, 388.96, 1.74432
_07998_, 231.84, 383.52, 1.7441
_08013_, 231.84, 383.52, 1.7441
_08014_, 231.84, 383.52, 1.7441
_08035_, 231.84, 383.52, 1.7441
_08036_, 231.84, 383.52, 1.7441
_07951_, 231.84, 378.08, 1.74424
_07996_, 231.84, 378.08, 1.74424
FILLER_0_135_496, 231.84, 378.08, 1.74424
FILLER_0_136_502, 231.84, 378.08, 1.74424
_07995_, 231.84, 372.64, 1.74437
_07897_, 231.84, 367.2, 1.74445
FILLER_0_131_496, 231.84, 367.2, 1.74445
FILLER_0_132_501, 231.84, 367.2, 1.74445
_07896_, 231.84, 361.76, 1.74457
FILLER_0_128_489, 231.84, 361.76, 1.74457
_07823_, 231.84, 356.32, 1.74474
_07824_, 231.84, 356.32, 1.74474
_07826_, 231.84, 356.32, 1.74474
_07869_, 231.84, 356.32, 1.74474
_07870_, 231.84, 356.32, 1.74474
_07825_, 231.84, 350.88, 1.74496
_07971_, 231.84, 350.88, 1.74496
FILLER_0_125_494, 231.84, 350.88, 1.74496
_07871_, 231.84, 345.44, 1.74512
_07872_, 231.84, 345.44, 1.74512
_07932_, 231.84, 345.44, 1.74512
_07933_, 231.84, 345.44, 1.74512
ANTENNA__07872__A, 231.84, 345.44, 1.74512
FILLER_0_124_494, 231.84, 345.44, 1.74512
ANTENNA__07762__A, 231.84, 340, 1.74542
ANTENNA__07760__A1, 231.84, 340, 1.74542
ANTENNA__07699__A1, 231.84, 340, 1.74542
FILLER_0_121_499, 231.84, 340, 1.74542
_07640_, 231.84, 334.56, 1.74553
_07786_, 231.84, 334.56, 1.74553
_07819_, 231.84, 334.56, 1.74553
ANTENNA__07640__A, 231.84, 334.56, 1.74553
ANTENNA__07700__A1, 231.84, 334.56, 1.74553
ANTENNA__07819__B2, 231.84, 334.56, 1.74553
FILLER_0_119_486, 231.84, 334.56, 1.74553
FILLER_0_120_493, 231.84, 334.56, 1.74553
FILLER_0_120_501, 231.84, 334.56, 1.74553
_07785_, 231.84, 329.12, 1.74579
_07787_, 231.84, 329.12, 1.74579
ANTENNA__07783__A, 231.84, 329.12, 1.74579
ANTENNA__07641__A1, 231.84, 329.12, 1.74579
ANTENNA__07785__A, 231.84, 329.12, 1.74579
FILLER_0_117_497, 231.84, 329.12, 1.74579
_07808_, 231.84, 323.68, 1.74599
FILLER_0_114_489, 231.84, 323.68, 1.74599
_07650_, 231.84, 318.24, 1.74635
_07651_, 231.84, 318.24, 1.74635
_07705_, 231.84, 318.24, 1.74635
_07713_, 231.84, 318.24, 1.74635
_07757_, 231.84, 318.24, 1.74635
ANTENNA__07649__A, 231.84, 318.24, 1.74635
FILLER_0_113_485, 231.84, 318.24, 1.74635
_07648_, 231.84, 312.8, 1.74666
_07653_, 231.84, 312.8, 1.74666
_07654_, 231.84, 312.8, 1.74666
ANTENNA__07648__A1, 231.84, 312.8, 1.74666
ANTENNA__07647__A, 231.84, 312.8, 1.74666
ANTENNA__07648__B1, 231.84, 312.8, 1.74666
_07667_, 231.84, 307.36, 1.74692
_07668_, 231.84, 307.36, 1.74692
_07669_, 231.84, 307.36, 1.74692
_07671_, 231.84, 307.36, 1.74692
_07706_, 231.84, 307.36, 1.74692
ANTENNA__07667__B2, 231.84, 307.36, 1.74692
ANTENNA__07667__A2_N, 231.84, 307.36, 1.74692
ANTENNA__07668__A, 231.84, 307.36, 1.74692
FILLER_0_110_493, 231.84, 307.36, 1.74692
_07609_, 231.84, 301.92, 1.74732
ANTENNA__07668__C, 231.84, 301.92, 1.74732
FILLER_0_107_497, 231.84, 301.92, 1.74732
FILLER_0_108_499, 231.84, 301.92, 1.74732
_07545_, 231.84, 296.48, 1.74758
_07547_, 231.84, 296.48, 1.74758
_07655_, 231.84, 296.48, 1.74758
ANTENNA__07545__A, 231.84, 296.48, 1.74758
ANTENNA__07544__A, 231.84, 296.48, 1.74758
FILLER_0_105_490, 231.84, 296.48, 1.74758
FILLER_0_106_499, 231.84, 296.48, 1.74758
_07411_, 231.84, 291.04, 1.74801
_07412_, 231.84, 291.04, 1.74801
_07544_, 231.84, 291.04, 1.74801
_07548_, 231.84, 291.04, 1.74801
_07605_, 231.84, 291.04, 1.74801
ANTENNA__07411__A, 231.84, 291.04, 1.74801
ANTENNA__07544__B, 231.84, 291.04, 1.74801
FILLER_0_103_482, 231.84, 291.04, 1.74801
_07410_, 231.84, 285.6, 1.74837
_07460_, 231.84, 285.6, 1.74837
_07461_, 231.84, 285.6, 1.74837
_07541_, 231.84, 285.6, 1.74837
ANTENNA__07410__A1, 231.84, 285.6, 1.74837
ANTENNA__07541__A, 231.84, 285.6, 1.74837
FILLER_0_100_489, 231.84, 285.6, 1.74837
FILLER_0_101_493, 231.84, 285.6, 1.74837
ANTENNA__07357__A, 231.84, 280.16, 1.74876
ANTENNA__07215__A, 231.84, 280.16, 1.74876
ANTENNA__07459__A, 231.84, 280.16, 1.74876
ANTENNA__07357__B, 231.84, 280.16, 1.74876
FILLER_0_98_485, 231.84, 280.16, 1.74876
FILLER_0_99_498, 231.84, 280.16, 1.74876
_07279_, 231.84, 274.72, 1.74908
_07356_, 231.84, 274.72, 1.74908
_07357_, 231.84, 274.72, 1.74908
_07381_, 231.84, 274.72, 1.74908
ANTENNA__07356__A, 231.84, 274.72, 1.74908
ANTENNA__07276__B1, 231.84, 274.72, 1.74908
ANTENNA__07356__B, 231.84, 274.72, 1.74908
_07321_, 231.84, 269.28, 1.74956
_07322_, 231.84, 269.28, 1.74956
_07360_, 231.84, 269.28, 1.74956
_07405_, 231.84, 269.28, 1.74956
ANTENNA__07322__A, 231.84, 269.28, 1.74956
ANTENNA__07276__B2, 231.84, 269.28, 1.74956
ANTENNA__07170__A2, 231.84, 269.28, 1.74956
ANTENNA__07170__B1, 231.84, 269.28, 1.74956
_07262_, 231.84, 263.84, 1.75
_07329_, 231.84, 263.84, 1.75
ANTENNA__07321__B2, 231.84, 263.84, 1.75
ANTENNA__07262__A, 231.84, 263.84, 1.75
ANTENNA__07321__A2, 231.84, 263.84, 1.75
ANTENNA__07321__B1, 231.84, 263.84, 1.75
FILLER_0_93_493, 231.84, 263.84, 1.75
FILLER_0_93_501, 231.84, 263.84, 1.75
FILLER_0_94_502, 231.84, 263.84, 1.75
_07257_, 231.84, 258.4, 1.75038
_07258_, 231.84, 258.4, 1.75038
_07261_, 231.84, 258.4, 1.75038
_07263_, 231.84, 258.4, 1.75038
_07264_, 231.84, 258.4, 1.75038
_07265_, 231.84, 258.4, 1.75038
ANTENNA__07175__A, 231.84, 258.4, 1.75038
ANTENNA__07175__B, 231.84, 258.4, 1.75038
ANTENNA__07257__A, 231.84, 258.4, 1.75038
ANTENNA__07263__C, 231.84, 258.4, 1.75038
_07179_, 231.84, 252.96, 1.751
_07266_, 231.84, 252.96, 1.751
ANTENNA__07261__A, 231.84, 252.96, 1.751
ANTENNA__07179__A, 231.84, 252.96, 1.751
ANTENNA__07179__B, 231.84, 252.96, 1.751
ANTENNA__07261__B, 231.84, 252.96, 1.751
FILLER_0_89_500, 231.84, 252.96, 1.751
_07176_, 231.84, 247.52, 1.75146
_07353_, 231.84, 247.52, 1.75146
_07354_, 231.84, 247.52, 1.75146
ANTENNA__07176__A, 231.84, 247.52, 1.75146
ANTENNA__07176__B, 231.84, 247.52, 1.75146
FILLER_0_87_495, 231.84, 247.52, 1.75146
_07297_, 231.84, 242.08, 1.75204
ANTENNA__07140__B, 231.84, 242.08, 1.75204
FILLER_0_84_490, 231.84, 242.08, 1.75204
FILLER_0_85_498, 231.84, 242.08, 1.75204
FILLER_0_86_494, 231.84, 242.08, 1.75204
FILLER_0_86_502, 231.84, 242.08, 1.75204
_07137_, 231.84, 236.64, 1.75248
_07214_, 231.84, 236.64, 1.75248
_07216_, 231.84, 236.64, 1.75248
_07218_, 231.84, 236.64, 1.75248
ANTENNA__07137__B, 231.84, 236.64, 1.75248
ANTENNA_clkbuf_leaf_31_clk_A, 231.84, 236.64, 1.75248
FILLER_0_83_501, 231.84, 236.64, 1.75248
_06936_, 231.84, 231.2, 1.75308
_07065_, 231.84, 231.2, 1.75308
_07187_, 231.84, 231.2, 1.75308
ANTENNA__07065__A, 231.84, 231.2, 1.75308
ANTENNA__07065__B, 231.84, 231.2, 1.75308
ANTENNA__06936__B1, 231.84, 231.2, 1.75308
ANTENNA__07214__B1, 231.84, 231.2, 1.75308
FILLER_0_81_501, 231.84, 231.2, 1.75308
_07066_, 231.84, 225.76, 1.75361
ANTENNA__10018__B1, 231.84, 225.76, 1.75361
ANTENNA__07110__A, 231.84, 225.76, 1.75361
ANTENNA__07066__A, 231.84, 225.76, 1.75361
ANTENNA__06936__A2, 231.84, 225.76, 1.75361
ANTENNA__07066__B, 231.84, 225.76, 1.75361
ANTENNA__07106__B, 231.84, 225.76, 1.75361
FILLER_0_79_484, 231.84, 225.76, 1.75361
FILLER_0_79_498, 231.84, 225.76, 1.75361
FILLER_0_80_496, 231.84, 225.76, 1.75361
_07067_, 231.84, 220.32, 1.75412
_07144_, 231.84, 220.32, 1.75412
hold456, 231.84, 220.32, 1.75412
FILLER_0_76_489, 231.84, 220.32, 1.75412
FILLER_0_77_483, 231.84, 220.32, 1.75412
hold472, 231.84, 214.88, 1.75474
ANTENNA_hold472_A, 231.84, 214.88, 1.75474
ANTENNA_hold456_A, 231.84, 214.88, 1.75474
FILLER_0_75_482, 231.84, 214.88, 1.75474
FILLER_0_75_498, 231.84, 214.88, 1.75474
FILLER_0_76_497, 231.84, 214.88, 1.75474
_06865_, 231.84, 209.44, 1.75535
_06866_, 231.84, 209.44, 1.75535
_07013_, 231.84, 209.44, 1.75535
_07014_, 231.84, 209.44, 1.75535
ANTENNA__06865__A, 231.84, 209.44, 1.75535
ANTENNA__06865__B, 231.84, 209.44, 1.75535
ANTENNA__07014__C, 231.84, 209.44, 1.75535
ANTENNA__07013__A2, 231.84, 209.44, 1.75535
ANTENNA__11331__CLK, 231.84, 209.44, 1.75535
_07012_, 231.84, 204, 1.75596
ANTENNA__07014__A, 231.84, 204, 1.75596
ANTENNA__06838__B, 231.84, 204, 1.75596
ANTENNA__07012__A, 231.84, 204, 1.75596
FILLER_0_70_492, 231.84, 204, 1.75596
_06785_, 231.84, 198.56, 1.75658
_06787_, 231.84, 198.56, 1.75658
_06913_, 231.84, 198.56, 1.75658
ANTENNA__06785__A_N, 231.84, 198.56, 1.75658
ANTENNA__06785__B, 231.84, 198.56, 1.75658
FILLER_0_70_500, 231.84, 198.56, 1.75658
_06786_, 231.84, 193.12, 1.7572
_06858_, 231.84, 193.12, 1.7572
_06828_, 231.84, 187.68, 1.75784
_06830_, 231.84, 187.68, 1.75784
_06831_, 231.84, 187.68, 1.75784
ANTENNA__06828__A, 231.84, 187.68, 1.75784
ANTENNA__06912__A1, 231.84, 187.68, 1.75784
ANTENNA__06857__A, 231.84, 187.68, 1.75784
FILLER_0_65_500, 231.84, 187.68, 1.75784
FILLER_0_66_496, 231.84, 187.68, 1.75784
_06804_, 231.84, 182.24, 1.75846
_06805_, 231.84, 182.24, 1.75846
_06846_, 231.84, 182.24, 1.75846
ANTENNA__06817__A1, 231.84, 182.24, 1.75846
ANTENNA__06803__A, 231.84, 182.24, 1.75846
FILLER_0_62_485, 231.84, 182.24, 1.75846
_06803_, 231.84, 176.8, 1.75909
_06806_, 231.84, 176.8, 1.75909
_06817_, 231.84, 176.8, 1.75909
fanout96, 231.84, 176.8, 1.75909
FILLER_0_61_482, 231.84, 176.8, 1.75909
fanout95, 231.84, 171.36, 1.75966
hold160, 231.84, 171.36, 1.75966
ANTENNA__09786__B2, 231.84, 171.36, 1.75966
ANTENNA__09443__A1, 231.84, 171.36, 1.75966
ANTENNA__09443__A2, 231.84, 171.36, 1.75966
ANTENNA__11328__RESET_B, 231.84, 171.36, 1.75966
_09443_, 231.84, 165.92, 1.76027
_09444_, 231.84, 165.92, 1.76027
_09446_, 231.84, 165.92, 1.76027
clkbuf_leaf_66_clk, 231.84, 165.92, 1.76027
ANTENNA__09675__B2, 231.84, 165.92, 1.76027
_09436_, 231.84, 160.48, 1.76084
hold168, 231.84, 160.48, 1.76084
ANTENNA__09436__B_N, 231.84, 160.48, 1.76084
FILLER_0_54_488, 231.84, 160.48, 1.76084
_09487_, 231.84, 155.04, 1.76137
ANTENNA__09436__A, 231.84, 155.04, 1.76137
ANTENNA__09487__B1, 231.84, 155.04, 1.76137
ANTENNA__08438__A, 231.84, 155.04, 1.76137
ANTENNA__09576__A2, 231.84, 155.04, 1.76137
FILLER_0_54_496, 231.84, 155.04, 1.76137
_08438_, 231.84, 149.6, 1.76193
hold131, 231.84, 149.6, 1.76193
FILLER_0_52_501, 231.84, 149.6, 1.76193
_11324_, 231.84, 144.16, 1.76205
clkbuf_leaf_65_clk, 231.84, 144.16, 1.76205
hold458, 231.84, 144.16, 1.76205
_06802_, 231.84, 138.72, 1.76184
ANTENNA__09437__B1, 231.84, 138.72, 1.76184
ANTENNA__06788__B, 231.84, 138.72, 1.76184
ANTENNA__06802__A, 231.84, 138.72, 1.76184
ANTENNA__09437__A2, 231.84, 138.72, 1.76184
ANTENNA__11323__RESET_B, 231.84, 138.72, 1.76184
ANTENNA__11259__RESET_B, 231.84, 138.72, 1.76184
FILLER_0_46_486, 231.84, 138.72, 1.76184
FILLER_0_48_493, 231.84, 138.72, 1.76184
_09020_, 231.84, 133.28, 1.76158
_11258_, 231.84, 133.28, 1.76158
_11318_, 231.84, 133.28, 1.76158
ANTENNA__09020__B2, 231.84, 133.28, 1.76158
ANTENNA__09020__B1, 231.84, 133.28, 1.76158
FILLER_0_45_501, 231.84, 133.28, 1.76158
_08988_, 231.84, 127.84, 1.76137
_08989_, 231.84, 127.84, 1.76137
ANTENNA__08986__A1, 231.84, 127.84, 1.76137
ANTENNA__11256__RESET_B, 231.84, 127.84, 1.76137
FILLER_0_43_482, 231.84, 127.84, 1.76137
FILLER_0_43_493, 231.84, 127.84, 1.76137
_08951_, 231.84, 122.4, 1.76108
_08952_, 231.84, 122.4, 1.76108
_08983_, 231.84, 122.4, 1.76108
_08984_, 231.84, 122.4, 1.76108
_08986_, 231.84, 122.4, 1.76108
_11257_, 231.84, 122.4, 1.76108
FILLER_0_40_482, 231.84, 122.4, 1.76108
FILLER_0_41_501, 231.84, 122.4, 1.76108
_07168_, 231.84, 116.96, 1.76087
FILLER_0_39_496, 231.84, 116.96, 1.76087
_08805_, 231.84, 111.52, 1.76059
ANTENNA__07168__A, 231.84, 111.52, 1.76059
ANTENNA__07109__A, 231.84, 111.52, 1.76059
FILLER_0_37_490, 231.84, 111.52, 1.76059
FILLER_0_37_498, 231.84, 111.52, 1.76059
_08792_, 231.84, 106.08, 1.7604
_08793_, 231.84, 106.08, 1.7604
_08804_, 231.84, 106.08, 1.7604
_08842_, 231.84, 106.08, 1.7604
_08843_, 231.84, 106.08, 1.7604
ANTENNA_wire71_A, 231.84, 106.08, 1.7604
FILLER_0_35_500, 231.84, 106.08, 1.7604
_08735_, 231.84, 100.64, 1.76031
_08791_, 231.84, 100.64, 1.76031
wire71, 231.84, 100.64, 1.76031
FILLER_0_33_497, 231.84, 100.64, 1.76031
_08714_, 231.84, 95.2, 1.7601
_08715_, 231.84, 95.2, 1.7601
_08751_, 231.84, 95.2, 1.7601
FILLER_0_32_494, 231.84, 95.2, 1.7601
_08712_, 231.84, 89.76, 1.75983
FILLER_0_29_499, 231.84, 89.76, 1.75983
_08681_, 231.84, 84.32, 1.75975
_08736_, 231.84, 84.32, 1.75975
ANTENNA__08189__B, 231.84, 84.32, 1.75975
FILLER_0_26_487, 231.84, 84.32, 1.75975
FILLER_0_27_500, 231.84, 84.32, 1.75975
FILLER_0_28_501, 231.84, 84.32, 1.75975
_08656_, 231.84, 78.88, 1.75956
_08657_, 231.84, 78.88, 1.75956
_08701_, 231.84, 78.88, 1.75956
ANTENNA__08656__B, 231.84, 78.88, 1.75956
ANTENNA__08656__A, 231.84, 78.88, 1.75956
ANTENNA__08191__A2_N, 231.84, 78.88, 1.75956
FILLER_0_24_485, 231.84, 78.88, 1.75956
FILLER_0_24_491, 231.84, 78.88, 1.75956
FILLER_0_25_484, 231.84, 78.88, 1.75956
_08194_, 231.84, 73.44, 1.75939
_08653_, 231.84, 73.44, 1.75939
_08654_, 231.84, 73.44, 1.75939
_08655_, 231.84, 73.44, 1.75939
ANTENNA__08194__A, 231.84, 73.44, 1.75939
FILLER_0_23_491, 231.84, 73.44, 1.75939
FILLER_0_23_498, 231.84, 73.44, 1.75939
_08159_, 231.84, 68, 1.75918
_08626_, 231.84, 68, 1.75918
_08685_, 231.84, 68, 1.75918
ANTENNA__08159__B, 231.84, 68, 1.75918
ANTENNA__08160__C, 231.84, 68, 1.75918
ANTENNA__08187__A, 231.84, 68, 1.75918
ANTENNA__08160__A, 231.84, 68, 1.75918
ANTENNA__07243__A, 231.84, 68, 1.75918
FILLER_0_20_485, 231.84, 68, 1.75918
FILLER_0_21_491, 231.84, 68, 1.75918
FILLER_0_22_497, 231.84, 68, 1.75918
_07243_, 231.84, 62.56, 1.75906
_08187_, 231.84, 62.56, 1.75906
_08188_, 231.84, 62.56, 1.75906
_08315_, 231.84, 62.56, 1.75906
ANTENNA__08187__B, 231.84, 62.56, 1.75906
ANTENNA__08187__C, 231.84, 62.56, 1.75906
ANTENNA__08192__C, 231.84, 62.56, 1.75906
_08595_, 231.84, 57.12, 1.75893
ANTENNA__08595__A, 231.84, 57.12, 1.75893
ANTENNA__08595__B, 231.84, 57.12, 1.75893
ANTENNA__08315__B, 231.84, 57.12, 1.75893
ANTENNA__08188__C_N, 231.84, 57.12, 1.75893
ANTENNA__08315__A, 231.84, 57.12, 1.75893
FILLER_0_17_496, 231.84, 57.12, 1.75893
_08596_, 231.84, 51.68, 1.75882
FILLER_0_14_490, 231.84, 51.68, 1.75882
FILLER_0_15_484, 231.84, 51.68, 1.75882
FILLER_0_15_497, 231.84, 51.68, 1.75882
_08531_, 231.84, 46.24, 1.7587
_08597_, 231.84, 46.24, 1.7587
_08598_, 231.84, 46.24, 1.7587
_08599_, 231.84, 46.24, 1.7587
_08600_, 231.84, 46.24, 1.7587
ANTENNA__08531__B, 231.84, 46.24, 1.7587
FILLER_0_12_485, 231.84, 46.24, 1.7587
FILLER_0_13_499, 231.84, 46.24, 1.7587
_08532_, 231.84, 40.8, 1.75863
ANTENNA__08531__A_N, 231.84, 40.8, 1.75863
ANTENNA__08530__A2, 231.84, 40.8, 1.75863
FILLER_0_11_486, 231.84, 40.8, 1.75863
FILLER_0_11_492, 231.84, 40.8, 1.75863
FILLER_0_12_499, 231.84, 40.8, 1.75863
_08486_, 231.84, 35.36, 1.75848
_08525_, 231.84, 35.36, 1.75848
_08534_, 231.84, 35.36, 1.75848
FILLER_0_9_482, 231.84, 35.36, 1.75848
FILLER_0_10_494, 231.84, 35.36, 1.75848
_08487_, 231.84, 29.92, 1.75841
_08488_, 231.84, 29.92, 1.75841
ANTENNA__11358__RESET_B, 231.84, 29.92, 1.75841
FILLER_0_7_485, 231.84, 29.92, 1.75841
hold181, 231.84, 24.48, 1.75848
FILLER_0_5_497, 231.84, 24.48, 1.75848
_10419_, 231.84, 19.04, 1.75846
_11357_, 231.84, 19.04, 1.75846
ANTENNA__10418__S, 231.84, 19.04, 1.75846
ANTENNA_clkbuf_leaf_62_clk_A, 231.84, 19.04, 1.75846
_10418_, 231.84, 13.6, 1.75841
FILLER_0_0_501, 231.84, 13.6, 1.75841
FILLER_0_1_499, 231.84, 13.6, 1.75841
FILLER_0_146_417, 201.84, 410.72, 1.74593
input26, 201.84, 405.28, 1.74593
ANTENNA_input26_A, 201.84, 405.28, 1.74593
_08066_, 201.84, 388.96, 1.7459
_08078_, 201.84, 388.96, 1.7459
FILLER_0_139_417, 201.84, 388.96, 1.7459
_08031_, 201.84, 383.52, 1.74573
_08062_, 201.84, 383.52, 1.74573
_08065_, 201.84, 383.52, 1.74573
_08077_, 201.84, 383.52, 1.74573
FILLER_0_136_417, 201.84, 383.52, 1.74573
FILLER_0_137_420, 201.84, 383.52, 1.74573
FILLER_0_137_428, 201.84, 383.52, 1.74573
_08028_, 201.84, 378.08, 1.74591
FILLER_0_135_432, 201.84, 378.08, 1.74591
_07993_, 201.84, 372.64, 1.74605
_08059_, 201.84, 372.64, 1.74605
FILLER_0_132_417, 201.84, 372.64, 1.74605
FILLER_0_134_428, 201.84, 372.64, 1.74605
_07990_, 201.84, 367.2, 1.74617
_08022_, 201.84, 367.2, 1.74617
FILLER_0_130_421, 201.84, 367.2, 1.74617
_07943_, 201.84, 361.76, 1.74629
_07984_, 201.84, 361.76, 1.74629
_07985_, 201.84, 361.76, 1.74629
_07986_, 201.84, 361.76, 1.74629
FILLER_0_129_420, 201.84, 361.76, 1.74629
_07983_, 201.84, 356.32, 1.74647
_08026_, 201.84, 356.32, 1.74647
ANTENNA__07982__A1, 201.84, 356.32, 1.74647
ANTENNA__07981__A, 201.84, 356.32, 1.74647
FILLER_0_127_421, 201.84, 356.32, 1.74647
_07978_, 201.84, 350.88, 1.74666
_07981_, 201.84, 350.88, 1.74666
_07982_, 201.84, 350.88, 1.74666
_08027_, 201.84, 350.88, 1.74666
ANTENNA__08017__A, 201.84, 350.88, 1.74666
FILLER_0_124_421, 201.84, 350.88, 1.74666
FILLER_0_125_420, 201.84, 350.88, 1.74666
_07987_, 201.84, 345.44, 1.74686
ANTENNA__07978__A1, 201.84, 345.44, 1.74686
ANTENNA__07941__A, 201.84, 345.44, 1.74686
ANTENNA__08027__A, 201.84, 345.44, 1.74686
ANTENNA__08057__B1, 201.84, 345.44, 1.74686
FILLER_0_123_423, 201.84, 345.44, 1.74686
FILLER_0_123_433, 201.84, 345.44, 1.74686
FILLER_0_124_434, 201.84, 345.44, 1.74686
_07941_, 201.84, 340, 1.74709
_07945_, 201.84, 340, 1.74709
_08050_, 201.84, 340, 1.74709
_08089_, 201.84, 340, 1.74709
ANTENNA__07942__A1, 201.84, 340, 1.74709
ANTENNA__08089__A1, 201.84, 340, 1.74709
ANTENNA__08050__A1, 201.84, 340, 1.74709
ANTENNA__07945__A, 201.84, 340, 1.74709
ANTENNA__07940__B2, 201.84, 340, 1.74709
ANTENNA__07893__A, 201.84, 340, 1.74709
FILLER_0_121_416, 201.84, 340, 1.74709
FILLER_0_121_430, 201.84, 340, 1.74709
_07697_, 201.84, 334.56, 1.74722
_07940_, 201.84, 334.56, 1.74722
_08016_, 201.84, 334.56, 1.74722
_08088_, 201.84, 334.56, 1.74722
ANTENNA__07838__A, 201.84, 334.56, 1.74722
ANTENNA__08016__A1, 201.84, 334.56, 1.74722
ANTENNA__08016__A2, 201.84, 334.56, 1.74722
_07486_, 201.84, 329.12, 1.74751
_07784_, 201.84, 329.12, 1.74751
_07838_, 201.84, 329.12, 1.74751
_07880_, 201.84, 329.12, 1.74751
ANTENNA__07820__B, 201.84, 329.12, 1.74751
ANTENNA__07975__A2, 201.84, 329.12, 1.74751
FILLER_0_116_417, 201.84, 329.12, 1.74751
FILLER_0_117_418, 201.84, 329.12, 1.74751
_07771_, 201.84, 323.68, 1.74773
_07820_, 201.84, 323.68, 1.74773
_07891_, 201.84, 323.68, 1.74773
ANTENNA__07711__A, 201.84, 323.68, 1.74773
ANTENNA__07771__A, 201.84, 323.68, 1.74773
ANTENNA__07891__A2_N, 201.84, 323.68, 1.74773
FILLER_0_115_423, 201.84, 323.68, 1.74773
FILLER_0_115_435, 201.84, 323.68, 1.74773
FILLER_0_116_428, 201.84, 323.68, 1.74773
_07581_, 201.84, 318.24, 1.7481
_07709_, 201.84, 318.24, 1.7481
_07929_, 201.84, 318.24, 1.7481
ANTENNA__07581__A, 201.84, 318.24, 1.7481
ANTENNA__07709__C, 201.84, 318.24, 1.7481
ANTENNA__07891__A1_N, 201.84, 318.24, 1.7481
ANTENNA__07929__A, 201.84, 318.24, 1.7481
FILLER_0_113_431, 201.84, 318.24, 1.7481
FILLER_0_113_437, 201.84, 318.24, 1.7481
FILLER_0_114_428, 201.84, 318.24, 1.7481
_07515_, 201.84, 312.8, 1.74842
_07707_, 201.84, 312.8, 1.74842
ANTENNA__07707__B, 201.84, 312.8, 1.74842
ANTENNA__07515__B, 201.84, 312.8, 1.74842
ANTENNA__07515__A, 201.84, 312.8, 1.74842
FILLER_0_111_421, 201.84, 312.8, 1.74842
FILLER_0_111_429, 201.84, 312.8, 1.74842
FILLER_0_111_437, 201.84, 312.8, 1.74842
_10299_, 201.84, 307.36, 1.7487
_11338_, 201.84, 307.36, 1.7487
clkbuf_leaf_30_clk, 201.84, 307.36, 1.7487
hold459, 201.84, 307.36, 1.7487
ANTENNA__10299__A2, 201.84, 307.36, 1.7487
ANTENNA__11338__RESET_B, 201.84, 307.36, 1.7487
_10267_, 201.84, 301.92, 1.74906
_11337_, 201.84, 301.92, 1.74906
ANTENNA__10267__A2, 201.84, 301.92, 1.74906
FILLER_0_106_417, 201.84, 301.92, 1.74906
FILLER_0_106_421, 201.84, 301.92, 1.74906
_07431_, 201.84, 296.48, 1.74938
_07432_, 201.84, 296.48, 1.74938
_07539_, 201.84, 296.48, 1.74938
ANTENNA__07380__B1, 201.84, 296.48, 1.74938
ANTENNA__07725__B1, 201.84, 296.48, 1.74938
ANTENNA_fanout104_A, 201.84, 296.48, 1.74938
FILLER_0_104_417, 201.84, 296.48, 1.74938
FILLER_0_105_423, 201.84, 296.48, 1.74938
FILLER_0_106_427, 201.84, 296.48, 1.74938
_07378_, 201.84, 291.04, 1.74978
_07379_, 201.84, 291.04, 1.74978
_07430_, 201.84, 291.04, 1.74978
ANTENNA__07210__B, 201.84, 291.04, 1.74978
FILLER_0_102_416, 201.84, 291.04, 1.74978
FILLER_0_102_425, 201.84, 291.04, 1.74978
FILLER_0_103_416, 201.84, 291.04, 1.74978
_06793_, 201.84, 285.6, 1.75025
_07210_, 201.84, 285.6, 1.75025
_07291_, 201.84, 285.6, 1.75025
_07292_, 201.84, 285.6, 1.75025
_07293_, 201.84, 285.6, 1.75025
ANTENNA__06793__A, 201.84, 285.6, 1.75025
ANTENNA__06793__B, 201.84, 285.6, 1.75025
ANTENNA__07210__A, 201.84, 285.6, 1.75025
FILLER_0_101_427, 201.84, 285.6, 1.75025
_07209_, 201.84, 280.16, 1.7506
_07280_, 201.84, 280.16, 1.7506
_07377_, 201.84, 280.16, 1.7506
ANTENNA__07209__A, 201.84, 280.16, 1.7506
ANTENNA__07209__B, 201.84, 280.16, 1.7506
FILLER_0_98_416, 201.84, 280.16, 1.7506
FILLER_0_99_416, 201.84, 280.16, 1.7506
_10119_, 201.84, 274.72, 1.75083
_10168_, 201.84, 274.72, 1.75083
_10175_, 201.84, 274.72, 1.75083
_10215_, 201.84, 274.72, 1.75083
FILLER_0_97_425, 201.84, 274.72, 1.75083
_10176_, 201.84, 269.28, 1.75149
FILLER_0_95_431, 201.84, 269.28, 1.75149
_10067_, 201.84, 263.84, 1.75186
_10076_, 201.84, 263.84, 1.75186
_10120_, 201.84, 263.84, 1.75186
FILLER_0_93_422, 201.84, 263.84, 1.75186
FILLER_0_94_433, 201.84, 263.84, 1.75186
_10020_, 201.84, 258.4, 1.75229
_10068_, 201.84, 258.4, 1.75229
FILLER_0_90_416, 201.84, 258.4, 1.75229
FILLER_0_90_421, 201.84, 258.4, 1.75229
FILLER_0_91_423, 201.84, 258.4, 1.75229
_10012_, 201.84, 252.96, 1.75302
_10013_, 201.84, 252.96, 1.75302
_10074_, 201.84, 252.96, 1.75302
_09955_, 201.84, 247.52, 1.75359
_10011_, 201.84, 247.52, 1.75359
ANTENNA__07240__B, 201.84, 247.52, 1.75359
FILLER_0_86_417, 201.84, 247.52, 1.75359
FILLER_0_88_427, 201.84, 247.52, 1.75359
FILLER_0_88_435, 201.84, 247.52, 1.75359
_07129_, 201.84, 242.08, 1.75425
_07131_, 201.84, 242.08, 1.75425
_07133_, 201.84, 242.08, 1.75425
_07196_, 201.84, 242.08, 1.75425
ANTENNA__07134__A, 201.84, 242.08, 1.75425
ANTENNA__07133__A, 201.84, 242.08, 1.75425
ANTENNA__07129__A, 201.84, 242.08, 1.75425
ANTENNA__07134__B, 201.84, 242.08, 1.75425
ANTENNA__07133__B, 201.84, 242.08, 1.75425
FILLER_0_85_426, 201.84, 242.08, 1.75425
FILLER_0_86_428, 201.84, 242.08, 1.75425
_07130_, 201.84, 236.64, 1.75472
_07134_, 201.84, 236.64, 1.75472
_07135_, 201.84, 236.64, 1.75472
_07136_, 201.84, 236.64, 1.75472
ANTENNA__07050__B, 201.84, 236.64, 1.75472
ANTENNA__07050__A, 201.84, 236.64, 1.75472
ANTENNA__07130__A, 201.84, 236.64, 1.75472
FILLER_0_82_421, 201.84, 236.64, 1.75472
FILLER_0_83_428, 201.84, 236.64, 1.75472
_07007_, 201.84, 231.2, 1.75546
_07050_, 201.84, 231.2, 1.75546
ANTENNA__07007__A, 201.84, 231.2, 1.75546
ANTENNA__07049__B, 201.84, 231.2, 1.75546
ANTENNA__07007__B, 201.84, 231.2, 1.75546
ANTENNA__07049__A, 201.84, 231.2, 1.75546
ANTENNA__07130__B, 201.84, 231.2, 1.75546
FILLER_0_81_417, 201.84, 231.2, 1.75546
FILLER_0_81_423, 201.84, 231.2, 1.75546
_09903_, 201.84, 225.76, 1.75606
_09956_, 201.84, 225.76, 1.75606
_09957_, 201.84, 225.76, 1.75606
FILLER_0_78_416, 201.84, 225.76, 1.75606
FILLER_0_78_421, 201.84, 225.76, 1.75606
_09847_, 201.84, 220.32, 1.75665
_09905_, 201.84, 220.32, 1.75665
ANTENNA__08109__B, 201.84, 220.32, 1.75665
FILLER_0_76_421, 201.84, 220.32, 1.75665
_09789_, 201.84, 214.88, 1.75743
_09836_, 201.84, 214.88, 1.75743
_09848_, 201.84, 214.88, 1.75743
_09906_, 201.84, 214.88, 1.75743
FILLER_0_75_424, 201.84, 214.88, 1.75743
_09837_, 201.84, 209.44, 1.75812
FILLER_0_73_421, 201.84, 209.44, 1.75812
FILLER_0_73_431, 201.84, 209.44, 1.75812
_09839_, 201.84, 204, 1.7589
_09907_, 201.84, 204, 1.7589
ANTENNA__09788__B, 201.84, 204, 1.7589
FILLER_0_71_425, 201.84, 204, 1.7589
_09712_, 201.84, 198.56, 1.7597
_09772_, 201.84, 198.56, 1.7597
_09773_, 201.84, 198.56, 1.7597
_09774_, 201.84, 198.56, 1.7597
_09838_, 201.84, 193.12, 1.7605
clkbuf_0_clk, 201.84, 193.12, 1.7605
ANTENNA_clkbuf_0_clk_A, 201.84, 193.12, 1.7605
FILLER_0_66_421, 201.84, 193.12, 1.7605
_09775_, 201.84, 187.68, 1.76138
_09776_, 201.84, 187.68, 1.76138
ANTENNA__09438__B, 201.84, 187.68, 1.76138
FILLER_0_66_428, 201.84, 187.68, 1.76138
_09715_, 201.84, 182.24, 1.76218
_09777_, 201.84, 182.24, 1.76218
FILLER_0_62_421, 201.84, 182.24, 1.76218
FILLER_0_63_417, 201.84, 182.24, 1.76218
FILLER_0_64_433, 201.84, 182.24, 1.76218
_09667_, 201.84, 176.8, 1.76301
_09714_, 201.84, 176.8, 1.76301
_09716_, 201.84, 176.8, 1.76301
FILLER_0_61_417, 201.84, 176.8, 1.76301
FILLER_0_62_429, 201.84, 176.8, 1.76301
_09668_, 201.84, 171.36, 1.76385
_09670_, 201.84, 171.36, 1.76385
ANTENNA__09459__A, 201.84, 171.36, 1.76385
ANTENNA__09458__A2, 201.84, 171.36, 1.76385
FILLER_0_58_425, 201.84, 171.36, 1.76385
FILLER_0_59_417, 201.84, 171.36, 1.76385
_09458_, 201.84, 165.92, 1.76485
_09459_, 201.84, 165.92, 1.76485
_09460_, 201.84, 165.92, 1.76485
_09717_, 201.84, 165.92, 1.76485
ANTENNA__09458__A1, 201.84, 165.92, 1.76485
FILLER_0_56_426, 201.84, 165.92, 1.76485
_08185_, 201.84, 160.48, 1.76575
_09623_, 201.84, 160.48, 1.76575
ANTENNA__06837__A, 201.84, 160.48, 1.76575
ANTENNA__08185__B, 201.84, 160.48, 1.76575
ANTENNA__08185__A, 201.84, 160.48, 1.76575
FILLER_0_54_421, 201.84, 160.48, 1.76575
FILLER_0_55_420, 201.84, 160.48, 1.76575
FILLER_0_56_434, 201.84, 160.48, 1.76575
_06837_, 201.84, 155.04, 1.76661
_09485_, 201.84, 155.04, 1.76661
_09489_, 201.84, 155.04, 1.76661
ANTENNA__06837__B, 201.84, 155.04, 1.76661
FILLER_0_52_421, 201.84, 155.04, 1.76661
_09510_, 201.84, 149.6, 1.76751
_09511_, 201.84, 149.6, 1.76751
_09542_, 201.84, 149.6, 1.76751
_09067_, 201.84, 144.16, 1.76758
FILLER_0_48_416, 201.84, 144.16, 1.76758
_07048_, 201.84, 138.72, 1.76701
_09070_, 201.84, 138.72, 1.76701
_11260_, 201.84, 138.72, 1.76701
ANTENNA__09070__A2, 201.84, 138.72, 1.76701
ANTENNA__07048__A, 201.84, 138.72, 1.76701
FILLER_0_46_417, 201.84, 138.72, 1.76701
FILLER_0_47_428, 201.84, 138.72, 1.76701
_09014_, 201.84, 133.28, 1.76646
_09046_, 201.84, 133.28, 1.76646
_09069_, 201.84, 133.28, 1.76646
ANTENNA__09069__B1, 201.84, 133.28, 1.76646
FILLER_0_44_417, 201.84, 133.28, 1.76646
FILLER_0_45_429, 201.84, 133.28, 1.76646
_09016_, 201.84, 127.84, 1.76601
_09022_, 201.84, 127.84, 1.76601
FILLER_0_44_432, 201.84, 127.84, 1.76601
_08942_, 201.84, 122.4, 1.76544
_08981_, 201.84, 122.4, 1.76544
FILLER_0_42_433, 201.84, 122.4, 1.76544
_08943_, 201.84, 116.96, 1.76497
_08944_, 201.84, 116.96, 1.76497
_08945_, 201.84, 116.96, 1.76497
_08946_, 201.84, 116.96, 1.76497
_08979_, 201.84, 116.96, 1.76497
_08980_, 201.84, 116.96, 1.76497
FILLER_0_39_417, 201.84, 116.96, 1.76497
_08885_, 201.84, 111.52, 1.76457
_08941_, 201.84, 111.52, 1.76457
FILLER_0_36_416, 201.84, 111.52, 1.76457
_06960_, 201.84, 106.08, 1.76416
_08820_, 201.84, 106.08, 1.76416
_08907_, 201.84, 106.08, 1.76416
FILLER_0_35_420, 201.84, 106.08, 1.76416
_08760_, 201.84, 100.64, 1.76385
_08768_, 201.84, 95.2, 1.76345
_08818_, 201.84, 95.2, 1.76345
_08819_, 201.84, 95.2, 1.76345
ANTENNA__06794__B, 201.84, 95.2, 1.76345
_08831_, 201.84, 89.76, 1.76305
_08832_, 201.84, 89.76, 1.76305
_08889_, 201.84, 89.76, 1.76305
_08830_, 201.84, 84.32, 1.76277
_08869_, 201.84, 84.32, 1.76277
ANTENNA__08829__A, 201.84, 84.32, 1.76277
_08779_, 201.84, 78.88, 1.7625
_08783_, 201.84, 78.88, 1.7625
ANTENNA__08829__B, 201.84, 78.88, 1.7625
FILLER_0_24_417, 201.84, 78.88, 1.7625
FILLER_0_24_421, 201.84, 78.88, 1.7625
FILLER_0_26_428, 201.84, 78.88, 1.7625
FILLER_0_26_436, 201.84, 78.88, 1.7625
_08775_, 201.84, 73.44, 1.76225
_08777_, 201.84, 73.44, 1.76225
_08780_, 201.84, 73.44, 1.76225
_08782_, 201.84, 73.44, 1.76225
ANTENNA__08780__A, 201.84, 73.44, 1.76225
ANTENNA__08780__B, 201.84, 73.44, 1.76225
ANTENNA__08775__A1, 201.84, 73.44, 1.76225
FILLER_0_23_422, 201.84, 73.44, 1.76225
ANTENNA__08775__A2, 201.84, 68, 1.76198
ANTENNA__08602__B, 201.84, 68, 1.76198
ANTENNA__08776__A, 201.84, 68, 1.76198
FILLER_0_20_421, 201.84, 68, 1.76198
_08605_, 201.84, 62.56, 1.7617
_08607_, 201.84, 62.56, 1.7617
_08608_, 201.84, 62.56, 1.7617
_08623_, 201.84, 62.56, 1.7617
_08647_, 201.84, 62.56, 1.7617
_08680_, 201.84, 62.56, 1.7617
ANTENNA__08255__A2, 201.84, 62.56, 1.7617
ANTENNA__08602__A, 201.84, 62.56, 1.7617
FILLER_0_18_425, 201.84, 62.56, 1.7617
_08255_, 201.84, 57.12, 1.76149
_08256_, 201.84, 57.12, 1.76149
_08646_, 201.84, 57.12, 1.76149
ANTENNA__08255__B1, 201.84, 57.12, 1.76149
ANTENNA__08256__A2, 201.84, 57.12, 1.76149
FILLER_0_17_427, 201.84, 57.12, 1.76149
FILLER_0_17_435, 201.84, 57.12, 1.76149
_08257_, 201.84, 51.68, 1.76136
_08325_, 201.84, 51.68, 1.76136
ANTENNA__08256__A1, 201.84, 51.68, 1.76136
ANTENNA__08224__B, 201.84, 51.68, 1.76136
ANTENNA__08257__B, 201.84, 51.68, 1.76136
FILLER_0_14_421, 201.84, 51.68, 1.76136
FILLER_0_16_436, 201.84, 51.68, 1.76136
_08326_, 201.84, 46.24, 1.7612
FILLER_0_12_421, 201.84, 46.24, 1.7612
FILLER_0_13_419, 201.84, 46.24, 1.7612
_08361_, 201.84, 40.8, 1.76108
_08362_, 201.84, 40.8, 1.76108
_08363_, 201.84, 40.8, 1.76108
_08364_, 201.84, 40.8, 1.76108
FILLER_0_10_421, 201.84, 40.8, 1.76108
FILLER_0_11_422, 201.84, 40.8, 1.76108
FILLER_0_12_433, 201.84, 40.8, 1.76108
_08365_, 201.84, 35.36, 1.76087
_08366_, 201.84, 35.36, 1.76087
_08420_, 201.84, 35.36, 1.76087
_08422_, 201.84, 35.36, 1.76087
FILLER_0_8_417, 201.84, 35.36, 1.76087
FILLER_0_9_437, 201.84, 35.36, 1.76087
FILLER_0_4_421, 201.84, 24.48, 1.76084
_10428_, 201.84, 19.04, 1.76082
_11362_, 201.84, 19.04, 1.76082
ANTENNA__10428__S, 201.84, 19.04, 1.76082
ANTENNA__11362__RESET_B, 201.84, 19.04, 1.76082
FILLER_0_2_421, 201.84, 19.04, 1.76082
FILLER_0_3_417, 201.84, 19.04, 1.76082
FILLER_0_4_429, 201.84, 19.04, 1.76082
_10429_, 201.84, 13.6, 1.76057
_11361_, 201.84, 13.6, 1.76057
output56, 201.84, 13.6, 1.76057
clkbuf_leaf_68_clk, 201.84, 13.6, 1.76057
ANTENNA_clkbuf_leaf_68_clk_A, 201.84, 13.6, 1.76057
FILLER_0_0_417, 201.84, 13.6, 1.76057
FILLER_0_0_421, 201.84, 13.6, 1.76057
FILLER_0_1_417, 201.84, 13.6, 1.76057
FILLER_0_146_361, 171.84, 410.72, 1.74738
FILLER_0_144_357, 171.84, 405.28, 1.74738
FILLER_0_142_357, 171.84, 399.84, 1.74739
FILLER_0_140_357, 171.84, 394.4, 1.7474
FILLER_0_138_357, 171.84, 388.96, 1.74741
FILLER_0_136_357, 171.84, 383.52, 1.74737
_10357_, 171.84, 378.08, 1.74743
FILLER_0_134_353, 171.84, 378.08, 1.74743
_10324_, 171.84, 372.64, 1.74745
_10325_, 171.84, 372.64, 1.74745
_10326_, 171.84, 372.64, 1.74745
_10358_, 171.84, 372.64, 1.74745
_10362_, 171.84, 372.64, 1.74745
_10378_, 171.84, 372.64, 1.74745
_10295_, 171.84, 367.2, 1.74765
_10300_, 171.84, 367.2, 1.74765
_10333_, 171.84, 367.2, 1.74765
FILLER_0_131_371, 171.84, 367.2, 1.74765
_10250_, 171.84, 361.76, 1.74781
_10253_, 171.84, 361.76, 1.74781
_10254_, 171.84, 361.76, 1.74781
_10294_, 171.84, 361.76, 1.74781
FILLER_0_129_353, 171.84, 361.76, 1.74781
_10255_, 171.84, 356.32, 1.74797
_10189_, 171.84, 350.88, 1.74821
_10246_, 171.84, 350.88, 1.74821
_10247_, 171.84, 350.88, 1.74821
FILLER_0_124_359, 171.84, 350.88, 1.74821
FILLER_0_126_365, 171.84, 350.88, 1.74821
_10204_, 171.84, 345.44, 1.74838
_10205_, 171.84, 345.44, 1.74838
FILLER_0_122_353, 171.84, 345.44, 1.74838
FILLER_0_122_361, 171.84, 345.44, 1.74838
_10206_, 171.84, 340, 1.74864
_10207_, 171.84, 334.56, 1.74878
_10208_, 171.84, 334.56, 1.74878
_10256_, 171.84, 334.56, 1.74878
FILLER_0_118_353, 171.84, 334.56, 1.74878
FILLER_0_118_361, 171.84, 334.56, 1.74878
FILLER_0_119_363, 171.84, 334.56, 1.74878
_10092_, 171.84, 329.12, 1.74908
_10159_, 171.84, 329.12, 1.74908
FILLER_0_117_367, 171.84, 329.12, 1.74908
FILLER_0_118_365, 171.84, 329.12, 1.74908
_10093_, 171.84, 323.68, 1.74931
FILLER_0_114_358, 171.84, 323.68, 1.74931
_10094_, 171.84, 318.24, 1.74968
_10095_, 171.84, 318.24, 1.74968
_10161_, 171.84, 318.24, 1.74968
_10162_, 171.84, 318.24, 1.74968
FILLER_0_112_357, 171.84, 318.24, 1.74968
FILLER_0_113_357, 171.84, 318.24, 1.74968
FILLER_0_114_365, 171.84, 318.24, 1.74968
_10041_, 171.84, 312.8, 1.75003
_10160_, 171.84, 312.8, 1.75003
_10163_, 171.84, 312.8, 1.75003
FILLER_0_110_360, 171.84, 312.8, 1.75003
FILLER_0_111_359, 171.84, 312.8, 1.75003
_10109_, 171.84, 307.36, 1.75036
FILLER_0_108_359, 171.84, 307.36, 1.75036
FILLER_0_110_365, 171.84, 307.36, 1.75036
_09992_, 171.84, 301.92, 1.75069
_10042_, 171.84, 301.92, 1.75069
_10043_, 171.84, 301.92, 1.75069
FILLER_0_106_357, 171.84, 301.92, 1.75069
FILLER_0_107_352, 171.84, 301.92, 1.75069
_07427_, 171.84, 296.48, 1.7511
_10001_, 171.84, 296.48, 1.7511
ANTENNA__07427__A, 171.84, 296.48, 1.7511
FILLER_0_104_360, 171.84, 296.48, 1.7511
FILLER_0_106_372, 171.84, 296.48, 1.7511
_10046_, 171.84, 291.04, 1.75148
_10055_, 171.84, 291.04, 1.75148
_10056_, 171.84, 291.04, 1.75148
_10057_, 171.84, 291.04, 1.75148
_10058_, 171.84, 291.04, 1.75148
FILLER_0_103_357, 171.84, 291.04, 1.75148
_09945_, 171.84, 285.6, 1.75197
_10002_, 171.84, 285.6, 1.75197
_09946_, 171.84, 280.16, 1.75239
_10003_, 171.84, 280.16, 1.75239
FILLER_0_99_361, 171.84, 280.16, 1.75239
_09936_, 171.84, 274.72, 1.75282
_09970_, 171.84, 274.72, 1.75282
_09980_, 171.84, 274.72, 1.75282
FILLER_0_96_355, 171.84, 274.72, 1.75282
FILLER_0_97_366, 171.84, 274.72, 1.75282
_09979_, 171.84, 269.28, 1.75336
_10021_, 171.84, 269.28, 1.75336
FILLER_0_94_359, 171.84, 269.28, 1.75336
_09926_, 171.84, 263.84, 1.75385
_09927_, 171.84, 263.84, 1.75385
_09928_, 171.84, 263.84, 1.75385
FILLER_0_92_356, 171.84, 263.84, 1.75385
_09929_, 171.84, 258.4, 1.75443
_09966_, 171.84, 258.4, 1.75443
_09977_, 171.84, 258.4, 1.75443
_09978_, 171.84, 258.4, 1.75443
_10054_, 171.84, 258.4, 1.75443
ANTENNA__09977__A, 171.84, 258.4, 1.75443
FILLER_0_90_359, 171.84, 258.4, 1.75443
FILLER_0_91_353, 171.84, 258.4, 1.75443
_09971_, 171.84, 252.96, 1.75507
_09974_, 171.84, 252.96, 1.75507
_09975_, 171.84, 252.96, 1.75507
_10044_, 171.84, 252.96, 1.75507
ANTENNA__10053__B, 171.84, 252.96, 1.75507
ANTENNA__10044__A1, 171.84, 252.96, 1.75507
FILLER_0_88_361, 171.84, 252.96, 1.75507
FILLER_0_89_355, 171.84, 252.96, 1.75507
FILLER_0_89_371, 171.84, 252.96, 1.75507
ANTENNA__09971__B, 171.84, 247.52, 1.75568
FILLER_0_86_361, 171.84, 247.52, 1.75568
_09797_, 171.84, 242.08, 1.75633
_09884_, 171.84, 242.08, 1.75633
_09885_, 171.84, 242.08, 1.75633
FILLER_0_84_354, 171.84, 242.08, 1.75633
FILLER_0_85_360, 171.84, 242.08, 1.75633
_09924_, 171.84, 236.64, 1.75695
ANTENNA__09924__B, 171.84, 236.64, 1.75695
ANTENNA__09968__A2, 171.84, 236.64, 1.75695
ANTENNA__09924__A, 171.84, 236.64, 1.75695
FILLER_0_82_357, 171.84, 236.64, 1.75695
FILLER_0_84_365, 171.84, 236.64, 1.75695
_09889_, 171.84, 231.2, 1.75772
_09890_, 171.84, 231.2, 1.75772
_09891_, 171.84, 231.2, 1.75772
ANTENNA__09890__A, 171.84, 231.2, 1.75772
ANTENNA__09973__A1, 171.84, 231.2, 1.75772
ANTENNA__09973__A2, 171.84, 231.2, 1.75772
FILLER_0_81_353, 171.84, 231.2, 1.75772
FILLER_0_81_365, 171.84, 231.2, 1.75772
FILLER_0_82_365, 171.84, 231.2, 1.75772
_09917_, 171.84, 225.76, 1.75849
_09973_, 171.84, 225.76, 1.75849
ANTENNA__09829__B, 171.84, 225.76, 1.75849
FILLER_0_78_357, 171.84, 225.76, 1.75849
FILLER_0_79_351, 171.84, 225.76, 1.75849
_08752_, 171.84, 220.32, 1.75925
_09824_, 171.84, 220.32, 1.75925
_09825_, 171.84, 220.32, 1.75925
_09829_, 171.84, 220.32, 1.75925
_09888_, 171.84, 220.32, 1.75925
ANTENNA__09829__A, 171.84, 220.32, 1.75925
ANTENNA__09473__C1, 171.84, 220.32, 1.75925
FILLER_0_77_361, 171.84, 220.32, 1.75925
FILLER_0_78_365, 171.84, 220.32, 1.75925
_06862_, 171.84, 214.88, 1.76008
_09474_, 171.84, 214.88, 1.76008
_09821_, 171.84, 214.88, 1.76008
_09822_, 171.84, 214.88, 1.76008
ANTENNA__06884__B, 171.84, 214.88, 1.76008
ANTENNA__06862__B, 171.84, 214.88, 1.76008
FILLER_0_74_355, 171.84, 214.88, 1.76008
FILLER_0_75_363, 171.84, 214.88, 1.76008
FILLER_0_75_369, 171.84, 214.88, 1.76008
_09700_, 171.84, 209.44, 1.76086
_09701_, 171.84, 209.44, 1.76086
_09702_, 171.84, 209.44, 1.76086
_09703_, 171.84, 209.44, 1.76086
_09704_, 171.84, 209.44, 1.76086
ANTENNA__09702__A1, 171.84, 209.44, 1.76086
ANTENNA__09701__A, 171.84, 209.44, 1.76086
FILLER_0_72_359, 171.84, 209.44, 1.76086
_09498_, 171.84, 204, 1.76183
_09499_, 171.84, 204, 1.76183
_09500_, 171.84, 204, 1.76183
_09823_, 171.84, 204, 1.76183
ANTENNA__09823__A1, 171.84, 204, 1.76183
ANTENNA__09498__B, 171.84, 204, 1.76183
ANTENNA__09751__A1, 171.84, 204, 1.76183
ANTENNA__09499__A, 171.84, 204, 1.76183
FILLER_0_70_361, 171.84, 204, 1.76183
FILLER_0_71_359, 171.84, 204, 1.76183
_09478_, 171.84, 198.56, 1.76283
_09651_, 171.84, 198.56, 1.76283
_09653_, 171.84, 198.56, 1.76283
ANTENNA__09651__A1, 171.84, 198.56, 1.76283
ANTENNA__09478__A, 171.84, 198.56, 1.76283
ANTENNA__09651__A2, 171.84, 198.56, 1.76283
FILLER_0_68_353, 171.84, 198.56, 1.76283
FILLER_0_68_360, 171.84, 198.56, 1.76283
_09652_, 171.84, 193.12, 1.76389
_09656_, 171.84, 193.12, 1.76389
_09697_, 171.84, 193.12, 1.76389
max_cap70, 171.84, 193.12, 1.76389
ANTENNA_max_cap70_A, 171.84, 193.12, 1.76389
ANTENNA__09470__C1, 171.84, 193.12, 1.76389
ANTENNA__09466__B, 171.84, 193.12, 1.76389
FILLER_0_67_352, 171.84, 193.12, 1.76389
FILLER_0_67_367, 171.84, 193.12, 1.76389
_09434_, 171.84, 187.68, 1.76496
_09435_, 171.84, 187.68, 1.76496
_09466_, 171.84, 187.68, 1.76496
_09496_, 171.84, 187.68, 1.76496
ANTENNA__09435__A, 171.84, 187.68, 1.76496
ANTENNA__09454__A, 171.84, 187.68, 1.76496
ANTENNA__09434__A, 171.84, 187.68, 1.76496
FILLER_0_64_354, 171.84, 187.68, 1.76496
FILLER_0_65_361, 171.84, 187.68, 1.76496
FILLER_0_66_365, 171.84, 187.68, 1.76496
_09454_, 171.84, 182.24, 1.76605
_09455_, 171.84, 182.24, 1.76605
_09531_, 171.84, 182.24, 1.76605
ANTENNA__09602__A1, 171.84, 182.24, 1.76605
ANTENNA__09454__B, 171.84, 182.24, 1.76605
FILLER_0_62_360, 171.84, 182.24, 1.76605
FILLER_0_63_368, 171.84, 182.24, 1.76605
_09504_, 171.84, 176.8, 1.76717
_09532_, 171.84, 176.8, 1.76717
ANTENNA__09502__A, 171.84, 176.8, 1.76717
FILLER_0_60_354, 171.84, 176.8, 1.76717
FILLER_0_61_357, 171.84, 176.8, 1.76717
FILLER_0_61_365, 171.84, 176.8, 1.76717
_09501_, 171.84, 171.36, 1.76857
_09502_, 171.84, 171.36, 1.76857
_09503_, 171.84, 171.36, 1.76857
ANTENNA__09536__A2, 171.84, 171.36, 1.76857
ANTENNA__09501__A, 171.84, 171.36, 1.76857
FILLER_0_59_355, 171.84, 171.36, 1.76857
FILLER_0_59_365, 171.84, 171.36, 1.76857
_09535_, 171.84, 165.92, 1.77001
_09536_, 171.84, 165.92, 1.77001
_09537_, 171.84, 165.92, 1.77001
ANTENNA__09536__A1, 171.84, 165.92, 1.77001
ANTENNA__09535__B1, 171.84, 165.92, 1.77001
FILLER_0_56_354, 171.84, 165.92, 1.77001
_09538_, 171.84, 160.48, 1.77143
_09570_, 171.84, 160.48, 1.77143
_09618_, 171.84, 160.48, 1.77143
ANTENNA__09451__B, 171.84, 160.48, 1.77143
FILLER_0_55_372, 171.84, 160.48, 1.77143
FILLER_0_56_365, 171.84, 160.48, 1.77143
_08672_, 171.84, 155.04, 1.77295
_09539_, 171.84, 155.04, 1.77295
ANTENNA__08672__A, 171.84, 155.04, 1.77295
ANTENNA__08672__B, 171.84, 155.04, 1.77295
FILLER_0_53_360, 171.84, 155.04, 1.77295
FILLER_0_53_372, 171.84, 155.04, 1.77295
_06933_, 171.84, 149.6, 1.77446
_08808_, 171.84, 149.6, 1.77446
_09026_, 171.84, 149.6, 1.77446
_09028_, 171.84, 149.6, 1.77446
_09059_, 171.84, 149.6, 1.77446
ANTENNA__06933__A, 171.84, 149.6, 1.77446
ANTENNA__09059__A, 171.84, 149.6, 1.77446
ANTENNA__09059__B, 171.84, 149.6, 1.77446
ANTENNA__08808__B, 171.84, 149.6, 1.77446
ANTENNA__09027__A, 171.84, 149.6, 1.77446
ANTENNA__08808__A, 171.84, 149.6, 1.77446
FILLER_0_51_367, 171.84, 149.6, 1.77446
FILLER_0_51_372, 171.84, 149.6, 1.77446
_08615_, 171.84, 144.16, 1.77437
_09027_, 171.84, 144.16, 1.77437
_09060_, 171.84, 144.16, 1.77437
_09062_, 171.84, 144.16, 1.77437
ANTENNA__08615__A, 171.84, 144.16, 1.77437
ANTENNA__09027__B, 171.84, 144.16, 1.77437
ANTENNA__08615__B, 171.84, 144.16, 1.77437
ANTENNA__09026__A, 171.84, 144.16, 1.77437
FILLER_0_48_352, 171.84, 144.16, 1.77437
_08806_, 171.84, 138.72, 1.77324
_09024_, 171.84, 138.72, 1.77324
ANTENNA__09061__A1, 171.84, 138.72, 1.77324
ANTENNA__08806__B, 171.84, 138.72, 1.77324
ANTENNA__09024__B1, 171.84, 138.72, 1.77324
ANTENNA__09060__A, 171.84, 138.72, 1.77324
FILLER_0_47_366, 171.84, 138.72, 1.77324
FILLER_0_48_369, 171.84, 138.72, 1.77324
_09005_, 171.84, 133.28, 1.77217
_09023_, 171.84, 133.28, 1.77217
ANTENNA__08992__B1, 171.84, 133.28, 1.77217
_08967_, 171.84, 127.84, 1.77113
_08969_, 171.84, 127.84, 1.77113
_08991_, 171.84, 127.84, 1.77113
_09006_, 171.84, 127.84, 1.77113
_09007_, 171.84, 127.84, 1.77113
ANTENNA__08968__B1, 171.84, 127.84, 1.77113
FILLER_0_43_357, 171.84, 127.84, 1.77113
FILLER_0_44_365, 171.84, 127.84, 1.77113
_08968_, 171.84, 122.4, 1.7701
_08971_, 171.84, 122.4, 1.7701
_08972_, 171.84, 122.4, 1.7701
FILLER_0_40_359, 171.84, 122.4, 1.7701
FILLER_0_41_360, 171.84, 122.4, 1.7701
_08964_, 171.84, 116.96, 1.76917
_08966_, 171.84, 116.96, 1.76917
_08970_, 171.84, 116.96, 1.76917
_08976_, 171.84, 116.96, 1.76917
_09010_, 171.84, 116.96, 1.76917
FILLER_0_39_356, 171.84, 116.96, 1.76917
_08933_, 171.84, 111.52, 1.76848
_08934_, 171.84, 111.52, 1.76848
_08935_, 171.84, 111.52, 1.76848
_08936_, 171.84, 111.52, 1.76848
FILLER_0_36_361, 171.84, 111.52, 1.76848
FILLER_0_37_356, 171.84, 111.52, 1.76848
_08717_, 171.84, 106.08, 1.76785
_08756_, 171.84, 106.08, 1.76785
_08811_, 171.84, 106.08, 1.76785
_08871_, 171.84, 106.08, 1.76785
_08931_, 171.84, 106.08, 1.76785
ANTENNA__08756__A, 171.84, 106.08, 1.76785
ANTENNA__08811__A, 171.84, 106.08, 1.76785
FILLER_0_35_354, 171.84, 106.08, 1.76785
FILLER_0_35_359, 171.84, 106.08, 1.76785
FILLER_0_35_368, 171.84, 106.08, 1.76785
_08755_, 171.84, 100.64, 1.76724
_08757_, 171.84, 100.64, 1.76724
_08815_, 171.84, 100.64, 1.76724
ANTENNA__08926__A, 171.84, 100.64, 1.76724
ANTENNA__08717__A, 171.84, 100.64, 1.76724
ANTENNA__08755__A1, 171.84, 100.64, 1.76724
FILLER_0_32_356, 171.84, 100.64, 1.76724
FILLER_0_33_356, 171.84, 100.64, 1.76724
_08767_, 171.84, 95.2, 1.76663
_08928_, 171.84, 95.2, 1.76663
ANTENNA__08928__A2, 171.84, 95.2, 1.76663
ANTENNA__08928__A1, 171.84, 95.2, 1.76663
ANTENNA__08759__B1, 171.84, 95.2, 1.76663
_08721_, 171.84, 89.76, 1.76601
_08759_, 171.84, 89.76, 1.76601
_08761_, 171.84, 89.76, 1.76601
FILLER_0_30_371, 171.84, 89.76, 1.76601
_08674_, 171.84, 84.32, 1.76558
_08722_, 171.84, 84.32, 1.76558
_08823_, 171.84, 84.32, 1.76558
ANTENNA__08722__B1, 171.84, 84.32, 1.76558
FILLER_0_26_359, 171.84, 84.32, 1.76558
FILLER_0_27_354, 171.84, 84.32, 1.76558
FILLER_0_28_372, 171.84, 84.32, 1.76558
_08466_, 171.84, 78.88, 1.76515
_08675_, 171.84, 78.88, 1.76515
_08676_, 171.84, 78.88, 1.76515
_08678_, 171.84, 78.88, 1.76515
_08731_, 171.84, 78.88, 1.76515
ANTENNA__08467__C1, 171.84, 78.88, 1.76515
ANTENNA__08467__A2, 171.84, 78.88, 1.76515
FILLER_0_25_352, 171.84, 78.88, 1.76515
FILLER_0_26_365, 171.84, 78.88, 1.76515
ANTENNA__08609__A, 171.84, 73.44, 1.76484
FILLER_0_22_358, 171.84, 73.44, 1.76484
_08346_, 171.84, 68, 1.76445
_08665_, 171.84, 68, 1.76445
_08666_, 171.84, 68, 1.76445
ANTENNA__08347__A, 171.84, 68, 1.76445
FILLER_0_21_357, 171.84, 68, 1.76445
_08351_, 171.84, 62.56, 1.76411
_08547_, 171.84, 62.56, 1.76411
_08703_, 171.84, 62.56, 1.76411
ANTENNA__08346__C, 171.84, 62.56, 1.76411
ANTENNA__08346__B, 171.84, 62.56, 1.76411
FILLER_0_18_352, 171.84, 62.56, 1.76411
FILLER_0_19_366, 171.84, 62.56, 1.76411
_07057_, 171.84, 57.12, 1.76381
_08225_, 171.84, 57.12, 1.76381
_08228_, 171.84, 57.12, 1.76381
_08546_, 171.84, 57.12, 1.76381
_08550_, 171.84, 57.12, 1.76381
_08552_, 171.84, 57.12, 1.76381
ANTENNA__07057__A, 171.84, 57.12, 1.76381
ANTENNA__08547__A, 171.84, 57.12, 1.76381
FILLER_0_18_365, 171.84, 57.12, 1.76381
_08320_, 171.84, 51.68, 1.76365
_08348_, 171.84, 51.68, 1.76365
_08472_, 171.84, 51.68, 1.76365
ANTENNA__08228__A, 171.84, 51.68, 1.76365
ANTENNA__08348__B1, 171.84, 51.68, 1.76365
ANTENNA__08228__C, 171.84, 51.68, 1.76365
ANTENNA__08225__C, 171.84, 51.68, 1.76365
ANTENNA__08228__B, 171.84, 51.68, 1.76365
ANTENNA__08320__B, 171.84, 51.68, 1.76365
FILLER_0_14_354, 171.84, 51.68, 1.76365
FILLER_0_15_364, 171.84, 51.68, 1.76365
FILLER_0_15_370, 171.84, 51.68, 1.76365
FILLER_0_16_365, 171.84, 51.68, 1.76365
FILLER_0_16_372, 171.84, 51.68, 1.76365
_08349_, 171.84, 46.24, 1.76346
_08407_, 171.84, 46.24, 1.76346
_08539_, 171.84, 46.24, 1.76346
ANTENNA__08407__A2, 171.84, 46.24, 1.76346
ANTENNA__08349__A2, 171.84, 46.24, 1.76346
ANTENNA__08348__A2, 171.84, 46.24, 1.76346
FILLER_0_13_356, 171.84, 46.24, 1.76346
_08408_, 171.84, 40.8, 1.76331
_08475_, 171.84, 40.8, 1.76331
ANTENNA__08349__A1, 171.84, 40.8, 1.76331
ANTENNA__08352__A, 171.84, 40.8, 1.76331
FILLER_0_10_361, 171.84, 40.8, 1.76331
_08409_, 171.84, 35.36, 1.76313
FILLER_0_8_357, 171.84, 35.36, 1.76313
FILLER_0_6_357, 171.84, 29.92, 1.76304
FILLER_0_4_357, 171.84, 24.48, 1.76297
FILLER_0_2_357, 171.84, 19.04, 1.76295
FILLER_0_0_361, 171.84, 13.6, 1.76289
FILLER_0_146_305, 141.84, 405.28, 1.74865
FILLER_0_144_301, 141.84, 399.84, 1.74866
FILLER_0_142_301, 141.84, 394.4, 1.74867
FILLER_0_140_301, 141.84, 388.96, 1.74869
FILLER_0_138_301, 141.84, 383.52, 1.74874
_10353_, 141.84, 378.08, 1.74879
_10354_, 141.84, 378.08, 1.74879
_10355_, 141.84, 378.08, 1.74879
FILLER_0_134_287, 141.84, 378.08, 1.74879
FILLER_0_135_294, 141.84, 378.08, 1.74879
FILLER_0_136_301, 141.84, 378.08, 1.74879
_10315_, 141.84, 372.64, 1.74889
_10317_, 141.84, 372.64, 1.74889
_10334_, 141.84, 372.64, 1.74889
FILLER_0_132_288, 141.84, 372.64, 1.74889
FILLER_0_133_293, 141.84, 372.64, 1.74889
_10272_, 141.84, 367.2, 1.749
_10273_, 141.84, 367.2, 1.749
_10287_, 141.84, 367.2, 1.749
_10288_, 141.84, 367.2, 1.749
_10289_, 141.84, 367.2, 1.749
_10316_, 141.84, 367.2, 1.749
FILLER_0_131_287, 141.84, 367.2, 1.749
_10129_, 141.84, 361.76, 1.74915
_10237_, 141.84, 361.76, 1.74915
_10239_, 141.84, 361.76, 1.74915
_10271_, 141.84, 361.76, 1.74915
FILLER_0_130_299, 141.84, 361.76, 1.74915
_10183_, 141.84, 356.32, 1.74931
_10221_, 141.84, 356.32, 1.74931
_10185_, 141.84, 350.88, 1.74954
_10235_, 141.84, 350.88, 1.74954
ANTENNA__10178__A, 141.84, 350.88, 1.74954
_10136_, 141.84, 345.44, 1.74973
ANTENNA__10373__A1, 141.84, 345.44, 1.74973
ANTENNA__10304__A2, 141.84, 345.44, 1.74973
ANTENNA__10373__A2, 141.84, 345.44, 1.74973
FILLER_0_122_287, 141.84, 345.44, 1.74973
FILLER_0_124_302, 141.84, 345.44, 1.74973
_10181_, 141.84, 340, 1.74998
_10191_, 141.84, 340, 1.74998
_10232_, 141.84, 340, 1.74998
ANTENNA__10304__A1, 141.84, 340, 1.74998
ANTENNA__10081__A2, 141.84, 340, 1.74998
ANTENNA__10232__A1, 141.84, 340, 1.74998
ANTENNA__10179__A, 141.84, 340, 1.74998
FILLER_0_121_289, 141.84, 340, 1.74998
FILLER_0_121_300, 141.84, 340, 1.74998
FILLER_0_122_301, 141.84, 340, 1.74998
_10079_, 141.84, 334.56, 1.75019
_10082_, 141.84, 334.56, 1.75019
_10083_, 141.84, 334.56, 1.75019
_10131_, 141.84, 334.56, 1.75019
_10179_, 141.84, 334.56, 1.75019
_10180_, 141.84, 334.56, 1.75019
ANTENNA__10180__A, 141.84, 334.56, 1.75019
ANTENNA__10180__B, 141.84, 334.56, 1.75019
FILLER_0_118_290, 141.84, 334.56, 1.75019
_10029_, 141.84, 329.12, 1.75046
ANTENNA__10079__A, 141.84, 329.12, 1.75046
ANTENNA__10025__A, 141.84, 329.12, 1.75046
FILLER_0_118_299, 141.84, 329.12, 1.75046
_10086_, 141.84, 323.68, 1.75073
_10134_, 141.84, 323.68, 1.75073
_10177_, 141.84, 323.68, 1.75073
FILLER_0_115_300, 141.84, 323.68, 1.75073
FILLER_0_116_302, 141.84, 323.68, 1.75073
_10132_, 141.84, 318.24, 1.75109
_10133_, 141.84, 318.24, 1.75109
ANTENNA__09986__A2, 141.84, 318.24, 1.75109
ANTENNA__09986__B2, 141.84, 318.24, 1.75109
ANTENNA__09865__C, 141.84, 318.24, 1.75109
ANTENNA__09986__A1, 141.84, 318.24, 1.75109
ANTENNA__09865__D, 141.84, 318.24, 1.75109
FILLER_0_113_297, 141.84, 318.24, 1.75109
_09865_, 141.84, 312.8, 1.75143
_10035_, 141.84, 312.8, 1.75143
_10087_, 141.84, 312.8, 1.75143
_10088_, 141.84, 312.8, 1.75143
ANTENNA__09865__B, 141.84, 312.8, 1.75143
ANTENNA__10087__A1, 141.84, 312.8, 1.75143
ANTENNA__09865__A, 141.84, 312.8, 1.75143
FILLER_0_112_297, 141.84, 312.8, 1.75143
FILLER_0_112_305, 141.84, 312.8, 1.75143
_06888_, 141.84, 307.36, 1.75176
_10089_, 141.84, 307.36, 1.75176
ANTENNA__09862__A1, 141.84, 307.36, 1.75176
ANTENNA__10026__B, 141.84, 307.36, 1.75176
ANTENNA__06888__A, 141.84, 307.36, 1.75176
ANTENNA__10026__A, 141.84, 307.36, 1.75176
ANTENNA__09862__B2, 141.84, 307.36, 1.75176
FILLER_0_109_288, 141.84, 307.36, 1.75176
FILLER_0_109_301, 141.84, 307.36, 1.75176
_09800_, 141.84, 301.92, 1.75212
_09864_, 141.84, 301.92, 1.75212
_09866_, 141.84, 301.92, 1.75212
_09938_, 141.84, 301.92, 1.75212
ANTENNA__09938__A1, 141.84, 301.92, 1.75212
FILLER_0_108_304, 141.84, 301.92, 1.75212
_09867_, 141.84, 296.48, 1.75252
_10038_, 141.84, 296.48, 1.75252
_10085_, 141.84, 296.48, 1.75252
ANTENNA__09864__A, 141.84, 296.48, 1.75252
ANTENNA__09940__A2, 141.84, 296.48, 1.75252
ANTENNA__09862__B1, 141.84, 296.48, 1.75252
FILLER_0_105_288, 141.84, 296.48, 1.75252
_09735_, 141.84, 291.04, 1.75295
_09811_, 141.84, 291.04, 1.75295
_09994_, 141.84, 291.04, 1.75295
_10037_, 141.84, 291.04, 1.75295
ANTENNA__09811__B, 141.84, 291.04, 1.75295
ANTENNA__09940__A1, 141.84, 291.04, 1.75295
ANTENNA__09811__A, 141.84, 291.04, 1.75295
ANTENNA__09742__A, 141.84, 291.04, 1.75295
FILLER_0_103_305, 141.84, 291.04, 1.75295
FILLER_0_104_304, 141.84, 291.04, 1.75295
_09734_, 141.84, 285.6, 1.75343
_09870_, 141.84, 285.6, 1.75343
_10036_, 141.84, 285.6, 1.75343
ANTENNA__09734__A, 141.84, 285.6, 1.75343
ANTENNA__10036__A1, 141.84, 285.6, 1.75343
ANTENNA__09735__A, 141.84, 285.6, 1.75343
ANTENNA__09870__A, 141.84, 285.6, 1.75343
ANTENNA__09729__A, 141.84, 285.6, 1.75343
ANTENNA__09728__B, 141.84, 285.6, 1.75343
FILLER_0_101_297, 141.84, 285.6, 1.75343
FILLER_0_101_306, 141.84, 285.6, 1.75343
_09728_, 141.84, 280.16, 1.75391
_09801_, 141.84, 280.16, 1.75391
ANTENNA__09798__A, 141.84, 280.16, 1.75391
ANTENNA__09728__A, 141.84, 280.16, 1.75391
ANTENNA__09798__B, 141.84, 280.16, 1.75391
FILLER_0_98_289, 141.84, 280.16, 1.75391
FILLER_0_99_286, 141.84, 280.16, 1.75391
FILLER_0_99_300, 141.84, 280.16, 1.75391
FILLER_0_100_297, 141.84, 280.16, 1.75391
FILLER_0_100_305, 141.84, 280.16, 1.75391
_09632_, 141.84, 274.72, 1.75436
_09731_, 141.84, 274.72, 1.75436
_09798_, 141.84, 274.72, 1.75436
_09802_, 141.84, 274.72, 1.75436
_10147_, 141.84, 274.72, 1.75436
ANTENNA__09802__B, 141.84, 274.72, 1.75436
ANTENNA__09731__B, 141.84, 274.72, 1.75436
FILLER_0_96_294, 141.84, 274.72, 1.75436
_09634_, 141.84, 269.28, 1.7549
_09799_, 141.84, 269.28, 1.7549
ANTENNA__09635__C1, 141.84, 269.28, 1.7549
ANTENNA__09634__C, 141.84, 269.28, 1.7549
ANTENNA__09632__A, 141.84, 269.28, 1.7549
ANTENNA__09799__A2, 141.84, 269.28, 1.7549
ANTENNA__09688__B, 141.84, 269.28, 1.7549
ANTENNA__09799__A1, 141.84, 269.28, 1.7549
FILLER_0_95_301, 141.84, 269.28, 1.7549
_09518_, 141.84, 263.84, 1.75544
_09932_, 141.84, 263.84, 1.75544
_09933_, 141.84, 263.84, 1.75544
_09934_, 141.84, 263.84, 1.75544
_09993_, 141.84, 263.84, 1.75544
ANTENNA__09634__B, 141.84, 263.84, 1.75544
FILLER_0_93_305, 141.84, 263.84, 1.75544
FILLER_0_94_305, 141.84, 263.84, 1.75544
_09685_, 141.84, 258.4, 1.75607
ANTENNA__09516__A, 141.84, 258.4, 1.75607
ANTENNA__09932__A2, 141.84, 258.4, 1.75607
ANTENNA__09932__A1, 141.84, 258.4, 1.75607
ANTENNA__09518__A, 141.84, 258.4, 1.75607
FILLER_0_90_286, 141.84, 258.4, 1.75607
FILLER_0_91_298, 141.84, 258.4, 1.75607
_09516_, 141.84, 252.96, 1.75671
_09853_, 141.84, 252.96, 1.75671
_09855_, 141.84, 252.96, 1.75671
ANTENNA__09516__B, 141.84, 252.96, 1.75671
ANTENNA__09853__A2, 141.84, 252.96, 1.75671
ANTENNA__09853__A1, 141.84, 252.96, 1.75671
ANTENNA__09739__B, 141.84, 252.96, 1.75671
FILLER_0_89_289, 141.84, 252.96, 1.75671
FILLER_0_90_298, 141.84, 252.96, 1.75671
FILLER_0_90_303, 141.84, 252.96, 1.75671
_09519_, 141.84, 247.52, 1.75735
_09641_, 141.84, 247.52, 1.75735
_09739_, 141.84, 247.52, 1.75735
_09854_, 141.84, 247.52, 1.75735
ANTENNA__09638__A, 141.84, 247.52, 1.75735
ANTENNA__09684__A, 141.84, 247.52, 1.75735
FILLER_0_86_290, 141.84, 247.52, 1.75735
FILLER_0_87_304, 141.84, 247.52, 1.75735
_09582_, 141.84, 242.08, 1.75802
_09638_, 141.84, 242.08, 1.75802
_09793_, 141.84, 242.08, 1.75802
ANTENNA__09739__A, 141.84, 242.08, 1.75802
ANTENNA__09577__A, 141.84, 242.08, 1.75802
ANTENNA__09549__B, 141.84, 242.08, 1.75802
ANTENNA__09548__B, 141.84, 242.08, 1.75802
FILLER_0_86_305, 141.84, 242.08, 1.75802
_09548_, 141.84, 236.64, 1.75868
_09549_, 141.84, 236.64, 1.75868
_09550_, 141.84, 236.64, 1.75868
_09579_, 141.84, 236.64, 1.75868
_09580_, 141.84, 236.64, 1.75868
_09581_, 141.84, 236.64, 1.75868
_09687_, 141.84, 236.64, 1.75868
ANTENNA__09549__A, 141.84, 236.64, 1.75868
_09583_, 141.84, 231.2, 1.75954
_09639_, 141.84, 231.2, 1.75954
ANTENNA__09551__A, 141.84, 231.2, 1.75954
ANTENNA__09580__B2, 141.84, 231.2, 1.75954
ANTENNA__09581__B, 141.84, 231.2, 1.75954
ANTENNA__09550__A1, 141.84, 231.2, 1.75954
FILLER_0_81_289, 141.84, 231.2, 1.75954
FILLER_0_81_300, 141.84, 231.2, 1.75954
FILLER_0_81_305, 141.84, 231.2, 1.75954
FILLER_0_82_305, 141.84, 231.2, 1.75954
_06861_, 141.84, 225.76, 1.76035
_09551_, 141.84, 225.76, 1.76035
_09552_, 141.84, 225.76, 1.76035
_09585_, 141.84, 225.76, 1.76035
_06778_, 141.84, 220.32, 1.76123
ANTENNA__09586__B, 141.84, 220.32, 1.76123
FILLER_0_77_304, 141.84, 220.32, 1.76123
_09646_, 141.84, 214.88, 1.76208
_09683_, 141.84, 214.88, 1.76208
_09695_, 141.84, 214.88, 1.76208
FILLER_0_75_306, 141.84, 214.88, 1.76208
FILLER_0_76_298, 141.84, 214.88, 1.76208
_06887_, 141.84, 209.44, 1.76299
_06931_, 141.84, 209.44, 1.76299
ANTENNA__06883__B, 141.84, 209.44, 1.76299
ANTENNA__06931__A1, 141.84, 209.44, 1.76299
FILLER_0_72_290, 141.84, 209.44, 1.76299
_09558_, 141.84, 204, 1.76408
_09592_, 141.84, 204, 1.76408
ANTENNA__06887__A1, 141.84, 204, 1.76408
ANTENNA__06887__B1, 141.84, 204, 1.76408
ANTENNA__09491__D, 141.84, 204, 1.76408
ANTENNA__06546__A, 141.84, 204, 1.76408
FILLER_0_71_291, 141.84, 204, 1.76408
FILLER_0_71_303, 141.84, 204, 1.76408
_06546_, 141.84, 198.56, 1.76527
_09448_, 141.84, 198.56, 1.76527
_09647_, 141.84, 198.56, 1.76527
ANTENNA__09467__A, 141.84, 198.56, 1.76527
FILLER_0_69_302, 141.84, 198.56, 1.76527
_09477_, 141.84, 193.12, 1.76654
ANTENNA__10987__A0, 141.84, 193.12, 1.76654
ANTENNA__09520__B1, 141.84, 193.12, 1.76654
ANTENNA__09477__A, 141.84, 193.12, 1.76654
ANTENNA__09477__B, 141.84, 193.12, 1.76654
ANTENNA__09448__B, 141.84, 193.12, 1.76654
ANTENNA__09520__A2, 141.84, 193.12, 1.76654
ANTENNA__09448__A, 141.84, 193.12, 1.76654
ANTENNA__11586__RESET_B, 141.84, 193.12, 1.76654
FILLER_0_67_292, 141.84, 193.12, 1.76654
FILLER_0_67_299, 141.84, 193.12, 1.76654
_09521_, 141.84, 187.68, 1.7678
_09553_, 141.84, 187.68, 1.7678
_09554_, 141.84, 187.68, 1.7678
_09595_, 141.84, 187.68, 1.7678
ANTENNA__09563__B1, 141.84, 187.68, 1.7678
ANTENNA__09553__A, 141.84, 187.68, 1.7678
ANTENNA__09522__C_N, 141.84, 187.68, 1.7678
FILLER_0_64_286, 141.84, 187.68, 1.7678
FILLER_0_66_297, 141.84, 187.68, 1.7678
FILLER_0_66_302, 141.84, 187.68, 1.7678
_09559_, 141.84, 182.24, 1.76911
_09594_, 141.84, 182.24, 1.76911
_09596_, 141.84, 182.24, 1.76911
ANTENNA__09563__A3, 141.84, 182.24, 1.76911
ANTENNA__09521__B1, 141.84, 182.24, 1.76911
ANTENNA__11615__RESET_B, 141.84, 182.24, 1.76911
FILLER_0_62_290, 141.84, 182.24, 1.76911
FILLER_0_63_291, 141.84, 182.24, 1.76911
FILLER_0_64_301, 141.84, 182.24, 1.76911
_09597_, 141.84, 176.8, 1.77053
_09598_, 141.84, 176.8, 1.77053
_09661_, 141.84, 176.8, 1.77053
hold171, 141.84, 176.8, 1.77053
ANTENNA__11613__RESET_B, 141.84, 176.8, 1.77053
FILLER_0_61_291, 141.84, 176.8, 1.77053
ANTENNA__10985__S, 141.84, 171.36, 1.77255
FILLER_0_60_297, 141.84, 171.36, 1.77255
FILLER_0_60_305, 141.84, 171.36, 1.77255
_06535_, 141.84, 165.92, 1.77459
FILLER_0_58_304, 141.84, 165.92, 1.77459
_08558_, 141.84, 160.48, 1.77674
ANTENNA__08558__B1, 141.84, 160.48, 1.77674
ANTENNA__07499__B1, 141.84, 160.48, 1.77674
FILLER_0_55_300, 141.84, 160.48, 1.77674
FILLER_0_56_305, 141.84, 160.48, 1.77674
_07499_, 141.84, 155.04, 1.779
_08557_, 141.84, 155.04, 1.779
_08559_, 141.84, 155.04, 1.779
_08560_, 141.84, 155.04, 1.779
ANTENNA__08559__B, 141.84, 155.04, 1.779
ANTENNA__08560__B1, 141.84, 155.04, 1.779
FILLER_0_52_289, 141.84, 155.04, 1.779
_07362_, 141.84, 149.6, 1.78136
_07366_, 141.84, 149.6, 1.78136
_07500_, 141.84, 149.6, 1.78136
_08556_, 141.84, 149.6, 1.78136
ANTENNA__07500__B, 141.84, 149.6, 1.78136
ANTENNA__08556__B1, 141.84, 149.6, 1.78136
FILLER_0_51_287, 141.84, 149.6, 1.78136
ANTENNA__08753__B1, 141.84, 144.16, 1.78106
ANTENNA_max_cap67_A, 141.84, 144.16, 1.78106
ANTENNA__08560__C1, 141.84, 144.16, 1.78106
FILLER_0_49_293, 141.84, 144.16, 1.78106
FILLER_0_50_301, 141.84, 144.16, 1.78106
_09001_, 141.84, 138.72, 1.77912
_09003_, 141.84, 138.72, 1.77912
ANTENNA__09001__A, 141.84, 138.72, 1.77912
ANTENNA__09001__B, 141.84, 138.72, 1.77912
FILLER_0_46_294, 141.84, 138.72, 1.77912
FILLER_0_47_298, 141.84, 138.72, 1.77912
_06456_, 141.84, 133.28, 1.77734
_09000_, 141.84, 133.28, 1.77734
_09025_, 141.84, 133.28, 1.77734
FILLER_0_45_302, 141.84, 133.28, 1.77734
_08996_, 141.84, 127.84, 1.77563
_08998_, 141.84, 127.84, 1.77563
ANTENNA__07202__A1, 141.84, 127.84, 1.77563
FILLER_0_42_289, 141.84, 127.84, 1.77563
FILLER_0_43_293, 141.84, 127.84, 1.77563
_07201_, 141.84, 122.4, 1.77399
_07202_, 141.84, 122.4, 1.77399
_07203_, 141.84, 122.4, 1.77399
_08995_, 141.84, 122.4, 1.77399
ANTENNA__07201__B, 141.84, 122.4, 1.77399
ANTENNA__08995__A, 141.84, 122.4, 1.77399
ANTENNA__08995__B, 141.84, 122.4, 1.77399
FILLER_0_41_302, 141.84, 122.4, 1.77399
FILLER_0_42_297, 141.84, 122.4, 1.77399
_08861_, 141.84, 116.96, 1.77251
FILLER_0_40_298, 141.84, 116.96, 1.77251
_07119_, 141.84, 111.52, 1.77157
_08253_, 141.84, 111.52, 1.77157
ANTENNA__08253__A1, 141.84, 111.52, 1.77157
ANTENNA__08857__B, 141.84, 111.52, 1.77157
FILLER_0_38_298, 141.84, 111.52, 1.77157
_08994_, 141.84, 106.08, 1.77072
FILLER_0_35_294, 141.84, 106.08, 1.77072
_08957_, 141.84, 100.64, 1.7699
_08958_, 141.84, 100.64, 1.7699
_08960_, 141.84, 100.64, 1.7699
ANTENNA__10977__S, 141.84, 100.64, 1.7699
ANTENNA__11148__RESET_B, 141.84, 100.64, 1.7699
FILLER_0_33_293, 141.84, 100.64, 1.7699
_11035_, 141.84, 95.2, 1.76911
hold272, 141.84, 95.2, 1.76911
FILLER_0_32_300, 141.84, 95.2, 1.76911
_08763_, 141.84, 89.76, 1.76834
ANTENNA__08959__A2, 141.84, 89.76, 1.76834
ANTENNA__08763__B, 141.84, 89.76, 1.76834
FILLER_0_28_295, 141.84, 89.76, 1.76834
FILLER_0_29_301, 141.84, 89.76, 1.76834
FILLER_0_30_303, 141.84, 89.76, 1.76834
_08561_, 141.84, 84.32, 1.76777
ANTENNA__08555__A, 141.84, 84.32, 1.76777
ANTENNA__08763__A, 141.84, 84.32, 1.76777
ANTENNA__08464__B, 141.84, 84.32, 1.76777
ANTENNA__08613__C1, 141.84, 84.32, 1.76777
ANTENNA__08613__A2, 141.84, 84.32, 1.76777
ANTENNA__08561__A2, 141.84, 84.32, 1.76777
_06783_, 141.84, 78.88, 1.76729
_08613_, 141.84, 78.88, 1.76729
_08614_, 141.84, 78.88, 1.76729
max_cap64, 141.84, 78.88, 1.76729
FILLER_0_24_296, 141.84, 78.88, 1.76729
_11032_, 141.84, 73.44, 1.76688
hold425, 141.84, 73.44, 1.76688
ANTENNA__06783__A, 141.84, 73.44, 1.76688
ANTENNA__08614__A2, 141.84, 73.44, 1.76688
ANTENNA__11146__RESET_B, 141.84, 73.44, 1.76688
FILLER_0_23_290, 141.84, 73.44, 1.76688
FILLER_0_23_301, 141.84, 73.44, 1.76688
_08618_, 141.84, 68, 1.76645
ANTENNA__11635__RESET_B, 141.84, 68, 1.76645
FILLER_0_21_301, 141.84, 68, 1.76645
FILLER_0_22_305, 141.84, 68, 1.76645
FILLER_0_20_303, 141.84, 62.56, 1.76606
_08554_, 141.84, 57.12, 1.7657
ANTENNA__08554__A, 141.84, 57.12, 1.7657
FILLER_0_18_301, 141.84, 57.12, 1.7657
_06812_, 141.84, 51.68, 1.76549
FILLER_0_15_293, 141.84, 51.68, 1.76549
FILLER_0_16_301, 141.84, 51.68, 1.76549
FILLER_0_14_301, 141.84, 46.24, 1.76531
FILLER_0_12_297, 141.84, 40.8, 1.76513
FILLER_0_12_305, 141.84, 40.8, 1.76513
FILLER_0_10_301, 141.84, 35.36, 1.76495
FILLER_0_8_301, 141.84, 29.92, 1.7648
FILLER_0_6_301, 141.84, 24.48, 1.76472
FILLER_0_4_301, 141.84, 19.04, 1.7647
FILLER_0_0_305, 141.84, 13.6, 1.76467
FILLER_0_2_301, 141.84, 13.6, 1.76467
FILLER_0_146_221, 111.84, 410.72, 1.74968
_10312_, 111.84, 367.2, 1.75011
_10348_, 111.84, 361.76, 1.75025
FILLER_0_130_233, 111.84, 361.76, 1.75025
_10285_, 111.84, 356.32, 1.7504
_10286_, 111.84, 356.32, 1.7504
FILLER_0_127_225, 111.84, 356.32, 1.7504
FILLER_0_128_233, 111.84, 356.32, 1.7504
_10374_, 111.84, 345.44, 1.75084
fanout92, 111.84, 345.44, 1.75084
hold303, 111.84, 345.44, 1.75084
ANTENNA_fanout91_A, 111.84, 345.44, 1.75084
FILLER_0_123_233, 111.84, 345.44, 1.75084
fanout93, 111.84, 340, 1.75107
ANTENNA__11627__RESET_B, 111.84, 340, 1.75107
FILLER_0_121_221, 111.84, 340, 1.75107
FILLER_0_121_229, 111.84, 340, 1.75107
FILLER_0_122_238, 111.84, 340, 1.75107
ANTENNA__11071__S, 111.84, 334.56, 1.7513
ANTENNA__10309__A1, 111.84, 334.56, 1.7513
ANTENNA__11014__S, 111.84, 334.56, 1.7513
ANTENNA_fanout90_A, 111.84, 334.56, 1.7513
ANTENNA__11596__RESET_B, 111.84, 334.56, 1.7513
FILLER_0_118_231, 111.84, 334.56, 1.7513
FILLER_0_119_237, 111.84, 334.56, 1.7513
_10284_, 111.84, 329.12, 1.75154
_10308_, 111.84, 329.12, 1.75154
_10309_, 111.84, 329.12, 1.75154
ANTENNA__11128__S, 111.84, 329.12, 1.75154
ANTENNA__11655__RESET_B, 111.84, 329.12, 1.75154
_10283_, 111.84, 323.68, 1.75184
_10303_, 111.84, 323.68, 1.75184
hold328, 111.84, 323.68, 1.75184
ANTENNA__10283__A, 111.84, 318.24, 1.7522
ANTENNA__11012__S, 111.84, 318.24, 1.7522
ANTENNA__11598__RESET_B, 111.84, 318.24, 1.7522
FILLER_0_113_221, 111.84, 318.24, 1.7522
FILLER_0_113_229, 111.84, 318.24, 1.7522
FILLER_0_114_240, 111.84, 318.24, 1.7522
_10227_, 111.84, 312.8, 1.75253
_10228_, 111.84, 312.8, 1.75253
_10275_, 111.84, 312.8, 1.75253
ANTENNA__10275__A2, 111.84, 312.8, 1.75253
ANTENNA__10227__B, 111.84, 312.8, 1.75253
ANTENNA__10227__A, 111.84, 312.8, 1.75253
ANTENNA__11626__RESET_B, 111.84, 312.8, 1.75253
FILLER_0_111_221, 111.84, 312.8, 1.75253
_06667_, 111.84, 307.36, 1.75288
_10224_, 111.84, 307.36, 1.75288
_10226_, 111.84, 307.36, 1.75288
FILLER_0_109_237, 111.84, 307.36, 1.75288
_07505_, 111.84, 301.92, 1.75324
_07506_, 111.84, 301.92, 1.75324
FILLER_0_106_231, 111.84, 301.92, 1.75324
_07423_, 111.84, 296.48, 1.75362
_07424_, 111.84, 296.48, 1.75362
_07425_, 111.84, 296.48, 1.75362
FILLER_0_104_221, 111.84, 296.48, 1.75362
FILLER_0_105_225, 111.84, 296.48, 1.75362
FILLER_0_106_239, 111.84, 296.48, 1.75362
_07371_, 111.84, 291.04, 1.75407
_09725_, 111.84, 291.04, 1.75407
FILLER_0_102_223, 111.84, 291.04, 1.75407
FILLER_0_103_225, 111.84, 291.04, 1.75407
FILLER_0_104_236, 111.84, 291.04, 1.75407
_07370_, 111.84, 285.6, 1.75456
ANTENNA__07371__B1, 111.84, 285.6, 1.75456
ANTENNA__07289__C1, 111.84, 285.6, 1.75456
_06646_, 111.84, 280.16, 1.75502
_07207_, 111.84, 280.16, 1.75502
_07208_, 111.84, 280.16, 1.75502
_09633_, 111.84, 280.16, 1.75502
ANTENNA__09633__B2, 111.84, 280.16, 1.75502
FILLER_0_98_222, 111.84, 280.16, 1.75502
FILLER_0_99_225, 111.84, 280.16, 1.75502
FILLER_0_100_237, 111.84, 280.16, 1.75502
_07126_, 111.84, 274.72, 1.75551
_07127_, 111.84, 274.72, 1.75551
_07128_, 111.84, 274.72, 1.75551
_07206_, 111.84, 274.72, 1.75551
ANTENNA__07127__B1, 111.84, 274.72, 1.75551
FILLER_0_97_221, 111.84, 274.72, 1.75551
FILLER_0_97_238, 111.84, 274.72, 1.75551
_06614_, 111.84, 269.28, 1.75603
_07125_, 111.84, 269.28, 1.75603
_07204_, 111.84, 269.28, 1.75603
_07205_, 111.84, 269.28, 1.75603
ANTENNA__07128__A2_N, 111.84, 269.28, 1.75603
_06615_, 111.84, 263.84, 1.75661
_06616_, 111.84, 263.84, 1.75661
ANTENNA__11002__S, 111.84, 263.84, 1.75661
FILLER_0_92_225, 111.84, 263.84, 1.75661
_06617_, 111.84, 258.4, 1.75721
_07060_, 111.84, 258.4, 1.75721
_07061_, 111.84, 258.4, 1.75721
ANTENNA__07061__B, 111.84, 258.4, 1.75721
ANTENNA__06621__A2, 111.84, 258.4, 1.75721
FILLER_0_91_221, 111.84, 258.4, 1.75721
_06618_, 111.84, 252.96, 1.75785
_06619_, 111.84, 252.96, 1.75785
_07062_, 111.84, 252.96, 1.75785
_11001_, 111.84, 252.96, 1.75785
_11592_, 111.84, 252.96, 1.75785
ANTENNA__06619__B1, 111.84, 252.96, 1.75785
_06602_, 111.84, 247.52, 1.75848
_06612_, 111.84, 247.52, 1.75848
_11000_, 111.84, 247.52, 1.75848
ANTENNA__11000__S, 111.84, 247.52, 1.75848
ANTENNA_clkbuf_leaf_14_clk_A, 111.84, 247.52, 1.75848
FILLER_0_87_238, 111.84, 247.52, 1.75848
_06603_, 111.84, 242.08, 1.75913
_06604_, 111.84, 242.08, 1.75913
_07059_, 111.84, 242.08, 1.75913
clkbuf_leaf_14_clk, 111.84, 242.08, 1.75913
ANTENNA__06607__B1, 111.84, 242.08, 1.75913
FILLER_0_84_229, 111.84, 242.08, 1.75913
_07002_, 111.84, 236.64, 1.75979
_07004_, 111.84, 236.64, 1.75979
_09517_, 111.84, 236.64, 1.75979
FILLER_0_83_237, 111.84, 236.64, 1.75979
_07003_, 111.84, 231.2, 1.76061
_10390_, 111.84, 231.2, 1.76061
_11344_, 111.84, 231.2, 1.76061
FILLER_0_81_239, 111.84, 231.2, 1.76061
_06225_, 111.84, 225.76, 1.7614
_06776_, 111.84, 225.76, 1.7614
ANTENNA__06952__B1, 111.84, 225.76, 1.7614
ANTENNA__06776__S, 111.84, 225.76, 1.7614
ANTENNA__06953__A2, 111.84, 225.76, 1.7614
_06226_, 111.84, 220.32, 1.76224
_06227_, 111.84, 220.32, 1.76224
_06289_, 111.84, 220.32, 1.76224
_10388_, 111.84, 220.32, 1.76224
ANTENNA__06910__A2, 111.84, 220.32, 1.76224
ANTENNA__10388__A1, 111.84, 220.32, 1.76224
ANTENNA__10389__S, 111.84, 220.32, 1.76224
FILLER_0_76_226, 111.84, 220.32, 1.76224
FILLER_0_77_225, 111.84, 220.32, 1.76224
_06228_, 111.84, 214.88, 1.76305
_06229_, 111.84, 214.88, 1.76305
_06907_, 111.84, 214.88, 1.76305
_06909_, 111.84, 214.88, 1.76305
_06950_, 111.84, 214.88, 1.76305
ANTENNA__06228__A, 111.84, 214.88, 1.76305
FILLER_0_74_231, 111.84, 214.88, 1.76305
_11153_, 111.84, 209.44, 1.76391
ANTENNA__06229__A, 111.84, 209.44, 1.76391
ANTENNA__06586__A1, 111.84, 209.44, 1.76391
ANTENNA__06909__B1, 111.84, 209.44, 1.76391
ANTENNA__11153__RESET_B, 111.84, 209.44, 1.76391
FILLER_0_72_225, 111.84, 209.44, 1.76391
FILLER_0_73_229, 111.84, 209.44, 1.76391
_06547_, 111.84, 204, 1.76489
_06569_, 111.84, 204, 1.76489
_06856_, 111.84, 204, 1.76489
ANTENNA__06547__C, 111.84, 204, 1.76489
ANTENNA__06547__B, 111.84, 204, 1.76489
ANTENNA__06547__A, 111.84, 204, 1.76489
FILLER_0_70_228, 111.84, 204, 1.76489
FILLER_0_71_237, 111.84, 204, 1.76489
_06853_, 111.84, 198.56, 1.76593
_06854_, 111.84, 198.56, 1.76593
ANTENNA__06856__S, 111.84, 198.56, 1.76593
FILLER_0_69_237, 111.84, 198.56, 1.76593
FILLER_0_70_239, 111.84, 198.56, 1.76593
_06560_, 111.84, 193.12, 1.76701
_06561_, 111.84, 193.12, 1.76701
_06823_, 111.84, 193.12, 1.76701
_06824_, 111.84, 193.12, 1.76701
ANTENNA__06826__B, 111.84, 193.12, 1.76701
ANTENNA__06561__B1, 111.84, 193.12, 1.76701
ANTENNA__11588__RESET_B, 111.84, 193.12, 1.76701
FILLER_0_66_228, 111.84, 193.12, 1.76701
FILLER_0_67_235, 111.84, 193.12, 1.76701
FILLER_0_68_232, 111.84, 193.12, 1.76701
_06551_, 111.84, 187.68, 1.7681
_06552_, 111.84, 187.68, 1.7681
_06822_, 111.84, 187.68, 1.7681
ANTENNA__11589__RESET_B, 111.84, 187.68, 1.7681
FILLER_0_65_225, 111.84, 187.68, 1.7681
FILLER_0_66_239, 111.84, 187.68, 1.7681
_06795_, 111.84, 182.24, 1.76921
_10990_, 111.84, 182.24, 1.76921
_11587_, 111.84, 182.24, 1.76921
ANTENNA__06795__B, 111.84, 182.24, 1.76921
ANTENNA__10989__S, 111.84, 182.24, 1.76921
FILLER_0_64_235, 111.84, 182.24, 1.76921
_10989_, 111.84, 176.8, 1.77038
_11152_, 111.84, 176.8, 1.77038
FILLER_0_61_225, 111.84, 176.8, 1.77038
FILLER_0_62_241, 111.84, 176.8, 1.77038
_06542_, 111.84, 171.36, 1.77181
_06543_, 111.84, 171.36, 1.77181
hold123, 111.84, 171.36, 1.77181
hold192, 111.84, 171.36, 1.77181
FILLER_0_59_233, 111.84, 171.36, 1.77181
FILLER_0_59_241, 111.84, 171.36, 1.77181
_06531_, 111.84, 165.92, 1.77325
_10983_, 111.84, 165.92, 1.77325
_10984_, 111.84, 165.92, 1.77325
_11584_, 111.84, 165.92, 1.77325
FILLER_0_58_239, 111.84, 165.92, 1.77325
_10995_, 111.84, 160.48, 1.77474
ANTENNA__11611__RESET_B, 111.84, 160.48, 1.77474
_06222_, 111.84, 155.04, 1.77624
_06540_, 111.84, 155.04, 1.77624
_10982_, 111.84, 155.04, 1.77624
_11583_, 111.84, 155.04, 1.77624
hold132, 111.84, 155.04, 1.77624
_10981_, 111.84, 149.6, 1.77776
ANTENNA__10981__S, 111.84, 149.6, 1.77776
ANTENNA__11629__RESET_B, 111.84, 149.6, 1.77776
FILLER_0_51_238, 111.84, 149.6, 1.77776
_06484_, 111.84, 144.16, 1.77767
_06486_, 111.84, 144.16, 1.77767
ANTENNA__06484__S, 111.84, 144.16, 1.77767
FILLER_0_49_225, 111.84, 144.16, 1.77767
_06290_, 111.84, 138.72, 1.77656
_10979_, 111.84, 138.72, 1.77656
_11094_, 111.84, 138.72, 1.77656
hold227, 111.84, 138.72, 1.77656
ANTENNA__11094__S, 111.84, 138.72, 1.77656
_11038_, 111.84, 133.28, 1.77549
_11610_, 111.84, 133.28, 1.77549
clkbuf_leaf_11_clk, 111.84, 133.28, 1.77549
hold231, 111.84, 133.28, 1.77549
_11095_, 111.84, 127.84, 1.77446
_06554_, 111.84, 122.4, 1.77344
ANTENNA__06851__S, 111.84, 122.4, 1.77344
FILLER_0_40_225, 111.84, 122.4, 1.77344
FILLER_0_41_237, 111.84, 122.4, 1.77344
_06230_, 111.84, 116.96, 1.77245
_06373_, 111.84, 116.96, 1.77245
_06401_, 111.84, 116.96, 1.77245
ANTENNA__06905__A1, 111.84, 116.96, 1.77245
ANTENNA__06431__B1, 111.84, 116.96, 1.77245
FILLER_0_38_227, 111.84, 116.96, 1.77245
FILLER_0_39_225, 111.84, 116.96, 1.77245
FILLER_0_40_233, 111.84, 116.96, 1.77245
_06399_, 111.84, 111.52, 1.77177
_06998_, 111.84, 111.52, 1.77177
ANTENNA__07000__B1, 111.84, 111.52, 1.77177
FILLER_0_37_241, 111.84, 111.52, 1.77177
FILLER_0_38_240, 111.84, 111.52, 1.77177
_06956_, 111.84, 106.08, 1.7711
_06958_, 111.84, 106.08, 1.7711
_06959_, 111.84, 106.08, 1.7711
_06997_, 111.84, 106.08, 1.7711
_06999_, 111.84, 106.08, 1.7711
_07000_, 111.84, 106.08, 1.7711
ANTENNA__06958__B, 111.84, 100.64, 1.77048
ANTENNA_fanout78_A, 111.84, 100.64, 1.77048
FILLER_0_33_237, 111.84, 100.64, 1.77048
_10965_, 111.84, 95.2, 1.76985
hold275, 111.84, 95.2, 1.76985
ANTENNA__11603__RESET_B, 111.84, 95.2, 1.76985
_06433_, 111.84, 89.76, 1.76924
_06434_, 111.84, 89.76, 1.76924
_11022_, 111.84, 89.76, 1.76924
_11147_, 111.84, 89.76, 1.76924
ANTENNA__06433__S, 111.84, 89.76, 1.76924
_11636_, 111.84, 84.32, 1.76874
hold444, 111.84, 84.32, 1.76874
ANTENNA__11079__S, 111.84, 84.32, 1.76874
ANTENNA__11022__S, 111.84, 84.32, 1.76874
ANTENNA_clkbuf_3_1__f_clk_A, 111.84, 84.32, 1.76874
FILLER_0_26_226, 111.84, 84.32, 1.76874
FILLER_0_27_233, 111.84, 84.32, 1.76874
_10972_, 111.84, 78.88, 1.76835
_11578_, 111.84, 78.88, 1.76835
ANTENNA__10971__S, 111.84, 78.88, 1.76835
FILLER_0_24_228, 111.84, 78.88, 1.76835
FILLER_0_26_236, 111.84, 78.88, 1.76835
_10971_, 111.84, 73.44, 1.76798
_11029_, 111.84, 73.44, 1.76798
_11086_, 111.84, 73.44, 1.76798
ANTENNA__06405__S, 111.84, 73.44, 1.76798
_11081_, 111.84, 68, 1.76761
_11606_, 111.84, 68, 1.76761
hold252, 111.84, 68, 1.76761
ANTENNA__11086__S, 111.84, 68, 1.76761
FILLER_0_20_221, 111.84, 68, 1.76761
FILLER_0_20_229, 111.84, 68, 1.76761
FILLER_0_21_225, 111.84, 68, 1.76761
_06221_, 111.84, 62.56, 1.76727
_10435_, 111.84, 62.56, 1.76727
ANTENNA__11029__S, 111.84, 62.56, 1.76727
ANTENNA__11634__RESET_B, 111.84, 62.56, 1.76727
FILLER_0_18_229, 111.84, 62.56, 1.76727
FILLER_0_19_225, 111.84, 62.56, 1.76727
FILLER_0_20_238, 111.84, 62.56, 1.76727
_06216_, 111.84, 57.12, 1.76694
_06294_, 111.84, 57.12, 1.76694
_11365_, 111.84, 57.12, 1.76694
hold19, 111.84, 57.12, 1.76694
hold330, 111.84, 57.12, 1.76694
ANTENNA__06294__A, 111.84, 57.12, 1.76694
FILLER_0_16_221, 111.84, 57.12, 1.76694
FILLER_0_17_221, 111.84, 57.12, 1.76694
_11366_, 111.84, 51.68, 1.76674
hold67, 111.84, 51.68, 1.76674
FILLER_0_15_225, 111.84, 51.68, 1.76674
_10438_, 111.84, 46.24, 1.76656
_10440_, 111.84, 46.24, 1.76656
_10441_, 111.84, 46.24, 1.76656
_11367_, 111.84, 46.24, 1.76656
hold35, 111.84, 46.24, 1.76656
hold72, 111.84, 46.24, 1.76656
hold84, 111.84, 46.24, 1.76656
FILLER_0_12_226, 111.84, 46.24, 1.76656
_06220_, 111.84, 40.8, 1.76638
hold52, 111.84, 40.8, 1.76638
_10452_, 111.84, 35.36, 1.76622
_11374_, 111.84, 35.36, 1.76622
hold91, 111.84, 35.36, 1.76622
_10453_, 111.84, 29.92, 1.76607
_10454_, 111.84, 29.92, 1.76607
_10455_, 111.84, 29.92, 1.76607
hold33, 111.84, 29.92, 1.76607
_11375_, 111.84, 24.48, 1.76599
hold59, 111.84, 24.48, 1.76599
_06217_, 111.84, 19.04, 1.76597
FILLER_0_0_221, 111.84, 13.6, 1.76592
FILLER_0_146_165, 81.84, 410.72, 1.75047
FILLER_0_145_161, 81.84, 405.28, 1.75047
FILLER_0_143_161, 81.84, 399.84, 1.75048
FILLER_0_141_161, 81.84, 394.4, 1.7505
FILLER_0_139_161, 81.84, 388.96, 1.75052
FILLER_0_137_161, 81.84, 383.52, 1.7506
FILLER_0_135_161, 81.84, 378.08, 1.75071
FILLER_0_133_161, 81.84, 372.64, 1.75082
FILLER_0_131_161, 81.84, 367.2, 1.75094
FILLER_0_129_164, 81.84, 361.76, 1.75107
hold301, 81.84, 356.32, 1.75121
ANTENNA__11448__RESET_B, 81.84, 356.32, 1.75121
ANTENNA__10503__S, 81.84, 350.88, 1.75143
ANTENNA__10556__S, 81.84, 350.88, 1.75143
ANTENNA__10503__A0, 81.84, 350.88, 1.75143
ANTENNA__11424__RESET_B, 81.84, 350.88, 1.75143
FILLER_0_125_161, 81.84, 350.88, 1.75143
_11011_, 81.84, 345.44, 1.75165
ANTENNA__11399__RESET_B, 81.84, 345.44, 1.75165
_11597_, 81.84, 340, 1.75187
clkbuf_leaf_28_clk, 81.84, 340, 1.75187
hold287, 81.84, 340, 1.75187
ANTENNA__11625__RESET_B, 81.84, 340, 1.75187
_11010_, 81.84, 334.56, 1.75212
_11067_, 81.84, 334.56, 1.75212
FILLER_0_118_161, 81.84, 334.56, 1.75212
_11624_, 81.84, 329.12, 1.75237
hold195, 81.84, 329.12, 1.75237
ANTENNA__11067__S, 81.84, 329.12, 1.75237
ANTENNA__11010__S, 81.84, 329.12, 1.75237
ANTENNA__11653__RESET_B, 81.84, 329.12, 1.75237
FILLER_0_117_173, 81.84, 329.12, 1.75237
FILLER_0_118_168, 81.84, 329.12, 1.75237
_11123_, 81.84, 323.68, 1.75266
_11652_, 81.84, 323.68, 1.75266
hold194, 81.84, 323.68, 1.75266
ANTENNA__11124__S, 81.84, 323.68, 1.75266
FILLER_0_115_169, 81.84, 323.68, 1.75266
_06651_, 81.84, 318.24, 1.75302
_11163_, 81.84, 318.24, 1.75302
ANTENNA__06661__S, 81.84, 318.24, 1.75302
ANTENNA__11164__RESET_B, 81.84, 318.24, 1.75302
FILLER_0_112_165, 81.84, 318.24, 1.75302
FILLER_0_114_168, 81.84, 318.24, 1.75302
_06650_, 81.84, 312.8, 1.75336
ANTENNA__11651__RESET_B, 81.84, 312.8, 1.75336
FILLER_0_111_157, 81.84, 312.8, 1.75336
FILLER_0_111_162, 81.84, 312.8, 1.75336
_11063_, 81.84, 307.36, 1.7537
_11165_, 81.84, 307.36, 1.7537
hold389, 81.84, 307.36, 1.7537
hold411, 81.84, 307.36, 1.7537
ANTENNA__11623__RESET_B, 81.84, 307.36, 1.7537
_11595_, 81.84, 301.92, 1.75407
hold390, 81.84, 301.92, 1.75407
ANTENNA__11063__S, 81.84, 301.92, 1.75407
ANTENNA__06574__A, 81.84, 301.92, 1.75407
ANTENNA__06671__A, 81.84, 301.92, 1.75407
ANTENNA__11120__S, 81.84, 301.92, 1.75407
FILLER_0_107_173, 81.84, 301.92, 1.75407
FILLER_0_108_173, 81.84, 301.92, 1.75407
_06671_, 81.84, 296.48, 1.75445
_11006_, 81.84, 296.48, 1.75445
_11007_, 81.84, 296.48, 1.75445
_06649_, 81.84, 291.04, 1.75491
_06660_, 81.84, 291.04, 1.75491
hold402, 81.84, 291.04, 1.75491
ANTENNA__06649__A0, 81.84, 291.04, 1.75491
ANTENNA_clkbuf_leaf_23_clk_A, 81.84, 291.04, 1.75491
FILLER_0_103_161, 81.84, 291.04, 1.75491
FILLER_0_103_169, 81.84, 291.04, 1.75491
_11594_, 81.84, 285.6, 1.75538
hold215, 81.84, 285.6, 1.75538
ANTENNA__06660__A0, 81.84, 285.6, 1.75538
ANTENNA__06640__S, 81.84, 285.6, 1.75538
ANTENNA__11162__RESET_B, 81.84, 285.6, 1.75538
ANTENNA__11622__RESET_B, 81.84, 285.6, 1.75538
FILLER_0_101_173, 81.84, 285.6, 1.75538
_11004_, 81.84, 280.16, 1.75585
_11005_, 81.84, 280.16, 1.75585
ANTENNA__11118__S, 81.84, 280.16, 1.75585
FILLER_0_98_160, 81.84, 280.16, 1.75585
FILLER_0_99_165, 81.84, 280.16, 1.75585
_06630_, 81.84, 274.72, 1.75634
hold148, 81.84, 274.72, 1.75634
ANTENNA__11061__S, 81.84, 274.72, 1.75634
ANTENNA__11650__RESET_B, 81.84, 274.72, 1.75634
FILLER_0_98_169, 81.84, 274.72, 1.75634
_06629_, 81.84, 269.28, 1.75684
_06631_, 81.84, 269.28, 1.75684
ANTENNA__06629__B1, 81.84, 269.28, 1.75684
ANTENNA__11161__RESET_B, 81.84, 269.28, 1.75684
_11059_, 81.84, 263.84, 1.75738
_11060_, 81.84, 263.84, 1.75738
_11074_, 81.84, 263.84, 1.75738
_11621_, 81.84, 263.84, 1.75738
ANTENNA__11059__S, 81.84, 263.84, 1.75738
ANTENNA__11016__S, 81.84, 263.84, 1.75738
ANTENNA__11600__RESET_B, 81.84, 263.84, 1.75738
ANTENNA__11628__RESET_B, 81.84, 263.84, 1.75738
FILLER_0_92_161, 81.84, 263.84, 1.75738
FILLER_0_93_158, 81.84, 263.84, 1.75738
FILLER_0_93_173, 81.84, 263.84, 1.75738
FILLER_0_94_169, 81.84, 263.84, 1.75738
FILLER_0_94_176, 81.84, 263.84, 1.75738
_11117_, 81.84, 258.4, 1.75799
hold382, 81.84, 258.4, 1.75799
ANTENNA__11073__S, 81.84, 258.4, 1.75799
FILLER_0_90_165, 81.84, 258.4, 1.75799
FILLER_0_91_169, 81.84, 258.4, 1.75799
FILLER_0_91_175, 81.84, 258.4, 1.75799
_11649_, 81.84, 252.96, 1.75859
clkbuf_leaf_15_clk, 81.84, 252.96, 1.75859
hold387, 81.84, 252.96, 1.75859
ANTENNA__11656__RESET_B, 81.84, 252.96, 1.75859
_11130_, 81.84, 247.52, 1.75921
_11131_, 81.84, 247.52, 1.75921
hold11, 81.84, 247.52, 1.75921
ANTENNA__11131__A2, 81.84, 247.52, 1.75921
_06595_, 81.84, 242.08, 1.75983
_06608_, 81.84, 242.08, 1.75983
_11159_, 81.84, 242.08, 1.75983
ANTENNA__06608__A1, 81.84, 242.08, 1.75983
ANTENNA__06608__A2, 81.84, 242.08, 1.75983
ANTENNA__11130__A, 81.84, 242.08, 1.75983
ANTENNA__10958__A0, 81.84, 242.08, 1.75983
ANTENNA__11572__RESET_B, 81.84, 242.08, 1.75983
ANTENNA__11158__RESET_B, 81.84, 242.08, 1.75983
FILLER_0_85_160, 81.84, 242.08, 1.75983
FILLER_0_85_173, 81.84, 242.08, 1.75983
_11112_, 81.84, 236.64, 1.76047
hold134, 81.84, 236.64, 1.76047
ANTENNA__06595__A, 81.84, 236.64, 1.76047
ANTENNA__11112__S, 81.84, 236.64, 1.76047
FILLER_0_84_174, 81.84, 236.64, 1.76047
_11113_, 81.84, 231.2, 1.76121
_11619_, 81.84, 231.2, 1.76121
hold133, 81.84, 231.2, 1.76121
hold218, 81.84, 231.2, 1.76121
FILLER_0_82_170, 81.84, 231.2, 1.76121
_06233_, 81.84, 225.76, 1.76193
clkbuf_leaf_16_clk, 81.84, 225.76, 1.76193
ANTENNA__11647__RESET_B, 81.84, 225.76, 1.76193
FILLER_0_79_163, 81.84, 225.76, 1.76193
_11054_, 81.84, 220.32, 1.76269
hold465, 81.84, 220.32, 1.76269
ANTENNA__06233__A2, 81.84, 220.32, 1.76269
ANTENNA__11345__RESET_B, 81.84, 220.32, 1.76269
FILLER_0_77_169, 81.84, 220.32, 1.76269
_06236_, 81.84, 214.88, 1.76344
_06585_, 81.84, 214.88, 1.76344
_11618_, 81.84, 214.88, 1.76344
_11646_, 81.84, 214.88, 1.76344
ANTENNA__10393__S, 81.84, 214.88, 1.76344
ANTENNA__06236__A1, 81.84, 214.88, 1.76344
ANTENNA__06236__A2, 81.84, 214.88, 1.76344
FILLER_0_74_161, 81.84, 214.88, 1.76344
_11111_, 81.84, 209.44, 1.7642
clkbuf_leaf_17_clk, 81.84, 209.44, 1.7642
ANTENNA__06566__A2, 81.84, 209.44, 1.7642
ANTENNA__06585__A, 81.84, 209.44, 1.7642
ANTENNA__06566__A1, 81.84, 209.44, 1.7642
FILLER_0_73_173, 81.84, 209.44, 1.7642
_06564_, 81.84, 204, 1.76504
hold108, 81.84, 204, 1.76504
ANTENNA__11155__RESET_B, 81.84, 204, 1.76504
_06563_, 81.84, 198.56, 1.76591
_11106_, 81.84, 198.56, 1.76591
_11107_, 81.84, 198.56, 1.76591
ANTENNA__06563__A3, 81.84, 198.56, 1.76591
ANTENNA__06564__S, 81.84, 198.56, 1.76591
FILLER_0_69_163, 81.84, 198.56, 1.76591
_06555_, 81.84, 193.12, 1.76678
_06575_, 81.84, 193.12, 1.76678
_11644_, 81.84, 193.12, 1.76678
ANTENNA__06558__A1, 81.84, 193.12, 1.76678
ANTENNA__06555__B1, 81.84, 193.12, 1.76678
FILLER_0_66_161, 81.84, 193.12, 1.76678
FILLER_0_67_158, 81.84, 193.12, 1.76678
FILLER_0_67_169, 81.84, 193.12, 1.76678
_06253_, 81.84, 187.68, 1.76766
_11156_, 81.84, 187.68, 1.76766
hold22, 81.84, 187.68, 1.76766
ANTENNA__06555__A2, 81.84, 187.68, 1.76766
FILLER_0_65_169, 81.84, 187.68, 1.76766
FILLER_0_62_162, 81.84, 182.24, 1.76855
FILLER_0_63_169, 81.84, 182.24, 1.76855
_11108_, 81.84, 176.8, 1.76945
_11109_, 81.84, 176.8, 1.76945
ANTENNA__06530__A2, 81.84, 176.8, 1.76945
ANTENNA__06516__B, 81.84, 176.8, 1.76945
FILLER_0_60_163, 81.84, 176.8, 1.76945
FILLER_0_61_169, 81.84, 176.8, 1.76945
_06529_, 81.84, 171.36, 1.77039
_06530_, 81.84, 171.36, 1.77039
_10514_, 81.84, 171.36, 1.77039
_11645_, 81.84, 171.36, 1.77039
ANTENNA__06530__B1, 81.84, 171.36, 1.77039
_06223_, 81.84, 165.92, 1.77133
_06523_, 81.84, 165.92, 1.77133
_11151_, 81.84, 165.92, 1.77133
ANTENNA__06425__B, 81.84, 165.92, 1.77133
ANTENNA__10545__A, 81.84, 165.92, 1.77133
ANTENNA__10514__A, 81.84, 165.92, 1.77133
FILLER_0_58_173, 81.84, 165.92, 1.77133
_06444_, 81.84, 160.48, 1.77228
_06509_, 81.84, 160.48, 1.77228
_06510_, 81.84, 160.48, 1.77228
_11150_, 81.84, 160.48, 1.77228
ANTENNA__06444__B, 81.84, 160.48, 1.77228
FILLER_0_55_162, 81.84, 160.48, 1.77228
_06508_, 81.84, 155.04, 1.77321
ANTENNA__06234__A, 81.84, 155.04, 1.77321
ANTENNA__10960__S, 81.84, 155.04, 1.77321
FILLER_0_52_164, 81.84, 155.04, 1.77321
FILLER_0_53_164, 81.84, 155.04, 1.77321
FILLER_0_54_171, 81.84, 155.04, 1.77321
_10960_, 81.84, 149.6, 1.77411
_10961_, 81.84, 149.6, 1.77411
_11573_, 81.84, 149.6, 1.77411
_11601_, 81.84, 149.6, 1.77411
clkbuf_leaf_10_clk, 81.84, 149.6, 1.77411
ANTENNA_clkbuf_leaf_10_clk_A, 81.84, 149.6, 1.77411
_10962_, 81.84, 144.16, 1.77418
_10963_, 81.84, 144.16, 1.77418
_11574_, 81.84, 144.16, 1.77418
ANTENNA__06460__A, 81.84, 144.16, 1.77418
ANTENNA__10962__S, 81.84, 144.16, 1.77418
_06278_, 81.84, 138.72, 1.77369
_11132_, 81.84, 138.72, 1.77369
ANTENNA__06278__A2, 81.84, 138.72, 1.77369
ANTENNA__06278__B1, 81.84, 138.72, 1.77369
ANTENNA__06278__A1, 81.84, 138.72, 1.77369
FILLER_0_46_165, 81.84, 138.72, 1.77369
_06284_, 81.84, 133.28, 1.77318
_11136_, 81.84, 133.28, 1.77318
_11137_, 81.84, 133.28, 1.77318
_11139_, 81.84, 133.28, 1.77318
ANTENNA__11140__S, 81.84, 133.28, 1.77318
ANTENNA__11132__C, 81.84, 133.28, 1.77318
ANTENNA__06277__C, 81.84, 133.28, 1.77318
FILLER_0_44_160, 81.84, 133.28, 1.77318
FILLER_0_46_176, 81.84, 133.28, 1.77318
_06272_, 81.84, 127.84, 1.77267
_06285_, 81.84, 127.84, 1.77267
ANTENNA__06272__A, 81.84, 127.84, 1.77267
ANTENNA__06414__A2, 81.84, 127.84, 1.77267
ANTENNA__11139__A2, 81.84, 127.84, 1.77267
FILLER_0_43_158, 81.84, 127.84, 1.77267
FILLER_0_43_169, 81.84, 127.84, 1.77267
_06263_, 81.84, 122.4, 1.77216
_06414_, 81.84, 122.4, 1.77216
_11138_, 81.84, 122.4, 1.77216
ANTENNA__11138__C, 81.84, 122.4, 1.77216
ANTENNA__06263__A1, 81.84, 122.4, 1.77216
ANTENNA__06414__B1, 81.84, 122.4, 1.77216
ANTENNA__06414__A1, 81.84, 122.4, 1.77216
FILLER_0_40_165, 81.84, 122.4, 1.77216
_06286_, 81.84, 116.96, 1.77165
_06293_, 81.84, 116.96, 1.77165
ANTENNA__06269__C, 81.84, 116.96, 1.77165
ANTENNA__06293__A2, 81.84, 116.96, 1.77165
ANTENNA__06323__B1, 81.84, 116.96, 1.77165
FILLER_0_39_162, 81.84, 116.96, 1.77165
_06324_, 81.84, 111.52, 1.7712
_06335_, 81.84, 111.52, 1.7712
_06344_, 81.84, 111.52, 1.7712
ANTENNA__06335__A2, 81.84, 111.52, 1.7712
ANTENNA__06335__B1, 81.84, 111.52, 1.7712
ANTENNA__06323__A1, 81.84, 111.52, 1.7712
FILLER_0_36_160, 81.84, 111.52, 1.7712
FILLER_0_37_169, 81.84, 111.52, 1.7712
FILLER_0_38_169, 81.84, 111.52, 1.7712
_06334_, 81.84, 106.08, 1.77077
_06349_, 81.84, 106.08, 1.77077
ANTENNA__06344__A1, 81.84, 106.08, 1.77077
ANTENNA__06261__B1, 81.84, 106.08, 1.77077
FILLER_0_35_169, 81.84, 106.08, 1.77077
_06326_, 81.84, 100.64, 1.77033
clkbuf_leaf_3_clk, 81.84, 100.64, 1.77033
ANTENNA__06326__S, 81.84, 100.64, 1.77033
ANTENNA__06255__B1, 81.84, 100.64, 1.77033
ANTENNA_clkbuf_leaf_3_clk_A, 81.84, 100.64, 1.77033
FILLER_0_32_156, 81.84, 100.64, 1.77033
FILLER_0_33_161, 81.84, 100.64, 1.77033
_06327_, 81.84, 95.2, 1.76991
_11143_, 81.84, 95.2, 1.76991
hold213, 81.84, 95.2, 1.76991
ANTENNA__11082__S, 81.84, 95.2, 1.76991
FILLER_0_30_158, 81.84, 95.2, 1.76991
FILLER_0_31_160, 81.84, 95.2, 1.76991
_11025_, 81.84, 89.76, 1.76948
_11082_, 81.84, 89.76, 1.76948
_11083_, 81.84, 89.76, 1.76948
_11632_, 81.84, 89.76, 1.76948
hold270, 81.84, 89.76, 1.76948
ANTENNA__10816__A1, 81.84, 89.76, 1.76948
_06298_, 81.84, 84.32, 1.76911
ANTENNA__10462__S, 81.84, 84.32, 1.76911
ANTENNA__10462__A0, 81.84, 84.32, 1.76911
FILLER_0_27_165, 81.84, 84.32, 1.76911
FILLER_0_27_169, 81.84, 84.32, 1.76911
_06351_, 81.84, 78.88, 1.7688
_11142_, 81.84, 78.88, 1.7688
_11144_, 81.84, 78.88, 1.7688
hold127, 81.84, 78.88, 1.7688
FILLER_0_26_167, 81.84, 78.88, 1.7688
_06350_, 81.84, 73.44, 1.76851
ANTENNA__10515__S, 81.84, 73.44, 1.76851
FILLER_0_23_165, 81.84, 73.44, 1.76851
_11633_, 81.84, 68, 1.76822
hold174, 81.84, 68, 1.76822
ANTENNA__06350__S, 81.84, 68, 1.76822
FILLER_0_21_158, 81.84, 68, 1.76822
FILLER_0_21_169, 81.84, 68, 1.76822
_11381_, 81.84, 62.56, 1.76793
hold265, 81.84, 62.56, 1.76793
ANTENNA__10564__S, 81.84, 62.56, 1.76793
FILLER_0_19_164, 81.84, 62.56, 1.76793
_10467_, 81.84, 57.12, 1.76766
clkbuf_leaf_72_clk, 81.84, 57.12, 1.76766
hold112, 81.84, 57.12, 1.76766
ANTENNA_clkbuf_leaf_72_clk_A, 81.84, 57.12, 1.76766
_10466_, 81.84, 51.68, 1.76749
_10519_, 81.84, 51.68, 1.76749
_10520_, 81.84, 51.68, 1.76749
_11406_, 81.84, 51.68, 1.76749
hold325, 81.84, 51.68, 1.76749
ANTENNA__10519__S, 81.84, 51.68, 1.76749
ANTENNA__11430__RESET_B, 81.84, 46.24, 1.76734
FILLER_0_13_169, 81.84, 46.24, 1.76734
ANTENNA__11380__RESET_B, 81.84, 40.8, 1.76719
FILLER_0_11_158, 81.84, 40.8, 1.76719
FILLER_0_8_165, 81.84, 35.36, 1.76705
FILLER_0_9_161, 81.84, 35.36, 1.76705
_11371_, 81.84, 29.92, 1.76691
FILLER_0_7_161, 81.84, 29.92, 1.76691
FILLER_0_8_173, 81.84, 29.92, 1.76691
FILLER_0_5_161, 81.84, 24.48, 1.76684
FILLER_0_3_161, 81.84, 19.04, 1.76682
FILLER_0_0_161, 81.84, 13.6, 1.76664
FILLER_0_1_161, 81.84, 13.6, 1.76664
FILLER_0_145_105, 51.84, 405.28, 1.751
FILLER_0_146_109, 51.84, 405.28, 1.751
FILLER_0_143_105, 51.84, 399.84, 1.75101
FILLER_0_141_105, 51.84, 394.4, 1.75103
FILLER_0_139_105, 51.84, 388.96, 1.75105
FILLER_0_137_105, 51.84, 383.52, 1.75113
FILLER_0_135_105, 51.84, 378.08, 1.75124
FILLER_0_133_105, 51.84, 372.64, 1.75136
ANTENNA__10501__S, 51.84, 367.2, 1.75148
FILLER_0_130_93, 51.84, 367.2, 1.75148
FILLER_0_131_105, 51.84, 367.2, 1.75148
_10502_, 51.84, 361.76, 1.7516
_11398_, 51.84, 361.76, 1.7516
hold338, 51.84, 361.76, 1.7516
ANTENNA__10554__S, 51.84, 361.76, 1.7516
ANTENNA__10501__A0, 51.84, 361.76, 1.7516
FILLER_0_129_109, 51.84, 361.76, 1.7516
_10706_, 51.84, 356.32, 1.75175
ANTENNA__11520__RESET_B, 51.84, 356.32, 1.75175
ANTENNA__11423__RESET_B, 51.84, 356.32, 1.75175
FILLER_0_127_100, 51.84, 356.32, 1.75175
_11496_, 51.84, 350.88, 1.75196
clkbuf_leaf_27_clk, 51.84, 350.88, 1.75196
ANTENNA_clkbuf_leaf_27_clk_A, 51.84, 350.88, 1.75196
_10705_, 51.84, 345.44, 1.75219
_10761_, 51.84, 345.44, 1.75219
_11523_, 51.84, 345.44, 1.75219
hold71, 51.84, 345.44, 1.75219
ANTENNA__10705__S, 51.84, 345.44, 1.75219
FILLER_0_123_107, 51.84, 345.44, 1.75219
_10507_, 51.84, 340, 1.75242
_10760_, 51.84, 340, 1.75242
ANTENNA__10507__S, 51.84, 340, 1.75242
ANTENNA__10760__S, 51.84, 340, 1.75242
ANTENNA__10754__S, 51.84, 340, 1.75242
ANTENNA__11544__RESET_B, 51.84, 340, 1.75242
_10508_, 51.84, 334.56, 1.75266
_11401_, 51.84, 334.56, 1.75266
fanout88, 51.84, 334.56, 1.75266
hold436, 51.84, 334.56, 1.75266
FILLER_0_120_107, 51.84, 334.56, 1.75266
_10811_, 51.84, 329.12, 1.75291
_11547_, 51.84, 329.12, 1.75291
ANTENNA__10804__S, 51.84, 329.12, 1.75291
FILLER_0_117_101, 51.84, 329.12, 1.75291
FILLER_0_117_109, 51.84, 329.12, 1.75291
FILLER_0_118_102, 51.84, 329.12, 1.75291
_10810_, 51.84, 323.68, 1.75321
_10957_, 51.84, 323.68, 1.75321
_11571_, 51.84, 323.68, 1.75321
ANTENNA__10810__S, 51.84, 323.68, 1.75321
FILLER_0_114_93, 51.84, 323.68, 1.75321
FILLER_0_115_109, 51.84, 323.68, 1.75321
_10956_, 51.84, 318.24, 1.75356
ANTENNA__10938__S, 51.84, 318.24, 1.75356
ANTENNA__11568__RESET_B, 51.84, 318.24, 1.75356
FILLER_0_112_98, 51.84, 318.24, 1.75356
FILLER_0_113_100, 51.84, 318.24, 1.75356
_10952_, 51.84, 312.8, 1.75391
_10953_, 51.84, 312.8, 1.75391
ANTENNA__10949__A2, 51.84, 312.8, 1.75391
ANTENNA__10952__A, 51.84, 312.8, 1.75391
FILLER_0_110_96, 51.84, 312.8, 1.75391
_06472_, 51.84, 307.36, 1.75425
_10942_, 51.84, 307.36, 1.75425
_10954_, 51.84, 307.36, 1.75425
ANTENNA__10954__B1, 51.84, 307.36, 1.75425
ANTENNA__10943__A2, 51.84, 307.36, 1.75425
ANTENNA__06473__B, 51.84, 307.36, 1.75425
ANTENNA__06472__B, 51.84, 307.36, 1.75425
FILLER_0_109_94, 51.84, 307.36, 1.75425
_06473_, 51.84, 301.92, 1.75461
_06474_, 51.84, 301.92, 1.75461
ANTENNA__10942__B1, 51.84, 301.92, 1.75461
ANTENNA__10937__A2, 51.84, 301.92, 1.75461
ANTENNA__10940__B_N, 51.84, 301.92, 1.75461
FILLER_0_107_103, 51.84, 301.92, 1.75461
_06436_, 51.84, 296.48, 1.75499
_06437_, 51.84, 296.48, 1.75499
_06438_, 51.84, 296.48, 1.75499
_06476_, 51.84, 296.48, 1.75499
_10934_, 51.84, 296.48, 1.75499
ANTENNA__10934__B_N, 51.84, 296.48, 1.75499
ANTENNA__06436__A, 51.84, 296.48, 1.75499
ANTENNA__06436__B, 51.84, 296.48, 1.75499
_10929_, 51.84, 291.04, 1.75544
ANTENNA__10930__B1, 51.84, 291.04, 1.75544
ANTENNA__10931__A2, 51.84, 291.04, 1.75544
ANTENNA__06437__B, 51.84, 291.04, 1.75544
FILLER_0_102_97, 51.84, 291.04, 1.75544
FILLER_0_103_91, 51.84, 291.04, 1.75544
FILLER_0_104_101, 51.84, 291.04, 1.75544
FILLER_0_104_109, 51.84, 291.04, 1.75544
_06419_, 51.84, 285.6, 1.75591
_06420_, 51.84, 285.6, 1.75591
_06441_, 51.84, 285.6, 1.75591
_10924_, 51.84, 285.6, 1.75591
_10927_, 51.84, 285.6, 1.75591
ANTENNA__10924__A2, 51.84, 285.6, 1.75591
ANTENNA__06420__A, 51.84, 285.6, 1.75591
ANTENNA__06419__A, 51.84, 285.6, 1.75591
ANTENNA__06420__B, 51.84, 285.6, 1.75591
FILLER_0_101_93, 51.84, 285.6, 1.75591
FILLER_0_102_104, 51.84, 285.6, 1.75591
_06439_, 51.84, 280.16, 1.75637
_10922_, 51.84, 280.16, 1.75637
_10923_, 51.84, 280.16, 1.75637
ANTENNA__06439__B, 51.84, 280.16, 1.75637
ANTENNA__06418__B, 51.84, 280.16, 1.75637
ANTENNA__06419__B, 51.84, 280.16, 1.75637
FILLER_0_99_106, 51.84, 280.16, 1.75637
FILLER_0_100_101, 51.84, 280.16, 1.75637
_06355_, 51.84, 274.72, 1.75684
_06391_, 51.84, 274.72, 1.75684
ANTENNA__10923__B1, 51.84, 274.72, 1.75684
ANTENNA__06424__B1, 51.84, 274.72, 1.75684
ANTENNA__10921__A, 51.84, 274.72, 1.75684
ANTENNA__06391__B, 51.84, 274.72, 1.75684
ANTENNA__06355__B, 51.84, 274.72, 1.75684
FILLER_0_96_91, 51.84, 274.72, 1.75684
FILLER_0_97_95, 51.84, 274.72, 1.75684
FILLER_0_97_109, 51.84, 274.72, 1.75684
FILLER_0_98_103, 51.84, 274.72, 1.75684
_06356_, 51.84, 269.28, 1.75733
_06357_, 51.84, 269.28, 1.75733
_06392_, 51.84, 269.28, 1.75733
_06417_, 51.84, 269.28, 1.75733
_10916_, 51.84, 269.28, 1.75733
_10918_, 51.84, 269.28, 1.75733
ANTENNA__11540__RESET_B, 51.84, 269.28, 1.75733
FILLER_0_94_92, 51.84, 269.28, 1.75733
FILLER_0_95_108, 51.84, 269.28, 1.75733
_10917_, 51.84, 263.84, 1.75787
hold260, 51.84, 263.84, 1.75787
ANTENNA__10917__B1, 51.84, 263.84, 1.75787
ANTENNA__10918__A2, 51.84, 263.84, 1.75787
ANTENNA__10796__S, 51.84, 263.84, 1.75787
FILLER_0_92_98, 51.84, 263.84, 1.75787
FILLER_0_93_108, 51.84, 263.84, 1.75787
_10912_, 51.84, 258.4, 1.75845
_10913_, 51.84, 258.4, 1.75845
hold221, 51.84, 258.4, 1.75845
FILLER_0_91_106, 51.84, 258.4, 1.75845
FILLER_0_92_111, 51.84, 258.4, 1.75845
_10911_, 51.84, 252.96, 1.75903
ANTENNA__10495__S, 51.84, 252.96, 1.75903
ANTENNA__10912__S, 51.84, 252.96, 1.75903
ANTENNA__10914__A_N, 51.84, 252.96, 1.75903
ANTENNA__10911__A0, 51.84, 252.96, 1.75903
FILLER_0_89_97, 51.84, 252.96, 1.75903
_06338_, 51.84, 247.52, 1.75961
_10910_, 51.84, 247.52, 1.75961
_10914_, 51.84, 247.52, 1.75961
ANTENNA__06338__B, 51.84, 247.52, 1.75961
FILLER_0_87_102, 51.84, 247.52, 1.75961
_10906_, 51.84, 236.64, 1.76082
_10907_, 51.84, 236.64, 1.76082
hold30, 51.84, 236.64, 1.76082
ANTENNA__10908__A, 51.84, 236.64, 1.76082
FILLER_0_83_101, 51.84, 236.64, 1.76082
FILLER_0_84_105, 51.84, 236.64, 1.76082
_10542_, 51.84, 231.2, 1.7615
_10905_, 51.84, 231.2, 1.7615
hold372, 51.84, 231.2, 1.7615
ANTENNA__10907__A2, 51.84, 231.2, 1.7615
ANTENNA__10906__A1, 51.84, 231.2, 1.7615
FILLER_0_81_105, 51.84, 231.2, 1.7615
_10541_, 51.84, 225.76, 1.76218
_10902_, 51.84, 225.76, 1.76218
_11417_, 51.84, 225.76, 1.76218
clkbuf_leaf_18_clk, 51.84, 220.32, 1.76286
hold366, 51.84, 220.32, 1.76286
ANTENNA__10541__S, 51.84, 220.32, 1.76286
_10489_, 51.84, 214.88, 1.76356
_10490_, 51.84, 214.88, 1.76356
hold40, 51.84, 214.88, 1.76356
ANTENNA__10895__S, 51.84, 214.88, 1.76356
ANTENNA__10898__A, 51.84, 214.88, 1.76356
FILLER_0_74_94, 51.84, 214.88, 1.76356
FILLER_0_75_104, 51.84, 214.88, 1.76356
FILLER_0_76_108, 51.84, 214.88, 1.76356
_11392_, 51.84, 209.44, 1.76425
hold442, 51.84, 209.44, 1.76425
ANTENNA__10485__A0, 51.84, 209.44, 1.76425
ANTENNA__11561__RESET_B, 51.84, 209.44, 1.76425
_10788_, 51.84, 204, 1.76498
hold101, 51.84, 204, 1.76498
FILLER_0_71_104, 51.84, 204, 1.76498
_10890_, 51.84, 198.56, 1.76571
hold140, 51.84, 198.56, 1.76571
ANTENNA__10738__S, 51.84, 198.56, 1.76571
_10640_, 51.84, 193.12, 1.76645
_10787_, 51.84, 193.12, 1.76645
ANTENNA__10787__S, 51.84, 193.12, 1.76645
ANTENNA__11512__RESET_B, 51.84, 193.12, 1.76645
FILLER_0_67_102, 51.84, 193.12, 1.76645
FILLER_0_68_110, 51.84, 193.12, 1.76645
_10589_, 51.84, 187.68, 1.76717
hold449, 51.84, 187.68, 1.76717
FILLER_0_64_96, 51.84, 187.68, 1.76717
_11416_, 51.84, 182.24, 1.76792
_11440_, 51.84, 182.24, 1.76792
ANTENNA__10639__S, 51.84, 182.24, 1.76792
ANTENNA__11464__RESET_B, 51.84, 182.24, 1.76792
ANTENNA__11488__RESET_B, 51.84, 182.24, 1.76792
_06487_, 51.84, 176.8, 1.76864
_06488_, 51.84, 176.8, 1.76864
_10540_, 51.84, 176.8, 1.76864
ANTENNA__06487__A, 51.84, 176.8, 1.76864
ANTENNA__06519__B, 51.84, 176.8, 1.76864
FILLER_0_61_102, 51.84, 176.8, 1.76864
_06489_, 51.84, 171.36, 1.76931
_06521_, 51.84, 171.36, 1.76931
ANTENNA__10883__B1, 51.84, 171.36, 1.76931
ANTENNA__06488__A, 51.84, 171.36, 1.76931
FILLER_0_58_97, 51.84, 171.36, 1.76931
FILLER_0_59_94, 51.84, 171.36, 1.76931
_06466_, 51.84, 165.92, 1.76997
_06490_, 51.84, 165.92, 1.76997
_06520_, 51.84, 165.92, 1.76997
_10731_, 51.84, 165.92, 1.76997
ANTENNA__10870__A2, 51.84, 165.92, 1.76997
ANTENNA__06466__A, 51.84, 165.92, 1.76997
FILLER_0_56_98, 51.84, 165.92, 1.76997
_06464_, 51.84, 160.48, 1.77062
_06465_, 51.84, 160.48, 1.77062
_10669_, 51.84, 160.48, 1.77062
_10793_, 51.84, 160.48, 1.77062
_10869_, 51.84, 160.48, 1.77062
ANTENNA__06464__A, 51.84, 160.48, 1.77062
ANTENNA__11388__RESET_B, 51.84, 160.48, 1.77062
_06470_, 51.84, 155.04, 1.77126
_10867_, 51.84, 155.04, 1.77126
ANTENNA__10869__B1, 51.84, 155.04, 1.77126
FILLER_0_53_108, 51.84, 155.04, 1.77126
_06448_, 51.84, 149.6, 1.77186
_06449_, 51.84, 149.6, 1.77186
fanout79, 51.84, 149.6, 1.77186
ANTENNA__10865__B1, 51.84, 149.6, 1.77186
ANTENNA__10478__S, 51.84, 149.6, 1.77186
ANTENNA__10860__B, 51.84, 149.6, 1.77186
FILLER_0_51_95, 51.84, 149.6, 1.77186
_06450_, 51.84, 144.16, 1.772
_10862_, 51.84, 144.16, 1.772
_10864_, 51.84, 144.16, 1.772
ANTENNA__10866__A2, 51.84, 144.16, 1.772
ANTENNA__10861__B_N, 51.84, 144.16, 1.772
FILLER_0_49_103, 51.84, 144.16, 1.772
_10475_, 51.84, 138.72, 1.77181
_11385_, 51.84, 138.72, 1.77181
ANTENNA__10474__S, 51.84, 138.72, 1.77181
ANTENNA__10474__A0, 51.84, 138.72, 1.77181
FILLER_0_47_108, 51.84, 138.72, 1.77181
clkbuf_leaf_4_clk, 51.84, 133.28, 1.77161
ANTENNA__06446__A, 51.84, 133.28, 1.77161
FILLER_0_44_93, 51.84, 133.28, 1.77161
_06382_, 51.84, 127.84, 1.77139
_06383_, 51.84, 127.84, 1.77139
_06409_, 51.84, 127.84, 1.77139
_06411_, 51.84, 127.84, 1.77139
_06446_, 51.84, 127.84, 1.77139
_06447_, 51.84, 127.84, 1.77139
_10855_, 51.84, 127.84, 1.77139
ANTENNA__10857__A2, 51.84, 127.84, 1.77139
ANTENNA__06409__A, 51.84, 127.84, 1.77139
FILLER_0_43_105, 51.84, 127.84, 1.77139
_06384_, 51.84, 122.4, 1.77117
_06387_, 51.84, 122.4, 1.77117
_06407_, 51.84, 122.4, 1.77117
ANTENNA__10851__A, 51.84, 122.4, 1.77117
ANTENNA__10856__B1, 51.84, 122.4, 1.77117
ANTENNA__10853__B1, 51.84, 122.4, 1.77117
ANTENNA__06407__A, 51.84, 122.4, 1.77117
ANTENNA__06383__B_N, 51.84, 122.4, 1.77117
ANTENNA__06382__A, 51.84, 122.4, 1.77117
FILLER_0_40_96, 51.84, 122.4, 1.77117
FILLER_0_41_101, 51.84, 122.4, 1.77117
FILLER_0_41_106, 51.84, 122.4, 1.77117
_06386_, 51.84, 116.96, 1.77093
FILLER_0_39_106, 51.84, 116.96, 1.77093
_06368_, 51.84, 111.52, 1.77065
_06371_, 51.84, 111.52, 1.77065
_06385_, 51.84, 111.52, 1.77065
ANTENNA__06366__A, 51.84, 111.52, 1.77065
FILLER_0_37_99, 51.84, 111.52, 1.77065
FILLER_0_38_101, 51.84, 111.52, 1.77065
_06329_, 51.84, 106.08, 1.77035
_06370_, 51.84, 106.08, 1.77035
_10836_, 51.84, 106.08, 1.77035
_10838_, 51.84, 106.08, 1.77035
ANTENNA__10838__B, 51.84, 106.08, 1.77035
ANTENNA__10842__B_N, 51.84, 106.08, 1.77035
ANTENNA__06329__A, 51.84, 106.08, 1.77035
FILLER_0_35_108, 51.84, 106.08, 1.77035
_06328_, 51.84, 100.64, 1.77004
_06331_, 51.84, 100.64, 1.77004
clkbuf_3_0__f_clk, 51.84, 100.64, 1.77004
ANTENNA__06331__A, 51.84, 100.64, 1.77004
ANTENNA__06312__B, 51.84, 100.64, 1.77004
FILLER_0_32_99, 51.84, 100.64, 1.77004
FILLER_0_33_93, 51.84, 100.64, 1.77004
_06313_, 51.84, 95.2, 1.76977
_10830_, 51.84, 95.2, 1.76977
_10834_, 51.84, 95.2, 1.76977
ANTENNA__10834__A, 51.84, 95.2, 1.76977
ANTENNA__06328__A, 51.84, 95.2, 1.76977
FILLER_0_31_104, 51.84, 95.2, 1.76977
FILLER_0_32_107, 51.84, 95.2, 1.76977
_10819_, 51.84, 89.76, 1.76948
ANTENNA__10819__S, 51.84, 89.76, 1.76948
ANTENNA__10825__A, 51.84, 89.76, 1.76948
ANTENNA_clkbuf_leaf_1_clk_A, 51.84, 89.76, 1.76948
FILLER_0_28_96, 51.84, 89.76, 1.76948
FILLER_0_29_107, 51.84, 89.76, 1.76948
_10827_, 51.84, 84.32, 1.76921
_11549_, 51.84, 84.32, 1.76921
_11550_, 51.84, 84.32, 1.76921
ANTENNA__10827__A2, 51.84, 84.32, 1.76921
ANTENNA__11549__RESET_B, 51.84, 84.32, 1.76921
FILLER_0_26_97, 51.84, 84.32, 1.76921
hold348, 51.84, 78.88, 1.76898
_10767_, 51.84, 73.44, 1.76873
_10768_, 51.84, 73.44, 1.76873
_11526_, 51.84, 73.44, 1.76873
ANTENNA__10765__S, 51.84, 73.44, 1.76873
ANTENNA_clkbuf_leaf_2_clk_A, 51.84, 73.44, 1.76873
FILLER_0_23_101, 51.84, 73.44, 1.76873
_10718_, 51.84, 68, 1.7685
_11502_, 51.84, 68, 1.7685
hold54, 51.84, 68, 1.7685
FILLER_0_20_97, 51.84, 68, 1.7685
_10665_, 51.84, 62.56, 1.76827
hold284, 51.84, 62.56, 1.76827
ANTENNA__11502__RESET_B, 51.84, 62.56, 1.76827
FILLER_0_19_109, 51.84, 62.56, 1.76827
_10616_, 51.84, 57.12, 1.76806
_10668_, 51.84, 57.12, 1.76806
hold110, 51.84, 57.12, 1.76806
ANTENNA__10665__S, 51.84, 57.12, 1.76806
ANTENNA__11477__RESET_B, 51.84, 57.12, 1.76806
_10617_, 51.84, 51.68, 1.76791
hold236, 51.84, 51.68, 1.76791
hold407, 51.84, 51.68, 1.76791
ANTENNA__11453__RESET_B, 51.84, 51.68, 1.76791
FILLER_0_14_96, 51.84, 51.68, 1.76791
_10518_, 51.84, 46.24, 1.76779
_10566_, 51.84, 46.24, 1.76779
_10567_, 51.84, 46.24, 1.76779
ANTENNA__10566__S, 51.84, 46.24, 1.76779
ANTENNA__10468__A0, 51.84, 46.24, 1.76779
FILLER_0_14_108, 51.84, 46.24, 1.76779
_11405_, 51.84, 40.8, 1.76766
_11429_, 51.84, 40.8, 1.76766
FILLER_0_10_97, 51.84, 40.8, 1.76766
ANTENNA__11382__RESET_B, 51.84, 35.36, 1.76755
FILLER_0_9_105, 51.84, 35.36, 1.76755
FILLER_0_10_105, 51.84, 35.36, 1.76755
FILLER_0_7_105, 51.84, 29.92, 1.76743
FILLER_0_5_105, 51.84, 24.48, 1.76737
FILLER_0_3_105, 51.84, 19.04, 1.76735
FILLER_0_0_109, 51.84, 13.6, 1.76723
FILLER_0_1_105, 51.84, 13.6, 1.76723
_11471_, 21.84, 356.32, 1.75202
FILLER_0_128_41, 21.84, 356.32, 1.75202
_10659_, 21.84, 350.88, 1.75223
hold417, 21.84, 350.88, 1.75223
ANTENNA__10659__S, 21.84, 350.88, 1.75223
FILLER_0_125_28, 21.84, 350.88, 1.75223
_10611_, 21.84, 345.44, 1.75245
_11495_, 21.84, 345.44, 1.75245
ANTENNA__11498__RESET_B, 21.84, 345.44, 1.75245
ANTENNA__11474__RESET_B, 21.84, 345.44, 1.75245
FILLER_0_124_38, 21.84, 345.44, 1.75245
_10610_, 21.84, 340, 1.75268
_11450_, 21.84, 340, 1.75268
ANTENNA__10610__S, 21.84, 340, 1.75268
ANTENNA__10758__S, 21.84, 340, 1.75268
ANTENNA__11522__RESET_B, 21.84, 340, 1.75268
FILLER_0_120_33, 21.84, 340, 1.75268
FILLER_0_121_35, 21.84, 340, 1.75268
_10809_, 21.84, 334.56, 1.75291
clkbuf_leaf_26_clk, 21.84, 334.56, 1.75291
FILLER_0_118_29, 21.84, 334.56, 1.75291
FILLER_0_118_35, 21.84, 334.56, 1.75291
_10756_, 21.84, 329.12, 1.75318
_10808_, 21.84, 329.12, 1.75318
hold118, 21.84, 329.12, 1.75318
hold441, 21.84, 329.12, 1.75318
_10807_, 21.84, 323.68, 1.75347
_11545_, 21.84, 323.68, 1.75347
_11570_, 21.84, 323.68, 1.75347
hold440, 21.84, 323.68, 1.75347
ANTENNA__10756__S, 21.84, 323.68, 1.75347
ANTENNA__11521__RESET_B, 21.84, 323.68, 1.75347
ANTENNA__11497__RESET_B, 21.84, 323.68, 1.75347
FILLER_0_115_39, 21.84, 323.68, 1.75347
_10951_, 21.84, 318.24, 1.75382
hold334, 21.84, 318.24, 1.75382
ANTENNA__10657__S, 21.84, 318.24, 1.75382
ANTENNA__11473__RESET_B, 21.84, 318.24, 1.75382
ANTENNA__11449__RESET_B, 21.84, 318.24, 1.75382
FILLER_0_113_37, 21.84, 318.24, 1.75382
FILLER_0_113_44, 21.84, 318.24, 1.75382
_10558_, 21.84, 312.8, 1.75416
_10559_, 21.84, 312.8, 1.75416
_11425_, 21.84, 312.8, 1.75416
_11569_, 21.84, 312.8, 1.75416
hold371, 21.84, 312.8, 1.75416
ANTENNA__10558__S, 21.84, 312.8, 1.75416
ANTENNA__10608__S, 21.84, 312.8, 1.75416
FILLER_0_112_37, 21.84, 312.8, 1.75416
_10602_, 21.84, 307.36, 1.7545
clkbuf_leaf_25_clk, 21.84, 307.36, 1.7545
hold384, 21.84, 307.36, 1.7545
_10601_, 21.84, 301.92, 1.75487
_11446_, 21.84, 301.92, 1.75487
hold383, 21.84, 301.92, 1.75487
FILLER_0_106_29, 21.84, 301.92, 1.75487
_10552_, 21.84, 296.48, 1.75525
_11422_, 21.84, 296.48, 1.75525
ANTENNA__10601__S, 21.84, 296.48, 1.75525
FILLER_0_105_31, 21.84, 296.48, 1.75525
_11542_, 21.84, 291.04, 1.7557
hold342, 21.84, 291.04, 1.7557
_10800_, 21.84, 285.6, 1.75616
_10801_, 21.84, 285.6, 1.75616
hold64, 21.84, 285.6, 1.75616
hold228, 21.84, 285.6, 1.75616
FILLER_0_101_27, 21.84, 285.6, 1.75616
FILLER_0_101_45, 21.84, 285.6, 1.75616
_10550_, 21.84, 280.16, 1.75662
_10599_, 21.84, 280.16, 1.75662
_11445_, 21.84, 280.16, 1.75662
FILLER_0_100_37, 21.84, 280.16, 1.75662
_10798_, 21.84, 274.72, 1.75708
_11421_, 21.84, 274.72, 1.75708
hold188, 21.84, 274.72, 1.75708
ANTENNA__10599__S, 21.84, 274.72, 1.75708
ANTENNA_clkbuf_leaf_21_clk_A, 21.84, 274.72, 1.75708
_10799_, 21.84, 269.28, 1.75755
_11492_, 21.84, 269.28, 1.75755
hold125, 21.84, 269.28, 1.75755
ANTENNA__10798__S, 21.84, 269.28, 1.75755
FILLER_0_96_46, 21.84, 269.28, 1.75755
_10697_, 21.84, 263.84, 1.7581
ANTENNA__10696__S, 21.84, 263.84, 1.7581
FILLER_0_92_29, 21.84, 263.84, 1.7581
_10648_, 21.84, 258.4, 1.75866
_11443_, 21.84, 258.4, 1.75866
_11468_, 21.84, 258.4, 1.75866
hold294, 21.84, 258.4, 1.75866
FILLER_0_91_27, 21.84, 258.4, 1.75866
FILLER_0_91_38, 21.84, 258.4, 1.75866
FILLER_0_91_45, 21.84, 258.4, 1.75866
_10595_, 21.84, 252.96, 1.75923
hold86, 21.84, 252.96, 1.75923
ANTENNA__10546__S, 21.84, 252.96, 1.75923
ANTENNA__10595__S, 21.84, 252.96, 1.75923
FILLER_0_88_29, 21.84, 252.96, 1.75923
FILLER_0_89_42, 21.84, 252.96, 1.75923
_10546_, 21.84, 247.52, 1.75977
_10547_, 21.84, 247.52, 1.75977
_11419_, 21.84, 247.52, 1.75977
_11539_, 21.84, 247.52, 1.75977
FILLER_0_87_28, 21.84, 247.52, 1.75977
_10794_, 21.84, 242.08, 1.76038
hold375, 21.84, 242.08, 1.76038
ANTENNA__10744__S, 21.84, 242.08, 1.76038
ANTENNA__10794__S, 21.84, 242.08, 1.76038
FILLER_0_84_29, 21.84, 242.08, 1.76038
FILLER_0_85_29, 21.84, 242.08, 1.76038
FILLER_0_85_46, 21.84, 242.08, 1.76038
_10594_, 21.84, 236.64, 1.76096
_11442_, 21.84, 236.64, 1.76096
clkbuf_leaf_20_clk, 21.84, 236.64, 1.76096
ANTENNA__10643__S, 21.84, 236.64, 1.76096
FILLER_0_82_33, 21.84, 236.64, 1.76096
FILLER_0_83_28, 21.84, 236.64, 1.76096
FILLER_0_84_42, 21.84, 236.64, 1.76096
_10593_, 21.84, 231.2, 1.76162
hold374, 21.84, 231.2, 1.76162
ANTENNA__10593__S, 21.84, 231.2, 1.76162
FILLER_0_81_36, 21.84, 231.2, 1.76162
_11489_, 21.84, 225.76, 1.76227
hold121, 21.84, 225.76, 1.76227
FILLER_0_79_28, 21.84, 225.76, 1.76227
_10690_, 21.84, 220.32, 1.76292
_10691_, 21.84, 220.32, 1.76292
_10791_, 21.84, 220.32, 1.76292
_11513_, 21.84, 220.32, 1.76292
_10740_, 21.84, 214.88, 1.76357
_10741_, 21.84, 214.88, 1.76357
clkbuf_leaf_19_clk, 21.84, 214.88, 1.76357
hold290, 21.84, 214.88, 1.76357
hold361, 21.84, 214.88, 1.76357
ANTENNA__10636__S, 21.84, 214.88, 1.76357
FILLER_0_75_37, 21.84, 214.88, 1.76357
_10587_, 21.84, 209.44, 1.76424
_10588_, 21.84, 209.44, 1.76424
hold340, 21.84, 209.44, 1.76424
_11415_, 21.84, 204, 1.7649
_11439_, 21.84, 204, 1.7649
hold312, 21.84, 204, 1.7649
ANTENNA__10587__S, 21.84, 204, 1.7649
FILLER_0_71_30, 21.84, 204, 1.7649
FILLER_0_72_37, 21.84, 204, 1.7649
_11535_, 21.84, 198.56, 1.76557
ANTENNA__10736__S, 21.84, 198.56, 1.76557
FILLER_0_68_29, 21.84, 198.56, 1.76557
_10585_, 21.84, 193.12, 1.76624
_10785_, 21.84, 193.12, 1.76624
_10786_, 21.84, 193.12, 1.76624
hold104, 21.84, 193.12, 1.76624
FILLER_0_67_34, 21.84, 193.12, 1.76624
_10536_, 21.84, 187.68, 1.76689
_11438_, 21.84, 187.68, 1.76689
hold200, 21.84, 187.68, 1.76689
ANTENNA__10585__S, 21.84, 187.68, 1.76689
_11534_, 21.84, 182.24, 1.76757
ANTENNA_clkbuf_leaf_7_clk_A, 21.84, 182.24, 1.76757
_10783_, 21.84, 176.8, 1.7682
hold369, 21.84, 176.8, 1.7682
FILLER_0_61_46, 21.84, 176.8, 1.7682
_10781_, 21.84, 171.36, 1.76876
_10784_, 21.84, 171.36, 1.76876
_11558_, 21.84, 171.36, 1.76876
hold268, 21.84, 171.36, 1.76876
ANTENNA__11533__RESET_B, 21.84, 171.36, 1.76876
_10872_, 21.84, 165.92, 1.7693
_11557_, 21.84, 165.92, 1.7693
hold78, 21.84, 165.92, 1.7693
hold405, 21.84, 165.92, 1.7693
ANTENNA__10781__S, 21.84, 165.92, 1.7693
FILLER_0_57_32, 21.84, 165.92, 1.7693
FILLER_0_57_40, 21.84, 165.92, 1.7693
_10583_, 21.84, 160.48, 1.76983
_10584_, 21.84, 160.48, 1.76983
_11437_, 21.84, 160.48, 1.76983
hold77, 21.84, 160.48, 1.76983
hold250, 21.84, 160.48, 1.76983
hold357, 21.84, 155.04, 1.77034
ANTENNA__11461__RESET_B, 21.84, 155.04, 1.77034
FILLER_0_53_43, 21.84, 155.04, 1.77034
_10581_, 21.84, 149.6, 1.77083
_10630_, 21.84, 149.6, 1.77083
_11436_, 21.84, 149.6, 1.77083
hold161, 21.84, 149.6, 1.77083
ANTENNA__10630__S, 21.84, 149.6, 1.77083
ANTENNA__10680__S, 21.84, 149.6, 1.77083
hold347, 21.84, 144.16, 1.771
FILLER_0_49_42, 21.84, 144.16, 1.771
_10779_, 21.84, 138.72, 1.77093
_11532_, 21.84, 138.72, 1.77093
_10577_, 21.84, 133.28, 1.77086
_11434_, 21.84, 133.28, 1.77086
FILLER_0_46_41, 21.84, 133.28, 1.77086
_11435_, 21.84, 127.84, 1.77074
hold264, 21.84, 127.84, 1.77074
ANTENNA__10577__S, 21.84, 127.84, 1.77074
ANTENNA_clkbuf_leaf_5_clk_A, 21.84, 127.84, 1.77074
_10579_, 21.84, 122.4, 1.77066
_10580_, 21.84, 122.4, 1.77066
hold414, 21.84, 122.4, 1.77066
FILLER_0_41_31, 21.84, 122.4, 1.77066
_10776_, 21.84, 116.96, 1.77053
_11459_, 21.84, 116.96, 1.77053
_11530_, 21.84, 116.96, 1.77053
ANTENNA__10725__S, 21.84, 116.96, 1.77053
FILLER_0_39_33, 21.84, 116.96, 1.77053
FILLER_0_40_41, 21.84, 116.96, 1.77053
_10628_, 21.84, 111.52, 1.77033
_10629_, 21.84, 111.52, 1.77033
hold279, 21.84, 111.52, 1.77033
hold341, 21.84, 111.52, 1.77033
_10778_, 21.84, 106.08, 1.7701
_11531_, 21.84, 106.08, 1.7701
hold82, 21.84, 106.08, 1.7701
ANTENNA__10628__S, 21.84, 106.08, 1.7701
ANTENNA__10727__S, 21.84, 106.08, 1.7701
ANTENNA__11507__RESET_B, 21.84, 106.08, 1.7701
FILLER_0_34_29, 21.84, 106.08, 1.7701
FILLER_0_36_37, 21.84, 106.08, 1.7701
_10840_, 21.84, 100.64, 1.76988
_10841_, 21.84, 100.64, 1.76988
_11552_, 21.84, 100.64, 1.76988
hold207, 21.84, 95.2, 1.76966
ANTENNA__10771__S, 21.84, 95.2, 1.76966
ANTENNA__11528__RESET_B, 21.84, 95.2, 1.76966
_10846_, 21.84, 89.76, 1.76943
_10847_, 21.84, 89.76, 1.76943
_11553_, 21.84, 89.76, 1.76943
hold291, 21.84, 89.76, 1.76943
FILLER_0_29_31, 21.84, 89.76, 1.76943
FILLER_0_30_37, 21.84, 89.76, 1.76943
_10572_, 21.84, 84.32, 1.76921
_11432_, 21.84, 84.32, 1.76921
ANTENNA__11480__RESET_B, 21.84, 84.32, 1.76921
ANTENNA_clkbuf_leaf_0_clk_A, 21.84, 84.32, 1.76921
FILLER_0_28_37, 21.84, 84.32, 1.76921
FILLER_0_28_43, 21.84, 84.32, 1.76921
_10573_, 21.84, 78.88, 1.76902
hold355, 21.84, 78.88, 1.76902
ANTENNA__11456__RESET_B, 21.84, 78.88, 1.76902
_10773_, 21.84, 73.44, 1.76881
_11503_, 21.84, 73.44, 1.76881
hold354, 21.84, 73.44, 1.76881
ANTENNA__10773__S, 21.84, 73.44, 1.76881
FILLER_0_22_29, 21.84, 73.44, 1.76881
FILLER_0_23_44, 21.84, 73.44, 1.76881
_10671_, 21.84, 68, 1.76862
_10720_, 21.84, 68, 1.76862
hold79, 21.84, 68, 1.76862
ANTENNA__11529__RESET_B, 21.84, 68, 1.76862
_10670_, 21.84, 62.56, 1.7684
_11479_, 21.84, 62.56, 1.7684
hold394, 21.84, 62.56, 1.7684
hold420, 21.84, 62.56, 1.7684
ANTENNA__10624__S, 21.84, 62.56, 1.7684
_10574_, 21.84, 57.12, 1.76823
_10575_, 21.84, 57.12, 1.76823
_11433_, 21.84, 57.12, 1.76823
ANTENNA__10574__S, 21.84, 57.12, 1.76823
FILLER_0_16_29, 21.84, 57.12, 1.76823
FILLER_0_18_42, 21.84, 57.12, 1.76823
_10620_, 21.84, 51.68, 1.76811
_11455_, 21.84, 51.68, 1.76811
hold398, 21.84, 51.68, 1.76811
FILLER_0_15_27, 21.84, 51.68, 1.76811
FILLER_0_16_44, 21.84, 51.68, 1.76811
_10570_, 21.84, 46.24, 1.768
_10571_, 21.84, 46.24, 1.768
_10621_, 21.84, 46.24, 1.768
ANTENNA__10570__S, 21.84, 46.24, 1.768
FILLER_0_13_27, 21.84, 46.24, 1.768
FILLER_0_13_40, 21.84, 46.24, 1.768
_11431_, 21.84, 40.8, 1.76788
PHY_292, 5.52, 410.72, 1.75126
PHY_293, 406.18, 410.72, 1.73411
ANTENNA_input16_A, 13.68, 410.72, 1.75126
FILLER_0_146_53, 31.84, 410.72, 1.75117
FILLER_0_146_137, 71.84, 410.72, 1.75064
FILLER_0_146_249, 121.84, 410.72, 1.74934
FILLER_0_146_333, 161.84, 410.72, 1.7478
FILLER_0_146_529, 251.84, 410.72, 1.74316
FILLER_0_146_640, 301.84, 410.72, 1.74006
FILLER_0_146_725, 341.84, 410.72, 1.73722
input2, 371.84, 410.72, 1.73489
ANTENNA_input2_A, 371.84, 410.72, 1.73489
FILLER_0_146_837, 394.01, 410.72, 1.73411
FILLER_0_146_841, 394.01, 410.72, 1.73411
PHY_288, 5.52, 405.28, 1.75126
PHY_290, 5.52, 405.28, 1.75126
input16, 5.52, 405.28, 1.75126
_06215_, 406.18, 405.28, 1.72067
PHY_289, 406.18, 405.28, 1.72067
PHY_291, 406.18, 405.28, 1.72067
FILLER_0_144_861, 406.18, 405.28, 1.72067
FILLER_0_145_863, 406.18, 405.28, 1.72067
FILLER_0_146_23, 13.68, 405.28, 1.75126
FILLER_0_145_51, 31.84, 405.28, 1.75118
FILLER_0_144_77, 41.84, 405.28, 1.75109
FILLER_0_146_81, 41.84, 405.28, 1.75109
FILLER_0_146_193, 91.84, 405.28, 1.75021
FILLER_0_145_217, 101.84, 405.28, 1.74995
input1, 121.84, 405.28, 1.74934
ANTENNA_input1_A, 121.84, 405.28, 1.74934
FILLER_0_144_245, 121.84, 405.28, 1.74934
FILLER_0_145_273, 131.84, 405.28, 1.749
FILLER_0_146_275, 131.84, 405.28, 1.749
FILLER_0_145_329, 161.84, 405.28, 1.74781
FILLER_0_145_385, 181.84, 405.28, 1.7469
FILLER_0_146_389, 181.84, 405.28, 1.7469
FILLER_0_145_441, 211.84, 405.28, 1.74539
FILLER_0_144_469, 221.84, 405.28, 1.74486
FILLER_0_146_473, 221.84, 405.28, 1.74486
FILLER_0_144_525, 251.84, 405.28, 1.74316
FILLER_0_146_585, 271.84, 405.28, 1.74195
FILLER_0_145_609, 281.84, 405.28, 1.74132
FILLER_0_144_637, 301.84, 405.28, 1.73996
FILLER_0_145_665, 311.84, 405.28, 1.73923
FILLER_0_146_669, 311.84, 405.28, 1.73923
FILLER_0_145_721, 341.84, 405.28, 1.7364
FILLER_0_145_777, 361.84, 405.28, 1.73317
FILLER_0_146_781, 361.84, 405.28, 1.73317
FILLER_0_146_785, 361.84, 405.28, 1.73317
output47, 394.01, 405.28, 1.72067
FILLER_0_145_833, 394.01, 405.28, 1.72067
FILLER_0_145_853, 394.01, 405.28, 1.72067
PHY_284, 5.52, 399.84, 1.75128
PHY_286, 5.52, 399.84, 1.75128
PHY_285, 406.18, 399.84, 1.73427
PHY_287, 406.18, 399.84, 1.73427
FILLER_0_143_865, 406.18, 399.84, 1.73427
FILLER_0_143_51, 31.84, 399.84, 1.75119
FILLER_0_142_77, 41.84, 399.84, 1.7511
FILLER_0_144_133, 61.84, 399.84, 1.75084
FILLER_0_144_189, 91.84, 399.84, 1.75022
FILLER_0_143_217, 101.84, 399.84, 1.74996
FILLER_0_142_245, 121.84, 399.84, 1.74935
FILLER_0_143_273, 131.84, 399.84, 1.749
FILLER_0_143_329, 161.84, 399.84, 1.74781
FILLER_0_143_385, 181.84, 399.84, 1.74691
FILLER_0_144_413, 191.84, 399.84, 1.74642
FILLER_0_143_441, 211.84, 399.84, 1.7454
FILLER_0_142_469, 221.84, 399.84, 1.74486
FILLER_0_142_525, 251.84, 399.84, 1.74317
FILLER_0_144_581, 271.84, 399.84, 1.74198
FILLER_0_143_609, 281.84, 399.84, 1.74136
FILLER_0_142_637, 301.84, 399.84, 1.74009
FILLER_0_143_665, 311.84, 399.84, 1.73943
FILLER_0_143_721, 341.84, 399.84, 1.73729
FILLER_0_143_777, 361.84, 399.84, 1.73579
FILLER_0_144_805, 371.84, 399.84, 1.73503
FILLER_0_142_837, 394.01, 399.84, 1.73427
FILLER_0_143_833, 394.01, 399.84, 1.73427
PHY_280, 5.52, 394.4, 1.75129
PHY_282, 5.52, 394.4, 1.75129
PHY_281, 406.18, 394.4, 1.72135
PHY_283, 406.18, 394.4, 1.72135
FILLER_0_140_861, 406.18, 394.4, 1.72135
FILLER_0_141_865, 406.18, 394.4, 1.72135
ANTENNA_input15_A, 13.68, 394.4, 1.75129
FILLER_0_141_51, 31.84, 394.4, 1.7512
FILLER_0_140_77, 41.84, 394.4, 1.75112
FILLER_0_142_133, 61.84, 394.4, 1.75085
FILLER_0_142_189, 91.84, 394.4, 1.75024
FILLER_0_141_217, 101.84, 394.4, 1.74997
FILLER_0_140_245, 121.84, 394.4, 1.74937
FILLER_0_141_273, 131.84, 394.4, 1.74902
FILLER_0_141_329, 161.84, 394.4, 1.74783
FILLER_0_141_385, 181.84, 394.4, 1.74692
FILLER_0_142_413, 191.84, 394.4, 1.74643
FILLER_0_141_441, 211.84, 394.4, 1.74541
FILLER_0_140_469, 221.84, 394.4, 1.74487
FILLER_0_140_525, 251.84, 394.4, 1.74317
FILLER_0_142_581, 271.84, 394.4, 1.74197
FILLER_0_141_609, 281.84, 394.4, 1.74134
FILLER_0_140_637, 301.84, 394.4, 1.74001
FILLER_0_141_665, 311.84, 394.4, 1.7393
FILLER_0_141_721, 341.84, 394.4, 1.73656
FILLER_0_141_777, 361.84, 394.4, 1.73346
FILLER_0_142_805, 371.84, 394.4, 1.73136
output46, 394.01, 394.4, 1.72135
FILLER_0_141_833, 394.01, 394.4, 1.72135
FILLER_0_142_845, 394.01, 394.4, 1.72135
PHY_276, 5.52, 388.96, 1.75131
PHY_278, 5.52, 388.96, 1.75131
input15, 5.52, 388.96, 1.75131
PHY_277, 406.18, 388.96, 1.7348
PHY_279, 406.18, 388.96, 1.7348
FILLER_0_138_861, 406.18, 388.96, 1.7348
FILLER_0_139_865, 406.18, 388.96, 1.7348
FILLER_0_140_23, 13.68, 388.96, 1.75131
FILLER_0_139_51, 31.84, 388.96, 1.75122
FILLER_0_138_77, 41.84, 388.96, 1.75114
FILLER_0_140_133, 61.84, 388.96, 1.75087
FILLER_0_140_189, 91.84, 388.96, 1.75026
FILLER_0_139_217, 101.84, 388.96, 1.74999
FILLER_0_138_245, 121.84, 388.96, 1.74938
FILLER_0_139_273, 131.84, 388.96, 1.74904
FILLER_0_139_329, 161.84, 388.96, 1.74783
FILLER_0_139_385, 181.84, 388.96, 1.74691
FILLER_0_138_401, 191.84, 388.96, 1.7464
FILLER_0_140_413, 191.84, 388.96, 1.7464
FILLER_0_138_440, 211.84, 388.96, 1.74538
FILLER_0_138_448, 211.84, 388.96, 1.74538
FILLER_0_139_444, 211.84, 388.96, 1.74538
FILLER_0_138_465, 221.84, 388.96, 1.74485
FILLER_0_138_528, 251.84, 388.96, 1.74318
FILLER_0_140_581, 271.84, 388.96, 1.742
FILLER_0_139_609, 281.84, 388.96, 1.7414
FILLER_0_138_637, 301.84, 388.96, 1.74015
FILLER_0_139_665, 311.84, 388.96, 1.73952
FILLER_0_139_721, 341.84, 388.96, 1.73749
FILLER_0_139_777, 361.84, 388.96, 1.73614
FILLER_0_140_805, 371.84, 388.96, 1.73547
FILLER_0_139_833, 394.01, 388.96, 1.7348
PHY_272, 5.52, 383.52, 1.7514
PHY_274, 5.52, 383.52, 1.7514
PHY_273, 406.18, 383.52, 1.72115
PHY_275, 406.18, 383.52, 1.72115
FILLER_0_136_859, 406.18, 383.52, 1.72115
FILLER_0_137_51, 31.84, 383.52, 1.75131
FILLER_0_136_77, 41.84, 383.52, 1.75122
FILLER_0_138_133, 61.84, 383.52, 1.75096
FILLER_0_138_189, 91.84, 383.52, 1.75034
FILLER_0_137_217, 101.84, 383.52, 1.75007
FILLER_0_136_245, 121.84, 383.52, 1.74945
FILLER_0_137_273, 131.84, 383.52, 1.7491
FILLER_0_137_329, 161.84, 383.52, 1.74783
_08083_, 181.84, 383.52, 1.74674
FILLER_0_137_393, 181.84, 383.52, 1.74674
_08061_, 191.84, 383.52, 1.74614
_08063_, 191.84, 383.52, 1.74614
_08079_, 191.84, 383.52, 1.74614
_08080_, 191.84, 383.52, 1.74614
_08084_, 191.84, 383.52, 1.74614
_07994_, 211.84, 383.52, 1.74508
_08032_, 211.84, 383.52, 1.74508
_08033_, 211.84, 383.52, 1.74508
_08064_, 211.84, 383.52, 1.74508
_08067_, 211.84, 383.52, 1.74508
FILLER_0_136_445, 211.84, 383.52, 1.74508
FILLER_0_137_443, 211.84, 383.52, 1.74508
FILLER_0_137_449, 211.84, 383.52, 1.74508
FILLER_0_137_457, 211.84, 383.52, 1.74508
_07976_, 221.84, 383.52, 1.74456
_07997_, 221.84, 383.52, 1.74456
ANTENNA__07976__B, 221.84, 383.52, 1.74456
FILLER_0_136_467, 221.84, 383.52, 1.74456
FILLER_0_137_476, 221.84, 383.52, 1.74456
FILLER_0_138_473, 221.84, 383.52, 1.74456
FILLER_0_138_477, 221.84, 383.52, 1.74456
_08037_, 241.84, 383.52, 1.74346
_08046_, 241.84, 383.52, 1.74346
_08068_, 241.84, 383.52, 1.74346
_08069_, 241.84, 383.52, 1.74346
FILLER_0_136_526, 251.84, 383.52, 1.743
FILLER_0_138_581, 271.84, 383.52, 1.74195
FILLER_0_137_609, 281.84, 383.52, 1.74136
FILLER_0_136_637, 301.84, 383.52, 1.74007
ANTENNA_fanout102_A, 311.84, 383.52, 1.73938
FILLER_0_137_665, 311.84, 383.52, 1.73938
_06736_, 331.84, 383.52, 1.73771
_06737_, 331.84, 383.52, 1.73771
ANTENNA__06736__S, 331.84, 383.52, 1.73771
ANTENNA__11195__RESET_B, 331.84, 383.52, 1.73771
FILLER_0_137_709, 331.84, 383.52, 1.73771
FILLER_0_137_718, 331.84, 383.52, 1.73771
_09431_, 371.84, 383.52, 1.73154
_11316_, 371.84, 383.52, 1.73154
ANTENNA__11316__RESET_B, 371.84, 383.52, 1.73154
FILLER_0_138_805, 371.84, 383.52, 1.73154
output45, 394.01, 383.52, 1.72115
FILLER_0_137_837, 394.01, 383.52, 1.72115
FILLER_0_137_841, 394.01, 383.52, 1.72115
PHY_268, 5.52, 378.08, 1.75151
PHY_270, 5.52, 378.08, 1.75151
PHY_269, 406.18, 378.08, 1.73504
PHY_271, 406.18, 378.08, 1.73504
FILLER_0_134_865, 406.18, 378.08, 1.73504
FILLER_0_135_865, 406.18, 378.08, 1.73504
FILLER_0_135_51, 31.84, 378.08, 1.75142
FILLER_0_134_77, 41.84, 378.08, 1.75133
FILLER_0_136_133, 61.84, 378.08, 1.75106
FILLER_0_136_189, 91.84, 378.08, 1.75044
FILLER_0_135_217, 101.84, 378.08, 1.75016
FILLER_0_134_245, 121.84, 378.08, 1.74951
FILLER_0_135_261, 121.84, 378.08, 1.74951
_10367_, 131.84, 378.08, 1.74912
_10368_, 131.84, 378.08, 1.74912
_10377_, 131.84, 378.08, 1.74912
_10320_, 151.84, 378.08, 1.74833
FILLER_0_135_329, 161.84, 378.08, 1.74788
_10329_, 181.84, 378.08, 1.74681
FILLER_0_135_385, 181.84, 378.08, 1.74681
_08093_, 191.84, 378.08, 1.74628
_08094_, 191.84, 378.08, 1.74628
FILLER_0_136_409, 191.84, 378.08, 1.74628
_08029_, 211.84, 378.08, 1.74531
_08030_, 211.84, 378.08, 1.74531
_07938_, 221.84, 378.08, 1.74476
_07939_, 221.84, 378.08, 1.74476
_07973_, 221.84, 378.08, 1.74476
FILLER_0_135_461, 221.84, 378.08, 1.74476
FILLER_0_136_477, 221.84, 378.08, 1.74476
_07954_, 241.84, 378.08, 1.74354
FILLER_0_134_509, 241.84, 378.08, 1.74354
_08001_, 251.84, 378.08, 1.7429
_08002_, 251.84, 378.08, 1.7429
_08038_, 251.84, 378.08, 1.7429
FILLER_0_134_533, 251.84, 378.08, 1.7429
_08070_, 271.84, 378.08, 1.74164
_08074_, 271.84, 378.08, 1.74164
_08075_, 271.84, 378.08, 1.74164
_08095_, 271.84, 378.08, 1.74164
_08096_, 271.84, 378.08, 1.74164
FILLER_0_136_581, 271.84, 378.08, 1.74164
FILLER_0_135_607, 281.84, 378.08, 1.74119
_10331_, 301.84, 378.08, 1.74013
_11339_, 301.84, 378.08, 1.74013
ANTENNA__10330__A1, 301.84, 378.08, 1.74013
FILLER_0_134_637, 301.84, 378.08, 1.74013
fanout102, 311.84, 378.08, 1.73955
ANTENNA__10330__S, 311.84, 378.08, 1.73955
ANTENNA__11339__RESET_B, 311.84, 378.08, 1.73955
_11195_, 331.84, 378.08, 1.73829
_11287_, 331.84, 378.08, 1.73829
hold356, 331.84, 378.08, 1.73829
_06740_, 341.84, 378.08, 1.73762
_06741_, 341.84, 378.08, 1.73762
_09148_, 341.84, 378.08, 1.73762
_11273_, 341.84, 378.08, 1.73762
ANTENNA__06740__S, 341.84, 378.08, 1.73762
ANTENNA__06740__A0, 341.84, 378.08, 1.73762
ANTENNA__11273__RESET_B, 341.84, 378.08, 1.73762
FILLER_0_134_721, 341.84, 378.08, 1.73762
FILLER_0_135_741, 341.84, 378.08, 1.73762
FILLER_0_136_741, 341.84, 378.08, 1.73762
_06710_, 361.84, 378.08, 1.73631
_09154_, 361.84, 378.08, 1.73631
_11180_, 361.84, 378.08, 1.73631
hold115, 361.84, 378.08, 1.73631
ANTENNA__11274__RESET_B, 361.84, 378.08, 1.73631
ANTENNA__11179__RESET_B, 361.84, 378.08, 1.73631
_06211_, 371.84, 378.08, 1.73567
_09430_, 371.84, 378.08, 1.73567
ANTENNA__09430__S, 371.84, 378.08, 1.73567
FILLER_0_135_801, 371.84, 378.08, 1.73567
FILLER_0_136_806, 371.84, 378.08, 1.73567
FILLER_0_135_832, 394.01, 378.08, 1.73504
PHY_264, 5.52, 372.64, 1.75162
PHY_266, 5.52, 372.64, 1.75162
input13, 5.52, 372.64, 1.75162
PHY_265, 406.18, 372.64, 1.7352
PHY_267, 406.18, 372.64, 1.7352
FILLER_0_133_865, 406.18, 372.64, 1.7352
ANTENNA_input13_A, 13.68, 372.64, 1.75162
FILLER_0_133_47, 31.84, 372.64, 1.75154
FILLER_0_132_77, 41.84, 372.64, 1.75145
FILLER_0_134_133, 61.84, 372.64, 1.75118
FILLER_0_134_189, 91.84, 372.64, 1.75055
FILLER_0_133_217, 101.84, 372.64, 1.75028
_10376_, 121.84, 372.64, 1.74962
FILLER_0_132_245, 121.84, 372.64, 1.74962
FILLER_0_133_261, 121.84, 372.64, 1.74962
FILLER_0_134_253, 121.84, 372.64, 1.74962
_10350_, 131.84, 372.64, 1.74924
_10351_, 131.84, 372.64, 1.74924
_10352_, 131.84, 372.64, 1.74924
FILLER_0_132_272, 131.84, 372.64, 1.74924
_10321_, 161.84, 372.64, 1.7479
_10322_, 161.84, 372.64, 1.7479
_10323_, 161.84, 372.64, 1.7479
_10356_, 161.84, 372.64, 1.7479
_10361_, 161.84, 372.64, 1.7479
FILLER_0_133_346, 161.84, 372.64, 1.7479
_10332_, 181.84, 372.64, 1.74697
FILLER_0_134_393, 181.84, 372.64, 1.74697
_08060_, 191.84, 372.64, 1.7465
FILLER_0_133_405, 191.84, 372.64, 1.7465
_07944_, 211.84, 372.64, 1.74546
_07992_, 211.84, 372.64, 1.74546
FILLER_0_133_443, 211.84, 372.64, 1.74546
FILLER_0_134_450, 211.84, 372.64, 1.74546
_07950_, 221.84, 372.64, 1.74489
_07972_, 221.84, 372.64, 1.74489
FILLER_0_133_461, 221.84, 372.64, 1.74489
FILLER_0_133_473, 221.84, 372.64, 1.74489
FILLER_0_134_477, 221.84, 372.64, 1.74489
_07899_, 241.84, 372.64, 1.74362
_07952_, 241.84, 372.64, 1.74362
_07999_, 241.84, 372.64, 1.74362
_08000_, 241.84, 372.64, 1.74362
FILLER_0_133_505, 241.84, 372.64, 1.74362
FILLER_0_133_512, 241.84, 372.64, 1.74362
FILLER_0_133_521, 241.84, 372.64, 1.74362
FILLER_0_134_520, 241.84, 372.64, 1.74362
_07955_, 251.84, 372.64, 1.74298
_08004_, 251.84, 372.64, 1.74298
_08041_, 271.84, 372.64, 1.74184
FILLER_0_132_570, 271.84, 372.64, 1.74184
FILLER_0_133_585, 271.84, 372.64, 1.74184
FILLER_0_134_585, 271.84, 372.64, 1.74184
_08011_, 281.84, 372.64, 1.74121
_08071_, 281.84, 372.64, 1.74121
_08076_, 281.84, 372.64, 1.74121
FILLER_0_133_599, 281.84, 372.64, 1.74121
FILLER_0_133_608, 281.84, 372.64, 1.74121
_10330_, 301.84, 372.64, 1.74017
_10360_, 301.84, 372.64, 1.74017
FILLER_0_132_638, 301.84, 372.64, 1.74017
FILLER_0_133_663, 311.84, 372.64, 1.73962
_09235_, 331.84, 372.64, 1.7384
_09236_, 331.84, 372.64, 1.7384
FILLER_0_132_701, 331.84, 372.64, 1.7384
_09147_, 341.84, 372.64, 1.73775
ANTENNA__09147__S, 341.84, 372.64, 1.73775
FILLER_0_132_729, 341.84, 372.64, 1.73775
FILLER_0_133_729, 341.84, 372.64, 1.73775
_06709_, 361.84, 372.64, 1.73646
ANTENNA__06709__S, 361.84, 372.64, 1.73646
ANTENNA__11180__RESET_B, 361.84, 372.64, 1.73646
FILLER_0_133_785, 361.84, 372.64, 1.73646
_06210_, 371.84, 372.64, 1.73582
_09427_, 371.84, 372.64, 1.73582
_09429_, 371.84, 372.64, 1.73582
ANTENNA__06210__A1, 371.84, 372.64, 1.73582
FILLER_0_132_794, 371.84, 372.64, 1.73582
FILLER_0_133_796, 371.84, 372.64, 1.73582
ANTENNA__11302__RESET_B, 394.01, 372.64, 1.7352
PHY_260, 5.52, 367.2, 1.75175
PHY_262, 5.52, 367.2, 1.75175
PHY_261, 406.18, 367.2, 1.7353
PHY_263, 406.18, 367.2, 1.7353
FILLER_0_131_864, 406.18, 367.2, 1.7353
FILLER_0_131_51, 31.84, 367.2, 1.75166
FILLER_0_130_77, 41.84, 367.2, 1.75157
FILLER_0_132_133, 61.84, 367.2, 1.7513
FILLER_0_132_189, 91.84, 367.2, 1.75066
FILLER_0_131_217, 101.84, 367.2, 1.75039
_10313_, 121.84, 367.2, 1.74972
_10347_, 121.84, 367.2, 1.74972
_10349_, 121.84, 367.2, 1.74972
_10369_, 121.84, 367.2, 1.74972
FILLER_0_130_246, 121.84, 367.2, 1.74972
FILLER_0_132_253, 121.84, 367.2, 1.74972
_10314_, 131.84, 367.2, 1.74935
_10335_, 131.84, 367.2, 1.74935
FILLER_0_131_275, 131.84, 367.2, 1.74935
_10291_, 151.84, 367.2, 1.74852
_10293_, 151.84, 367.2, 1.74852
FILLER_0_131_316, 151.84, 367.2, 1.74852
FILLER_0_132_321, 151.84, 367.2, 1.74852
_10290_, 161.84, 367.2, 1.74808
_10302_, 161.84, 367.2, 1.74808
FILLER_0_131_349, 161.84, 367.2, 1.74808
_08058_, 181.84, 367.2, 1.74711
_08087_, 181.84, 367.2, 1.74711
_08092_, 181.84, 367.2, 1.74711
FILLER_0_130_377, 181.84, 367.2, 1.74711
FILLER_0_131_388, 181.84, 367.2, 1.74711
_08023_, 191.84, 367.2, 1.74663
FILLER_0_131_412, 191.84, 367.2, 1.74663
_07948_, 211.84, 367.2, 1.74557
_07991_, 211.84, 367.2, 1.74557
FILLER_0_131_445, 211.84, 367.2, 1.74557
_07894_, 221.84, 367.2, 1.745
FILLER_0_131_480, 221.84, 367.2, 1.745
FILLER_0_132_473, 221.84, 367.2, 1.745
_07900_, 241.84, 367.2, 1.74369
_07953_, 241.84, 367.2, 1.74369
FILLER_0_131_505, 241.84, 367.2, 1.74369
FILLER_0_132_522, 241.84, 367.2, 1.74369
_07843_, 251.84, 367.2, 1.74298
_07903_, 251.84, 367.2, 1.74298
FILLER_0_131_541, 251.84, 367.2, 1.74298
FILLER_0_132_545, 251.84, 367.2, 1.74298
_07958_, 271.84, 367.2, 1.74144
_07970_, 271.84, 367.2, 1.74144
_08005_, 271.84, 367.2, 1.74144
_08010_, 271.84, 367.2, 1.74144
_08009_, 281.84, 367.2, 1.74084
_08042_, 281.84, 367.2, 1.74084
_08043_, 281.84, 367.2, 1.74084
_08072_, 281.84, 367.2, 1.74084
FILLER_0_132_608, 281.84, 367.2, 1.74084
_11340_, 301.84, 367.2, 1.74004
clkbuf_leaf_32_clk, 301.84, 367.2, 1.74004
hold457, 301.84, 367.2, 1.74004
FILLER_0_131_634, 301.84, 367.2, 1.74004
_06739_, 311.84, 367.2, 1.73956
_11288_, 311.84, 367.2, 1.73956
ANTENNA__10359__S, 311.84, 367.2, 1.73956
ANTENNA__10359__A1, 311.84, 367.2, 1.73956
ANTENNA__11340__RESET_B, 311.84, 367.2, 1.73956
ANTENNA__11288__RESET_B, 311.84, 367.2, 1.73956
ANTENNA_clkbuf_leaf_32_clk_A, 311.84, 367.2, 1.73956
FILLER_0_130_662, 311.84, 367.2, 1.73956
FILLER_0_131_661, 311.84, 367.2, 1.73956
FILLER_0_132_669, 311.84, 367.2, 1.73956
_06207_, 331.84, 367.2, 1.73843
_09239_, 331.84, 367.2, 1.73843
ANTENNA__09240__S, 331.84, 367.2, 1.73843
ANTENNA__09235__S, 331.84, 367.2, 1.73843
_06208_, 341.84, 367.2, 1.7378
_06209_, 341.84, 367.2, 1.7378
clkbuf_leaf_36_clk, 341.84, 367.2, 1.7378
ANTENNA__06208__B1, 341.84, 367.2, 1.7378
FILLER_0_131_721, 341.84, 367.2, 1.7378
FILLER_0_130_773, 361.84, 367.2, 1.73655
FILLER_0_131_785, 361.84, 367.2, 1.73655
FILLER_0_132_785, 361.84, 367.2, 1.73655
_09341_, 371.84, 367.2, 1.73592
_09428_, 371.84, 367.2, 1.73592
clkbuf_leaf_37_clk, 371.84, 367.2, 1.73592
ANTENNA__09428__B1, 371.84, 367.2, 1.73592
ANTENNA__06199__A1, 371.84, 367.2, 1.73592
ANTENNA__09428__A1, 371.84, 367.2, 1.73592
ANTENNA_clkbuf_leaf_37_clk_A, 371.84, 367.2, 1.73592
FILLER_0_132_804, 371.84, 367.2, 1.73592
_09343_, 394.01, 367.2, 1.7353
_09344_, 394.01, 367.2, 1.7353
_11302_, 394.01, 367.2, 1.7353
ANTENNA__06204__A1, 394.01, 367.2, 1.7353
ANTENNA__06203__A, 394.01, 367.2, 1.7353
ANTENNA__09343__S, 394.01, 367.2, 1.7353
FILLER_0_130_834, 394.01, 367.2, 1.7353
PHY_256, 5.52, 361.76, 1.75187
PHY_258, 5.52, 361.76, 1.75187
PHY_257, 406.18, 361.76, 1.72162
PHY_259, 406.18, 361.76, 1.72162
rebuffer3, 406.18, 361.76, 1.72162
_10604_, 31.84, 361.76, 1.75178
hold363, 31.84, 361.76, 1.75178
ANTENNA__11471__RESET_B, 31.84, 361.76, 1.75178
FILLER_0_129_51, 31.84, 361.76, 1.75178
FILLER_0_129_57, 31.84, 361.76, 1.75178
_10554_, 41.84, 361.76, 1.75169
hold339, 41.84, 361.76, 1.75169
hold362, 41.84, 361.76, 1.75169
_10656_, 61.84, 361.76, 1.75142
fanout89, 61.84, 361.76, 1.75142
ANTENNA_fanout89_A, 61.84, 361.76, 1.75142
_10605_, 71.84, 361.76, 1.75124
ANTENNA__10605__S, 71.84, 361.76, 1.75124
ANTENNA__11472__RESET_B, 71.84, 361.76, 1.75124
FILLER_0_128_136, 71.84, 361.76, 1.75124
FILLER_0_129_140, 71.84, 361.76, 1.75124
FILLER_0_130_189, 91.84, 361.76, 1.7508
FILLER_0_129_217, 101.84, 361.76, 1.75052
_10319_, 121.84, 361.76, 1.74987
_10346_, 121.84, 361.76, 1.74987
FILLER_0_129_249, 121.84, 361.76, 1.74987
_10238_, 131.84, 361.76, 1.74951
_10363_, 131.84, 361.76, 1.74951
_10364_, 131.84, 361.76, 1.74951
FILLER_0_129_281, 131.84, 361.76, 1.74951
FILLER_0_130_277, 131.84, 361.76, 1.74951
_10240_, 151.84, 361.76, 1.74867
_10241_, 151.84, 361.76, 1.74867
_10242_, 151.84, 361.76, 1.74867
_10243_, 151.84, 361.76, 1.74867
_10301_, 151.84, 361.76, 1.74867
FILLER_0_128_309, 151.84, 361.76, 1.74867
FILLER_0_129_310, 151.84, 361.76, 1.74867
_10244_, 161.84, 361.76, 1.74822
_10245_, 161.84, 361.76, 1.74822
_10248_, 161.84, 361.76, 1.74822
_10249_, 161.84, 361.76, 1.74822
FILLER_0_129_337, 161.84, 361.76, 1.74822
FILLER_0_130_340, 161.84, 361.76, 1.74822
_08056_, 181.84, 361.76, 1.74727
_08086_, 181.84, 361.76, 1.74727
FILLER_0_128_380, 181.84, 361.76, 1.74727
FILLER_0_129_388, 181.84, 361.76, 1.74727
_07989_, 191.84, 361.76, 1.74676
_08021_, 191.84, 361.76, 1.74676
FILLER_0_128_396, 191.84, 361.76, 1.74676
FILLER_0_129_405, 191.84, 361.76, 1.74676
FILLER_0_130_411, 191.84, 361.76, 1.74676
_07935_, 211.84, 361.76, 1.74565
_07947_, 211.84, 361.76, 1.74565
FILLER_0_129_442, 211.84, 361.76, 1.74565
FILLER_0_129_456, 211.84, 361.76, 1.74565
_07840_, 221.84, 361.76, 1.74505
_07889_, 221.84, 361.76, 1.74505
_07890_, 221.84, 361.76, 1.74505
_07895_, 221.84, 361.76, 1.74505
_07949_, 221.84, 361.76, 1.74505
FILLER_0_129_473, 221.84, 361.76, 1.74505
_07835_, 241.84, 361.76, 1.74387
_07841_, 241.84, 361.76, 1.74387
_07898_, 241.84, 361.76, 1.74387
FILLER_0_128_507, 241.84, 361.76, 1.74387
FILLER_0_129_505, 241.84, 361.76, 1.74387
_07834_, 251.84, 361.76, 1.74324
_07844_, 251.84, 361.76, 1.74324
_07901_, 251.84, 361.76, 1.74324
FILLER_0_129_533, 251.84, 361.76, 1.74324
_07907_, 271.84, 361.76, 1.74189
_07959_, 271.84, 361.76, 1.74189
_07969_, 271.84, 361.76, 1.74189
FILLER_0_129_573, 271.84, 361.76, 1.74189
FILLER_0_130_583, 271.84, 361.76, 1.74189
_07962_, 281.84, 361.76, 1.74128
_08044_, 281.84, 361.76, 1.74128
FILLER_0_129_611, 281.84, 361.76, 1.74128
FILLER_0_130_601, 281.84, 361.76, 1.74128
_07968_, 301.84, 361.76, 1.74006
_10359_, 301.84, 361.76, 1.74006
hold469, 301.84, 361.76, 1.74006
_11194_, 311.84, 361.76, 1.73949
hold473, 311.84, 361.76, 1.73949
ANTENNA__07968__A2, 311.84, 361.76, 1.73949
FILLER_0_129_673, 311.84, 361.76, 1.73949
_06072_, 331.84, 361.76, 1.73799
_06205_, 331.84, 361.76, 1.73799
_09237_, 331.84, 361.76, 1.73799
_09238_, 331.84, 361.76, 1.73799
ANTENNA__09239__S, 331.84, 361.76, 1.73799
ANTENNA_clkbuf_leaf_35_clk_A, 331.84, 361.76, 1.73799
FILLER_0_129_701, 331.84, 361.76, 1.73799
_06080_, 341.84, 361.76, 1.73706
_06206_, 341.84, 361.76, 1.73706
FILLER_0_129_736, 341.84, 361.76, 1.73706
FILLER_0_130_735, 341.84, 361.76, 1.73706
_06082_, 361.84, 361.76, 1.73407
_06093_, 361.84, 361.76, 1.73407
_06108_, 361.84, 361.76, 1.73407
_06109_, 361.84, 361.76, 1.73407
_06199_, 361.84, 361.76, 1.73407
ANTENNA__06082__A1, 361.84, 361.76, 1.73407
FILLER_0_128_765, 361.84, 361.76, 1.73407
_06106_, 371.84, 361.76, 1.73202
_06110_, 371.84, 361.76, 1.73202
_06111_, 371.84, 361.76, 1.73202
ANTENNA__09341__B1, 371.84, 361.76, 1.73202
ANTENNA__06110__C_N, 371.84, 361.76, 1.73202
ANTENNA__09341__A1, 371.84, 361.76, 1.73202
_06112_, 394.01, 361.76, 1.72162
_06115_, 394.01, 361.76, 1.72162
_09339_, 394.01, 361.76, 1.72162
output44, 394.01, 361.76, 1.72162
ANTENNA__06115__S, 394.01, 361.76, 1.72162
FILLER_0_129_833, 394.01, 361.76, 1.72162
PHY_252, 5.52, 356.32, 1.75202
PHY_254, 5.52, 356.32, 1.75202
_06113_, 406.18, 356.32, 1.73566
_09340_, 406.18, 356.32, 1.73566
PHY_253, 406.18, 356.32, 1.73566
PHY_255, 406.18, 356.32, 1.73566
ANTENNA_input12_A, 13.68, 356.32, 1.75202
_10603_, 31.84, 356.32, 1.75192
_10654_, 31.84, 356.32, 1.75192
_11447_, 31.84, 356.32, 1.75192
hold282, 31.84, 356.32, 1.75192
FILLER_0_126_53, 31.84, 356.32, 1.75192
FILLER_0_127_65, 31.84, 356.32, 1.75192
_10501_, 41.84, 356.32, 1.75183
_10555_, 41.84, 356.32, 1.75183
_11423_, 41.84, 356.32, 1.75183
ANTENNA__10603__S, 41.84, 356.32, 1.75183
ANTENNA__10653__S, 41.84, 356.32, 1.75183
FILLER_0_126_71, 41.84, 356.32, 1.75183
FILLER_0_127_77, 41.84, 356.32, 1.75183
_10655_, 61.84, 356.32, 1.75156
_11472_, 61.84, 356.32, 1.75156
ANTENNA__11398__RESET_B, 61.84, 356.32, 1.75156
FILLER_0_128_127, 61.84, 356.32, 1.75156
_10557_, 71.84, 356.32, 1.75139
_11448_, 71.84, 356.32, 1.75139
hold302, 71.84, 356.32, 1.75139
hold378, 71.84, 356.32, 1.75139
FILLER_0_126_185, 91.84, 356.32, 1.75094
FILLER_0_127_217, 101.84, 356.32, 1.75067
_10318_, 121.84, 356.32, 1.75003
FILLER_0_126_245, 121.84, 356.32, 1.75003
FILLER_0_127_260, 121.84, 356.32, 1.75003
_10234_, 131.84, 356.32, 1.74967
_10276_, 131.84, 356.32, 1.74967
FILLER_0_126_268, 131.84, 356.32, 1.74967
FILLER_0_127_276, 131.84, 356.32, 1.74967
FILLER_0_128_277, 131.84, 356.32, 1.74967
_10184_, 151.84, 356.32, 1.74884
_10186_, 151.84, 356.32, 1.74884
_10229_, 151.84, 356.32, 1.74884
_10231_, 151.84, 356.32, 1.74884
_10292_, 151.84, 356.32, 1.74884
_10187_, 161.84, 356.32, 1.7484
_10230_, 161.84, 356.32, 1.7484
FILLER_0_126_329, 161.84, 356.32, 1.7484
_08048_, 181.84, 356.32, 1.74743
_08052_, 181.84, 356.32, 1.74743
_08053_, 181.84, 356.32, 1.74743
_08054_, 181.84, 356.32, 1.74743
_08055_, 181.84, 356.32, 1.74743
_08082_, 181.84, 356.32, 1.74743
FILLER_0_126_373, 181.84, 356.32, 1.74743
FILLER_0_127_373, 181.84, 356.32, 1.74743
FILLER_0_127_388, 181.84, 356.32, 1.74743
FILLER_0_127_393, 181.84, 356.32, 1.74743
_08019_, 191.84, 356.32, 1.74694
_08020_, 191.84, 356.32, 1.74694
_08047_, 191.84, 356.32, 1.74694
FILLER_0_126_399, 191.84, 356.32, 1.74694
_07888_, 211.84, 356.32, 1.74587
_07977_, 211.84, 356.32, 1.74587
_07979_, 211.84, 356.32, 1.74587
ANTENNA__07888__A1, 211.84, 356.32, 1.74587
ANTENNA__07979__C1, 211.84, 356.32, 1.74587
FILLER_0_127_440, 211.84, 356.32, 1.74587
FILLER_0_127_449, 211.84, 356.32, 1.74587
FILLER_0_128_457, 211.84, 356.32, 1.74587
_07887_, 221.84, 356.32, 1.7453
ANTENNA__07887__A, 221.84, 356.32, 1.7453
ANTENNA__07888__A2, 221.84, 356.32, 1.7453
ANTENNA__07887__B, 221.84, 356.32, 1.7453
ANTENNA__07934__A, 221.84, 356.32, 1.7453
FILLER_0_126_460, 221.84, 356.32, 1.7453
FILLER_0_126_469, 221.84, 356.32, 1.7453
FILLER_0_127_477, 221.84, 356.32, 1.7453
_07827_, 241.84, 356.32, 1.74404
_07829_, 241.84, 356.32, 1.74404
_07830_, 241.84, 356.32, 1.74404
_07831_, 241.84, 356.32, 1.74404
_07832_, 241.84, 356.32, 1.74404
_07833_, 241.84, 356.32, 1.74404
ANTENNA__07827__B, 241.84, 356.32, 1.74404
FILLER_0_127_505, 241.84, 356.32, 1.74404
FILLER_0_127_521, 241.84, 356.32, 1.74404
FILLER_0_128_523, 241.84, 356.32, 1.74404
_07876_, 251.84, 356.32, 1.74338
_07922_, 251.84, 356.32, 1.74338
FILLER_0_126_533, 251.84, 356.32, 1.74338
_07906_, 271.84, 356.32, 1.74192
_07960_, 271.84, 356.32, 1.74192
_07961_, 271.84, 356.32, 1.74192
FILLER_0_128_585, 271.84, 356.32, 1.74192
FILLER_0_128_589, 271.84, 356.32, 1.74192
_07908_, 281.84, 356.32, 1.74121
_07963_, 281.84, 356.32, 1.74121
_07964_, 281.84, 356.32, 1.74121
FILLER_0_127_606, 281.84, 356.32, 1.74121
FILLER_0_128_605, 281.84, 356.32, 1.74121
_07967_, 301.84, 356.32, 1.74015
_11231_, 301.84, 356.32, 1.74015
_11232_, 301.84, 356.32, 1.74015
ANTENNA__07967__A, 301.84, 356.32, 1.74015
FILLER_0_126_635, 301.84, 356.32, 1.74015
FILLER_0_128_645, 301.84, 356.32, 1.74015
_05789_, 311.84, 356.32, 1.73972
ANTENNA__11231__RESET_B, 311.84, 356.32, 1.73972
FILLER_0_127_668, 311.84, 356.32, 1.73972
_06078_, 331.84, 356.32, 1.73868
_06079_, 331.84, 356.32, 1.73868
_09232_, 331.84, 356.32, 1.73868
_09234_, 331.84, 356.32, 1.73868
ANTENNA__09234__A1, 331.84, 356.32, 1.73868
FILLER_0_126_701, 331.84, 356.32, 1.73868
FILLER_0_127_719, 331.84, 356.32, 1.73868
FILLER_0_128_713, 331.84, 356.32, 1.73868
_06081_, 361.84, 356.32, 1.73689
_06096_, 361.84, 356.32, 1.73689
ANTENNA__06081__A, 361.84, 356.32, 1.73689
ANTENNA__11178__RESET_B, 361.84, 356.32, 1.73689
FILLER_0_127_765, 361.84, 356.32, 1.73689
FILLER_0_127_772, 361.84, 356.32, 1.73689
_06083_, 371.84, 356.32, 1.73629
_06105_, 371.84, 356.32, 1.73629
ANTENNA__06098__B1_N, 371.84, 356.32, 1.73629
FILLER_0_127_797, 371.84, 356.32, 1.73629
FILLER_0_128_804, 371.84, 356.32, 1.73629
_06114_, 394.01, 356.32, 1.73567
_09338_, 394.01, 356.32, 1.73567
_09342_, 394.01, 356.32, 1.73567
rebuffer1, 394.01, 356.32, 1.73567
rebuffer4, 394.01, 356.32, 1.73567
ANTENNA__09342__A1, 394.01, 356.32, 1.73567
FILLER_0_126_834, 394.01, 356.32, 1.73567
FILLER_0_127_845, 394.01, 356.32, 1.73567
PHY_248, 5.52, 350.88, 1.75223
PHY_250, 5.52, 350.88, 1.75223
input12, 5.52, 350.88, 1.75223
PHY_249, 406.18, 350.88, 1.72257
PHY_251, 406.18, 350.88, 1.72257
FILLER_0_125_865, 406.18, 350.88, 1.72257
_10660_, 13.68, 350.88, 1.75223
hold359, 13.68, 350.88, 1.75223
FILLER_0_125_15, 13.68, 350.88, 1.75223
FILLER_0_126_23, 13.68, 350.88, 1.75223
_10653_, 31.84, 350.88, 1.75214
_10704_, 31.84, 350.88, 1.75214
hold281, 31.84, 350.88, 1.75214
ANTENNA__11495__RESET_B, 31.84, 350.88, 1.75214
FILLER_0_125_48, 31.84, 350.88, 1.75214
FILLER_0_125_57, 31.84, 350.88, 1.75214
hold274, 41.84, 350.88, 1.75205
ANTENNA__10703__S, 41.84, 350.88, 1.75205
ANTENNA__11519__RESET_B, 41.84, 350.88, 1.75205
ANTENNA__11447__RESET_B, 41.84, 350.88, 1.75205
FILLER_0_125_76, 41.84, 350.88, 1.75205
FILLER_0_125_85, 41.84, 350.88, 1.75205
FILLER_0_126_79, 41.84, 350.88, 1.75205
FILLER_0_126_89, 41.84, 350.88, 1.75205
_10712_, 61.84, 350.88, 1.75178
hold300, 61.84, 350.88, 1.75178
hold408, 61.84, 350.88, 1.75178
hold422, 61.84, 350.88, 1.75178
ANTENNA__10655__S, 61.84, 350.88, 1.75178
ANTENNA__11496__RESET_B, 61.84, 350.88, 1.75178
FILLER_0_125_127, 61.84, 350.88, 1.75178
FILLER_0_125_132, 61.84, 350.88, 1.75178
_10556_, 71.84, 350.88, 1.7516
_10606_, 71.84, 350.88, 1.7516
_11424_, 71.84, 350.88, 1.7516
hold379, 71.84, 350.88, 1.7516
ANTENNA__11499__RESET_B, 71.84, 350.88, 1.7516
FILLER_0_124_137, 71.84, 350.88, 1.7516
FILLER_0_124_141, 71.84, 350.88, 1.7516
FILLER_0_126_193, 91.84, 350.88, 1.75116
FILLER_0_125_217, 101.84, 350.88, 1.75089
_10344_, 121.84, 350.88, 1.75025
_10345_, 121.84, 350.88, 1.75025
_10371_, 121.84, 350.88, 1.75025
FILLER_0_124_245, 121.84, 350.88, 1.75025
FILLER_0_125_249, 121.84, 350.88, 1.75025
FILLER_0_126_260, 121.84, 350.88, 1.75025
_10182_, 131.84, 350.88, 1.74989
_10233_, 131.84, 350.88, 1.74989
_10236_, 131.84, 350.88, 1.74989
FILLER_0_124_271, 131.84, 350.88, 1.74989
FILLER_0_125_281, 131.84, 350.88, 1.74989
FILLER_0_126_282, 131.84, 350.88, 1.74989
_10188_, 151.84, 350.88, 1.74909
FILLER_0_124_309, 151.84, 350.88, 1.74909
_10024_, 161.84, 350.88, 1.74865
FILLER_0_125_331, 161.84, 350.88, 1.74865
_08081_, 181.84, 350.88, 1.74768
FILLER_0_125_383, 181.84, 350.88, 1.74768
FILLER_0_125_393, 181.84, 350.88, 1.74768
_08017_, 191.84, 350.88, 1.74715
_08018_, 191.84, 350.88, 1.74715
_08024_, 191.84, 350.88, 1.74715
_08025_, 191.84, 350.88, 1.74715
ANTENNA__08025__A1, 191.84, 350.88, 1.74715
ANTENNA__08018__A1, 191.84, 350.88, 1.74715
FILLER_0_124_402, 191.84, 350.88, 1.74715
FILLER_0_126_407, 191.84, 350.88, 1.74715
_07881_, 211.84, 350.88, 1.74605
_07883_, 211.84, 350.88, 1.74605
_07884_, 211.84, 350.88, 1.74605
FILLER_0_124_447, 211.84, 350.88, 1.74605
FILLER_0_125_441, 211.84, 350.88, 1.74605
FILLER_0_125_449, 211.84, 350.88, 1.74605
FILLER_0_126_452, 211.84, 350.88, 1.74605
_07818_, 221.84, 350.88, 1.74548
_07885_, 221.84, 350.88, 1.74548
_07927_, 221.84, 350.88, 1.74548
_07934_, 221.84, 350.88, 1.74548
ANTENNA__07818__A1, 221.84, 350.88, 1.74548
ANTENNA__07818__B1, 221.84, 350.88, 1.74548
FILLER_0_124_469, 221.84, 350.88, 1.74548
_07875_, 241.84, 350.88, 1.74429
_07925_, 241.84, 350.88, 1.74429
ANTENNA__07827__A, 241.84, 350.88, 1.74429
FILLER_0_125_505, 241.84, 350.88, 1.74429
_07813_, 251.84, 350.88, 1.74365
_07868_, 251.84, 350.88, 1.74365
_07921_, 251.84, 350.88, 1.74365
FILLER_0_126_543, 251.84, 350.88, 1.74365
_07848_, 271.84, 350.88, 1.74222
_08098_, 271.84, 350.88, 1.74222
FILLER_0_126_580, 271.84, 350.88, 1.74222
FILLER_0_126_589, 271.84, 350.88, 1.74222
FILLER_0_125_611, 281.84, 350.88, 1.74162
FILLER_0_126_611, 281.84, 350.88, 1.74162
_07916_, 301.84, 350.88, 1.74034
_11230_, 301.84, 350.88, 1.74034
ANTENNA__08008__B2, 301.84, 350.88, 1.74034
FILLER_0_124_640, 301.84, 350.88, 1.74034
FILLER_0_125_638, 301.84, 350.88, 1.74034
_11192_, 311.84, 350.88, 1.73979
_11286_, 311.84, 350.88, 1.73979
ANTENNA__07915__S, 311.84, 350.88, 1.73979
ANTENNA__11286__RESET_B, 311.84, 350.88, 1.73979
_09228_, 331.84, 350.88, 1.73832
_09231_, 331.84, 350.88, 1.73832
_09233_, 331.84, 350.88, 1.73832
hold223, 331.84, 350.88, 1.73832
ANTENNA__09233__B1, 331.84, 350.88, 1.73832
ANTENNA__09229__S, 331.84, 350.88, 1.73832
FILLER_0_125_717, 331.84, 350.88, 1.73832
_11272_, 341.84, 350.88, 1.7374
ANTENNA__09228__S, 341.84, 350.88, 1.7374
ANTENNA__11272__RESET_B, 341.84, 350.88, 1.7374
FILLER_0_126_734, 341.84, 350.88, 1.7374
_06097_, 361.84, 350.88, 1.73449
_06098_, 361.84, 350.88, 1.73449
_09329_, 361.84, 350.88, 1.73449
_11314_, 361.84, 350.88, 1.73449
ANTENNA__09329__A1, 361.84, 350.88, 1.73449
ANTENNA__11314__RESET_B, 361.84, 350.88, 1.73449
FILLER_0_124_769, 361.84, 350.88, 1.73449
FILLER_0_125_785, 361.84, 350.88, 1.73449
_06192_, 371.84, 350.88, 1.73249
_09418_, 371.84, 350.88, 1.73249
_09419_, 371.84, 350.88, 1.73249
ANTENNA__06192__A1, 371.84, 350.88, 1.73249
FILLER_0_124_795, 371.84, 350.88, 1.73249
FILLER_0_126_804, 371.84, 350.88, 1.73249
_06067_, 394.01, 350.88, 1.72257
_06100_, 394.01, 350.88, 1.72257
_09333_, 394.01, 350.88, 1.72257
_09335_, 394.01, 350.88, 1.72257
_09337_, 394.01, 350.88, 1.72257
output43, 394.01, 350.88, 1.72257
ANTENNA__06197__B2, 394.01, 350.88, 1.72257
FILLER_0_125_857, 394.01, 350.88, 1.72257
PHY_244, 5.52, 345.44, 1.75245
PHY_246, 5.52, 345.44, 1.75245
FILLER_0_123_3, 5.52, 345.44, 1.75245
FILLER_0_124_3, 5.52, 345.44, 1.75245
PHY_245, 406.18, 345.44, 1.73585
PHY_247, 406.18, 345.44, 1.73585
FILLER_0_123_863, 406.18, 345.44, 1.73585
_10709_, 13.68, 345.44, 1.75245
_10710_, 13.68, 345.44, 1.75245
_11474_, 13.68, 345.44, 1.75245
hold358, 13.68, 345.44, 1.75245
ANTENNA__10709__S, 13.68, 345.44, 1.75245
_10703_, 31.84, 345.44, 1.75236
_10753_, 31.84, 345.44, 1.75236
_11519_, 31.84, 345.44, 1.75236
hold443, 31.84, 345.44, 1.75236
FILLER_0_123_57, 31.84, 345.44, 1.75236
_10752_, 41.84, 345.44, 1.75227
_10754_, 41.84, 345.44, 1.75227
_10755_, 41.84, 345.44, 1.75227
_11520_, 41.84, 345.44, 1.75227
_10711_, 61.84, 345.44, 1.752
_11499_, 61.84, 345.44, 1.752
hold273, 61.84, 345.44, 1.752
hold299, 61.84, 345.44, 1.752
_10503_, 71.84, 345.44, 1.75182
_11399_, 71.84, 345.44, 1.75182
hold271, 71.84, 345.44, 1.75182
ANTENNA__10661__S, 71.84, 345.44, 1.75182
FILLER_0_122_184, 91.84, 345.44, 1.75138
FILLER_0_124_191, 91.84, 345.44, 1.75138
FILLER_0_123_217, 101.84, 345.44, 1.75111
_10372_, 121.84, 345.44, 1.75046
_10375_, 121.84, 345.44, 1.75046
ANTENNA_fanout93_A, 121.84, 345.44, 1.75046
ANTENNA_fanout92_A, 121.84, 345.44, 1.75046
FILLER_0_122_249, 121.84, 345.44, 1.75046
_10128_, 131.84, 345.44, 1.75009
_10178_, 131.84, 345.44, 1.75009
_10220_, 131.84, 345.44, 1.75009
_10304_, 131.84, 345.44, 1.75009
ANTENNA__10220__A, 131.84, 345.44, 1.75009
ANTENNA__10373__B1, 131.84, 345.44, 1.75009
ANTENNA__10178__B, 131.84, 345.44, 1.75009
FILLER_0_122_265, 131.84, 345.44, 1.75009
FILLER_0_123_265, 131.84, 345.44, 1.75009
_10135_, 151.84, 345.44, 1.74926
_10137_, 151.84, 345.44, 1.74926
_10203_, 161.84, 345.44, 1.74881
_10251_, 161.84, 345.44, 1.74881
ANTENNA__10031__B, 161.84, 345.44, 1.74881
ANTENNA__10204__A, 161.84, 345.44, 1.74881
FILLER_0_122_336, 161.84, 345.44, 1.74881
_08051_, 181.84, 345.44, 1.74784
_08090_, 181.84, 345.44, 1.74784
_08091_, 181.84, 345.44, 1.74784
FILLER_0_122_377, 181.84, 345.44, 1.74784
_07836_, 191.84, 345.44, 1.74732
_07988_, 191.84, 345.44, 1.74732
_08015_, 191.84, 345.44, 1.74732
_08049_, 191.84, 345.44, 1.74732
_08057_, 191.84, 345.44, 1.74732
ANTENNA__07836__A, 191.84, 345.44, 1.74732
ANTENNA__08049__A, 191.84, 345.44, 1.74732
FILLER_0_123_401, 191.84, 345.44, 1.74732
_07878_, 211.84, 345.44, 1.74625
_07893_, 211.84, 345.44, 1.74625
_07926_, 211.84, 345.44, 1.74625
_07942_, 211.84, 345.44, 1.74625
ANTENNA__07942__A2, 211.84, 345.44, 1.74625
ANTENNA__07941__B, 211.84, 345.44, 1.74625
ANTENNA__07878__A1, 211.84, 345.44, 1.74625
ANTENNA__07878__B1, 211.84, 345.44, 1.74625
FILLER_0_123_444, 211.84, 345.44, 1.74625
FILLER_0_123_449, 211.84, 345.44, 1.74625
_07839_, 221.84, 345.44, 1.74567
_07931_, 221.84, 345.44, 1.74567
ANTENNA__07879__A1, 221.84, 345.44, 1.74567
ANTENNA__07931__A, 221.84, 345.44, 1.74567
FILLER_0_123_466, 221.84, 345.44, 1.74567
FILLER_0_123_474, 221.84, 345.44, 1.74567
FILLER_0_124_477, 221.84, 345.44, 1.74567
_07811_, 241.84, 345.44, 1.74444
_07812_, 241.84, 345.44, 1.74444
_07874_, 241.84, 345.44, 1.74444
ANTENNA__07874__A1, 241.84, 345.44, 1.74444
ANTENNA__07812__A, 241.84, 345.44, 1.74444
FILLER_0_122_505, 241.84, 345.44, 1.74444
FILLER_0_123_505, 241.84, 345.44, 1.74444
FILLER_0_124_524, 241.84, 345.44, 1.74444
_07809_, 251.84, 345.44, 1.74378
_07810_, 251.84, 345.44, 1.74378
_07814_, 251.84, 345.44, 1.74378
_07815_, 251.84, 345.44, 1.74378
ANTENNA__07810__A, 251.84, 345.44, 1.74378
FILLER_0_122_529, 251.84, 345.44, 1.74378
FILLER_0_123_543, 251.84, 345.44, 1.74378
FILLER_0_124_539, 251.84, 345.44, 1.74378
_08097_, 271.84, 345.44, 1.74228
_11235_, 271.84, 345.44, 1.74228
ANTENNA__08097__B, 271.84, 345.44, 1.74228
ANTENNA__08098__A1, 271.84, 345.44, 1.74228
ANTENNA__11235__RESET_B, 271.84, 345.44, 1.74228
_07851_, 281.84, 345.44, 1.74142
_07852_, 281.84, 345.44, 1.74142
_07864_, 281.84, 345.44, 1.74142
_07865_, 281.84, 345.44, 1.74142
clkbuf_leaf_33_clk, 281.84, 345.44, 1.74142
FILLER_0_123_606, 281.84, 345.44, 1.74142
_07913_, 301.84, 345.44, 1.7403
_07915_, 301.84, 345.44, 1.7403
FILLER_0_122_639, 301.84, 345.44, 1.7403
FILLER_0_123_654, 301.84, 345.44, 1.7403
FILLER_0_124_645, 301.84, 345.44, 1.7403
_06047_, 311.84, 345.44, 1.73992
_06048_, 311.84, 345.44, 1.73992
ANTENNA__07915__A0, 311.84, 345.44, 1.73992
ANTENNA__11230__RESET_B, 311.84, 345.44, 1.73992
FILLER_0_122_664, 311.84, 345.44, 1.73992
_06035_, 331.84, 345.44, 1.73892
_06036_, 331.84, 345.44, 1.73892
_06037_, 331.84, 345.44, 1.73892
_06038_, 331.84, 345.44, 1.73892
_06069_, 331.84, 345.44, 1.73892
_09227_, 331.84, 345.44, 1.73892
FILLER_0_122_701, 331.84, 345.44, 1.73892
_06039_, 341.84, 345.44, 1.73832
_06070_, 341.84, 345.44, 1.73832
_06071_, 341.84, 345.44, 1.73832
_09143_, 341.84, 345.44, 1.73832
FILLER_0_122_729, 341.84, 345.44, 1.73832
FILLER_0_124_738, 341.84, 345.44, 1.73832
_06085_, 361.84, 345.44, 1.7371
_09416_, 361.84, 345.44, 1.7371
ANTENNA__09415__S, 361.84, 345.44, 1.7371
_06040_, 371.84, 345.44, 1.73647
_06041_, 371.84, 345.44, 1.73647
_06193_, 371.84, 345.44, 1.73647
_09415_, 371.84, 345.44, 1.73647
_09417_, 371.84, 345.44, 1.73647
ANTENNA__06041__A1, 371.84, 345.44, 1.73647
ANTENNA__09414__S, 371.84, 345.44, 1.73647
FILLER_0_122_790, 371.84, 345.44, 1.73647
_09327_, 394.01, 345.44, 1.73585
_09334_, 394.01, 345.44, 1.73585
_09336_, 394.01, 345.44, 1.73585
_11301_, 394.01, 345.44, 1.73585
hold122, 394.01, 345.44, 1.73585
ANTENNA__09334__B1, 394.01, 345.44, 1.73585
ANTENNA__09337__A1, 394.01, 345.44, 1.73585
ANTENNA__09336__B, 394.01, 345.44, 1.73585
ANTENNA__09327__S, 394.01, 345.44, 1.73585
ANTENNA__11300__RESET_B, 394.01, 345.44, 1.73585
FILLER_0_122_833, 394.01, 345.44, 1.73585
FILLER_0_123_835, 394.01, 345.44, 1.73585
FILLER_0_123_852, 394.01, 345.44, 1.73585
_11498_, 5.52, 340, 1.75267
_11522_, 5.52, 340, 1.75267
PHY_240, 5.52, 340, 1.75267
PHY_242, 5.52, 340, 1.75267
FILLER_0_122_3, 5.52, 340, 1.75267
PHY_241, 406.18, 340, 1.73602
PHY_243, 406.18, 340, 1.73602
_10758_, 13.68, 340, 1.75268
_10759_, 13.68, 340, 1.75268
hold376, 13.68, 340, 1.75268
FILLER_0_120_12, 13.68, 340, 1.75268
_10561_, 31.84, 340, 1.75259
_11426_, 31.84, 340, 1.75259
hold431, 31.84, 340, 1.75259
ANTENNA__11450__RESET_B, 31.84, 340, 1.75259
FILLER_0_121_50, 31.84, 340, 1.75259
hold430, 41.84, 340, 1.7525
hold451, 41.84, 340, 1.7525
ANTENNA__10560__S, 41.84, 340, 1.7525
ANTENNA__10752__S, 41.84, 340, 1.7525
ANTENNA__11426__RESET_B, 41.84, 340, 1.7525
FILLER_0_120_74, 41.84, 340, 1.7525
FILLER_0_121_85, 41.84, 340, 1.7525
_10661_, 61.84, 340, 1.75223
_10662_, 61.84, 340, 1.75223
_11475_, 61.84, 340, 1.75223
ANTENNA__10711__S, 61.84, 340, 1.75223
ANTENNA__11523__RESET_B, 61.84, 340, 1.75223
ANTENNA_fanout88_A, 61.84, 340, 1.75223
FILLER_0_121_117, 61.84, 340, 1.75223
_10504_, 71.84, 340, 1.75205
hold288, 71.84, 340, 1.75205
ANTENNA__11475__RESET_B, 71.84, 340, 1.75205
FILLER_0_120_135, 71.84, 340, 1.75205
FILLER_0_120_141, 71.84, 340, 1.75205
_11008_, 91.84, 340, 1.7516
ANTENNA__11008__S, 91.84, 340, 1.7516
ANTENNA__11597__RESET_B, 91.84, 340, 1.7516
FILLER_0_121_192, 91.84, 340, 1.7516
FILLER_0_121_198, 91.84, 340, 1.7516
_11072_, 101.84, 340, 1.75133
_11627_, 101.84, 340, 1.75133
fanout91, 101.84, 340, 1.75133
hold304, 101.84, 340, 1.75133
_10341_, 121.84, 340, 1.75069
_10343_, 121.84, 340, 1.75069
_10370_, 121.84, 340, 1.75069
ANTENNA__11599__RESET_B, 121.84, 340, 1.75069
FILLER_0_120_244, 121.84, 340, 1.75069
FILLER_0_121_243, 121.84, 340, 1.75069
_10126_, 131.84, 340, 1.75033
_10127_, 131.84, 340, 1.75033
_10337_, 131.84, 340, 1.75033
_10339_, 131.84, 340, 1.75033
_10373_, 131.84, 340, 1.75033
ANTENNA__10081__C1, 131.84, 340, 1.75033
FILLER_0_122_280, 131.84, 340, 1.75033
_10031_, 151.84, 340, 1.74951
_10192_, 151.84, 340, 1.74951
_10201_, 151.84, 340, 1.74951
_10202_, 151.84, 340, 1.74951
ANTENNA__10031__A, 151.84, 340, 1.74951
FILLER_0_120_309, 151.84, 340, 1.74951
FILLER_0_120_317, 151.84, 340, 1.74951
FILLER_0_121_317, 151.84, 340, 1.74951
_10200_, 161.84, 340, 1.74907
_10252_, 161.84, 340, 1.74907
ANTENNA__10199__A, 161.84, 340, 1.74907
ANTENNA__10252__A1, 161.84, 340, 1.74907
FILLER_0_121_337, 161.84, 340, 1.74907
FILLER_0_121_347, 161.84, 340, 1.74907
_08085_, 181.84, 340, 1.74809
_10259_, 181.84, 340, 1.74809
FILLER_0_121_387, 181.84, 340, 1.74809
ANTENNA__07987__A, 191.84, 340, 1.74759
ANTENNA__08057__A1, 191.84, 340, 1.74759
FILLER_0_121_405, 191.84, 340, 1.74759
FILLER_0_122_413, 191.84, 340, 1.74759
_07837_, 211.84, 340, 1.74651
_07879_, 211.84, 340, 1.74651
_07946_, 211.84, 340, 1.74651
ANTENNA__07837__A, 211.84, 340, 1.74651
ANTENNA__07940__A1_N, 211.84, 340, 1.74651
ANTENNA__07893__B, 211.84, 340, 1.74651
FILLER_0_121_443, 211.84, 340, 1.74651
FILLER_0_121_449, 211.84, 340, 1.74651
FILLER_0_122_452, 211.84, 340, 1.74651
_07759_, 221.84, 340, 1.74596
_07930_, 221.84, 340, 1.74596
ANTENNA__07930__A1, 221.84, 340, 1.74596
ANTENNA__07759__A, 221.84, 340, 1.74596
ANTENNA__07837__B, 221.84, 340, 1.74596
ANTENNA__07698__A, 221.84, 340, 1.74596
ANTENNA__07760__B2, 221.84, 340, 1.74596
FILLER_0_121_465, 221.84, 340, 1.74596
FILLER_0_122_477, 221.84, 340, 1.74596
_07761_, 241.84, 340, 1.74476
_07763_, 241.84, 340, 1.74476
_07873_, 241.84, 340, 1.74476
ANTENNA__07761__A, 241.84, 340, 1.74476
ANTENNA__07761__B, 241.84, 340, 1.74476
ANTENNA__07696__A1_N, 241.84, 340, 1.74476
FILLER_0_121_505, 241.84, 340, 1.74476
FILLER_0_122_521, 241.84, 340, 1.74476
_07764_, 251.84, 340, 1.74414
ANTENNA__07764__A, 251.84, 340, 1.74414
_07805_, 271.84, 340, 1.74283
FILLER_0_122_580, 271.84, 340, 1.74283
FILLER_0_122_589, 271.84, 340, 1.74283
_07850_, 281.84, 340, 1.74215
ANTENNA_clkbuf_leaf_33_clk_A, 281.84, 340, 1.74215
_07861_, 301.84, 340, 1.74082
FILLER_0_120_637, 301.84, 340, 1.74082
_06049_, 311.84, 340, 1.74032
_06050_, 311.84, 340, 1.74032
_06087_, 311.84, 340, 1.74032
FILLER_0_121_665, 311.84, 340, 1.74032
_06034_, 331.84, 340, 1.73918
_06077_, 331.84, 340, 1.73918
FILLER_0_120_701, 331.84, 340, 1.73918
_06051_, 341.84, 340, 1.73855
_06090_, 341.84, 340, 1.73855
_06091_, 341.84, 340, 1.73855
FILLER_0_120_730, 341.84, 340, 1.73855
FILLER_0_121_723, 341.84, 340, 1.73855
FILLER_0_121_729, 341.84, 340, 1.73855
_06057_, 361.84, 340, 1.73728
_06086_, 361.84, 340, 1.73728
ANTENNA__06040__A, 361.84, 340, 1.73728
FILLER_0_120_772, 361.84, 340, 1.73728
FILLER_0_121_773, 361.84, 340, 1.73728
FILLER_0_121_780, 361.84, 340, 1.73728
_06058_, 371.84, 340, 1.73665
_09413_, 371.84, 340, 1.73665
_09414_, 371.84, 340, 1.73665
FILLER_0_122_807, 371.84, 340, 1.73665
_09326_, 394.01, 340, 1.73602
_09328_, 394.01, 340, 1.73602
_11300_, 394.01, 340, 1.73602
ANTENNA__09325__B1, 394.01, 340, 1.73602
ANTENNA__09326__A1, 394.01, 340, 1.73602
ANTENNA__06066__A1, 394.01, 340, 1.73602
ANTENNA__11301__RESET_B, 394.01, 340, 1.73602
PHY_236, 5.52, 334.56, 1.75291
PHY_238, 5.52, 334.56, 1.75291
input11, 5.52, 334.56, 1.75291
FILLER_0_120_3, 5.52, 334.56, 1.75291
_06101_, 406.18, 334.56, 1.72321
_06104_, 406.18, 334.56, 1.72321
_06178_, 406.18, 334.56, 1.72321
PHY_237, 406.18, 334.56, 1.72321
PHY_239, 406.18, 334.56, 1.72321
FILLER_0_119_865, 406.18, 334.56, 1.72321
_11546_, 13.68, 334.56, 1.75291
hold377, 13.68, 334.56, 1.75291
ANTENNA_input11_A, 13.68, 334.56, 1.75291
FILLER_0_118_15, 13.68, 334.56, 1.75291
FILLER_0_119_11, 13.68, 334.56, 1.75291
FILLER_0_119_22, 13.68, 334.56, 1.75291
FILLER_0_120_25, 13.68, 334.56, 1.75291
_10560_, 31.84, 334.56, 1.75283
ANTENNA__10808__S, 31.84, 334.56, 1.75283
ANTENNA__11546__RESET_B, 31.84, 334.56, 1.75283
ANTENNA_clkbuf_leaf_26_clk_A, 31.84, 334.56, 1.75283
FILLER_0_118_51, 31.84, 334.56, 1.75283
FILLER_0_119_49, 31.84, 334.56, 1.75283
FILLER_0_119_57, 31.84, 334.56, 1.75283
FILLER_0_119_63, 31.84, 334.56, 1.75283
_11544_, 41.84, 334.56, 1.75274
ANTENNA__11543__RESET_B, 41.84, 334.56, 1.75274
FILLER_0_120_85, 41.84, 334.56, 1.75274
_10612_, 61.84, 334.56, 1.75247
_10613_, 61.84, 334.56, 1.75247
_11451_, 61.84, 334.56, 1.75247
hold70, 61.84, 334.56, 1.75247
ANTENNA__10612__S, 61.84, 334.56, 1.75247
ANTENNA__11401__RESET_B, 61.84, 334.56, 1.75247
FILLER_0_118_114, 61.84, 334.56, 1.75247
_11068_, 71.84, 334.56, 1.75229
_11625_, 71.84, 334.56, 1.75229
hold20, 71.84, 334.56, 1.75229
ANTENNA__11451__RESET_B, 71.84, 334.56, 1.75229
_11009_, 91.84, 334.56, 1.75184
_11596_, 91.84, 334.56, 1.75184
ANTENNA_clkbuf_leaf_28_clk_A, 91.84, 334.56, 1.75184
FILLER_0_119_178, 91.84, 334.56, 1.75184
_11014_, 101.84, 334.56, 1.75157
_11015_, 101.84, 334.56, 1.75157
_11071_, 101.84, 334.56, 1.75157
_11129_, 101.84, 334.56, 1.75157
_11599_, 101.84, 334.56, 1.75157
_10310_, 121.84, 334.56, 1.75092
_10311_, 121.84, 334.56, 1.75092
_10340_, 121.84, 334.56, 1.75092
ANTENNA__10310__A, 121.84, 334.56, 1.75092
FILLER_0_119_247, 121.84, 334.56, 1.75092
FILLER_0_120_253, 121.84, 334.56, 1.75092
FILLER_0_120_263, 121.84, 334.56, 1.75092
_10081_, 131.84, 334.56, 1.75055
_10366_, 131.84, 334.56, 1.75055
ANTENNA__10081__A1, 131.84, 334.56, 1.75055
ANTENNA__10366__A1, 131.84, 334.56, 1.75055
ANTENNA__10366__A2, 131.84, 334.56, 1.75055
ANTENNA__10125__A, 131.84, 334.56, 1.75055
ANTENNA__10079__B, 131.84, 334.56, 1.75055
FILLER_0_118_265, 131.84, 334.56, 1.75055
FILLER_0_119_266, 131.84, 334.56, 1.75055
FILLER_0_119_281, 131.84, 334.56, 1.75055
_10196_, 151.84, 334.56, 1.74971
_10197_, 151.84, 334.56, 1.74971
_10198_, 151.84, 334.56, 1.74971
_10199_, 151.84, 334.56, 1.74971
ANTENNA__10199__B, 151.84, 334.56, 1.74971
FILLER_0_119_312, 151.84, 334.56, 1.74971
_10078_, 161.84, 334.56, 1.74923
_10084_, 161.84, 334.56, 1.74923
_10139_, 161.84, 334.56, 1.74923
_10141_, 161.84, 334.56, 1.74923
FILLER_0_119_348, 161.84, 334.56, 1.74923
FILLER_0_120_344, 161.84, 334.56, 1.74923
_10257_, 181.84, 334.56, 1.74819
_10258_, 181.84, 334.56, 1.74819
_10270_, 181.84, 334.56, 1.74819
_10296_, 181.84, 334.56, 1.74819
_07975_, 191.84, 334.56, 1.74768
_10327_, 191.84, 334.56, 1.74768
_10328_, 191.84, 334.56, 1.74768
ANTENNA__07975__A1, 191.84, 334.56, 1.74768
FILLER_0_118_399, 191.84, 334.56, 1.74768
FILLER_0_119_407, 191.84, 334.56, 1.74768
FILLER_0_120_411, 191.84, 334.56, 1.74768
_07487_, 211.84, 334.56, 1.74661
_07698_, 211.84, 334.56, 1.74661
_07936_, 211.84, 334.56, 1.74661
_07980_, 211.84, 334.56, 1.74661
ANTENNA__07487__A, 211.84, 334.56, 1.74661
ANTENNA__07980__A1, 211.84, 334.56, 1.74661
FILLER_0_119_449, 211.84, 334.56, 1.74661
_07699_, 221.84, 334.56, 1.74603
_07700_, 221.84, 334.56, 1.74603
_07760_, 221.84, 334.56, 1.74603
_07762_, 221.84, 334.56, 1.74603
_07937_, 221.84, 334.56, 1.74603
ANTENNA__07936__A, 221.84, 334.56, 1.74603
ANTENNA__07822__A1_N, 221.84, 334.56, 1.74603
_07642_, 241.84, 334.56, 1.74487
_07696_, 241.84, 334.56, 1.74487
FILLER_0_118_513, 241.84, 334.56, 1.74487
FILLER_0_119_522, 241.84, 334.56, 1.74487
_07701_, 251.84, 334.56, 1.74423
ANTENNA__07701__A, 251.84, 334.56, 1.74423
FILLER_0_118_529, 251.84, 334.56, 1.74423
_07702_, 271.84, 334.56, 1.74288
_07756_, 271.84, 334.56, 1.74288
_07767_, 271.84, 334.56, 1.74288
_07849_, 271.84, 334.56, 1.74288
FILLER_0_119_569, 271.84, 334.56, 1.74288
FILLER_0_120_583, 271.84, 334.56, 1.74288
_07794_, 281.84, 334.56, 1.74223
_06074_, 301.84, 334.56, 1.74104
_06075_, 301.84, 334.56, 1.74104
_06088_, 301.84, 334.56, 1.74104
_07853_, 301.84, 334.56, 1.74104
hold352, 301.84, 334.56, 1.74104
_06028_, 311.84, 334.56, 1.74043
_06029_, 311.84, 334.56, 1.74043
_06030_, 311.84, 334.56, 1.74043
_06031_, 311.84, 334.56, 1.74043
_06073_, 311.84, 334.56, 1.74043
ANTENNA__06028__B, 311.84, 334.56, 1.74043
_06732_, 331.84, 334.56, 1.73891
_06733_, 331.84, 334.56, 1.73891
_09223_, 331.84, 334.56, 1.73891
hold153, 331.84, 334.56, 1.73891
FILLER_0_119_707, 331.84, 334.56, 1.73891
_06052_, 341.84, 334.56, 1.73798
ANTENNA__06732__S, 341.84, 334.56, 1.73798
FILLER_0_120_739, 341.84, 334.56, 1.73798
_05985_, 361.84, 334.56, 1.73507
hold113, 361.84, 334.56, 1.73507
ANTENNA__05985__A, 361.84, 334.56, 1.73507
ANTENNA__06703__S, 361.84, 334.56, 1.73507
FILLER_0_118_774, 361.84, 334.56, 1.73507
FILLER_0_119_780, 361.84, 334.56, 1.73507
_06068_, 371.84, 334.56, 1.73307
_09412_, 371.84, 334.56, 1.73307
ANTENNA__06058__A, 371.84, 334.56, 1.73307
FILLER_0_120_801, 371.84, 334.56, 1.73307
_06102_, 394.01, 334.56, 1.72323
_06103_, 394.01, 334.56, 1.72323
_09331_, 394.01, 334.56, 1.72323
_09332_, 394.01, 334.56, 1.72323
output42, 394.01, 334.56, 1.72323
ANTENNA__06103__A, 394.01, 334.56, 1.72323
FILLER_0_119_832, 394.01, 334.56, 1.72323
FILLER_0_119_841, 394.01, 334.56, 1.72323
PHY_232, 5.52, 329.12, 1.75317
PHY_234, 5.52, 329.12, 1.75317
PHY_233, 406.18, 329.12, 1.73649
PHY_235, 406.18, 329.12, 1.73649
FILLER_0_117_865, 406.18, 329.12, 1.73649
_10707_, 13.68, 329.12, 1.75317
ANTENNA__10707__S, 13.68, 329.12, 1.75317
FILLER_0_117_24, 13.68, 329.12, 1.75317
_10803_, 31.84, 329.12, 1.75308
_11543_, 31.84, 329.12, 1.75308
ANTENNA__11545__RESET_B, 31.84, 329.12, 1.75308
FILLER_0_117_57, 31.84, 329.12, 1.75308
_10802_, 41.84, 329.12, 1.75299
_10804_, 41.84, 329.12, 1.75299
_10805_, 41.84, 329.12, 1.75299
hold45, 41.84, 329.12, 1.75299
hold437, 41.84, 329.12, 1.75299
FILLER_0_117_81, 41.84, 329.12, 1.75299
_10562_, 61.84, 329.12, 1.75272
_11427_, 61.84, 329.12, 1.75272
ANTENNA__11547__RESET_B, 61.84, 329.12, 1.75272
ANTENNA_clkbuf_leaf_24_clk_A, 61.84, 329.12, 1.75272
FILLER_0_116_117, 61.84, 329.12, 1.75272
_11653_, 71.84, 329.12, 1.75254
hold21, 71.84, 329.12, 1.75254
ANTENNA__11427__RESET_B, 71.84, 329.12, 1.75254
_11065_, 91.84, 329.12, 1.75209
_11066_, 91.84, 329.12, 1.75209
hold324, 91.84, 329.12, 1.75209
ANTENNA__11065__S, 91.84, 329.12, 1.75209
ANTENNA__11624__RESET_B, 91.84, 329.12, 1.75209
FILLER_0_117_196, 91.84, 329.12, 1.75209
_06681_, 101.84, 329.12, 1.75181
_11655_, 101.84, 329.12, 1.75181
fanout90, 101.84, 329.12, 1.75181
hold329, 101.84, 329.12, 1.75181
FILLER_0_116_204, 101.84, 329.12, 1.75181
_10306_, 121.84, 329.12, 1.75117
_10336_, 121.84, 329.12, 1.75117
_10342_, 121.84, 329.12, 1.75117
ANTENNA__10342__B, 121.84, 329.12, 1.75117
ANTENNA__10310__B, 121.84, 329.12, 1.75117
ANTENNA__10309__A2, 121.84, 329.12, 1.75117
FILLER_0_117_244, 121.84, 329.12, 1.75117
_10025_, 131.84, 329.12, 1.75081
_10125_, 131.84, 329.12, 1.75081
_10305_, 131.84, 329.12, 1.75081
_10338_, 131.84, 329.12, 1.75081
_10365_, 131.84, 329.12, 1.75081
ANTENNA__10305__A, 131.84, 329.12, 1.75081
ANTENNA__10025__B, 131.84, 329.12, 1.75081
ANTENNA__10305__B, 131.84, 329.12, 1.75081
ANTENNA__10125__B, 131.84, 329.12, 1.75081
FILLER_0_116_268, 131.84, 329.12, 1.75081
FILLER_0_117_275, 131.84, 329.12, 1.75081
FILLER_0_118_285, 131.84, 329.12, 1.75081
FILLER_0_117_325, 151.84, 329.12, 1.74999
_10138_, 161.84, 329.12, 1.74952
_10140_, 161.84, 329.12, 1.74952
_10158_, 161.84, 329.12, 1.74952
FILLER_0_117_333, 161.84, 329.12, 1.74952
FILLER_0_117_349, 161.84, 329.12, 1.74952
_10210_, 181.84, 329.12, 1.74853
FILLER_0_117_386, 181.84, 329.12, 1.74853
FILLER_0_118_391, 181.84, 329.12, 1.74853
_10268_, 191.84, 329.12, 1.74802
ANTENNA__07820__A, 191.84, 329.12, 1.74802
ANTENNA__07892__A, 191.84, 329.12, 1.74802
ANTENNA__07784__A, 191.84, 329.12, 1.74802
FILLER_0_117_398, 191.84, 329.12, 1.74802
_07821_, 211.84, 329.12, 1.74692
_07822_, 211.84, 329.12, 1.74692
_07882_, 211.84, 329.12, 1.74692
ANTENNA__07711__B, 211.84, 329.12, 1.74692
ANTENNA__07710__A, 211.84, 329.12, 1.74692
ANTENNA__07882__A1, 211.84, 329.12, 1.74692
ANTENNA__07821__B, 211.84, 329.12, 1.74692
FILLER_0_117_449, 211.84, 329.12, 1.74692
_07783_, 221.84, 329.12, 1.74635
ANTENNA__07821__A, 221.84, 329.12, 1.74635
ANTENNA__07699__B1, 221.84, 329.12, 1.74635
ANTENNA__07774__A1, 221.84, 329.12, 1.74635
FILLER_0_116_468, 221.84, 329.12, 1.74635
FILLER_0_117_477, 221.84, 329.12, 1.74635
FILLER_0_118_477, 221.84, 329.12, 1.74635
_07641_, 241.84, 329.12, 1.74509
_07643_, 241.84, 329.12, 1.74509
ANTENNA__07641__B2, 241.84, 329.12, 1.74509
ANTENNA__07643__A, 241.84, 329.12, 1.74509
_07782_, 251.84, 329.12, 1.74442
_07788_, 251.84, 329.12, 1.74442
FILLER_0_116_529, 251.84, 329.12, 1.74442
FILLER_0_117_528, 251.84, 329.12, 1.74442
FILLER_0_118_545, 251.84, 329.12, 1.74442
_07793_, 271.84, 329.12, 1.74308
FILLER_0_118_583, 271.84, 329.12, 1.74308
_07797_, 281.84, 329.12, 1.74241
FILLER_0_118_602, 281.84, 329.12, 1.74241
ANTENNA__10380__A1, 301.84, 329.12, 1.74136
ANTENNA__06074__B, 301.84, 329.12, 1.74136
FILLER_0_116_641, 301.84, 329.12, 1.74136
FILLER_0_118_649, 301.84, 329.12, 1.74136
_06045_, 311.84, 329.12, 1.74081
ANTENNA__06029__B, 311.84, 329.12, 1.74081
FILLER_0_116_657, 311.84, 329.12, 1.74081
FILLER_0_116_665, 311.84, 329.12, 1.74081
_05992_, 331.84, 329.12, 1.7396
_09222_, 331.84, 329.12, 1.7396
_09225_, 331.84, 329.12, 1.7396
_11191_, 331.84, 329.12, 1.7396
clkbuf_leaf_34_clk, 331.84, 329.12, 1.7396
ANTENNA__09223__S, 331.84, 329.12, 1.7396
ANTENNA__11191__RESET_B, 331.84, 329.12, 1.7396
FILLER_0_117_700, 331.84, 329.12, 1.7396
_06025_, 341.84, 329.12, 1.73897
_06026_, 341.84, 329.12, 1.73897
_09226_, 341.84, 329.12, 1.73897
_11271_, 341.84, 329.12, 1.73897
ANTENNA__09222__S, 341.84, 329.12, 1.73897
_09410_, 361.84, 329.12, 1.73775
_11313_, 361.84, 329.12, 1.73775
ANTENNA__11313__RESET_B, 361.84, 329.12, 1.73775
ANTENNA__11177__RESET_B, 361.84, 329.12, 1.73775
FILLER_0_116_766, 361.84, 329.12, 1.73775
FILLER_0_117_785, 361.84, 329.12, 1.73775
_06187_, 371.84, 329.12, 1.73713
_09409_, 371.84, 329.12, 1.73713
_09411_, 371.84, 329.12, 1.73713
FILLER_0_117_807, 371.84, 329.12, 1.73713
FILLER_0_118_801, 371.84, 329.12, 1.73713
_06060_, 394.01, 329.12, 1.73649
_06064_, 394.01, 329.12, 1.73649
_06065_, 394.01, 329.12, 1.73649
_09324_, 394.01, 329.12, 1.73649
ANTENNA__06104__A1, 394.01, 329.12, 1.73649
ANTENNA_clkbuf_leaf_38_clk_A, 394.01, 329.12, 1.73649
FILLER_0_117_832, 394.01, 329.12, 1.73649
FILLER_0_118_855, 394.01, 329.12, 1.73649
_10708_, 5.52, 323.68, 1.75346
_11497_, 5.52, 323.68, 1.75346
_11521_, 5.52, 323.68, 1.75346
PHY_228, 5.52, 323.68, 1.75346
PHY_230, 5.52, 323.68, 1.75346
PHY_229, 406.18, 323.68, 1.71881
PHY_231, 406.18, 323.68, 1.71881
ANTENNA__06065__B2, 406.18, 323.68, 1.71881
FILLER_0_114_859, 406.18, 323.68, 1.71881
_10757_, 13.68, 323.68, 1.75346
_10806_, 31.84, 323.68, 1.75338
_10950_, 31.84, 323.68, 1.75338
hold106, 31.84, 323.68, 1.75338
hold107, 31.84, 323.68, 1.75338
hold117, 31.84, 323.68, 1.75338
_10933_, 41.84, 323.68, 1.75329
hold44, 41.84, 323.68, 1.75329
ANTENNA__10806__S, 41.84, 323.68, 1.75329
ANTENNA__10802__S, 41.84, 323.68, 1.75329
ANTENNA__11567__RESET_B, 41.84, 323.68, 1.75329
FILLER_0_115_81, 41.84, 323.68, 1.75329
_10563_, 61.84, 323.68, 1.75301
clkbuf_leaf_24_clk, 61.84, 323.68, 1.75301
hold191, 61.84, 323.68, 1.75301
_06662_, 71.84, 323.68, 1.75283
_11124_, 71.84, 323.68, 1.75283
_11125_, 71.84, 323.68, 1.75283
_11164_, 71.84, 323.68, 1.75283
hold210, 71.84, 323.68, 1.75283
ANTENNA__10562__S, 71.84, 323.68, 1.75283
ANTENNA__10509__A0, 71.84, 323.68, 1.75283
FILLER_0_114_141, 71.84, 323.68, 1.75283
FILLER_0_115_152, 71.84, 323.68, 1.75283
FILLER_0_116_149, 71.84, 323.68, 1.75283
_11122_, 91.84, 323.68, 1.75238
_11166_, 91.84, 323.68, 1.75238
hold309, 91.84, 323.68, 1.75238
ANTENNA__11122__S, 91.84, 323.68, 1.75238
ANTENNA__11652__RESET_B, 91.84, 323.68, 1.75238
FILLER_0_116_197, 91.84, 323.68, 1.75238
_11128_, 101.84, 323.68, 1.7521
clkbuf_leaf_29_clk, 101.84, 323.68, 1.7521
ANTENNA__11166__RESET_B, 101.84, 323.68, 1.7521
ANTENNA_clkbuf_leaf_29_clk_A, 101.84, 323.68, 1.7521
_10280_, 121.84, 323.68, 1.75146
_10281_, 121.84, 323.68, 1.75146
_10282_, 121.84, 323.68, 1.75146
ANTENNA__10342__A, 121.84, 323.68, 1.75146
ANTENNA__10303__A1, 121.84, 323.68, 1.75146
ANTENNA__10278__A, 121.84, 323.68, 1.75146
ANTENNA__10277__A1, 121.84, 323.68, 1.75146
FILLER_0_115_253, 121.84, 323.68, 1.75146
FILLER_0_116_253, 121.84, 323.68, 1.75146
FILLER_0_116_261, 121.84, 323.68, 1.75146
_10028_, 131.84, 323.68, 1.75109
ANTENNA__10365__B, 131.84, 323.68, 1.75109
ANTENNA__10278__B, 131.84, 323.68, 1.75109
FILLER_0_114_272, 131.84, 323.68, 1.75109
FILLER_0_115_276, 131.84, 323.68, 1.75109
FILLER_0_116_281, 131.84, 323.68, 1.75109
_10090_, 151.84, 323.68, 1.75022
_10091_, 151.84, 323.68, 1.75022
_10145_, 151.84, 323.68, 1.75022
_10156_, 151.84, 323.68, 1.75022
_10157_, 151.84, 323.68, 1.75022
_10209_, 151.84, 323.68, 1.75022
FILLER_0_115_325, 151.84, 323.68, 1.75022
FILLER_0_116_321, 151.84, 323.68, 1.75022
_09985_, 161.84, 323.68, 1.74976
_10030_, 161.84, 323.68, 1.74976
_10032_, 161.84, 323.68, 1.74976
ANTENNA__09985__A, 161.84, 323.68, 1.74976
FILLER_0_115_333, 161.84, 323.68, 1.74976
_10211_, 181.84, 323.68, 1.74865
_10213_, 181.84, 323.68, 1.74865
_10214_, 181.84, 323.68, 1.74865
_10219_, 181.84, 323.68, 1.74865
_10260_, 181.84, 323.68, 1.74865
FILLER_0_115_381, 181.84, 323.68, 1.74865
FILLER_0_115_389, 181.84, 323.68, 1.74865
_07580_, 191.84, 323.68, 1.74816
_07666_, 191.84, 323.68, 1.74816
_07892_, 191.84, 323.68, 1.74816
ANTENNA__07771__B, 191.84, 323.68, 1.74816
ANTENNA__07666__A, 191.84, 323.68, 1.74816
ANTENNA__07891__B2, 191.84, 323.68, 1.74816
FILLER_0_115_406, 191.84, 323.68, 1.74816
_07710_, 211.84, 323.68, 1.7471
_07711_, 211.84, 323.68, 1.7471
_07712_, 211.84, 323.68, 1.7471
_07768_, 211.84, 323.68, 1.7471
_07773_, 211.84, 323.68, 1.7471
_07774_, 211.84, 323.68, 1.7471
ANTENNA__07773__A, 211.84, 323.68, 1.7471
FILLER_0_114_447, 211.84, 323.68, 1.7471
FILLER_0_116_459, 211.84, 323.68, 1.7471
_07775_, 221.84, 323.68, 1.74651
_07776_, 221.84, 323.68, 1.74651
_07807_, 221.84, 323.68, 1.74651
ANTENNA__07772__A, 221.84, 323.68, 1.74651
ANTENNA__07772__B, 221.84, 323.68, 1.74651
FILLER_0_114_470, 221.84, 323.68, 1.74651
_07714_, 241.84, 323.68, 1.74526
_07758_, 241.84, 323.68, 1.74526
_07781_, 241.84, 323.68, 1.74526
FILLER_0_115_511, 241.84, 323.68, 1.74526
FILLER_0_115_524, 241.84, 323.68, 1.74526
_07718_, 251.84, 323.68, 1.74461
_07719_, 251.84, 323.68, 1.74461
_07720_, 251.84, 323.68, 1.74461
_07842_, 251.84, 323.68, 1.74461
FILLER_0_114_527, 251.84, 323.68, 1.74461
FILLER_0_114_533, 251.84, 323.68, 1.74461
_07703_, 271.84, 323.68, 1.74317
_07733_, 271.84, 323.68, 1.74317
_07792_, 271.84, 323.68, 1.74317
FILLER_0_115_588, 271.84, 323.68, 1.74317
FILLER_0_116_582, 271.84, 323.68, 1.74317
_07704_, 281.84, 323.68, 1.74246
_07737_, 281.84, 323.68, 1.74246
_07754_, 281.84, 323.68, 1.74246
_07755_, 281.84, 323.68, 1.74246
FILLER_0_114_595, 281.84, 323.68, 1.74246
_07799_, 301.84, 323.68, 1.74115
_07918_, 301.84, 323.68, 1.74115
_07919_, 301.84, 323.68, 1.74115
FILLER_0_115_654, 301.84, 323.68, 1.74115
_05988_, 311.84, 323.68, 1.74061
_05991_, 311.84, 323.68, 1.74061
_06004_, 311.84, 323.68, 1.74061
_06027_, 311.84, 323.68, 1.74061
_06046_, 311.84, 323.68, 1.74061
ANTENNA__05988__B, 311.84, 323.68, 1.74061
ANTENNA__05987__B, 311.84, 323.68, 1.74061
FILLER_0_114_659, 311.84, 323.68, 1.74061
_05995_, 331.84, 323.68, 1.73907
FILLER_0_115_708, 331.84, 323.68, 1.73907
_05998_, 341.84, 323.68, 1.73806
_05999_, 341.84, 323.68, 1.73806
_06000_, 341.84, 323.68, 1.73806
ANTENNA__06000__B1, 341.84, 323.68, 1.73806
ANTENNA__11271__RESET_B, 341.84, 323.68, 1.73806
ANTENNA_clkbuf_leaf_34_clk_A, 341.84, 323.68, 1.73806
FILLER_0_116_737, 341.84, 323.68, 1.73806
_06044_, 361.84, 323.68, 1.73457
FILLER_0_115_774, 361.84, 323.68, 1.73457
FILLER_0_115_785, 361.84, 323.68, 1.73457
_06001_, 371.84, 323.68, 1.73209
_06186_, 371.84, 323.68, 1.73209
_09407_, 371.84, 323.68, 1.73209
_09408_, 371.84, 323.68, 1.73209
ANTENNA__09409__S, 371.84, 323.68, 1.73209
ANTENNA__09408__S, 371.84, 323.68, 1.73209
FILLER_0_114_793, 371.84, 323.68, 1.73209
output41, 394.01, 323.68, 1.71881
clkbuf_leaf_38_clk, 394.01, 323.68, 1.71881
ANTENNA__09318__B1, 394.01, 323.68, 1.71881
ANTENNA__06062__A1, 394.01, 323.68, 1.71881
FILLER_0_115_837, 394.01, 323.68, 1.71881
FILLER_0_115_845, 394.01, 323.68, 1.71881
_11473_, 5.52, 318.24, 1.75381
PHY_224, 5.52, 318.24, 1.75381
PHY_226, 5.52, 318.24, 1.75381
ANTENNA_input10_A, 5.52, 318.24, 1.75381
PHY_225, 406.18, 318.24, 1.73691
PHY_227, 406.18, 318.24, 1.73691
FILLER_0_113_865, 406.18, 318.24, 1.73691
_10657_, 13.68, 318.24, 1.75381
hold169, 13.68, 318.24, 1.75381
_10932_, 31.84, 318.24, 1.75373
_11567_, 31.84, 318.24, 1.75373
ANTENNA__10950__S, 31.84, 318.24, 1.75373
ANTENNA__11570__RESET_B, 31.84, 318.24, 1.75373
FILLER_0_113_57, 31.84, 318.24, 1.75373
FILLER_0_113_64, 31.84, 318.24, 1.75373
_11568_, 41.84, 318.24, 1.75364
hold452, 41.84, 318.24, 1.75364
ANTENNA__10932__S, 41.84, 318.24, 1.75364
FILLER_0_112_78, 41.84, 318.24, 1.75364
_10509_, 61.84, 318.24, 1.75337
_10510_, 61.84, 318.24, 1.75337
_11402_, 61.84, 318.24, 1.75337
ANTENNA__10956__S, 61.84, 318.24, 1.75337
ANTENNA__10955__B1, 61.84, 318.24, 1.75337
ANTENNA__06513__A, 61.84, 318.24, 1.75337
ANTENNA__11571__RESET_B, 61.84, 318.24, 1.75337
FILLER_0_112_115, 61.84, 318.24, 1.75337
FILLER_0_113_121, 61.84, 318.24, 1.75337
_06661_, 71.84, 318.24, 1.75319
ANTENNA__10509__S, 71.84, 318.24, 1.75319
_11127_, 91.84, 318.24, 1.75274
hold298, 91.84, 318.24, 1.75274
ANTENNA__06650__S, 91.84, 318.24, 1.75274
FILLER_0_114_197, 91.84, 318.24, 1.75274
_06680_, 101.84, 318.24, 1.75247
_11012_, 101.84, 318.24, 1.75247
_11070_, 101.84, 318.24, 1.75247
ANTENNA__06680__S, 101.84, 318.24, 1.75247
FILLER_0_112_208, 101.84, 318.24, 1.75247
_10277_, 121.84, 318.24, 1.75182
_10278_, 121.84, 318.24, 1.75182
_10279_, 121.84, 318.24, 1.75182
_10307_, 121.84, 318.24, 1.75182
ANTENNA__10277__A2, 121.84, 318.24, 1.75182
FILLER_0_113_248, 121.84, 318.24, 1.75182
FILLER_0_113_262, 121.84, 318.24, 1.75182
_09987_, 131.84, 318.24, 1.75145
_09988_, 131.84, 318.24, 1.75145
_10027_, 131.84, 318.24, 1.75145
ANTENNA__10027__A, 131.84, 318.24, 1.75145
ANTENNA__09986__B1, 131.84, 318.24, 1.75145
FILLER_0_112_265, 131.84, 318.24, 1.75145
FILLER_0_113_281, 131.84, 318.24, 1.75145
FILLER_0_114_284, 131.84, 318.24, 1.75145
_10144_, 151.84, 318.24, 1.75061
_10155_, 151.84, 318.24, 1.75061
ANTENNA__10132__A1, 151.84, 318.24, 1.75061
ANTENNA__09985__B, 151.84, 318.24, 1.75061
FILLER_0_113_317, 151.84, 318.24, 1.75061
FILLER_0_113_325, 151.84, 318.24, 1.75061
FILLER_0_114_327, 151.84, 318.24, 1.75061
_09989_, 161.84, 318.24, 1.75014
_10033_, 161.84, 318.24, 1.75014
FILLER_0_113_330, 161.84, 318.24, 1.75014
FILLER_0_113_344, 161.84, 318.24, 1.75014
FILLER_0_114_341, 161.84, 318.24, 1.75014
_10212_, 181.84, 318.24, 1.74914
FILLER_0_113_388, 181.84, 318.24, 1.74914
FILLER_0_113_393, 181.84, 318.24, 1.74914
_07579_, 191.84, 318.24, 1.7486
_07637_, 191.84, 318.24, 1.7486
_07638_, 191.84, 318.24, 1.7486
ANTENNA__07637__C1, 191.84, 318.24, 1.7486
ANTENNA__07510__B, 191.84, 318.24, 1.7486
_07728_, 211.84, 318.24, 1.74749
_07769_, 211.84, 318.24, 1.74749
_07772_, 211.84, 318.24, 1.74749
ANTENNA__07769__A_N, 211.84, 318.24, 1.74749
ANTENNA__07768__A, 211.84, 318.24, 1.74749
FILLER_0_112_440, 211.84, 318.24, 1.74749
FILLER_0_113_445, 211.84, 318.24, 1.74749
FILLER_0_114_456, 211.84, 318.24, 1.74749
ANTENNA__07724__A, 221.84, 318.24, 1.74692
FILLER_0_112_465, 221.84, 318.24, 1.74692
FILLER_0_113_478, 221.84, 318.24, 1.74692
_07716_, 241.84, 318.24, 1.74568
_07777_, 241.84, 318.24, 1.74568
_07779_, 241.84, 318.24, 1.74568
_07780_, 241.84, 318.24, 1.74568
ANTENNA__07777__B, 241.84, 318.24, 1.74568
FILLER_0_112_505, 241.84, 318.24, 1.74568
FILLER_0_113_505, 241.84, 318.24, 1.74568
_07721_, 251.84, 318.24, 1.74504
_07722_, 251.84, 318.24, 1.74504
_07723_, 251.84, 318.24, 1.74504
_07729_, 251.84, 318.24, 1.74504
ANTENNA__07716__A, 251.84, 318.24, 1.74504
ANTENNA__07582__B, 251.84, 318.24, 1.74504
_07644_, 271.84, 318.24, 1.74367
_07657_, 271.84, 318.24, 1.74367
_07658_, 271.84, 318.24, 1.74367
_07694_, 271.84, 318.24, 1.74367
FILLER_0_112_569, 271.84, 318.24, 1.74367
FILLER_0_113_573, 271.84, 318.24, 1.74367
FILLER_0_113_581, 271.84, 318.24, 1.74367
FILLER_0_114_584, 271.84, 318.24, 1.74367
_07795_, 281.84, 318.24, 1.74297
FILLER_0_113_603, 281.84, 318.24, 1.74297
_07856_, 301.84, 318.24, 1.74145
_07858_, 301.84, 318.24, 1.74145
_07859_, 301.84, 318.24, 1.74145
_07860_, 301.84, 318.24, 1.74145
FILLER_0_112_637, 301.84, 318.24, 1.74145
FILLER_0_113_634, 301.84, 318.24, 1.74145
FILLER_0_113_640, 301.84, 318.24, 1.74145
_05987_, 311.84, 318.24, 1.74103
_05989_, 311.84, 318.24, 1.74103
_06006_, 311.84, 318.24, 1.74103
_06730_, 331.84, 318.24, 1.74001
_09221_, 331.84, 318.24, 1.74001
FILLER_0_114_713, 331.84, 318.24, 1.74001
_05997_, 341.84, 318.24, 1.7394
_06008_, 341.84, 318.24, 1.7394
_06043_, 341.84, 318.24, 1.7394
FILLER_0_112_728, 341.84, 318.24, 1.7394
FILLER_0_113_729, 341.84, 318.24, 1.7394
FILLER_0_114_735, 341.84, 318.24, 1.7394
_06015_, 361.84, 318.24, 1.73817
_06016_, 361.84, 318.24, 1.73817
_06017_, 361.84, 318.24, 1.73817
_09134_, 361.84, 318.24, 1.73817
FILLER_0_112_770, 361.84, 318.24, 1.73817
_06024_, 371.84, 318.24, 1.73755
ANTENNA__06186__A1, 371.84, 318.24, 1.73755
ANTENNA__06017__B1, 371.84, 318.24, 1.73755
FILLER_0_114_798, 371.84, 318.24, 1.73755
_06018_, 394.01, 318.24, 1.73691
_06063_, 394.01, 318.24, 1.73691
_09319_, 394.01, 318.24, 1.73691
_09321_, 394.01, 318.24, 1.73691
_09323_, 394.01, 318.24, 1.73691
ANTENNA__09319__A1, 394.01, 318.24, 1.73691
ANTENNA__06063__B1, 394.01, 318.24, 1.73691
ANTENNA__11299__RESET_B, 394.01, 318.24, 1.73691
FILLER_0_113_847, 394.01, 318.24, 1.73691
_11449_, 5.52, 312.8, 1.75415
PHY_220, 5.52, 312.8, 1.75415
PHY_222, 5.52, 312.8, 1.75415
input10, 5.52, 312.8, 1.75415
hold170, 5.52, 312.8, 1.75415
FILLER_0_111_3, 5.52, 312.8, 1.75415
PHY_221, 406.18, 312.8, 1.73716
PHY_223, 406.18, 312.8, 1.73716
FILLER_0_111_863, 406.18, 312.8, 1.73716
_10608_, 13.68, 312.8, 1.75416
_10658_, 13.68, 312.8, 1.75416
_10944_, 31.84, 312.8, 1.75407
_10945_, 31.84, 312.8, 1.75407
ANTENNA__10944__S, 31.84, 312.8, 1.75407
ANTENNA__11569__RESET_B, 31.84, 312.8, 1.75407
ANTENNA__11425__RESET_B, 31.84, 312.8, 1.75407
FILLER_0_110_53, 31.84, 312.8, 1.75407
FILLER_0_112_66, 31.84, 312.8, 1.75407
_10938_, 41.84, 312.8, 1.75399
_10939_, 41.84, 312.8, 1.75399
_10947_, 41.84, 312.8, 1.75399
_10948_, 41.84, 312.8, 1.75399
ANTENNA__10948__B1, 41.84, 312.8, 1.75399
ANTENNA__10505__S, 41.84, 312.8, 1.75399
ANTENNA__10949__A1, 41.84, 312.8, 1.75399
FILLER_0_110_73, 41.84, 312.8, 1.75399
FILLER_0_111_70, 41.84, 312.8, 1.75399
FILLER_0_111_78, 41.84, 312.8, 1.75399
_06495_, 61.84, 312.8, 1.75372
_06496_, 61.84, 312.8, 1.75372
_06513_, 61.84, 312.8, 1.75372
_10955_, 61.84, 312.8, 1.75372
ANTENNA__10955__B2, 61.84, 312.8, 1.75372
_11064_, 71.84, 312.8, 1.75354
ANTENNA__06513__B, 71.84, 312.8, 1.75354
ANTENNA__11402__RESET_B, 71.84, 312.8, 1.75354
FILLER_0_110_141, 71.84, 312.8, 1.75354
FILLER_0_112_145, 71.84, 312.8, 1.75354
_11126_, 91.84, 312.8, 1.75308
_11654_, 91.84, 312.8, 1.75308
hold151, 91.84, 312.8, 1.75308
ANTENNA__11654__RESET_B, 91.84, 312.8, 1.75308
ANTENNA__11163__RESET_B, 91.84, 312.8, 1.75308
_11013_, 101.84, 312.8, 1.7528
_11069_, 101.84, 312.8, 1.7528
_11598_, 101.84, 312.8, 1.7528
_11626_, 101.84, 312.8, 1.7528
ANTENNA__11069__S, 101.84, 312.8, 1.7528
_10222_, 121.84, 312.8, 1.75216
ANTENNA__10275__A1, 121.84, 312.8, 1.75216
ANTENNA__10222__A2, 121.84, 312.8, 1.75216
FILLER_0_111_262, 121.84, 312.8, 1.75216
_07507_, 131.84, 312.8, 1.75178
_09869_, 131.84, 312.8, 1.75178
_09986_, 131.84, 312.8, 1.75178
_10080_, 131.84, 312.8, 1.75178
ANTENNA__09869__A, 131.84, 312.8, 1.75178
ANTENNA__09986__A3, 131.84, 312.8, 1.75178
FILLER_0_111_270, 131.84, 312.8, 1.75178
FILLER_0_111_275, 131.84, 312.8, 1.75178
_10039_, 151.84, 312.8, 1.75095
_10040_, 151.84, 312.8, 1.75095
FILLER_0_110_309, 151.84, 312.8, 1.75095
FILLER_0_111_320, 151.84, 312.8, 1.75095
_10105_, 161.84, 312.8, 1.75048
_10106_, 161.84, 312.8, 1.75048
FILLER_0_111_331, 161.84, 312.8, 1.75048
FILLER_0_111_349, 161.84, 312.8, 1.75048
_10164_, 181.84, 312.8, 1.74946
ANTENNA__07510__A, 181.84, 312.8, 1.74946
ANTENNA__07509__A, 181.84, 312.8, 1.74946
FILLER_0_111_374, 181.84, 312.8, 1.74946
FILLER_0_111_386, 181.84, 312.8, 1.74946
FILLER_0_112_385, 181.84, 312.8, 1.74946
_07509_, 191.84, 312.8, 1.74891
_07510_, 191.84, 312.8, 1.74891
_07511_, 191.84, 312.8, 1.74891
_07514_, 191.84, 312.8, 1.74891
_07578_, 191.84, 312.8, 1.74891
_07708_, 191.84, 312.8, 1.74891
ANTENNA__07578__B, 191.84, 312.8, 1.74891
FILLER_0_110_403, 191.84, 312.8, 1.74891
_07724_, 211.84, 312.8, 1.7478
_07727_, 211.84, 312.8, 1.7478
_07770_, 211.84, 312.8, 1.7478
ANTENNA__07707__A, 211.84, 312.8, 1.7478
ANTENNA_hold459_A, 211.84, 312.8, 1.7478
ANTENNA_clkbuf_leaf_30_clk_A, 211.84, 312.8, 1.7478
FILLER_0_111_442, 211.84, 312.8, 1.7478
_07647_, 221.84, 312.8, 1.74722
_07649_, 221.84, 312.8, 1.74722
ANTENNA__07726__B, 221.84, 312.8, 1.74722
ANTENNA__07649__B, 221.84, 312.8, 1.74722
ANTENNA__07726__A, 221.84, 312.8, 1.74722
ANTENNA__07886__A1, 221.84, 312.8, 1.74722
ANTENNA__07647__D, 221.84, 312.8, 1.74722
FILLER_0_111_470, 221.84, 312.8, 1.74722
FILLER_0_112_477, 221.84, 312.8, 1.74722
_07828_, 241.84, 312.8, 1.74598
ANTENNA__07574__A, 241.84, 312.8, 1.74598
ANTENNA__07828__A2, 241.84, 312.8, 1.74598
ANTENNA__07777__A, 241.84, 312.8, 1.74598
ANTENNA__07716__B, 241.84, 312.8, 1.74598
ANTENNA__07828__A1, 241.84, 312.8, 1.74598
ANTENNA__07574__B, 241.84, 312.8, 1.74598
FILLER_0_111_521, 241.84, 312.8, 1.74598
FILLER_0_112_521, 241.84, 312.8, 1.74598
_07575_, 251.84, 312.8, 1.74532
_07577_, 251.84, 312.8, 1.74532
_07582_, 251.84, 312.8, 1.74532
_07639_, 251.84, 312.8, 1.74532
_07715_, 251.84, 312.8, 1.74532
ANTENNA__07639__A2, 251.84, 312.8, 1.74532
_07735_, 271.84, 312.8, 1.74395
_07736_, 271.84, 312.8, 1.74395
FILLER_0_111_575, 271.84, 312.8, 1.74395
FILLER_0_112_582, 271.84, 312.8, 1.74395
FILLER_0_111_609, 281.84, 312.8, 1.74325
_07802_, 301.84, 312.8, 1.74182
FILLER_0_111_641, 301.84, 312.8, 1.74182
FILLER_0_111_652, 301.84, 312.8, 1.74182
_05968_, 311.84, 312.8, 1.74136
_06003_, 311.84, 312.8, 1.74136
_06005_, 311.84, 312.8, 1.74136
ANTENNA__05968__A_N, 311.84, 312.8, 1.74136
FILLER_0_110_660, 311.84, 312.8, 1.74136
FILLER_0_111_663, 311.84, 312.8, 1.74136
FILLER_0_112_669, 311.84, 312.8, 1.74136
_09217_, 331.84, 312.8, 1.74029
hold145, 331.84, 312.8, 1.74029
ANTENNA__06730__S, 331.84, 312.8, 1.74029
ANTENNA__09217__S, 331.84, 312.8, 1.74029
FILLER_0_110_701, 331.84, 312.8, 1.74029
FILLER_0_111_717, 331.84, 312.8, 1.74029
_05996_, 341.84, 312.8, 1.73968
_06009_, 341.84, 312.8, 1.73968
ANTENNA__09216__A1, 341.84, 312.8, 1.73968
FILLER_0_110_730, 341.84, 312.8, 1.73968
FILLER_0_111_725, 341.84, 312.8, 1.73968
FILLER_0_112_736, 341.84, 312.8, 1.73968
_09404_, 361.84, 312.8, 1.73843
_11312_, 361.84, 312.8, 1.73843
ANTENNA__09403__S, 361.84, 312.8, 1.73843
ANTENNA__11312__RESET_B, 361.84, 312.8, 1.73843
FILLER_0_111_768, 361.84, 312.8, 1.73843
FILLER_0_111_776, 361.84, 312.8, 1.73843
_06181_, 371.84, 312.8, 1.7378
_06182_, 371.84, 312.8, 1.7378
_09403_, 371.84, 312.8, 1.7378
_09406_, 371.84, 312.8, 1.7378
_06019_, 394.01, 312.8, 1.73716
_09317_, 394.01, 312.8, 1.73716
_09320_, 394.01, 312.8, 1.73716
_09322_, 394.01, 312.8, 1.73716
_11299_, 394.01, 312.8, 1.73716
FILLER_0_110_833, 394.01, 312.8, 1.73716
_10609_, 5.52, 307.36, 1.7545
PHY_216, 5.52, 307.36, 1.7545
PHY_218, 5.52, 307.36, 1.7545
hold335, 5.52, 307.36, 1.7545
FILLER_0_109_3, 5.52, 307.36, 1.7545
PHY_217, 406.18, 307.36, 1.72326
PHY_219, 406.18, 307.36, 1.72326
ANTENNA__06023__B2, 406.18, 307.36, 1.72326
hold337, 13.68, 307.36, 1.7545
ANTENNA__10651__S, 13.68, 307.36, 1.7545
FILLER_0_109_20, 13.68, 307.36, 1.7545
FILLER_0_110_25, 13.68, 307.36, 1.7545
_10505_, 31.84, 307.36, 1.75441
_10506_, 31.84, 307.36, 1.75441
_11400_, 31.84, 307.36, 1.75441
ANTENNA__11470__RESET_B, 31.84, 307.36, 1.75441
ANTENNA_clkbuf_leaf_25_clk_A, 31.84, 307.36, 1.75441
_10943_, 41.84, 307.36, 1.75433
_10946_, 41.84, 307.36, 1.75433
_10949_, 41.84, 307.36, 1.75433
ANTENNA__10946__A, 41.84, 307.36, 1.75433
ANTENNA__11400__RESET_B, 41.84, 307.36, 1.75433
_06497_, 61.84, 307.36, 1.75405
_06498_, 61.84, 307.36, 1.75405
_06499_, 61.84, 307.36, 1.75405
_06512_, 61.84, 307.36, 1.75405
_06514_, 61.84, 307.36, 1.75405
ANTENNA__06496__B, 61.84, 307.36, 1.75405
ANTENNA__06495__B, 61.84, 307.36, 1.75405
FILLER_0_108_116, 61.84, 307.36, 1.75405
FILLER_0_109_113, 61.84, 307.36, 1.75405
FILLER_0_109_124, 61.84, 307.36, 1.75405
FILLER_0_110_131, 61.84, 307.36, 1.75405
_10391_, 71.84, 307.36, 1.75387
_11121_, 71.84, 307.36, 1.75387
_11623_, 71.84, 307.36, 1.75387
_11651_, 71.84, 307.36, 1.75387
FILLER_0_109_135, 71.84, 307.36, 1.75387
_06673_, 91.84, 307.36, 1.75342
_06674_, 91.84, 307.36, 1.75342
hold144, 91.84, 307.36, 1.75342
FILLER_0_110_197, 91.84, 307.36, 1.75342
_06677_, 101.84, 307.36, 1.75315
hold257, 101.84, 307.36, 1.75315
ANTENNA__06679__A1, 101.84, 307.36, 1.75315
ANTENNA__11126__S, 101.84, 307.36, 1.75315
ANTENNA__11165__RESET_B, 101.84, 307.36, 1.75315
FILLER_0_109_219, 101.84, 307.36, 1.75315
_10223_, 121.84, 307.36, 1.7525
_10274_, 121.84, 307.36, 1.7525
ANTENNA__10223__B, 121.84, 307.36, 1.7525
ANTENNA__10193__B, 121.84, 307.36, 1.7525
FILLER_0_108_244, 121.84, 307.36, 1.7525
FILLER_0_109_251, 121.84, 307.36, 1.7525
FILLER_0_109_262, 121.84, 307.36, 1.7525
FILLER_0_110_262, 121.84, 307.36, 1.7525
_07508_, 131.84, 307.36, 1.75212
_09861_, 131.84, 307.36, 1.75212
_09868_, 131.84, 307.36, 1.75212
_10026_, 131.84, 307.36, 1.75212
ANTENNA__09860__A, 131.84, 307.36, 1.75212
ANTENNA__09868__A, 131.84, 307.36, 1.75212
ANTENNA__10087__A2, 131.84, 307.36, 1.75212
ANTENNA__09868__B, 131.84, 307.36, 1.75212
ANTENNA__09861__B1, 131.84, 307.36, 1.75212
FILLER_0_108_269, 131.84, 307.36, 1.75212
FILLER_0_110_282, 131.84, 307.36, 1.75212
_10097_, 151.84, 307.36, 1.75129
_10098_, 151.84, 307.36, 1.75129
_10130_, 151.84, 307.36, 1.75129
FILLER_0_109_328, 151.84, 307.36, 1.75129
_10107_, 161.84, 307.36, 1.75082
_10108_, 161.84, 307.36, 1.75082
ANTENNA__09983__A, 161.84, 307.36, 1.75082
FILLER_0_108_337, 161.84, 307.36, 1.75082
_06780_, 181.84, 307.36, 1.74979
ANTENNA__06780__A, 181.84, 307.36, 1.74979
ANTENNA__06780__B, 181.84, 307.36, 1.74979
ANTENNA__07578__A, 181.84, 307.36, 1.74979
ANTENNA__07509__B, 181.84, 307.36, 1.74979
FILLER_0_109_373, 181.84, 307.36, 1.74979
FILLER_0_109_393, 181.84, 307.36, 1.74979
_07513_, 191.84, 307.36, 1.74921
_10269_, 191.84, 307.36, 1.74921
_10297_, 191.84, 307.36, 1.74921
_10298_, 191.84, 307.36, 1.74921
ANTENNA__10298__B1, 191.84, 307.36, 1.74921
FILLER_0_108_401, 191.84, 307.36, 1.74921
FILLER_0_110_415, 191.84, 307.36, 1.74921
_07594_, 211.84, 307.36, 1.74807
_07596_, 211.84, 307.36, 1.74807
_07726_, 211.84, 307.36, 1.74807
_07886_, 211.84, 307.36, 1.74807
hold454, 211.84, 307.36, 1.74807
ANTENNA__07594__A, 211.84, 307.36, 1.74807
ANTENNA_hold454_A, 211.84, 307.36, 1.74807
FILLER_0_109_445, 211.84, 307.36, 1.74807
_07597_, 221.84, 307.36, 1.74747
_07598_, 221.84, 307.36, 1.74747
_07599_, 221.84, 307.36, 1.74747
_07652_, 221.84, 307.36, 1.74747
ANTENNA__07597__A1, 221.84, 307.36, 1.74747
ANTENNA__07667__B1, 221.84, 307.36, 1.74747
ANTENNA__07886__A2, 221.84, 307.36, 1.74747
ANTENNA__07667__A1_N, 221.84, 307.36, 1.74747
FILLER_0_109_473, 221.84, 307.36, 1.74747
FILLER_0_110_473, 221.84, 307.36, 1.74747
FILLER_0_110_477, 221.84, 307.36, 1.74747
_07530_, 241.84, 307.36, 1.74622
_07574_, 241.84, 307.36, 1.74622
_07576_, 241.84, 307.36, 1.74622
_07670_, 241.84, 307.36, 1.74622
ANTENNA__07670__A, 241.84, 307.36, 1.74622
ANTENNA__07530__A, 241.84, 307.36, 1.74622
ANTENNA__07530__B, 241.84, 307.36, 1.74622
ANTENNA__07670__B, 241.84, 307.36, 1.74622
FILLER_0_109_523, 241.84, 307.36, 1.74622
_07660_, 251.84, 307.36, 1.74553
_07662_, 251.84, 307.36, 1.74553
_07664_, 251.84, 307.36, 1.74553
ANTENNA__07660__B, 251.84, 307.36, 1.74553
FILLER_0_108_529, 251.84, 307.36, 1.74553
FILLER_0_108_533, 251.84, 307.36, 1.74553
FILLER_0_110_538, 251.84, 307.36, 1.74553
_07645_, 271.84, 307.36, 1.74395
_07676_, 271.84, 307.36, 1.74395
_07677_, 271.84, 307.36, 1.74395
_07678_, 271.84, 307.36, 1.74395
FILLER_0_109_573, 271.84, 307.36, 1.74395
FILLER_0_109_585, 271.84, 307.36, 1.74395
FILLER_0_110_579, 271.84, 307.36, 1.74395
_07680_, 281.84, 307.36, 1.74314
_07692_, 281.84, 307.36, 1.74314
_07745_, 301.84, 307.36, 1.74139
_07749_, 301.84, 307.36, 1.74139
_07800_, 301.84, 307.36, 1.74139
_07801_, 301.84, 307.36, 1.74139
FILLER_0_108_641, 301.84, 307.36, 1.74139
_05969_, 311.84, 307.36, 1.74099
_05971_, 311.84, 307.36, 1.74099
_07748_, 311.84, 307.36, 1.74099
ANTENNA__05969__B, 311.84, 307.36, 1.74099
FILLER_0_109_669, 311.84, 307.36, 1.74099
_05958_, 331.84, 307.36, 1.73983
_05959_, 331.84, 307.36, 1.73983
_09216_, 331.84, 307.36, 1.73983
_09220_, 331.84, 307.36, 1.73983
FILLER_0_109_709, 331.84, 307.36, 1.73983
_05961_, 341.84, 307.36, 1.73896
_05972_, 341.84, 307.36, 1.73896
_05973_, 341.84, 307.36, 1.73896
_06012_, 341.84, 307.36, 1.73896
_09214_, 341.84, 307.36, 1.73896
_09215_, 341.84, 307.36, 1.73896
_05976_, 361.84, 307.36, 1.73602
_06014_, 361.84, 307.36, 1.73602
ANTENNA__06181__A1, 361.84, 307.36, 1.73602
FILLER_0_109_775, 361.84, 307.36, 1.73602
FILLER_0_110_782, 361.84, 307.36, 1.73602
_09402_, 371.84, 307.36, 1.73394
_09405_, 371.84, 307.36, 1.73394
ANTENNA__09402__S, 371.84, 307.36, 1.73394
FILLER_0_108_788, 371.84, 307.36, 1.73394
FILLER_0_109_797, 371.84, 307.36, 1.73394
FILLER_0_109_807, 371.84, 307.36, 1.73394
FILLER_0_110_807, 371.84, 307.36, 1.73394
_06022_, 394.01, 307.36, 1.72326
output40, 394.01, 307.36, 1.72326
ANTENNA__09311__B1, 394.01, 307.36, 1.72326
ANTENNA__06020__A1, 394.01, 307.36, 1.72326
ANTENNA__09320__S, 394.01, 307.36, 1.72326
FILLER_0_108_842, 394.01, 307.36, 1.72326
FILLER_0_109_837, 394.01, 307.36, 1.72326
_10652_, 5.52, 301.92, 1.75487
_11470_, 5.52, 301.92, 1.75487
PHY_212, 5.52, 301.92, 1.75487
PHY_214, 5.52, 301.92, 1.75487
FILLER_0_107_3, 5.52, 301.92, 1.75487
PHY_213, 406.18, 301.92, 1.73795
PHY_215, 406.18, 301.92, 1.73795
_10651_, 13.68, 301.92, 1.75487
_10702_, 13.68, 301.92, 1.75487
ANTENNA__11494__RESET_B, 13.68, 301.92, 1.75487
FILLER_0_108_25, 13.68, 301.92, 1.75487
_10553_, 31.84, 301.92, 1.75479
ANTENNA__11446__RESET_B, 31.84, 301.92, 1.75479
ANTENNA__11422__RESET_B, 31.84, 301.92, 1.75479
FILLER_0_107_57, 31.84, 301.92, 1.75479
FILLER_0_108_67, 31.84, 301.92, 1.75479
_10500_, 41.84, 301.92, 1.7547
_10940_, 41.84, 301.92, 1.7547
_10941_, 41.84, 301.92, 1.7547
ANTENNA__10940__A, 41.84, 301.92, 1.7547
ANTENNA__10937__A1, 41.84, 301.92, 1.7547
ANTENNA__10943__A1, 41.84, 301.92, 1.7547
FILLER_0_106_72, 41.84, 301.92, 1.7547
FILLER_0_107_75, 41.84, 301.92, 1.7547
_06377_, 61.84, 301.92, 1.75443
FILLER_0_108_126, 61.84, 301.92, 1.75443
_11120_, 71.84, 301.92, 1.75425
ANTENNA__06665__S, 71.84, 301.92, 1.75425
ANTENNA__06500__S, 71.84, 301.92, 1.75425
ANTENNA__06377__A, 71.84, 301.92, 1.75425
ANTENNA__10391__A, 71.84, 301.92, 1.75425
ANTENNA__06665__A0, 71.84, 301.92, 1.75425
FILLER_0_107_137, 71.84, 301.92, 1.75425
FILLER_0_108_152, 71.84, 301.92, 1.75425
_06672_, 91.84, 301.92, 1.75379
ANTENNA__06673__S, 91.84, 301.92, 1.75379
ANTENNA__11006__S, 91.84, 301.92, 1.75379
ANTENNA__11595__RESET_B, 91.84, 301.92, 1.75379
FILLER_0_106_187, 91.84, 301.92, 1.75379
FILLER_0_107_178, 91.84, 301.92, 1.75379
FILLER_0_107_185, 91.84, 301.92, 1.75379
FILLER_0_107_194, 91.84, 301.92, 1.75379
FILLER_0_108_197, 91.84, 301.92, 1.75379
_06668_, 101.84, 301.92, 1.7535
_06675_, 101.84, 301.92, 1.7535
_06676_, 101.84, 301.92, 1.7535
_06678_, 101.84, 301.92, 1.7535
_06679_, 101.84, 301.92, 1.7535
_07503_, 101.84, 301.92, 1.7535
FILLER_0_106_209, 101.84, 301.92, 1.7535
FILLER_0_108_211, 101.84, 301.92, 1.7535
_07502_, 121.84, 301.92, 1.75285
_07504_, 121.84, 301.92, 1.75285
_09860_, 121.84, 301.92, 1.75285
_10193_, 121.84, 301.92, 1.75285
_10194_, 121.84, 301.92, 1.75285
_10225_, 121.84, 301.92, 1.75285
ANTENNA__07506__D1, 121.84, 301.92, 1.75285
ANTENNA__07502__B, 121.84, 301.92, 1.75285
ANTENNA__10193__A, 121.84, 301.92, 1.75285
FILLER_0_106_244, 121.84, 301.92, 1.75285
FILLER_0_107_245, 121.84, 301.92, 1.75285
FILLER_0_107_260, 121.84, 301.92, 1.75285
_09862_, 131.84, 301.92, 1.75248
_09863_, 131.84, 301.92, 1.75248
ANTENNA__09863__A, 131.84, 301.92, 1.75248
ANTENNA__09863__B, 131.84, 301.92, 1.75248
ANTENNA__09860__B, 131.84, 301.92, 1.75248
FILLER_0_108_284, 131.84, 301.92, 1.75248
_09939_, 151.84, 301.92, 1.75163
_09942_, 151.84, 301.92, 1.75163
ANTENNA__09800__A, 151.84, 301.92, 1.75163
FILLER_0_106_317, 151.84, 301.92, 1.75163
FILLER_0_107_322, 151.84, 301.92, 1.75163
_09943_, 161.84, 301.92, 1.75115
_09983_, 161.84, 301.92, 1.75115
_09984_, 161.84, 301.92, 1.75115
_09990_, 161.84, 301.92, 1.75115
_09991_, 161.84, 301.92, 1.75115
ANTENNA__09983__B, 161.84, 301.92, 1.75115
ANTENNA__09937__B, 161.84, 301.92, 1.75115
FILLER_0_106_334, 161.84, 301.92, 1.75115
_10060_, 181.84, 301.92, 1.75009
_10110_, 181.84, 301.92, 1.75009
_10111_, 181.84, 301.92, 1.75009
_10112_, 181.84, 301.92, 1.75009
_10124_, 181.84, 301.92, 1.75009
FILLER_0_107_376, 181.84, 301.92, 1.75009
_10265_, 191.84, 301.92, 1.74955
_10266_, 191.84, 301.92, 1.74955
ANTENNA__10266__B1, 191.84, 301.92, 1.74955
FILLER_0_107_415, 191.84, 301.92, 1.74955
FILLER_0_108_411, 191.84, 301.92, 1.74955
_07516_, 211.84, 301.92, 1.74847
_07595_, 211.84, 301.92, 1.74847
fanout104, 211.84, 301.92, 1.74847
ANTENNA__07598__A, 211.84, 301.92, 1.74847
ANTENNA__11337__RESET_B, 211.84, 301.92, 1.74847
FILLER_0_107_453, 211.84, 301.92, 1.74847
FILLER_0_108_455, 211.84, 301.92, 1.74847
_07496_, 221.84, 301.92, 1.74789
ANTENNA__07595__B, 221.84, 301.92, 1.74789
ANTENNA__07595__A, 221.84, 301.92, 1.74789
ANTENNA__07598__B, 221.84, 301.92, 1.74789
ANTENNA__07597__A2, 221.84, 301.92, 1.74789
FILLER_0_106_463, 221.84, 301.92, 1.74789
FILLER_0_108_473, 221.84, 301.92, 1.74789
FILLER_0_108_481, 221.84, 301.92, 1.74789
_07610_, 241.84, 301.92, 1.74666
_07656_, 241.84, 301.92, 1.74666
ANTENNA__07534__A, 241.84, 301.92, 1.74666
ANTENNA__07532__A, 241.84, 301.92, 1.74666
ANTENNA__07531__A1, 241.84, 301.92, 1.74666
FILLER_0_107_511, 241.84, 301.92, 1.74666
_07589_, 251.84, 301.92, 1.74604
_07659_, 251.84, 301.92, 1.74604
ANTENNA__07589__A, 251.84, 301.92, 1.74604
ANTENNA__07532__B, 251.84, 301.92, 1.74604
ANTENNA__07531__A2, 251.84, 301.92, 1.74604
ANTENNA__07660__A, 251.84, 301.92, 1.74604
ANTENNA__07589__B, 251.84, 301.92, 1.74604
FILLER_0_107_525, 251.84, 301.92, 1.74604
FILLER_0_108_539, 251.84, 301.92, 1.74604
_07611_, 271.84, 301.92, 1.74474
_07634_, 271.84, 301.92, 1.74474
FILLER_0_108_585, 271.84, 301.92, 1.74474
_07583_, 281.84, 301.92, 1.74409
_07584_, 281.84, 301.92, 1.74409
_07739_, 281.84, 301.92, 1.74409
FILLER_0_107_596, 281.84, 301.92, 1.74409
FILLER_0_107_611, 281.84, 301.92, 1.74409
FILLER_0_108_601, 281.84, 301.92, 1.74409
FILLER_0_106_637, 301.84, 301.92, 1.74286
FILLER_0_107_653, 301.84, 301.92, 1.74286
_05952_, 311.84, 301.92, 1.74224
_05953_, 311.84, 301.92, 1.74224
_05990_, 311.84, 301.92, 1.74224
ANTENNA__05952__B, 311.84, 301.92, 1.74224
FILLER_0_106_664, 311.84, 301.92, 1.74224
_05917_, 331.84, 301.92, 1.74099
_09219_, 331.84, 301.92, 1.74099
FILLER_0_106_701, 331.84, 301.92, 1.74099
FILLER_0_106_709, 331.84, 301.92, 1.74099
FILLER_0_107_710, 331.84, 301.92, 1.74099
FILLER_0_107_718, 331.84, 301.92, 1.74099
_05960_, 341.84, 301.92, 1.74036
_05962_, 341.84, 301.92, 1.74036
ANTENNA__05962__B1, 341.84, 301.92, 1.74036
FILLER_0_106_723, 341.84, 301.92, 1.74036
FILLER_0_107_725, 341.84, 301.92, 1.74036
_05977_, 361.84, 301.92, 1.73914
_11176_, 361.84, 301.92, 1.73914
ANTENNA__06701__S, 361.84, 301.92, 1.73914
FILLER_0_107_778, 361.84, 301.92, 1.73914
_05963_, 371.84, 301.92, 1.73855
_09401_, 371.84, 301.92, 1.73855
ANTENNA__05963__A1, 371.84, 301.92, 1.73855
ANTENNA__05977__A, 371.84, 301.92, 1.73855
ANTENNA__11176__RESET_B, 371.84, 301.92, 1.73855
FILLER_0_107_792, 371.84, 301.92, 1.73855
FILLER_0_107_803, 371.84, 301.92, 1.73855
_05978_, 394.01, 301.92, 1.73795
_06020_, 394.01, 301.92, 1.73795
_06021_, 394.01, 301.92, 1.73795
_06023_, 394.01, 301.92, 1.73795
_09312_, 394.01, 301.92, 1.73795
_09314_, 394.01, 301.92, 1.73795
ANTENNA__09312__A1, 394.01, 301.92, 1.73795
ANTENNA__06021__B1, 394.01, 301.92, 1.73795
ANTENNA__05978__A1, 394.01, 301.92, 1.73795
ANTENNA__11298__RESET_B, 394.01, 301.92, 1.73795
FILLER_0_106_836, 394.01, 301.92, 1.73795
_11494_, 5.52, 296.48, 1.75524
PHY_208, 5.52, 296.48, 1.75524
PHY_210, 5.52, 296.48, 1.75524
input9, 5.52, 296.48, 1.75524
PHY_209, 406.18, 296.48, 1.73835
PHY_211, 406.18, 296.48, 1.73835
_10701_, 13.68, 296.48, 1.75524
hold336, 13.68, 296.48, 1.75524
ANTENNA_input9_A, 13.68, 296.48, 1.75524
ANTENNA__10701__S, 13.68, 296.48, 1.75524
FILLER_0_104_15, 13.68, 296.48, 1.75524
FILLER_0_105_11, 13.68, 296.48, 1.75524
_11397_, 31.84, 296.48, 1.75516
hold439, 31.84, 296.48, 1.75516
ANTENNA__10552__S, 31.84, 296.48, 1.75516
FILLER_0_104_55, 31.84, 296.48, 1.75516
FILLER_0_105_53, 31.84, 296.48, 1.75516
_10936_, 41.84, 296.48, 1.75507
_10937_, 41.84, 296.48, 1.75507
ANTENNA__10936__B1, 41.84, 296.48, 1.75507
ANTENNA_fanout85_A, 41.84, 296.48, 1.75507
ANTENNA__11397__RESET_B, 41.84, 296.48, 1.75507
ANTENNA_fanout86_A, 41.84, 296.48, 1.75507
_06475_, 61.84, 296.48, 1.75479
_06477_, 61.84, 296.48, 1.75479
_06500_, 61.84, 296.48, 1.75479
ANTENNA__06652__A0, 61.84, 296.48, 1.75479
ANTENNA__06437__A, 61.84, 296.48, 1.75479
FILLER_0_105_123, 61.84, 296.48, 1.75479
FILLER_0_106_129, 61.84, 296.48, 1.75479
_06515_, 71.84, 296.48, 1.75462
_06665_, 71.84, 296.48, 1.75462
ANTENNA__06652__S, 71.84, 296.48, 1.75462
ANTENNA__06515__S, 71.84, 296.48, 1.75462
ANTENNA__06671__B, 71.84, 296.48, 1.75462
FILLER_0_104_137, 71.84, 296.48, 1.75462
FILLER_0_105_135, 71.84, 296.48, 1.75462
FILLER_0_106_154, 71.84, 296.48, 1.75462
_06292_, 91.84, 296.48, 1.75416
_06574_, 91.84, 296.48, 1.75416
_06669_, 91.84, 296.48, 1.75416
_06670_, 91.84, 296.48, 1.75416
ANTENNA__06670__B1, 91.84, 296.48, 1.75416
FILLER_0_105_190, 91.84, 296.48, 1.75416
FILLER_0_106_193, 91.84, 296.48, 1.75416
_06653_, 101.84, 296.48, 1.75389
_06655_, 101.84, 296.48, 1.75389
_06663_, 101.84, 296.48, 1.75389
_06666_, 101.84, 296.48, 1.75389
FILLER_0_105_200, 101.84, 296.48, 1.75389
_07426_, 121.84, 296.48, 1.75323
_09808_, 121.84, 296.48, 1.75323
ANTENNA__09808__A1, 121.84, 296.48, 1.75323
ANTENNA__06231__A, 121.84, 296.48, 1.75323
ANTENNA__07426__A1, 121.84, 296.48, 1.75323
ANTENNA__07425__B, 121.84, 296.48, 1.75323
FILLER_0_104_245, 121.84, 296.48, 1.75323
FILLER_0_106_253, 121.84, 296.48, 1.75323
FILLER_0_106_262, 121.84, 296.48, 1.75323
_09807_, 131.84, 296.48, 1.75287
_09941_, 131.84, 296.48, 1.75287
ANTENNA__09807__B, 131.84, 296.48, 1.75287
ANTENNA__09807__A, 131.84, 296.48, 1.75287
ANTENNA__09938__A2, 131.84, 296.48, 1.75287
FILLER_0_106_279, 131.84, 296.48, 1.75287
_09937_, 151.84, 296.48, 1.75204
ANTENNA__09937__A, 151.84, 296.48, 1.75204
FILLER_0_104_333, 161.84, 296.48, 1.75157
FILLER_0_105_332, 161.84, 296.48, 1.75157
_10059_, 181.84, 296.48, 1.7505
_10061_, 181.84, 296.48, 1.7505
ANTENNA__09809__B1, 181.84, 296.48, 1.7505
FILLER_0_104_377, 181.84, 296.48, 1.7505
FILLER_0_104_382, 181.84, 296.48, 1.7505
FILLER_0_105_385, 181.84, 296.48, 1.7505
FILLER_0_105_393, 181.84, 296.48, 1.7505
_10114_, 191.84, 296.48, 1.74993
_10166_, 191.84, 296.48, 1.74993
FILLER_0_105_413, 191.84, 296.48, 1.74993
FILLER_0_106_409, 191.84, 296.48, 1.74993
_07380_, 211.84, 296.48, 1.7487
_07540_, 211.84, 296.48, 1.7487
_07725_, 211.84, 296.48, 1.7487
FILLER_0_105_455, 211.84, 296.48, 1.7487
_07493_, 221.84, 296.48, 1.74812
_07494_, 221.84, 296.48, 1.74812
_07495_, 221.84, 296.48, 1.74812
_07517_, 221.84, 296.48, 1.74812
_07573_, 221.84, 296.48, 1.74812
ANTENNA__07495__C, 221.84, 296.48, 1.74812
ANTENNA__07493__B, 221.84, 296.48, 1.74812
ANTENNA__07495__A, 221.84, 296.48, 1.74812
FILLER_0_104_461, 221.84, 296.48, 1.74812
FILLER_0_105_480, 221.84, 296.48, 1.74812
_07531_, 241.84, 296.48, 1.74687
_07532_, 241.84, 296.48, 1.74687
_07534_, 241.84, 296.48, 1.74687
_07606_, 241.84, 296.48, 1.74687
_07608_, 241.84, 296.48, 1.74687
ANTENNA__07608__A, 241.84, 296.48, 1.74687
FILLER_0_105_514, 241.84, 296.48, 1.74687
_07535_, 251.84, 296.48, 1.74621
_07590_, 251.84, 296.48, 1.74621
_07591_, 251.84, 296.48, 1.74621
_07592_, 251.84, 296.48, 1.74621
_07607_, 251.84, 296.48, 1.74621
FILLER_0_104_527, 251.84, 296.48, 1.74621
FILLER_0_105_545, 251.84, 296.48, 1.74621
_07603_, 271.84, 296.48, 1.7448
_07612_, 271.84, 296.48, 1.7448
_07635_, 271.84, 296.48, 1.7448
_07636_, 271.84, 296.48, 1.7448
FILLER_0_105_573, 271.84, 296.48, 1.7448
_07602_, 281.84, 296.48, 1.74409
_07604_, 281.84, 296.48, 1.74409
_07613_, 281.84, 296.48, 1.74409
_07633_, 281.84, 296.48, 1.74409
_07679_, 281.84, 296.48, 1.74409
_07684_, 301.84, 296.48, 1.74275
_07685_, 301.84, 296.48, 1.74275
_07743_, 301.84, 296.48, 1.74275
_07744_, 301.84, 296.48, 1.74275
FILLER_0_104_634, 301.84, 296.48, 1.74275
FILLER_0_105_651, 301.84, 296.48, 1.74275
_05911_, 311.84, 296.48, 1.74228
_05912_, 311.84, 296.48, 1.74228
_05926_, 311.84, 296.48, 1.74228
_05927_, 311.84, 296.48, 1.74228
_05951_, 311.84, 296.48, 1.74228
_05954_, 311.84, 296.48, 1.74228
ANTENNA__05911__B, 311.84, 296.48, 1.74228
ANTENNA__05953__B, 311.84, 296.48, 1.74228
ANTENNA__05927__B, 311.84, 296.48, 1.74228
FILLER_0_105_668, 311.84, 296.48, 1.74228
FILLER_0_106_669, 311.84, 296.48, 1.74228
_05909_, 331.84, 296.48, 1.74121
_05915_, 331.84, 296.48, 1.74121
_05918_, 331.84, 296.48, 1.74121
_05950_, 331.84, 296.48, 1.74121
_09209_, 331.84, 296.48, 1.74121
FILLER_0_104_701, 331.84, 296.48, 1.74121
FILLER_0_105_702, 331.84, 296.48, 1.74121
_05949_, 341.84, 296.48, 1.74063
_09131_, 341.84, 296.48, 1.74063
_09213_, 341.84, 296.48, 1.74063
_11270_, 341.84, 296.48, 1.74063
ANTENNA__09130__S, 341.84, 296.48, 1.74063
ANTENNA__09209__S, 341.84, 296.48, 1.74063
ANTENNA__11270__RESET_B, 341.84, 296.48, 1.74063
FILLER_0_105_729, 341.84, 296.48, 1.74063
FILLER_0_105_774, 361.84, 296.48, 1.7395
_06180_, 371.84, 296.48, 1.73893
_09400_, 371.84, 296.48, 1.73893
ANTENNA__06172__A1, 371.84, 296.48, 1.73893
FILLER_0_104_789, 371.84, 296.48, 1.73893
FILLER_0_105_797, 371.84, 296.48, 1.73893
FILLER_0_106_803, 371.84, 296.48, 1.73893
_05980_, 394.01, 296.48, 1.73835
_05981_, 394.01, 296.48, 1.73835
_09313_, 394.01, 296.48, 1.73835
_09315_, 394.01, 296.48, 1.73835
_09316_, 394.01, 296.48, 1.73835
_11298_, 394.01, 296.48, 1.73835
ANTENNA__09313__S, 394.01, 296.48, 1.73835
FILLER_0_105_835, 394.01, 296.48, 1.73835
_11518_, 5.52, 291.04, 1.75569
PHY_204, 5.52, 291.04, 1.75569
PHY_206, 5.52, 291.04, 1.75569
PHY_205, 406.18, 291.04, 1.72513
PHY_207, 406.18, 291.04, 1.72513
_10750_, 13.68, 291.04, 1.7557
_10751_, 13.68, 291.04, 1.7557
ANTENNA__10750__S, 13.68, 291.04, 1.7557
ANTENNA__11518__RESET_B, 13.68, 291.04, 1.7557
FILLER_0_102_14, 13.68, 291.04, 1.7557
_10499_, 31.84, 291.04, 1.75561
_11566_, 31.84, 291.04, 1.75561
fanout85, 31.84, 291.04, 1.75561
hold63, 31.84, 291.04, 1.75561
ANTENNA__10499__S, 31.84, 291.04, 1.75561
ANTENNA__10800__S, 31.84, 291.04, 1.75561
ANTENNA__11542__RESET_B, 31.84, 291.04, 1.75561
FILLER_0_103_53, 31.84, 291.04, 1.75561
_10931_, 41.84, 291.04, 1.75553
_10935_, 41.84, 291.04, 1.75553
fanout86, 41.84, 291.04, 1.75553
ANTENNA__10925__S, 41.84, 291.04, 1.75553
ANTENNA__10934__A, 41.84, 291.04, 1.75553
FILLER_0_102_77, 41.84, 291.04, 1.75553
FILLER_0_103_81, 41.84, 291.04, 1.75553
_06652_, 61.84, 291.04, 1.75526
ANTENNA__06477__S, 61.84, 291.04, 1.75526
FILLER_0_102_115, 61.84, 291.04, 1.75526
FILLER_0_103_125, 61.84, 291.04, 1.75526
FILLER_0_103_130, 61.84, 291.04, 1.75526
_06641_, 71.84, 291.04, 1.75507
_11162_, 71.84, 291.04, 1.75507
clkbuf_leaf_23_clk, 71.84, 291.04, 1.75507
ANTENNA__06642__S, 71.84, 291.04, 1.75507
ANTENNA__06639__A2, 71.84, 291.04, 1.75507
ANTENNA__06515__A0, 71.84, 291.04, 1.75507
FILLER_0_104_145, 71.84, 291.04, 1.75507
_06648_, 91.84, 291.04, 1.75462
_06659_, 91.84, 291.04, 1.75462
_06664_, 91.84, 291.04, 1.75462
ANTENNA__06660__S, 91.84, 291.04, 1.75462
ANTENNA__06649__S, 91.84, 291.04, 1.75462
ANTENNA__06292__A, 91.84, 291.04, 1.75462
_06654_, 101.84, 291.04, 1.75434
_06656_, 101.84, 291.04, 1.75434
_07422_, 101.84, 291.04, 1.75434
FILLER_0_103_207, 101.84, 291.04, 1.75434
_06231_, 121.84, 291.04, 1.75367
_07372_, 121.84, 291.04, 1.75367
_07373_, 121.84, 291.04, 1.75367
ANTENNA__09725__A2, 121.84, 291.04, 1.75367
ANTENNA__09741__B, 121.84, 291.04, 1.75367
FILLER_0_102_243, 121.84, 291.04, 1.75367
FILLER_0_102_248, 121.84, 291.04, 1.75367
FILLER_0_103_259, 121.84, 291.04, 1.75367
_09871_, 131.84, 291.04, 1.7533
_09872_, 131.84, 291.04, 1.7533
ANTENNA__09741__A, 131.84, 291.04, 1.7533
ANTENNA__09940__A3, 131.84, 291.04, 1.7533
ANTENNA__09811__C, 131.84, 291.04, 1.7533
FILLER_0_103_265, 131.84, 291.04, 1.7533
FILLER_0_103_281, 131.84, 291.04, 1.7533
FILLER_0_104_283, 131.84, 291.04, 1.7533
_09810_, 151.84, 291.04, 1.75244
_09944_, 151.84, 291.04, 1.75244
_09995_, 151.84, 291.04, 1.75244
_09997_, 151.84, 291.04, 1.75244
_09998_, 151.84, 291.04, 1.75244
FILLER_0_103_313, 151.84, 291.04, 1.75244
FILLER_0_103_322, 151.84, 291.04, 1.75244
_07428_, 161.84, 291.04, 1.75195
_09999_, 161.84, 291.04, 1.75195
_10000_, 161.84, 291.04, 1.75195
ANTENNA__07428__A, 161.84, 291.04, 1.75195
ANTENNA__07421__A, 161.84, 291.04, 1.75195
FILLER_0_102_338, 161.84, 291.04, 1.75195
FILLER_0_103_329, 161.84, 291.04, 1.75195
FILLER_0_103_350, 161.84, 291.04, 1.75195
_09809_, 181.84, 291.04, 1.75085
_10113_, 181.84, 291.04, 1.75085
_10115_, 181.84, 291.04, 1.75085
_10165_, 181.84, 291.04, 1.75085
ANTENNA__09809__A1, 181.84, 291.04, 1.75085
ANTENNA__09809__B2, 181.84, 291.04, 1.75085
ANTENNA__09809__A2, 181.84, 291.04, 1.75085
FILLER_0_102_377, 181.84, 291.04, 1.75085
FILLER_0_103_379, 181.84, 291.04, 1.75085
FILLER_0_103_393, 181.84, 291.04, 1.75085
_07375_, 191.84, 291.04, 1.75026
_07429_, 191.84, 291.04, 1.75026
_07512_, 191.84, 291.04, 1.75026
_10116_, 191.84, 291.04, 1.75026
_10167_, 191.84, 291.04, 1.75026
ANTENNA__09809__C1, 191.84, 291.04, 1.75026
ANTENNA__07374__A, 191.84, 291.04, 1.75026
ANTENNA__07374__B, 191.84, 291.04, 1.75026
FILLER_0_104_406, 191.84, 291.04, 1.75026
_07376_, 211.84, 291.04, 1.74917
_07433_, 211.84, 291.04, 1.74917
_07546_, 211.84, 291.04, 1.74917
ANTENNA__07433__A, 211.84, 291.04, 1.74917
FILLER_0_102_444, 211.84, 291.04, 1.74917
FILLER_0_103_442, 211.84, 291.04, 1.74917
FILLER_0_103_449, 211.84, 291.04, 1.74917
_07488_, 221.84, 291.04, 1.74858
_07519_, 221.84, 291.04, 1.74858
ANTENNA__07493__A, 221.84, 291.04, 1.74858
ANTENNA__07545__B, 221.84, 291.04, 1.74858
FILLER_0_102_466, 221.84, 291.04, 1.74858
FILLER_0_103_474, 221.84, 291.04, 1.74858
FILLER_0_104_477, 221.84, 291.04, 1.74858
_07533_, 241.84, 291.04, 1.74735
_07717_, 241.84, 291.04, 1.74735
ANTENNA__07542__A1, 241.84, 291.04, 1.74735
ANTENNA__07608__B, 241.84, 291.04, 1.74735
ANTENNA__07532__C, 241.84, 291.04, 1.74735
ANTENNA__07534__B, 241.84, 291.04, 1.74735
ANTENNA__07717__A1, 241.84, 291.04, 1.74735
FILLER_0_103_505, 241.84, 291.04, 1.74735
ANTENNA__07717__A2, 251.84, 291.04, 1.74672
ANTENNA__07334__B, 251.84, 291.04, 1.74672
ANTENNA__07525__A2, 251.84, 291.04, 1.74672
FILLER_0_102_527, 251.84, 291.04, 1.74672
FILLER_0_103_542, 251.84, 291.04, 1.74672
FILLER_0_104_545, 251.84, 291.04, 1.74672
_07570_, 271.84, 291.04, 1.74539
FILLER_0_104_589, 271.84, 291.04, 1.74539
FILLER_0_104_605, 281.84, 291.04, 1.74471
_07683_, 301.84, 291.04, 1.74331
ANTENNA__05926__A_N, 301.84, 291.04, 1.74331
FILLER_0_102_640, 301.84, 291.04, 1.74331
FILLER_0_104_645, 301.84, 291.04, 1.74331
_05910_, 311.84, 291.04, 1.74264
_05967_, 311.84, 291.04, 1.74264
ANTENNA__05910__B, 311.84, 291.04, 1.74264
FILLER_0_102_657, 311.84, 291.04, 1.74264
_09208_, 331.84, 291.04, 1.74104
_09210_, 331.84, 291.04, 1.74104
_09212_, 331.84, 291.04, 1.74104
ANTENNA__09210__S, 331.84, 291.04, 1.74104
FILLER_0_103_720, 331.84, 291.04, 1.74104
_05919_, 341.84, 291.04, 1.74012
_05932_, 341.84, 291.04, 1.74012
ANTENNA__11189__RESET_B, 341.84, 291.04, 1.74012
ANTENNA__11269__RESET_B, 341.84, 291.04, 1.74012
FILLER_0_102_721, 341.84, 291.04, 1.74012
_05920_, 361.84, 291.04, 1.73721
ANTENNA__06699__S, 361.84, 291.04, 1.73721
FILLER_0_102_774, 361.84, 291.04, 1.73721
_05921_, 371.84, 291.04, 1.73521
_06172_, 371.84, 291.04, 1.73521
_06173_, 371.84, 291.04, 1.73521
_09394_, 371.84, 291.04, 1.73521
_09399_, 371.84, 291.04, 1.73521
ANTENNA__05921__A1, 371.84, 291.04, 1.73521
FILLER_0_102_795, 371.84, 291.04, 1.73521
FILLER_0_103_795, 371.84, 291.04, 1.73521
_05979_, 394.01, 291.04, 1.72513
_09310_, 394.01, 291.04, 1.72513
output38, 394.01, 291.04, 1.72513
FILLER_0_103_837, 394.01, 291.04, 1.72513
PHY_200, 5.52, 285.6, 1.75616
PHY_202, 5.52, 285.6, 1.75616
FILLER_0_102_3, 5.52, 285.6, 1.75616
PHY_201, 406.18, 285.6, 1.73879
PHY_203, 406.18, 285.6, 1.73879
ANTENNA__05984__B2, 406.18, 285.6, 1.73879
FILLER_0_100_864, 406.18, 285.6, 1.73879
hold343, 13.68, 285.6, 1.75616
ANTENNA__10649__S, 13.68, 285.6, 1.75616
_10925_, 31.84, 285.6, 1.75608
_10926_, 31.84, 285.6, 1.75608
hold155, 31.84, 285.6, 1.75608
ANTENNA__10550__S, 31.84, 285.6, 1.75608
_10928_, 41.84, 285.6, 1.75599
_10930_, 41.84, 285.6, 1.75599
ANTENNA__10497__S, 41.84, 285.6, 1.75599
ANTENNA__10928__A2, 41.84, 285.6, 1.75599
ANTENNA__10924__A1, 41.84, 285.6, 1.75599
ANTENNA__10931__A1, 41.84, 285.6, 1.75599
FILLER_0_101_76, 41.84, 285.6, 1.75599
FILLER_0_102_85, 41.84, 285.6, 1.75599
_06421_, 61.84, 285.6, 1.75572
_06440_, 61.84, 285.6, 1.75572
_06642_, 61.84, 285.6, 1.75572
ANTENNA__06642__A0, 61.84, 285.6, 1.75572
FILLER_0_100_115, 61.84, 285.6, 1.75572
FILLER_0_101_126, 61.84, 285.6, 1.75572
_06639_, 71.84, 285.6, 1.75555
_06640_, 71.84, 285.6, 1.75555
_11622_, 71.84, 285.6, 1.75555
hold216, 71.84, 285.6, 1.75555
ANTENNA__06442__S, 71.84, 285.6, 1.75555
ANTENNA__06639__A1, 71.84, 285.6, 1.75555
ANTENNA__06442__A0, 71.84, 285.6, 1.75555
FILLER_0_102_145, 71.84, 285.6, 1.75555
_06657_, 91.84, 285.6, 1.7551
_06658_, 91.84, 285.6, 1.7551
fanout87, 91.84, 285.6, 1.7551
ANTENNA__11594__RESET_B, 91.84, 285.6, 1.7551
FILLER_0_101_184, 91.84, 285.6, 1.7551
_06643_, 101.84, 285.6, 1.75482
_06644_, 101.84, 285.6, 1.75482
_06645_, 101.84, 285.6, 1.75482
_07367_, 101.84, 285.6, 1.75482
_07369_, 101.84, 285.6, 1.75482
ANTENNA_fanout87_A, 101.84, 285.6, 1.75482
FILLER_0_100_205, 101.84, 285.6, 1.75482
FILLER_0_101_205, 101.84, 285.6, 1.75482
FILLER_0_101_219, 101.84, 285.6, 1.75482
_07285_, 121.84, 285.6, 1.75416
_09726_, 121.84, 285.6, 1.75416
_09727_, 121.84, 285.6, 1.75416
_09931_, 121.84, 285.6, 1.75416
ANTENNA__07285__B, 121.84, 285.6, 1.75416
ANTENNA__07372__A2, 121.84, 285.6, 1.75416
ANTENNA__09689__C1, 121.84, 285.6, 1.75416
ANTENNA__09689__B1, 121.84, 285.6, 1.75416
FILLER_0_101_247, 121.84, 285.6, 1.75416
FILLER_0_101_259, 121.84, 285.6, 1.75416
_09690_, 131.84, 285.6, 1.75378
_09741_, 131.84, 285.6, 1.75378
_09742_, 131.84, 285.6, 1.75378
_09940_, 131.84, 285.6, 1.75378
_09996_, 131.84, 285.6, 1.75378
ANTENNA__09870__B, 131.84, 285.6, 1.75378
FILLER_0_100_272, 131.84, 285.6, 1.75378
_09873_, 151.84, 285.6, 1.75293
_09874_, 151.84, 285.6, 1.75293
_10034_, 151.84, 285.6, 1.75293
_07421_, 161.84, 285.6, 1.75243
_10045_, 161.84, 285.6, 1.75243
_10004_, 181.84, 285.6, 1.75138
ANTENNA__07375__A, 181.84, 285.6, 1.75138
ANTENNA__07375__B, 181.84, 285.6, 1.75138
FILLER_0_100_373, 181.84, 285.6, 1.75138
FILLER_0_101_386, 181.84, 285.6, 1.75138
FILLER_0_101_393, 181.84, 285.6, 1.75138
FILLER_0_102_384, 181.84, 285.6, 1.75138
_06935_, 191.84, 285.6, 1.75081
_07034_, 191.84, 285.6, 1.75081
_07374_, 191.84, 285.6, 1.75081
ANTENNA__06935__A, 191.84, 285.6, 1.75081
FILLER_0_100_402, 191.84, 285.6, 1.75081
FILLER_0_101_408, 191.84, 285.6, 1.75081
_07294_, 211.84, 285.6, 1.74959
ANTENNA__07488__A, 211.84, 285.6, 1.74959
ANTENNA__07433__B, 211.84, 285.6, 1.74959
FILLER_0_101_445, 211.84, 285.6, 1.74959
FILLER_0_102_452, 211.84, 285.6, 1.74959
_07413_, 221.84, 285.6, 1.74895
_07434_, 221.84, 285.6, 1.74895
_07518_, 221.84, 285.6, 1.74895
FILLER_0_101_461, 221.84, 285.6, 1.74895
_07445_, 241.84, 285.6, 1.74765
_07459_, 241.84, 285.6, 1.74765
_07462_, 241.84, 285.6, 1.74765
_07542_, 241.84, 285.6, 1.74765
_07778_, 241.84, 285.6, 1.74765
ANTENNA__07778__A2, 241.84, 285.6, 1.74765
ANTENNA__07445__B, 241.84, 285.6, 1.74765
ANTENNA__07778__A1, 241.84, 285.6, 1.74765
FILLER_0_101_512, 241.84, 285.6, 1.74765
_07334_, 251.84, 285.6, 1.74699
_07448_, 251.84, 285.6, 1.74699
_07524_, 251.84, 285.6, 1.74699
_07525_, 251.84, 285.6, 1.74699
_07526_, 251.84, 285.6, 1.74699
ANTENNA__07525__A1, 251.84, 285.6, 1.74699
ANTENNA__07445__A, 251.84, 285.6, 1.74699
ANTENNA__07334__A, 251.84, 285.6, 1.74699
ANTENNA__07448__B, 251.84, 285.6, 1.74699
FILLER_0_101_533, 251.84, 285.6, 1.74699
FILLER_0_102_541, 251.84, 285.6, 1.74699
_07550_, 271.84, 285.6, 1.74558
_07571_, 271.84, 285.6, 1.74558
_07572_, 271.84, 285.6, 1.74558
FILLER_0_101_573, 271.84, 285.6, 1.74558
FILLER_0_102_579, 271.84, 285.6, 1.74558
FILLER_0_102_585, 271.84, 285.6, 1.74558
_07520_, 281.84, 285.6, 1.74485
_07538_, 281.84, 285.6, 1.74485
_07614_, 281.84, 285.6, 1.74485
_07615_, 281.84, 285.6, 1.74485
FILLER_0_101_591, 281.84, 285.6, 1.74485
_07620_, 301.84, 285.6, 1.74334
_07746_, 301.84, 285.6, 1.74334
FILLER_0_101_641, 301.84, 285.6, 1.74334
FILLER_0_101_653, 301.84, 285.6, 1.74334
_07687_, 311.84, 285.6, 1.74268
_07862_, 311.84, 285.6, 1.74268
_07863_, 311.84, 285.6, 1.74268
_11229_, 311.84, 285.6, 1.74268
fanout101, 311.84, 285.6, 1.74268
ANTENNA__07862__S, 311.84, 285.6, 1.74268
ANTENNA_fanout101_A, 311.84, 285.6, 1.74268
FILLER_0_100_660, 311.84, 285.6, 1.74268
FILLER_0_102_669, 311.84, 285.6, 1.74268
_06728_, 331.84, 285.6, 1.7417
_06729_, 331.84, 285.6, 1.7417
_11189_, 331.84, 285.6, 1.7417
hold234, 331.84, 285.6, 1.7417
_11269_, 341.84, 285.6, 1.7411
clkbuf_3_7__f_clk, 341.84, 285.6, 1.7411
ANTENNA_clkbuf_3_7__f_clk_A, 341.84, 285.6, 1.7411
_05934_, 361.84, 285.6, 1.73996
_05935_, 361.84, 285.6, 1.73996
_05965_, 361.84, 285.6, 1.73996
_05966_, 361.84, 285.6, 1.73996
ANTENNA__05920__A, 361.84, 285.6, 1.73996
FILLER_0_101_773, 361.84, 285.6, 1.73996
FILLER_0_101_781, 361.84, 285.6, 1.73996
FILLER_0_101_785, 361.84, 285.6, 1.73996
_05948_, 371.84, 285.6, 1.73938
_09395_, 371.84, 285.6, 1.73938
_09396_, 371.84, 285.6, 1.73938
_09398_, 371.84, 285.6, 1.73938
ANTENNA__09395__B1, 371.84, 285.6, 1.73938
FILLER_0_101_793, 371.84, 285.6, 1.73938
FILLER_0_101_798, 371.84, 285.6, 1.73938
_05982_, 394.01, 285.6, 1.73879
_05983_, 394.01, 285.6, 1.73879
_05984_, 394.01, 285.6, 1.73879
_09308_, 394.01, 285.6, 1.73879
ANTENNA__05982__B1, 394.01, 285.6, 1.73879
FILLER_0_100_835, 394.01, 285.6, 1.73879
FILLER_0_101_836, 394.01, 285.6, 1.73879
FILLER_0_101_841, 394.01, 285.6, 1.73879
FILLER_0_101_856, 394.01, 285.6, 1.73879
FILLER_0_102_846, 394.01, 285.6, 1.73879
_10650_, 5.52, 280.16, 1.75661
_11469_, 5.52, 280.16, 1.75661
PHY_196, 5.52, 280.16, 1.75661
PHY_198, 5.52, 280.16, 1.75661
hold189, 5.52, 280.16, 1.75661
FILLER_0_100_3, 5.52, 280.16, 1.75661
PHY_197, 406.18, 280.16, 1.7391
PHY_199, 406.18, 280.16, 1.7391
FILLER_0_99_860, 406.18, 280.16, 1.7391
_10600_, 13.68, 280.16, 1.75661
_10649_, 13.68, 280.16, 1.75661
_10497_, 31.84, 280.16, 1.75653
_10498_, 31.84, 280.16, 1.75653
_10551_, 31.84, 280.16, 1.75653
_11396_, 31.84, 280.16, 1.75653
hold154, 31.84, 280.16, 1.75653
_06393_, 41.84, 280.16, 1.75645
_10919_, 41.84, 280.16, 1.75645
hold349, 41.84, 280.16, 1.75645
ANTENNA__10919__S, 41.84, 280.16, 1.75645
ANTENNA__06393__B, 41.84, 280.16, 1.75645
_06416_, 61.84, 280.16, 1.75618
_06418_, 61.84, 280.16, 1.75618
_06423_, 61.84, 280.16, 1.75618
_06442_, 61.84, 280.16, 1.75618
_06634_, 61.84, 280.16, 1.75618
ANTENNA__06423__B1, 61.84, 280.16, 1.75618
ANTENNA__06634__A1, 61.84, 280.16, 1.75618
ANTENNA__06634__B1_N, 61.84, 280.16, 1.75618
FILLER_0_99_113, 61.84, 280.16, 1.75618
FILLER_0_99_121, 61.84, 280.16, 1.75618
_06287_, 71.84, 280.16, 1.75601
_11061_, 71.84, 280.16, 1.75601
_11062_, 71.84, 280.16, 1.75601
ANTENNA__06424__B2, 71.84, 280.16, 1.75601
FILLER_0_98_141, 71.84, 280.16, 1.75601
_06635_, 91.84, 280.16, 1.75556
_06637_, 91.84, 280.16, 1.75556
_06638_, 91.84, 280.16, 1.75556
_06647_, 91.84, 280.16, 1.75556
ANTENNA__11004__S, 91.84, 280.16, 1.75556
FILLER_0_98_180, 91.84, 280.16, 1.75556
FILLER_0_99_178, 91.84, 280.16, 1.75556
_07286_, 101.84, 280.16, 1.75529
_07287_, 101.84, 280.16, 1.75529
_07288_, 101.84, 280.16, 1.75529
_07289_, 101.84, 280.16, 1.75529
ANTENNA__06638__A, 101.84, 280.16, 1.75529
FILLER_0_99_220, 101.84, 280.16, 1.75529
_06232_, 121.84, 280.16, 1.75464
_09689_, 121.84, 280.16, 1.75464
ANTENNA__07207__B1, 121.84, 280.16, 1.75464
ANTENNA__07208__A2, 121.84, 280.16, 1.75464
FILLER_0_98_248, 121.84, 280.16, 1.75464
_07290_, 131.84, 280.16, 1.75427
_09729_, 131.84, 280.16, 1.75427
_09730_, 131.84, 280.16, 1.75427
ANTENNA__06232__A, 131.84, 280.16, 1.75427
ANTENNA__09690__C1, 131.84, 280.16, 1.75427
ANTENNA__09730__B1, 131.84, 280.16, 1.75427
ANTENNA__09729__B, 131.84, 280.16, 1.75427
ANTENNA__09996__A1, 131.84, 280.16, 1.75427
ANTENNA__09730__A1, 131.84, 280.16, 1.75427
FILLER_0_98_268, 131.84, 280.16, 1.75427
FILLER_0_98_274, 131.84, 280.16, 1.75427
FILLER_0_99_271, 131.84, 280.16, 1.75427
_09877_, 151.84, 280.16, 1.7534
_10195_, 151.84, 280.16, 1.7534
ANTENNA__10195__A1, 151.84, 280.16, 1.7534
ANTENNA__09801__B, 151.84, 280.16, 1.7534
ANTENNA__10195__A2, 151.84, 280.16, 1.7534
_09876_, 161.84, 280.16, 1.75289
FILLER_0_99_332, 161.84, 280.16, 1.75289
_10022_, 181.84, 280.16, 1.75175
_10023_, 181.84, 280.16, 1.75175
_10062_, 181.84, 280.16, 1.75175
_10063_, 181.84, 280.16, 1.75175
FILLER_0_98_377, 181.84, 280.16, 1.75175
FILLER_0_99_375, 181.84, 280.16, 1.75175
_10064_, 191.84, 280.16, 1.75114
_10117_, 191.84, 280.16, 1.75114
ANTENNA__07034__A, 191.84, 280.16, 1.75114
ANTENNA__07292__A, 191.84, 280.16, 1.75114
ANTENNA__07291__A, 191.84, 280.16, 1.75114
FILLER_0_98_401, 191.84, 280.16, 1.75114
_07211_, 211.84, 280.16, 1.74989
_07212_, 211.84, 280.16, 1.74989
_07409_, 211.84, 280.16, 1.74989
_07215_, 221.84, 280.16, 1.74929
_07320_, 221.84, 280.16, 1.74929
ANTENNA__07139__A, 221.84, 280.16, 1.74929
ANTENNA__07215__B, 221.84, 280.16, 1.74929
FILLER_0_98_466, 221.84, 280.16, 1.74929
FILLER_0_100_473, 221.84, 280.16, 1.74929
FILLER_0_100_477, 221.84, 280.16, 1.74929
_07358_, 241.84, 280.16, 1.74808
ANTENNA__07459__B, 241.84, 280.16, 1.74808
ANTENNA__07358__B, 241.84, 280.16, 1.74808
ANTENNA__07358__A, 241.84, 280.16, 1.74808
FILLER_0_98_512, 241.84, 280.16, 1.74808
FILLER_0_99_505, 241.84, 280.16, 1.74808
_07446_, 251.84, 280.16, 1.7474
_07447_, 251.84, 280.16, 1.7474
_07449_, 251.84, 280.16, 1.7474
_07450_, 251.84, 280.16, 1.7474
ANTENNA__07333__B, 251.84, 280.16, 1.7474
ANTENNA__07446__A1, 251.84, 280.16, 1.7474
ANTENNA__07448__A, 251.84, 280.16, 1.7474
FILLER_0_98_527, 251.84, 280.16, 1.7474
FILLER_0_99_526, 251.84, 280.16, 1.7474
FILLER_0_99_533, 251.84, 280.16, 1.7474
_07463_, 271.84, 280.16, 1.746
_07483_, 271.84, 280.16, 1.746
FILLER_0_100_579, 271.84, 280.16, 1.746
FILLER_0_100_589, 271.84, 280.16, 1.746
_07521_, 281.84, 280.16, 1.74526
_07551_, 281.84, 280.16, 1.74526
_07569_, 281.84, 280.16, 1.74526
FILLER_0_99_597, 281.84, 280.16, 1.74526
FILLER_0_99_611, 281.84, 280.16, 1.74526
FILLER_0_100_601, 281.84, 280.16, 1.74526
_07621_, 301.84, 280.16, 1.74376
_07630_, 301.84, 280.16, 1.74376
_07631_, 301.84, 280.16, 1.74376
_07686_, 301.84, 280.16, 1.74376
clkbuf_leaf_47_clk, 311.84, 280.16, 1.74325
ANTENNA__11336__RESET_B, 311.84, 280.16, 1.74325
FILLER_0_99_666, 311.84, 280.16, 1.74325
fanout100, 331.84, 280.16, 1.74213
clkbuf_leaf_40_clk, 331.84, 280.16, 1.74213
ANTENNA__06728__S, 331.84, 280.16, 1.74213
ANTENNA_fanout100_A, 331.84, 280.16, 1.74213
FILLER_0_99_709, 331.84, 280.16, 1.74213
_05931_, 341.84, 280.16, 1.74152
ANTENNA_clkbuf_leaf_40_clk_A, 341.84, 280.16, 1.74152
FILLER_0_99_729, 341.84, 280.16, 1.74152
_05936_, 361.84, 280.16, 1.74031
_05937_, 361.84, 280.16, 1.74031
_09127_, 361.84, 280.16, 1.74031
FILLER_0_98_765, 361.84, 280.16, 1.74031
FILLER_0_99_781, 361.84, 280.16, 1.74031
_05922_, 371.84, 280.16, 1.73972
_05938_, 371.84, 280.16, 1.73972
_09304_, 371.84, 280.16, 1.73972
ANTENNA__09304__B1, 371.84, 280.16, 1.73972
ANTENNA__09304__A1, 371.84, 280.16, 1.73972
FILLER_0_99_790, 371.84, 280.16, 1.73972
_05940_, 394.01, 280.16, 1.7391
_05946_, 394.01, 280.16, 1.7391
_05947_, 394.01, 280.16, 1.7391
_09302_, 394.01, 280.16, 1.7391
_09303_, 394.01, 280.16, 1.7391
_09305_, 394.01, 280.16, 1.7391
_09309_, 394.01, 280.16, 1.7391
_10699_, 5.52, 274.72, 1.75707
_11493_, 5.52, 274.72, 1.75707
PHY_192, 5.52, 274.72, 1.75707
PHY_194, 5.52, 274.72, 1.75707
input8, 5.52, 274.72, 1.75707
_06150_, 406.18, 274.72, 1.72668
PHY_193, 406.18, 274.72, 1.72668
PHY_195, 406.18, 274.72, 1.72668
FILLER_0_97_865, 406.18, 274.72, 1.72668
_10698_, 13.68, 274.72, 1.75707
_10748_, 13.68, 274.72, 1.75707
hold295, 13.68, 274.72, 1.75707
ANTENNA__10698__S, 13.68, 274.72, 1.75707
_10920_, 31.84, 274.72, 1.75699
clkbuf_leaf_22_clk, 31.84, 274.72, 1.75699
hold124, 31.84, 274.72, 1.75699
FILLER_0_97_50, 31.84, 274.72, 1.75699
FILLER_0_97_57, 31.84, 274.72, 1.75699
FILLER_0_98_64, 31.84, 274.72, 1.75699
_10921_, 41.84, 274.72, 1.75692
ANTENNA__11565__RESET_B, 41.84, 274.72, 1.75692
ANTENNA_clkbuf_leaf_22_clk_A, 41.84, 274.72, 1.75692
FILLER_0_98_85, 41.84, 274.72, 1.75692
_06394_, 61.84, 274.72, 1.75666
_06422_, 61.84, 274.72, 1.75666
_06424_, 61.84, 274.72, 1.75666
_06622_, 61.84, 274.72, 1.75666
ANTENNA__06622__B1, 61.84, 274.72, 1.75666
FILLER_0_97_113, 61.84, 274.72, 1.75666
FILLER_0_97_125, 61.84, 274.72, 1.75666
_11118_, 71.84, 274.72, 1.7565
_11119_, 71.84, 274.72, 1.7565
_11650_, 71.84, 274.72, 1.7565
hold149, 71.84, 274.72, 1.7565
ANTENNA__06622__B2, 71.84, 274.72, 1.7565
ANTENNA__06287__A, 71.84, 274.72, 1.7565
FILLER_0_97_140, 71.84, 274.72, 1.7565
FILLER_0_97_150, 71.84, 274.72, 1.7565
FILLER_0_98_148, 71.84, 274.72, 1.7565
_06632_, 91.84, 274.72, 1.75605
_06633_, 91.84, 274.72, 1.75605
_06636_, 91.84, 274.72, 1.75605
ANTENNA__06629__B2, 91.84, 274.72, 1.75605
FILLER_0_96_185, 91.84, 274.72, 1.75605
FILLER_0_97_198, 91.84, 274.72, 1.75605
_06623_, 101.84, 274.72, 1.75577
_06624_, 101.84, 274.72, 1.75577
_06625_, 101.84, 274.72, 1.75577
_07368_, 101.84, 274.72, 1.75577
FILLER_0_96_209, 101.84, 274.72, 1.75577
FILLER_0_97_213, 101.84, 274.72, 1.75577
_10148_, 121.84, 274.72, 1.75511
_10149_, 121.84, 274.72, 1.75511
ANTENNA__09690__A1, 121.84, 274.72, 1.75511
ANTENNA__10148__B, 121.84, 274.72, 1.75511
FILLER_0_96_242, 121.84, 274.72, 1.75511
FILLER_0_97_246, 121.84, 274.72, 1.75511
FILLER_0_97_263, 121.84, 274.72, 1.75511
FILLER_0_98_253, 121.84, 274.72, 1.75511
_09635_, 131.84, 274.72, 1.75472
_09732_, 131.84, 274.72, 1.75472
_09733_, 131.84, 274.72, 1.75472
_09736_, 131.84, 274.72, 1.75472
_09737_, 131.84, 274.72, 1.75472
_09812_, 131.84, 274.72, 1.75472
ANTENNA__09635__A2, 131.84, 274.72, 1.75472
ANTENNA__09736__A2, 131.84, 274.72, 1.75472
_09803_, 151.84, 274.72, 1.75383
_09804_, 151.84, 274.72, 1.75383
_09805_, 151.84, 274.72, 1.75383
_09806_, 151.84, 274.72, 1.75383
_09813_, 151.84, 274.72, 1.75383
_09875_, 151.84, 274.72, 1.75383
ANTENNA__09802__A, 151.84, 274.72, 1.75383
FILLER_0_97_320, 151.84, 274.72, 1.75383
FILLER_0_98_320, 151.84, 274.72, 1.75383
_09814_, 161.84, 274.72, 1.75331
_09878_, 161.84, 274.72, 1.75331
_09935_, 161.84, 274.72, 1.75331
ANTENNA__09804__B, 161.84, 274.72, 1.75331
_09981_, 181.84, 274.72, 1.75211
_09982_, 181.84, 274.72, 1.75211
_10005_, 181.84, 274.72, 1.75211
FILLER_0_97_382, 181.84, 274.72, 1.75211
FILLER_0_97_393, 181.84, 274.72, 1.75211
FILLER_0_98_393, 181.84, 274.72, 1.75211
_10065_, 191.84, 274.72, 1.75143
_10077_, 191.84, 274.72, 1.75143
_10118_, 191.84, 274.72, 1.75143
FILLER_0_97_406, 191.84, 274.72, 1.75143
FILLER_0_97_414, 191.84, 274.72, 1.75143
_07139_, 211.84, 274.72, 1.75008
_10216_, 211.84, 274.72, 1.75008
_10261_, 211.84, 274.72, 1.75008
_10262_, 211.84, 274.72, 1.75008
FILLER_0_96_441, 211.84, 274.72, 1.75008
FILLER_0_97_454, 211.84, 274.72, 1.75008
FILLER_0_98_457, 211.84, 274.72, 1.75008
_07171_, 221.84, 274.72, 1.74956
_07277_, 221.84, 274.72, 1.74956
_07278_, 221.84, 274.72, 1.74956
ANTENNA__07277__A, 221.84, 274.72, 1.74956
ANTENNA__07277__B, 221.84, 274.72, 1.74956
ANTENNA__07276__A2, 221.84, 274.72, 1.74956
_07333_, 241.84, 274.72, 1.74838
_07335_, 241.84, 274.72, 1.74838
_07359_, 241.84, 274.72, 1.74838
_07408_, 241.84, 274.72, 1.74838
_07458_, 241.84, 274.72, 1.74838
ANTENNA__07276__A1, 241.84, 274.72, 1.74838
ANTENNA__06966__B, 241.84, 274.72, 1.74838
ANTENNA__07333__A, 241.84, 274.72, 1.74838
FILLER_0_96_505, 241.84, 274.72, 1.74838
FILLER_0_96_510, 241.84, 274.72, 1.74838
_07338_, 251.84, 274.72, 1.74773
_07339_, 251.84, 274.72, 1.74773
_07443_, 251.84, 274.72, 1.74773
ANTENNA__07442__A2, 251.84, 274.72, 1.74773
ANTENNA__07441__B, 251.84, 274.72, 1.74773
FILLER_0_97_535, 251.84, 274.72, 1.74773
FILLER_0_97_541, 251.84, 274.72, 1.74773
FILLER_0_98_545, 251.84, 274.72, 1.74773
_07455_, 271.84, 274.72, 1.74632
_07464_, 271.84, 274.72, 1.74632
_07484_, 271.84, 274.72, 1.74632
_07485_, 271.84, 274.72, 1.74632
FILLER_0_96_571, 271.84, 274.72, 1.74632
FILLER_0_97_588, 271.84, 274.72, 1.74632
_07435_, 281.84, 274.72, 1.74558
_07436_, 281.84, 274.72, 1.74558
_07552_, 281.84, 274.72, 1.74558
_07568_, 281.84, 274.72, 1.74558
FILLER_0_97_596, 281.84, 274.72, 1.74558
FILLER_0_97_607, 281.84, 274.72, 1.74558
FILLER_0_98_601, 281.84, 274.72, 1.74558
_10218_, 301.84, 274.72, 1.7442
_11336_, 301.84, 274.72, 1.7442
ANTENNA_clkbuf_leaf_47_clk_A, 301.84, 274.72, 1.7442
FILLER_0_96_641, 301.84, 274.72, 1.7442
FILLER_0_97_649, 301.84, 274.72, 1.7442
FILLER_0_98_645, 301.84, 274.72, 1.7442
_10217_, 311.84, 274.72, 1.74353
hold445, 311.84, 274.72, 1.74353
ANTENNA__10217__A1, 311.84, 274.72, 1.74353
_06726_, 331.84, 274.72, 1.742
_09204_, 331.84, 274.72, 1.742
_09205_, 331.84, 274.72, 1.742
_11188_, 331.84, 274.72, 1.742
FILLER_0_96_705, 331.84, 274.72, 1.742
FILLER_0_98_713, 331.84, 274.72, 1.742
_05892_, 341.84, 274.72, 1.7411
_05893_, 341.84, 274.72, 1.7411
_06727_, 341.84, 274.72, 1.7411
_11268_, 341.84, 274.72, 1.7411
FILLER_0_97_732, 341.84, 274.72, 1.7411
_05923_, 361.84, 274.72, 1.73827
_05924_, 361.84, 274.72, 1.73827
_11310_, 361.84, 274.72, 1.73827
ANTENNA__05938__A, 361.84, 274.72, 1.73827
ANTENNA__11310__RESET_B, 361.84, 274.72, 1.73827
FILLER_0_97_775, 361.84, 274.72, 1.73827
_09389_, 371.84, 274.72, 1.73634
_09390_, 371.84, 274.72, 1.73634
_09393_, 371.84, 274.72, 1.73634
ANTENNA__09389__S, 371.84, 274.72, 1.73634
_05943_, 394.01, 274.72, 1.72669
_09306_, 394.01, 274.72, 1.72669
_09307_, 394.01, 274.72, 1.72669
output37, 394.01, 274.72, 1.72669
ANTENNA__09306__S, 394.01, 274.72, 1.72669
FILLER_0_96_832, 394.01, 274.72, 1.72669
FILLER_0_96_843, 394.01, 274.72, 1.72669
FILLER_0_97_857, 394.01, 274.72, 1.72669
PHY_188, 5.52, 269.28, 1.75754
PHY_190, 5.52, 269.28, 1.75754
hold296, 5.52, 269.28, 1.75754
ANTENNA_input8_A, 5.52, 269.28, 1.75754
FILLER_0_95_3, 5.52, 269.28, 1.75754
PHY_189, 406.18, 269.28, 1.73994
PHY_191, 406.18, 269.28, 1.73994
FILLER_0_94_859, 406.18, 269.28, 1.73994
FILLER_0_95_862, 406.18, 269.28, 1.73994
_10749_, 13.68, 269.28, 1.75754
clkbuf_leaf_21_clk, 13.68, 269.28, 1.75754
ANTENNA__10748__S, 13.68, 269.28, 1.75754
FILLER_0_95_12, 13.68, 269.28, 1.75754
_10696_, 31.84, 269.28, 1.75747
_11516_, 31.84, 269.28, 1.75747
_11565_, 31.84, 269.28, 1.75747
_10746_, 41.84, 269.28, 1.7574
hold96, 41.84, 269.28, 1.7574
ANTENNA__10918__A1, 41.84, 269.28, 1.7574
ANTENNA__06356__B, 41.84, 269.28, 1.7574
FILLER_0_96_81, 41.84, 269.28, 1.7574
FILLER_0_96_85, 41.84, 269.28, 1.7574
_06360_, 61.84, 269.28, 1.75717
ANTENNA__06360__B, 61.84, 269.28, 1.75717
_11161_, 71.84, 269.28, 1.757
ANTENNA__06395__S, 71.84, 269.28, 1.757
ANTENNA__06613__S, 71.84, 269.28, 1.757
FILLER_0_95_137, 71.84, 269.28, 1.757
_06627_, 91.84, 269.28, 1.75657
hold214, 91.84, 269.28, 1.75657
ANTENNA__11116__S, 91.84, 269.28, 1.75657
ANTENNA__06630__S, 91.84, 269.28, 1.75657
ANTENNA__11593__RESET_B, 91.84, 269.28, 1.75657
ANTENNA__11621__RESET_B, 91.84, 269.28, 1.75657
FILLER_0_95_181, 91.84, 269.28, 1.75657
FILLER_0_95_189, 91.84, 269.28, 1.75657
FILLER_0_96_193, 91.84, 269.28, 1.75657
FILLER_0_96_197, 91.84, 269.28, 1.75657
_06628_, 101.84, 269.28, 1.7563
_07124_, 101.84, 269.28, 1.7563
ANTENNA__06627__B1, 101.84, 269.28, 1.7563
FILLER_0_95_213, 101.84, 269.28, 1.7563
_10152_, 121.84, 269.28, 1.75563
_10154_, 121.84, 269.28, 1.75563
_10190_, 121.84, 269.28, 1.75563
ANTENNA__10148__A, 121.84, 269.28, 1.75563
FILLER_0_95_246, 121.84, 269.28, 1.75563
FILLER_0_96_257, 121.84, 269.28, 1.75563
_09738_, 131.84, 269.28, 1.75526
ANTENNA__10153__A, 131.84, 269.28, 1.75526
FILLER_0_95_276, 131.84, 269.28, 1.75526
FILLER_0_95_281, 131.84, 269.28, 1.75526
_09852_, 151.84, 269.28, 1.75437
ANTENNA__09804__A, 151.84, 269.28, 1.75437
ANTENNA__09799__B2, 151.84, 269.28, 1.75437
ANTENNA__09804__C, 151.84, 269.28, 1.75437
FILLER_0_94_309, 151.84, 269.28, 1.75437
FILLER_0_95_312, 151.84, 269.28, 1.75437
_09879_, 161.84, 269.28, 1.75385
_09947_, 161.84, 269.28, 1.75385
_09969_, 161.84, 269.28, 1.75385
FILLER_0_94_329, 161.84, 269.28, 1.75385
FILLER_0_94_337, 161.84, 269.28, 1.75385
FILLER_0_95_329, 161.84, 269.28, 1.75385
FILLER_0_96_343, 161.84, 269.28, 1.75385
_09948_, 181.84, 269.28, 1.75272
FILLER_0_94_377, 181.84, 269.28, 1.75272
FILLER_0_95_386, 181.84, 269.28, 1.75272
FILLER_0_95_393, 181.84, 269.28, 1.75272
FILLER_0_96_393, 181.84, 269.28, 1.75272
_06934_, 191.84, 269.28, 1.7521
_10007_, 191.84, 269.28, 1.7521
_10008_, 191.84, 269.28, 1.7521
ANTENNA__06934__A, 191.84, 269.28, 1.7521
ANTENNA__06934__B, 191.84, 269.28, 1.7521
ANTENNA__06934__C, 191.84, 269.28, 1.7521
FILLER_0_96_415, 191.84, 269.28, 1.7521
_10171_, 211.84, 269.28, 1.75074
_10263_, 211.84, 269.28, 1.75074
_10264_, 211.84, 269.28, 1.75074
FILLER_0_95_445, 211.84, 269.28, 1.75074
FILLER_0_96_458, 211.84, 269.28, 1.75074
_07170_, 221.84, 269.28, 1.75013
_07276_, 221.84, 269.28, 1.75013
_07296_, 221.84, 269.28, 1.75013
_07382_, 221.84, 269.28, 1.75013
ANTENNA__07170__A1, 221.84, 269.28, 1.75013
ANTENNA__07382__A1, 221.84, 269.28, 1.75013
ANTENNA__07382__A3, 221.84, 269.28, 1.75013
FILLER_0_94_460, 221.84, 269.28, 1.75013
_06966_, 241.84, 269.28, 1.74884
_07336_, 241.84, 269.28, 1.74884
_07337_, 241.84, 269.28, 1.74884
_07383_, 241.84, 269.28, 1.74884
_07406_, 241.84, 269.28, 1.74884
ANTENNA__06966__A, 241.84, 269.28, 1.74884
ANTENNA__07336__A, 241.84, 269.28, 1.74884
ANTENNA__07336__B, 241.84, 269.28, 1.74884
_07319_, 251.84, 269.28, 1.74817
_07441_, 251.84, 269.28, 1.74817
_07442_, 251.84, 269.28, 1.74817
_07661_, 251.84, 269.28, 1.74817
ANTENNA__07442__A1, 251.84, 269.28, 1.74817
ANTENNA__07661__A2, 251.84, 269.28, 1.74817
ANTENNA__07319__A, 251.84, 269.28, 1.74817
ANTENNA__07661__A1, 251.84, 269.28, 1.74817
FILLER_0_94_526, 251.84, 269.28, 1.74817
FILLER_0_95_525, 251.84, 269.28, 1.74817
FILLER_0_95_537, 251.84, 269.28, 1.74817
_07454_, 271.84, 269.28, 1.74679
_07456_, 271.84, 269.28, 1.74679
_07465_, 271.84, 269.28, 1.74679
FILLER_0_96_585, 271.84, 269.28, 1.74679
_07437_, 281.84, 269.28, 1.74611
_07481_, 281.84, 269.28, 1.74611
FILLER_0_95_603, 281.84, 269.28, 1.74611
_07623_, 301.84, 269.28, 1.74473
FILLER_0_95_649, 301.84, 269.28, 1.74473
_07688_, 311.84, 269.28, 1.74408
ANTENNA__07690__B1, 311.84, 269.28, 1.74408
ANTENNA__10217__S, 311.84, 269.28, 1.74408
ANTENNA__05874__B, 311.84, 269.28, 1.74408
ANTENNA__05889__A, 311.84, 269.28, 1.74408
FILLER_0_94_662, 311.84, 269.28, 1.74408
FILLER_0_95_673, 311.84, 269.28, 1.74408
_05879_, 331.84, 269.28, 1.74288
hold165, 331.84, 269.28, 1.74288
ANTENNA__09204__S, 331.84, 269.28, 1.74288
FILLER_0_94_706, 331.84, 269.28, 1.74288
FILLER_0_95_714, 331.84, 269.28, 1.74288
FILLER_0_95_720, 331.84, 269.28, 1.74288
_05894_, 341.84, 269.28, 1.74226
_05906_, 341.84, 269.28, 1.74226
_09120_, 341.84, 269.28, 1.74226
ANTENNA__06726__S, 341.84, 269.28, 1.74226
ANTENNA__11268__RESET_B, 341.84, 269.28, 1.74226
FILLER_0_94_728, 341.84, 269.28, 1.74226
FILLER_0_95_729, 341.84, 269.28, 1.74226
FILLER_0_95_735, 341.84, 269.28, 1.74226
FILLER_0_96_738, 341.84, 269.28, 1.74226
_05925_, 361.84, 269.28, 1.74106
_09117_, 361.84, 269.28, 1.74106
_09121_, 361.84, 269.28, 1.74106
FILLER_0_95_785, 361.84, 269.28, 1.74106
FILLER_0_96_776, 361.84, 269.28, 1.74106
FILLER_0_96_784, 361.84, 269.28, 1.74106
_06167_, 371.84, 269.28, 1.7405
_09391_, 371.84, 269.28, 1.7405
ANTENNA__06167__A1, 371.84, 269.28, 1.7405
ANTENNA__05899__A, 371.84, 269.28, 1.7405
FILLER_0_94_791, 371.84, 269.28, 1.7405
FILLER_0_95_806, 371.84, 269.28, 1.7405
FILLER_0_96_802, 371.84, 269.28, 1.7405
_05944_, 394.01, 269.28, 1.73994
_11297_, 394.01, 269.28, 1.73994
ANTENNA__05944__S, 394.01, 269.28, 1.73994
ANTENNA__11297__RESET_B, 394.01, 269.28, 1.73994
FILLER_0_94_841, 394.01, 269.28, 1.73994
FILLER_0_96_851, 394.01, 269.28, 1.73994
_11517_, 5.52, 263.84, 1.75808
PHY_184, 5.52, 263.84, 1.75808
PHY_186, 5.52, 263.84, 1.75808
PHY_185, 406.18, 263.84, 1.7402
PHY_187, 406.18, 263.84, 1.7402
_11541_, 13.68, 263.84, 1.75809
hold239, 13.68, 263.84, 1.75809
FILLER_0_94_23, 13.68, 263.84, 1.75809
_10647_, 31.84, 263.84, 1.75801
_10747_, 31.84, 263.84, 1.75801
hold61, 31.84, 263.84, 1.75801
hold97, 31.84, 263.84, 1.75801
hold283, 31.84, 263.84, 1.75801
FILLER_0_93_67, 31.84, 263.84, 1.75801
_10797_, 41.84, 263.84, 1.75794
_11540_, 41.84, 263.84, 1.75794
ANTENNA__10647__S, 41.84, 263.84, 1.75794
ANTENNA__10746__S, 41.84, 263.84, 1.75794
FILLER_0_94_85, 41.84, 263.84, 1.75794
_06288_, 61.84, 263.84, 1.75768
_06358_, 61.84, 263.84, 1.75768
_06359_, 61.84, 263.84, 1.75768
_06395_, 61.84, 263.84, 1.75768
_06613_, 61.84, 263.84, 1.75768
ANTENNA__06613__A0, 61.84, 263.84, 1.75768
_11017_, 71.84, 263.84, 1.75753
ANTENNA__06600__A, 71.84, 263.84, 1.75753
ANTENNA__06288__A, 71.84, 263.84, 1.75753
FILLER_0_92_137, 71.84, 263.84, 1.75753
FILLER_0_92_144, 71.84, 263.84, 1.75753
FILLER_0_93_134, 71.84, 263.84, 1.75753
_06626_, 91.84, 263.84, 1.7571
_11002_, 91.84, 263.84, 1.7571
_11003_, 91.84, 263.84, 1.7571
clkbuf_3_3__f_clk, 91.84, 263.84, 1.7571
FILLER_0_94_193, 91.84, 263.84, 1.7571
ANTENNA__06620__A2, 101.84, 263.84, 1.75685
ANTENNA_clkbuf_3_3__f_clk_A, 101.84, 263.84, 1.75685
FILLER_0_93_214, 101.84, 263.84, 1.75685
FILLER_0_94_215, 101.84, 263.84, 1.75685
_10150_, 121.84, 263.84, 1.75621
_10151_, 121.84, 263.84, 1.75621
_10153_, 121.84, 263.84, 1.75621
ANTENNA__10153__B, 121.84, 263.84, 1.75621
FILLER_0_92_249, 121.84, 263.84, 1.75621
FILLER_0_93_258, 121.84, 263.84, 1.75621
_09688_, 131.84, 263.84, 1.75583
ANTENNA__09688__A, 131.84, 263.84, 1.75583
FILLER_0_93_275, 131.84, 263.84, 1.75583
FILLER_0_94_282, 131.84, 263.84, 1.75583
_07254_, 151.84, 263.84, 1.75488
_09856_, 151.84, 263.84, 1.75488
_09858_, 151.84, 263.84, 1.75488
_09919_, 151.84, 263.84, 1.75488
_09857_, 161.84, 263.84, 1.75435
_09859_, 161.84, 263.84, 1.75435
_09880_, 161.84, 263.84, 1.75435
ANTENNA__10103__B, 161.84, 263.84, 1.75435
FILLER_0_93_333, 161.84, 263.84, 1.75435
FILLER_0_93_343, 161.84, 263.84, 1.75435
_09949_, 181.84, 263.84, 1.75313
_09950_, 181.84, 263.84, 1.75313
_10006_, 181.84, 263.84, 1.75313
FILLER_0_94_391, 181.84, 263.84, 1.75313
_09951_, 191.84, 263.84, 1.75244
_10009_, 191.84, 263.84, 1.75244
_10066_, 191.84, 263.84, 1.75244
FILLER_0_92_401, 191.84, 263.84, 1.75244
FILLER_0_93_414, 191.84, 263.84, 1.75244
FILLER_0_94_415, 191.84, 263.84, 1.75244
_10075_, 211.84, 263.84, 1.75114
_10169_, 211.84, 263.84, 1.75114
_10170_, 211.84, 263.84, 1.75114
_07295_, 221.84, 263.84, 1.75057
ANTENNA__07295__A, 221.84, 263.84, 1.75057
FILLER_0_92_466, 221.84, 263.84, 1.75057
FILLER_0_93_466, 221.84, 263.84, 1.75057
FILLER_0_93_477, 221.84, 263.84, 1.75057
FILLER_0_94_480, 221.84, 263.84, 1.75057
_07384_, 241.84, 263.84, 1.74927
ANTENNA__07244__B, 241.84, 263.84, 1.74927
ANTENNA__07245__A, 241.84, 263.84, 1.74927
ANTENNA__07406__A1, 241.84, 263.84, 1.74927
FILLER_0_92_512, 241.84, 263.84, 1.74927
_07245_, 251.84, 263.84, 1.74856
_07246_, 251.84, 263.84, 1.74856
_07247_, 251.84, 263.84, 1.74856
ANTENNA__07245__B, 251.84, 263.84, 1.74856
FILLER_0_92_571, 271.84, 263.84, 1.74702
FILLER_0_93_583, 271.84, 263.84, 1.74702
FILLER_0_94_582, 271.84, 263.84, 1.74702
_07407_, 281.84, 263.84, 1.74617
_07438_, 281.84, 263.84, 1.74617
_07439_, 281.84, 263.84, 1.74617
_07482_, 281.84, 263.84, 1.74617
FILLER_0_93_606, 281.84, 263.84, 1.74617
_07558_, 301.84, 263.84, 1.7443
_07624_, 301.84, 263.84, 1.7443
_07629_, 301.84, 263.84, 1.7443
_07747_, 301.84, 263.84, 1.7443
FILLER_0_92_641, 301.84, 263.84, 1.7443
FILLER_0_93_642, 301.84, 263.84, 1.7443
_05875_, 311.84, 263.84, 1.74377
_07689_, 311.84, 263.84, 1.74377
_07690_, 311.84, 263.84, 1.74377
_07691_, 311.84, 263.84, 1.74377
ANTENNA__07691__A2, 311.84, 263.84, 1.74377
ANTENNA__05875__B, 311.84, 263.84, 1.74377
ANTENNA__05875__A, 311.84, 263.84, 1.74377
ANTENNA__05874__A, 311.84, 263.84, 1.74377
FILLER_0_92_657, 311.84, 263.84, 1.74377
_05878_, 331.84, 263.84, 1.74296
_05880_, 331.84, 263.84, 1.74296
_05881_, 331.84, 263.84, 1.74296
_09207_, 331.84, 263.84, 1.74296
FILLER_0_94_720, 331.84, 263.84, 1.74296
_05907_, 341.84, 263.84, 1.74241
_05908_, 341.84, 263.84, 1.74241
_09202_, 341.84, 263.84, 1.74241
_09203_, 341.84, 263.84, 1.74241
ANTENNA__09203__S, 341.84, 263.84, 1.74241
FILLER_0_94_740, 341.84, 263.84, 1.74241
_05897_, 361.84, 263.84, 1.7413
_05898_, 361.84, 263.84, 1.7413
clkbuf_leaf_41_clk, 361.84, 263.84, 1.7413
ANTENNA__05883__A, 361.84, 263.84, 1.7413
ANTENNA_clkbuf_leaf_41_clk_A, 361.84, 263.84, 1.7413
FILLER_0_93_767, 361.84, 263.84, 1.7413
FILLER_0_93_773, 361.84, 263.84, 1.7413
FILLER_0_93_785, 361.84, 263.84, 1.7413
FILLER_0_94_782, 361.84, 263.84, 1.7413
_05883_, 371.84, 263.84, 1.74075
_05884_, 371.84, 263.84, 1.74075
_05899_, 371.84, 263.84, 1.74075
_05905_, 371.84, 263.84, 1.74075
_09388_, 371.84, 263.84, 1.74075
ANTENNA__05884__A1, 371.84, 263.84, 1.74075
FILLER_0_92_788, 371.84, 263.84, 1.74075
FILLER_0_93_802, 371.84, 263.84, 1.74075
_09297_, 394.01, 263.84, 1.7402
_09298_, 394.01, 263.84, 1.7402
_11296_, 394.01, 263.84, 1.7402
ANTENNA__09295__B1, 394.01, 263.84, 1.7402
ANTENNA__09297__S, 394.01, 263.84, 1.7402
ANTENNA__11296__RESET_B, 394.01, 263.84, 1.7402
FILLER_0_93_834, 394.01, 263.84, 1.7402
FILLER_0_93_841, 394.01, 263.84, 1.7402
_11467_, 5.52, 258.4, 1.75865
PHY_180, 5.52, 258.4, 1.75865
PHY_182, 5.52, 258.4, 1.75865
input7, 5.52, 258.4, 1.75865
ANTENNA_input7_A, 5.52, 258.4, 1.75865
FILLER_0_92_7, 5.52, 258.4, 1.75865
_06142_, 406.18, 258.4, 1.72717
PHY_181, 406.18, 258.4, 1.72717
PHY_183, 406.18, 258.4, 1.72717
FILLER_0_91_863, 406.18, 258.4, 1.72717
_10645_, 13.68, 258.4, 1.75865
FILLER_0_92_23, 13.68, 258.4, 1.75865
_10597_, 31.84, 258.4, 1.75858
_10598_, 31.84, 258.4, 1.75858
_11444_, 31.84, 258.4, 1.75858
hold62, 31.84, 258.4, 1.75858
ANTENNA__10597__S, 31.84, 258.4, 1.75858
_10796_, 41.84, 258.4, 1.75851
_11564_, 41.84, 258.4, 1.75851
ANTENNA__10548__S, 41.84, 258.4, 1.75851
ANTENNA__11564__RESET_B, 41.84, 258.4, 1.75851
FILLER_0_90_71, 41.84, 258.4, 1.75851
FILLER_0_90_77, 41.84, 258.4, 1.75851
FILLER_0_92_80, 41.84, 258.4, 1.75851
_06361_, 61.84, 258.4, 1.75829
_06600_, 61.84, 258.4, 1.75829
ANTENNA__10911__S, 61.84, 258.4, 1.75829
FILLER_0_90_117, 61.84, 258.4, 1.75829
FILLER_0_91_113, 61.84, 258.4, 1.75829
_11016_, 71.84, 258.4, 1.75814
_11600_, 71.84, 258.4, 1.75814
_11628_, 71.84, 258.4, 1.75814
ANTENNA__06352__A, 71.84, 258.4, 1.75814
_06620_, 91.84, 258.4, 1.75772
_11116_, 91.84, 258.4, 1.75772
_11593_, 91.84, 258.4, 1.75772
hold76, 91.84, 258.4, 1.75772
_11160_, 101.84, 258.4, 1.75746
hold365, 101.84, 258.4, 1.75746
ANTENNA__06620__A1, 101.84, 258.4, 1.75746
ANTENNA__06620__B1, 101.84, 258.4, 1.75746
_07132_, 121.84, 258.4, 1.7568
_09691_, 121.84, 258.4, 1.7568
ANTENNA__07132__A1, 121.84, 258.4, 1.7568
ANTENNA__07062__A1, 121.84, 258.4, 1.7568
FILLER_0_91_261, 121.84, 258.4, 1.7568
FILLER_0_92_253, 121.84, 258.4, 1.7568
_09637_, 131.84, 258.4, 1.75642
_09692_, 131.84, 258.4, 1.75642
_09693_, 131.84, 258.4, 1.75642
_09747_, 131.84, 258.4, 1.75642
ANTENNA__09518__B, 131.84, 258.4, 1.75642
FILLER_0_90_265, 131.84, 258.4, 1.75642
FILLER_0_91_277, 131.84, 258.4, 1.75642
_10104_, 151.84, 258.4, 1.75552
ANTENNA__09685__A, 151.84, 258.4, 1.75552
FILLER_0_91_316, 151.84, 258.4, 1.75552
FILLER_0_92_320, 151.84, 258.4, 1.75552
_10103_, 161.84, 258.4, 1.75497
ANTENNA__10103__A, 161.84, 258.4, 1.75497
ANTENNA__10143__A1, 161.84, 258.4, 1.75497
FILLER_0_90_335, 161.84, 258.4, 1.75497
_09636_, 181.84, 258.4, 1.75368
_09976_, 181.84, 258.4, 1.75368
ANTENNA__09636__A, 181.84, 258.4, 1.75368
ANTENNA__10044__A2, 181.84, 258.4, 1.75368
ANTENNA__09977__B, 181.84, 258.4, 1.75368
FILLER_0_91_377, 181.84, 258.4, 1.75368
FILLER_0_92_390, 181.84, 258.4, 1.75368
_07974_, 191.84, 258.4, 1.75295
_10010_, 191.84, 258.4, 1.75295
ANTENNA__07974__B, 191.84, 258.4, 1.75295
ANTENNA__07974__A, 191.84, 258.4, 1.75295
ANTENNA__09636__B, 191.84, 258.4, 1.75295
FILLER_0_91_415, 191.84, 258.4, 1.75295
_10071_, 211.84, 258.4, 1.75137
_10121_, 211.84, 258.4, 1.75137
FILLER_0_91_442, 211.84, 258.4, 1.75137
FILLER_0_91_449, 211.84, 258.4, 1.75137
_07213_, 221.84, 258.4, 1.75086
_08110_, 221.84, 258.4, 1.75086
ANTENNA__07213__A, 221.84, 258.4, 1.75086
ANTENNA__07262__B, 221.84, 258.4, 1.75086
ANTENNA__07213__B, 221.84, 258.4, 1.75086
ANTENNA__08110__A, 221.84, 258.4, 1.75086
FILLER_0_91_467, 221.84, 258.4, 1.75086
FILLER_0_91_477, 221.84, 258.4, 1.75086
_07244_, 241.84, 258.4, 1.74967
_07588_, 241.84, 258.4, 1.74967
ANTENNA__07588__A1, 241.84, 258.4, 1.74967
ANTENNA__07247__B, 241.84, 258.4, 1.74967
ANTENNA__07244__A, 241.84, 258.4, 1.74967
ANTENNA__07588__A2, 241.84, 258.4, 1.74967
ANTENNA__07384__A, 241.84, 258.4, 1.74967
_07248_, 251.84, 258.4, 1.74897
_07325_, 251.84, 258.4, 1.74897
_07326_, 251.84, 258.4, 1.74897
ANTENNA__07247__A, 251.84, 258.4, 1.74897
FILLER_0_90_533, 251.84, 258.4, 1.74897
FILLER_0_91_540, 251.84, 258.4, 1.74897
_07330_, 271.84, 258.4, 1.74746
_07331_, 271.84, 258.4, 1.74746
_07347_, 271.84, 258.4, 1.74746
_07467_, 271.84, 258.4, 1.74746
ANTENNA__07453__A1, 271.84, 258.4, 1.74746
FILLER_0_90_578, 271.84, 258.4, 1.74746
FILLER_0_91_574, 271.84, 258.4, 1.74746
_07348_, 281.84, 258.4, 1.7467
_07466_, 281.84, 258.4, 1.7467
_07468_, 281.84, 258.4, 1.7467
FILLER_0_90_596, 281.84, 258.4, 1.7467
FILLER_0_91_600, 281.84, 258.4, 1.7467
FILLER_0_92_605, 281.84, 258.4, 1.7467
_07625_, 301.84, 258.4, 1.74509
FILLER_0_90_637, 301.84, 258.4, 1.74509
FILLER_0_91_648, 301.84, 258.4, 1.74509
_07626_, 311.84, 258.4, 1.74431
_07627_, 311.84, 258.4, 1.74431
_07628_, 311.84, 258.4, 1.74431
_11226_, 311.84, 258.4, 1.74431
ANTENNA__07628__A2, 311.84, 258.4, 1.74431
ANTENNA__07627__A, 311.84, 258.4, 1.74431
FILLER_0_90_657, 311.84, 258.4, 1.74431
FILLER_0_91_673, 311.84, 258.4, 1.74431
_09206_, 331.84, 258.4, 1.74289
_11281_, 331.84, 258.4, 1.74289
hold202, 331.84, 258.4, 1.74289
ANTENNA__11281__RESET_B, 331.84, 258.4, 1.74289
FILLER_0_91_713, 331.84, 258.4, 1.74289
FILLER_0_92_713, 331.84, 258.4, 1.74289
_05882_, 341.84, 258.4, 1.74199
_06724_, 341.84, 258.4, 1.74199
_06695_, 361.84, 258.4, 1.73912
_06696_, 361.84, 258.4, 1.73912
_11173_, 361.84, 258.4, 1.73912
ANTENNA__06695__S, 361.84, 258.4, 1.73912
FILLER_0_91_779, 361.84, 258.4, 1.73912
FILLER_0_90_792, 371.84, 258.4, 1.73714
_09296_, 394.01, 258.4, 1.72717
_09299_, 394.01, 258.4, 1.72717
_09300_, 394.01, 258.4, 1.72717
_09301_, 394.01, 258.4, 1.72717
output36, 394.01, 258.4, 1.72717
ANTENNA__09296__A1, 394.01, 258.4, 1.72717
FILLER_0_90_839, 394.01, 258.4, 1.72717
_10646_, 5.52, 252.96, 1.75922
_11491_, 5.52, 252.96, 1.75922
PHY_176, 5.52, 252.96, 1.75922
PHY_178, 5.52, 252.96, 1.75922
hold238, 5.52, 252.96, 1.75922
PHY_177, 406.18, 252.96, 1.74067
PHY_179, 406.18, 252.96, 1.74067
ANTENNA__05903__B1, 406.18, 252.96, 1.74067
FILLER_0_89_859, 406.18, 252.96, 1.74067
_10596_, 13.68, 252.96, 1.75922
_10694_, 13.68, 252.96, 1.75922
ANTENNA__10645__S, 13.68, 252.96, 1.75922
_10548_, 31.84, 252.96, 1.75916
hold85, 31.84, 252.96, 1.75916
hold438, 31.84, 252.96, 1.75916
hold447, 31.84, 252.96, 1.75916
FILLER_0_88_52, 31.84, 252.96, 1.75916
hold446, 41.84, 252.96, 1.75909
FILLER_0_90_85, 41.84, 252.96, 1.75909
_06340_, 61.84, 252.96, 1.75888
_06352_, 61.84, 252.96, 1.75888
_06353_, 61.84, 252.96, 1.75888
_10915_, 61.84, 252.96, 1.75888
FILLER_0_89_128, 61.84, 252.96, 1.75888
_11073_, 71.84, 252.96, 1.75873
ANTENNA__06361__A1, 71.84, 252.96, 1.75873
ANTENNA__11057__S, 91.84, 252.96, 1.75834
ANTENNA__11130__C, 91.84, 252.96, 1.75834
ANTENNA__11130__B, 91.84, 252.96, 1.75834
ANTENNA__11160__RESET_B, 91.84, 252.96, 1.75834
ANTENNA__11649__RESET_B, 91.84, 252.96, 1.75834
FILLER_0_89_193, 91.84, 252.96, 1.75834
FILLER_0_90_190, 91.84, 252.96, 1.75834
FILLER_0_90_197, 91.84, 252.96, 1.75834
_06621_, 101.84, 252.96, 1.75809
_11057_, 101.84, 252.96, 1.75809
_11058_, 101.84, 252.96, 1.75809
_11620_, 101.84, 252.96, 1.75809
hold18, 101.84, 252.96, 1.75809
hold364, 101.84, 252.96, 1.75809
ANTENNA__11620__RESET_B, 101.84, 252.96, 1.75809
FILLER_0_89_212, 101.84, 252.96, 1.75809
ANTENNA__11592__RESET_B, 121.84, 252.96, 1.75746
_09815_, 131.84, 252.96, 1.75708
ANTENNA__09740__B, 131.84, 252.96, 1.75708
ANTENNA__09740__A, 131.84, 252.96, 1.75708
ANTENNA__09518__C, 131.84, 252.96, 1.75708
FILLER_0_89_270, 131.84, 252.96, 1.75708
FILLER_0_90_277, 131.84, 252.96, 1.75708
_09642_, 151.84, 252.96, 1.75614
_09686_, 151.84, 252.96, 1.75614
_09930_, 151.84, 252.96, 1.75614
_10102_, 151.84, 252.96, 1.75614
_10142_, 151.84, 252.96, 1.75614
_10143_, 151.84, 252.96, 1.75614
ANTENNA__10143__A2, 151.84, 252.96, 1.75614
FILLER_0_89_315, 151.84, 252.96, 1.75614
_10052_, 161.84, 252.96, 1.7556
_10053_, 161.84, 252.96, 1.7556
_10096_, 161.84, 252.96, 1.7556
FILLER_0_88_337, 161.84, 252.96, 1.7556
FILLER_0_89_330, 161.84, 252.96, 1.7556
FILLER_0_89_337, 161.84, 252.96, 1.7556
_09816_, 181.84, 252.96, 1.75435
_09817_, 181.84, 252.96, 1.75435
_09849_, 181.84, 252.96, 1.75435
FILLER_0_88_377, 181.84, 252.96, 1.75435
FILLER_0_89_387, 181.84, 252.96, 1.75435
_09881_, 191.84, 252.96, 1.75367
_09953_, 191.84, 252.96, 1.75367
_07256_, 211.84, 252.96, 1.7523
_10173_, 211.84, 252.96, 1.7523
_11335_, 211.84, 252.96, 1.7523
ANTENNA__10173__B1, 211.84, 252.96, 1.7523
ANTENNA__07340__A, 211.84, 252.96, 1.7523
ANTENNA__07256__A, 211.84, 252.96, 1.7523
FILLER_0_89_443, 211.84, 252.96, 1.7523
_07175_, 221.84, 252.96, 1.75165
hold448, 221.84, 252.96, 1.75165
ANTENNA__07256__B, 221.84, 252.96, 1.75165
ANTENNA_hold448_A, 221.84, 252.96, 1.75165
ANTENNA__11335__RESET_B, 221.84, 252.96, 1.75165
_07355_, 241.84, 252.96, 1.75023
_07385_, 241.84, 252.96, 1.75023
_07403_, 241.84, 252.96, 1.75023
FILLER_0_88_509, 241.84, 252.96, 1.75023
FILLER_0_89_505, 241.84, 252.96, 1.75023
FILLER_0_89_523, 241.84, 252.96, 1.75023
FILLER_0_90_524, 241.84, 252.96, 1.75023
_07342_, 251.84, 252.96, 1.7495
_07523_, 251.84, 252.96, 1.7495
ANTENNA__07440__A1_N, 251.84, 252.96, 1.7495
ANTENNA__07523__A1, 251.84, 252.96, 1.7495
ANTENNA__07342__A, 251.84, 252.96, 1.7495
ANTENNA__07342__B, 251.84, 252.96, 1.7495
ANTENNA__07523__A2, 251.84, 252.96, 1.7495
FILLER_0_88_529, 251.84, 252.96, 1.7495
FILLER_0_89_542, 251.84, 252.96, 1.7495
_07250_, 271.84, 252.96, 1.74795
_07349_, 271.84, 252.96, 1.74795
FILLER_0_88_569, 271.84, 252.96, 1.74795
_07351_, 281.84, 252.96, 1.74715
_07555_, 281.84, 252.96, 1.74715
FILLER_0_89_606, 281.84, 252.96, 1.74715
FILLER_0_90_604, 281.84, 252.96, 1.74715
_07480_, 301.84, 252.96, 1.74558
_07559_, 301.84, 252.96, 1.74558
_07560_, 301.84, 252.96, 1.74558
FILLER_0_89_636, 301.84, 252.96, 1.74558
_07567_, 311.84, 252.96, 1.74492
_11225_, 311.84, 252.96, 1.74492
FILLER_0_89_661, 311.84, 252.96, 1.74492
FILLER_0_89_669, 311.84, 252.96, 1.74492
FILLER_0_90_672, 311.84, 252.96, 1.74492
_06725_, 331.84, 252.96, 1.74379
_09198_, 331.84, 252.96, 1.74379
_09199_, 331.84, 252.96, 1.74379
ANTENNA__06724__S, 341.84, 252.96, 1.74316
ANTENNA__09198__S, 341.84, 252.96, 1.74316
ANTENNA__11187__RESET_B, 341.84, 252.96, 1.74316
FILLER_0_89_729, 341.84, 252.96, 1.74316
FILLER_0_89_741, 341.84, 252.96, 1.74316
FILLER_0_90_734, 341.84, 252.96, 1.74316
_11309_, 361.84, 252.96, 1.74191
ANTENNA__09112__S, 361.84, 252.96, 1.74191
ANTENNA__11309__RESET_B, 361.84, 252.96, 1.74191
ANTENNA__11173__RESET_B, 361.84, 252.96, 1.74191
FILLER_0_89_773, 361.84, 252.96, 1.74191
_06158_, 371.84, 252.96, 1.7413
_09383_, 371.84, 252.96, 1.7413
_09384_, 371.84, 252.96, 1.7413
_09386_, 371.84, 252.96, 1.7413
ANTENNA__06158__A1, 371.84, 252.96, 1.7413
ANTENNA__09383__S, 371.84, 252.96, 1.7413
FILLER_0_90_805, 371.84, 252.96, 1.7413
_05901_, 394.01, 252.96, 1.74067
_05902_, 394.01, 252.96, 1.74067
_05941_, 394.01, 252.96, 1.74067
_05942_, 394.01, 252.96, 1.74067
_09294_, 394.01, 252.96, 1.74067
ANTENNA__05904__A1, 394.01, 252.96, 1.74067
ANTENNA__06165__B2, 394.01, 252.96, 1.74067
ANTENNA__06163__B1, 394.01, 252.96, 1.74067
FILLER_0_88_836, 394.01, 252.96, 1.74067
FILLER_0_89_836, 394.01, 252.96, 1.74067
_10695_, 5.52, 247.52, 1.75977
PHY_172, 5.52, 247.52, 1.75977
PHY_174, 5.52, 247.52, 1.75977
FILLER_0_87_3, 5.52, 247.52, 1.75977
FILLER_0_88_3, 5.52, 247.52, 1.75977
PHY_173, 406.18, 247.52, 1.72895
PHY_175, 406.18, 247.52, 1.72895
FILLER_0_86_862, 406.18, 247.52, 1.72895
hold186, 13.68, 247.52, 1.75977
hold187, 13.68, 247.52, 1.75977
ANTENNA__10694__S, 13.68, 247.52, 1.75977
_10549_, 31.84, 247.52, 1.75968
_11420_, 31.84, 247.52, 1.75968
clkbuf_3_2__f_clk, 31.84, 247.52, 1.75968
hold114, 31.84, 247.52, 1.75968
FILLER_0_86_57, 31.84, 247.52, 1.75968
_10494_, 41.84, 247.52, 1.75964
_10495_, 41.84, 247.52, 1.75964
_11395_, 41.84, 247.52, 1.75964
ANTENNA_fanout84_A, 41.84, 247.52, 1.75964
FILLER_0_86_74, 41.84, 247.52, 1.75964
_06339_, 61.84, 247.52, 1.75947
_06341_, 61.84, 247.52, 1.75947
_06354_, 61.84, 247.52, 1.75947
ANTENNA__06339__B, 61.84, 247.52, 1.75947
FILLER_0_87_131, 61.84, 247.52, 1.75947
_10958_, 71.84, 247.52, 1.75934
_10959_, 71.84, 247.52, 1.75934
_11572_, 71.84, 247.52, 1.75934
_11656_, 71.84, 247.52, 1.75934
ANTENNA__06342__S, 71.84, 247.52, 1.75934
ANTENNA__10958__S, 71.84, 247.52, 1.75934
_11115_, 91.84, 247.52, 1.75897
_11648_, 91.84, 247.52, 1.75897
ANTENNA__06608__B1, 91.84, 247.52, 1.75897
ANTENNA_clkbuf_leaf_15_clk_A, 91.84, 247.52, 1.75897
FILLER_0_88_197, 91.84, 247.52, 1.75897
hold424, 101.84, 247.52, 1.75872
ANTENNA__11114__S, 101.84, 247.52, 1.75872
ANTENNA__11648__RESET_B, 101.84, 247.52, 1.75872
FILLER_0_87_216, 101.84, 247.52, 1.75872
_06291_, 121.84, 247.52, 1.75808
_09744_, 121.84, 247.52, 1.75808
_10100_, 121.84, 247.52, 1.75808
_10146_, 121.84, 247.52, 1.75808
ANTENNA__06291__A, 121.84, 247.52, 1.75808
_09740_, 131.84, 247.52, 1.7577
_09743_, 131.84, 247.52, 1.7577
_09745_, 131.84, 247.52, 1.7577
_09746_, 131.84, 247.52, 1.7577
_09792_, 131.84, 247.52, 1.7577
FILLER_0_86_265, 131.84, 247.52, 1.7577
FILLER_0_87_277, 131.84, 247.52, 1.7577
FILLER_0_88_275, 131.84, 247.52, 1.7577
_09684_, 151.84, 247.52, 1.75678
_10048_, 151.84, 247.52, 1.75678
ANTENNA__09684__B, 151.84, 247.52, 1.75678
ANTENNA__09642__A, 151.84, 247.52, 1.75678
FILLER_0_87_316, 151.84, 247.52, 1.75678
_09972_, 161.84, 247.52, 1.75623
_10049_, 161.84, 247.52, 1.75623
_10050_, 161.84, 247.52, 1.75623
_10051_, 161.84, 247.52, 1.75623
ANTENNA__10049__B1, 161.84, 247.52, 1.75623
ANTENNA__10049__A2, 161.84, 247.52, 1.75623
FILLER_0_87_348, 161.84, 247.52, 1.75623
_09850_, 181.84, 247.52, 1.75494
_09882_, 181.84, 247.52, 1.75494
FILLER_0_87_380, 181.84, 247.52, 1.75494
FILLER_0_87_389, 181.84, 247.52, 1.75494
FILLER_0_87_393, 181.84, 247.52, 1.75494
_07240_, 191.84, 247.52, 1.75421
_09896_, 191.84, 247.52, 1.75421
_09897_, 191.84, 247.52, 1.75421
_09952_, 191.84, 247.52, 1.75421
_09954_, 191.84, 247.52, 1.75421
FILLER_0_86_396, 191.84, 247.52, 1.75421
_07340_, 211.84, 247.52, 1.75283
_10172_, 211.84, 247.52, 1.75283
_10174_, 211.84, 247.52, 1.75283
_07177_, 221.84, 247.52, 1.75213
_07178_, 221.84, 247.52, 1.75213
_07180_, 221.84, 247.52, 1.75213
_07260_, 221.84, 247.52, 1.75213
ANTENNA__07178__A2, 221.84, 247.52, 1.75213
FILLER_0_87_476, 221.84, 247.52, 1.75213
_07259_, 241.84, 247.52, 1.75064
_07267_, 241.84, 247.52, 1.75064
_07386_, 241.84, 247.52, 1.75064
_07404_, 241.84, 247.52, 1.75064
ANTENNA__07440__B2, 241.84, 247.52, 1.75064
ANTENNA__07440__B1, 241.84, 247.52, 1.75064
FILLER_0_87_512, 241.84, 247.52, 1.75064
_07239_, 251.84, 247.52, 1.7499
_07241_, 251.84, 247.52, 1.7499
_07440_, 251.84, 247.52, 1.7499
ANTENNA__07241__B2, 251.84, 247.52, 1.7499
ANTENNA__07440__A2_N, 251.84, 247.52, 1.7499
ANTENNA__07241__A2, 251.84, 247.52, 1.7499
ANTENNA__07241__B1, 251.84, 247.52, 1.7499
ANTENNA__07341__A2, 251.84, 247.52, 1.7499
FILLER_0_86_533, 251.84, 247.52, 1.7499
_07251_, 271.84, 247.52, 1.74831
_07252_, 271.84, 247.52, 1.74831
_07268_, 271.84, 247.52, 1.74831
_07269_, 271.84, 247.52, 1.74831
FILLER_0_88_589, 271.84, 247.52, 1.74831
_07271_, 281.84, 247.52, 1.74747
_07272_, 281.84, 247.52, 1.74747
_07350_, 281.84, 247.52, 1.74747
_07387_, 281.84, 247.52, 1.74747
FILLER_0_86_600, 281.84, 247.52, 1.74747
FILLER_0_87_610, 281.84, 247.52, 1.74747
FILLER_0_88_602, 281.84, 247.52, 1.74747
_07561_, 301.84, 247.52, 1.74587
_07563_, 301.84, 247.52, 1.74587
ANTENNA__07565__B1, 301.84, 247.52, 1.74587
FILLER_0_86_634, 301.84, 247.52, 1.74587
FILLER_0_87_641, 301.84, 247.52, 1.74587
FILLER_0_88_645, 301.84, 247.52, 1.74587
_07564_, 311.84, 247.52, 1.74516
_07565_, 311.84, 247.52, 1.74516
_11224_, 311.84, 247.52, 1.74516
ANTENNA__05848__A_N, 311.84, 247.52, 1.74516
FILLER_0_87_665, 311.84, 247.52, 1.74516
FILLER_0_87_673, 311.84, 247.52, 1.74516
FILLER_0_88_674, 311.84, 247.52, 1.74516
_05854_, 331.84, 247.52, 1.74368
_11187_, 331.84, 247.52, 1.74368
FILLER_0_87_710, 331.84, 247.52, 1.74368
FILLER_0_87_717, 331.84, 247.52, 1.74368
FILLER_0_88_710, 331.84, 247.52, 1.74368
_05871_, 341.84, 247.52, 1.74277
_09197_, 341.84, 247.52, 1.74277
_09201_, 341.84, 247.52, 1.74277
FILLER_0_86_729, 341.84, 247.52, 1.74277
FILLER_0_87_725, 341.84, 247.52, 1.74277
FILLER_0_87_729, 341.84, 247.52, 1.74277
FILLER_0_87_741, 341.84, 247.52, 1.74277
_09111_, 361.84, 247.52, 1.74
_09114_, 361.84, 247.52, 1.74
_09115_, 361.84, 247.52, 1.74
ANTENNA__05845__B1, 361.84, 247.52, 1.74
FILLER_0_86_764, 361.84, 247.52, 1.74
FILLER_0_87_777, 361.84, 247.52, 1.74
FILLER_0_88_784, 361.84, 247.52, 1.74
_05846_, 371.84, 247.52, 1.73814
ANTENNA__05846__A1, 371.84, 247.52, 1.73814
FILLER_0_88_802, 371.84, 247.52, 1.73814
_05903_, 394.01, 247.52, 1.72895
_05904_, 394.01, 247.52, 1.72895
output35, 394.01, 247.52, 1.72895
FILLER_0_87_837, 394.01, 247.52, 1.72895
FILLER_0_87_841, 394.01, 247.52, 1.72895
_11515_, 5.52, 242.08, 1.76037
PHY_168, 5.52, 242.08, 1.76037
PHY_170, 5.52, 242.08, 1.76037
FILLER_0_85_3, 5.52, 242.08, 1.76037
PHY_169, 406.18, 242.08, 1.74156
PHY_171, 406.18, 242.08, 1.74156
FILLER_0_84_862, 406.18, 242.08, 1.74156
_10693_, 13.68, 242.08, 1.76038
_10744_, 13.68, 242.08, 1.76038
_10745_, 13.68, 242.08, 1.76038
_10795_, 13.68, 242.08, 1.76038
ANTENNA_input6_A, 13.68, 242.08, 1.76038
FILLER_0_84_16, 13.68, 242.08, 1.76038
FILLER_0_85_12, 13.68, 242.08, 1.76038
_10493_, 31.84, 242.08, 1.76032
_11394_, 31.84, 242.08, 1.76032
ANTENNA__10493__S, 31.84, 242.08, 1.76032
FILLER_0_85_57, 31.84, 242.08, 1.76032
_10496_, 41.84, 242.08, 1.76027
fanout84, 41.84, 242.08, 1.76027
ANTENNA_clkbuf_3_2__f_clk_A, 41.84, 242.08, 1.76027
ANTENNA_clkbuf_leaf_20_clk_A, 41.84, 242.08, 1.76027
_06302_, 61.84, 242.08, 1.76008
_06337_, 61.84, 242.08, 1.76008
_06342_, 61.84, 242.08, 1.76008
_06601_, 61.84, 242.08, 1.76008
ANTENNA__10906__C1, 61.84, 242.08, 1.76008
ANTENNA__10906__A2, 61.84, 242.08, 1.76008
ANTENNA__06601__A1, 61.84, 242.08, 1.76008
ANTENNA__06302__B, 61.84, 242.08, 1.76008
FILLER_0_84_119, 61.84, 242.08, 1.76008
ANTENNA__06601__A2, 71.84, 242.08, 1.75996
ANTENNA__06589__A0, 71.84, 242.08, 1.75996
FILLER_0_85_155, 71.84, 242.08, 1.75996
_06609_, 91.84, 242.08, 1.75959
_11114_, 91.84, 242.08, 1.75959
hold15, 91.84, 242.08, 1.75959
ANTENNA__06596__A1, 91.84, 242.08, 1.75959
ANTENNA__06609__A2, 91.84, 242.08, 1.75959
FILLER_0_84_186, 91.84, 242.08, 1.75959
_06605_, 101.84, 242.08, 1.75936
_06607_, 101.84, 242.08, 1.75936
ANTENNA__11159__RESET_B, 101.84, 242.08, 1.75936
FILLER_0_84_209, 101.84, 242.08, 1.75936
FILLER_0_85_203, 101.84, 242.08, 1.75936
FILLER_0_86_210, 101.84, 242.08, 1.75936
FILLER_0_86_218, 101.84, 242.08, 1.75936
_06611_, 121.84, 242.08, 1.75875
_10099_, 121.84, 242.08, 1.75875
ANTENNA__10099__A, 121.84, 242.08, 1.75875
ANTENNA__10099__B, 121.84, 242.08, 1.75875
FILLER_0_85_245, 121.84, 242.08, 1.75875
FILLER_0_85_263, 121.84, 242.08, 1.75875
_09577_, 131.84, 242.08, 1.75837
_09578_, 131.84, 242.08, 1.75837
_09748_, 131.84, 242.08, 1.75837
_09750_, 131.84, 242.08, 1.75837
ANTENNA__09577__B, 131.84, 242.08, 1.75837
ANTENNA__09638__B, 131.84, 242.08, 1.75837
ANTENNA__09578__B, 131.84, 242.08, 1.75837
ANTENNA__09578__A, 131.84, 242.08, 1.75837
FILLER_0_85_271, 131.84, 242.08, 1.75837
FILLER_0_86_275, 131.84, 242.08, 1.75837
_09794_, 151.84, 242.08, 1.75744
_09795_, 151.84, 242.08, 1.75744
_09851_, 151.84, 242.08, 1.75744
_10101_, 151.84, 242.08, 1.75744
ANTENNA__09548__A, 151.84, 242.08, 1.75744
FILLER_0_84_313, 151.84, 242.08, 1.75744
FILLER_0_85_308, 151.84, 242.08, 1.75744
_09796_, 161.84, 242.08, 1.75688
ANTENNA__10047__A, 161.84, 242.08, 1.75688
FILLER_0_85_332, 161.84, 242.08, 1.75688
_09892_, 181.84, 242.08, 1.75561
_09893_, 181.84, 242.08, 1.75561
_09894_, 181.84, 242.08, 1.75561
_09895_, 181.84, 242.08, 1.75561
_09916_, 181.84, 242.08, 1.75561
_06860_, 191.84, 242.08, 1.75492
_07172_, 191.84, 242.08, 1.75492
_07173_, 191.84, 242.08, 1.75492
ANTENNA__06860__A, 191.84, 242.08, 1.75492
ANTENNA__06860__B, 191.84, 242.08, 1.75492
ANTENNA__07172__B, 191.84, 242.08, 1.75492
FILLER_0_85_405, 191.84, 242.08, 1.75492
FILLER_0_85_413, 191.84, 242.08, 1.75492
_07255_, 211.84, 242.08, 1.75351
ANTENNA__10174__B2, 211.84, 242.08, 1.75351
ANTENNA__07255__A, 211.84, 242.08, 1.75351
ANTENNA__07255__B, 211.84, 242.08, 1.75351
ANTENNA__07063__A, 211.84, 242.08, 1.75351
FILLER_0_85_444, 211.84, 242.08, 1.75351
FILLER_0_85_449, 211.84, 242.08, 1.75351
_07352_, 221.84, 242.08, 1.75277
ANTENNA__07178__A1, 221.84, 242.08, 1.75277
FILLER_0_84_470, 221.84, 242.08, 1.75277
FILLER_0_85_473, 221.84, 242.08, 1.75277
_07138_, 241.84, 242.08, 1.75122
_07140_, 241.84, 242.08, 1.75122
_07142_, 241.84, 242.08, 1.75122
_07219_, 241.84, 242.08, 1.75122
ANTENNA__07137__A, 241.84, 242.08, 1.75122
ANTENNA__07141__A1, 241.84, 242.08, 1.75122
ANTENNA__07138__A, 241.84, 242.08, 1.75122
ANTENNA__07259__A2, 241.84, 242.08, 1.75122
FILLER_0_85_521, 241.84, 242.08, 1.75122
FILLER_0_86_520, 241.84, 242.08, 1.75122
_06889_, 251.84, 242.08, 1.75043
_07097_, 251.84, 242.08, 1.75043
_07341_, 251.84, 242.08, 1.75043
ANTENNA__07341__A1, 251.84, 242.08, 1.75043
ANTENNA__07241__A1, 251.84, 242.08, 1.75043
ANTENNA__06889__B, 251.84, 242.08, 1.75043
ANTENNA__07097__B, 251.84, 242.08, 1.75043
_07191_, 271.84, 242.08, 1.74879
_07270_, 271.84, 242.08, 1.74879
_07301_, 271.84, 242.08, 1.74879
FILLER_0_85_573, 271.84, 242.08, 1.74879
FILLER_0_86_585, 271.84, 242.08, 1.74879
_07302_, 281.84, 242.08, 1.74798
_07303_, 281.84, 242.08, 1.74798
max_cap60, 281.84, 242.08, 1.74798
FILLER_0_85_602, 281.84, 242.08, 1.74798
FILLER_0_86_610, 281.84, 242.08, 1.74798
_07474_, 301.84, 242.08, 1.74642
_07562_, 301.84, 242.08, 1.74642
FILLER_0_84_639, 301.84, 242.08, 1.74642
FILLER_0_85_654, 301.84, 242.08, 1.74642
FILLER_0_86_651, 301.84, 242.08, 1.74642
_07566_, 311.84, 242.08, 1.74575
ANTENNA__07803__S, 311.84, 242.08, 1.74575
ANTENNA__07566__B2, 311.84, 242.08, 1.74575
FILLER_0_85_673, 311.84, 242.08, 1.74575
_05837_, 331.84, 242.08, 1.74454
_05838_, 331.84, 242.08, 1.74454
_05853_, 331.84, 242.08, 1.74454
_05855_, 331.84, 242.08, 1.74454
FILLER_0_85_702, 331.84, 242.08, 1.74454
FILLER_0_85_715, 331.84, 242.08, 1.74454
_05839_, 341.84, 242.08, 1.74389
_05840_, 341.84, 242.08, 1.74389
_09195_, 341.84, 242.08, 1.74389
_09196_, 341.84, 242.08, 1.74389
_09200_, 341.84, 242.08, 1.74389
_05856_, 361.84, 242.08, 1.74269
_05859_, 361.84, 242.08, 1.74269
_05886_, 361.84, 242.08, 1.74269
_09110_, 361.84, 242.08, 1.74269
ANTENNA__05861__B1_N, 361.84, 242.08, 1.74269
FILLER_0_86_784, 361.84, 242.08, 1.74269
_09381_, 371.84, 242.08, 1.74213
FILLER_0_85_797, 371.84, 242.08, 1.74213
FILLER_0_85_805, 371.84, 242.08, 1.74213
_05668_, 394.01, 242.08, 1.74156
_05869_, 394.01, 242.08, 1.74156
_09290_, 394.01, 242.08, 1.74156
_11295_, 394.01, 242.08, 1.74156
ANTENNA__09287__B1, 394.01, 242.08, 1.74156
ANTENNA__05668__A, 394.01, 242.08, 1.74156
ANTENNA__11295__RESET_B, 394.01, 242.08, 1.74156
FILLER_0_84_842, 394.01, 242.08, 1.74156
FILLER_0_85_841, 394.01, 242.08, 1.74156
FILLER_0_86_853, 394.01, 242.08, 1.74156
PHY_164, 5.52, 236.64, 1.76095
PHY_166, 5.52, 236.64, 1.76095
input6, 5.52, 236.64, 1.76095
hold136, 5.52, 236.64, 1.76095
PHY_165, 406.18, 236.64, 1.74198
PHY_167, 406.18, 236.64, 1.74198
FILLER_0_83_865, 406.18, 236.64, 1.74198
_10643_, 13.68, 236.64, 1.76095
hold428, 13.68, 236.64, 1.76095
hold429, 13.68, 236.64, 1.76095
_10543_, 31.84, 236.64, 1.7609
_11418_, 31.84, 236.64, 1.7609
hold401, 31.84, 236.64, 1.7609
_10491_, 41.84, 236.64, 1.76086
_11563_, 41.84, 236.64, 1.76086
ANTENNA__11563__RESET_B, 41.84, 236.64, 1.76086
FILLER_0_83_89, 41.84, 236.64, 1.76086
FILLER_0_84_79, 41.84, 236.64, 1.76086
_06301_, 61.84, 236.64, 1.7607
_06303_, 61.84, 236.64, 1.7607
_06304_, 61.84, 236.64, 1.7607
_06306_, 61.84, 236.64, 1.7607
_10904_, 61.84, 236.64, 1.7607
_10908_, 61.84, 236.64, 1.7607
_10909_, 61.84, 236.64, 1.7607
ANTENNA__06306__B, 61.84, 236.64, 1.7607
ANTENNA__06303__B, 61.84, 236.64, 1.7607
_06589_, 71.84, 236.64, 1.76058
_06597_, 71.84, 236.64, 1.76058
_11158_, 71.84, 236.64, 1.76058
ANTENNA__06589__S, 71.84, 236.64, 1.76058
ANTENNA__06597__S, 71.84, 236.64, 1.76058
FILLER_0_82_136, 71.84, 236.64, 1.76058
FILLER_0_83_135, 71.84, 236.64, 1.76058
FILLER_0_84_153, 71.84, 236.64, 1.76058
_06224_, 91.84, 236.64, 1.76024
_06596_, 91.84, 236.64, 1.76024
_11056_, 91.84, 236.64, 1.76024
ANTENNA__06224__A, 91.84, 236.64, 1.76024
ANTENNA__11619__RESET_B, 91.84, 236.64, 1.76024
FILLER_0_83_187, 91.84, 236.64, 1.76024
_06590_, 101.84, 236.64, 1.76001
_06594_, 101.84, 236.64, 1.76001
_06599_, 101.84, 236.64, 1.76001
_06606_, 101.84, 236.64, 1.76001
hold211, 101.84, 236.64, 1.76001
_07005_, 121.84, 236.64, 1.75939
_07006_, 121.84, 236.64, 1.75939
_09749_, 121.84, 236.64, 1.75939
ANTENNA__09517__S, 121.84, 236.64, 1.75939
ANTENNA__07006__A2, 121.84, 236.64, 1.75939
ANTENNA__07005__A, 121.84, 236.64, 1.75939
FILLER_0_82_248, 121.84, 236.64, 1.75939
FILLER_0_83_249, 121.84, 236.64, 1.75939
FILLER_0_83_258, 121.84, 236.64, 1.75939
_09694_, 131.84, 236.64, 1.75903
ANTENNA__09579__B1, 131.84, 236.64, 1.75903
ANTENNA__09550__A2, 131.84, 236.64, 1.75903
FILLER_0_82_265, 131.84, 236.64, 1.75903
FILLER_0_82_273, 131.84, 236.64, 1.75903
FILLER_0_83_281, 131.84, 236.64, 1.75903
FILLER_0_84_282, 131.84, 236.64, 1.75903
_09752_, 151.84, 236.64, 1.75809
_10047_, 151.84, 236.64, 1.75809
ANTENNA__09550__C1, 151.84, 236.64, 1.75809
FILLER_0_83_326, 151.84, 236.64, 1.75809
FILLER_0_84_323, 151.84, 236.64, 1.75809
_09828_, 161.84, 236.64, 1.7575
_09920_, 161.84, 236.64, 1.7575
_09921_, 161.84, 236.64, 1.7575
_09925_, 161.84, 236.64, 1.7575
_09968_, 161.84, 236.64, 1.7575
ANTENNA__09968__A1, 161.84, 236.64, 1.7575
FILLER_0_83_337, 161.84, 236.64, 1.7575
FILLER_0_83_345, 161.84, 236.64, 1.7575
ANTENNA__09890__B, 181.84, 236.64, 1.75617
FILLER_0_82_378, 181.84, 236.64, 1.75617
FILLER_0_83_393, 181.84, 236.64, 1.75617
FILLER_0_84_391, 181.84, 236.64, 1.75617
_09818_, 191.84, 236.64, 1.7554
_09898_, 191.84, 236.64, 1.7554
_09900_, 191.84, 236.64, 1.7554
_09901_, 191.84, 236.64, 1.7554
ANTENNA__07129__B, 191.84, 236.64, 1.7554
FILLER_0_82_403, 191.84, 236.64, 1.7554
FILLER_0_83_402, 191.84, 236.64, 1.7554
_07049_, 211.84, 236.64, 1.75389
_07051_, 211.84, 236.64, 1.75389
_07063_, 211.84, 236.64, 1.75389
_07064_, 211.84, 236.64, 1.75389
ANTENNA__07063__B, 211.84, 236.64, 1.75389
FILLER_0_83_449, 211.84, 236.64, 1.75389
_07298_, 221.84, 236.64, 1.75317
clkbuf_leaf_31_clk, 221.84, 236.64, 1.75317
FILLER_0_82_470, 221.84, 236.64, 1.75317
_07141_, 241.84, 236.64, 1.75166
_07143_, 241.84, 236.64, 1.75166
_07188_, 241.84, 236.64, 1.75166
ANTENNA__07214__B2, 241.84, 236.64, 1.75166
ANTENNA__07214__A1, 241.84, 236.64, 1.75166
ANTENNA__07141__A2, 241.84, 236.64, 1.75166
FILLER_0_84_523, 241.84, 236.64, 1.75166
_06982_, 251.84, 236.64, 1.75089
_07189_, 251.84, 236.64, 1.75089
ANTENNA__06982__A, 251.84, 236.64, 1.75089
ANTENNA__07097__A, 251.84, 236.64, 1.75089
ANTENNA__06982__B, 251.84, 236.64, 1.75089
FILLER_0_82_529, 251.84, 236.64, 1.75089
FILLER_0_83_529, 251.84, 236.64, 1.75089
FILLER_0_83_538, 251.84, 236.64, 1.75089
FILLER_0_84_544, 251.84, 236.64, 1.75089
_07220_, 271.84, 236.64, 1.74927
_07273_, 271.84, 236.64, 1.74927
FILLER_0_84_589, 271.84, 236.64, 1.74927
_07304_, 281.84, 236.64, 1.74844
_07305_, 281.84, 236.64, 1.74844
_07392_, 281.84, 236.64, 1.74844
FILLER_0_82_597, 281.84, 236.64, 1.74844
FILLER_0_83_606, 281.84, 236.64, 1.74844
FILLER_0_84_604, 281.84, 236.64, 1.74844
_07803_, 301.84, 236.64, 1.7469
_11228_, 301.84, 236.64, 1.7469
FILLER_0_82_641, 301.84, 236.64, 1.7469
FILLER_0_84_645, 301.84, 236.64, 1.7469
_10123_, 311.84, 236.64, 1.74625
_11334_, 311.84, 236.64, 1.74625
ANTENNA__11228__RESET_B, 311.84, 236.64, 1.74625
FILLER_0_83_668, 311.84, 236.64, 1.74625
FILLER_0_83_673, 311.84, 236.64, 1.74625
_05801_, 331.84, 236.64, 1.745
_05830_, 331.84, 236.64, 1.745
FILLER_0_82_708, 331.84, 236.64, 1.745
FILLER_0_83_717, 331.84, 236.64, 1.745
_05803_, 341.84, 236.64, 1.74435
_05804_, 341.84, 236.64, 1.74435
_09194_, 341.84, 236.64, 1.74435
FILLER_0_83_725, 341.84, 236.64, 1.74435
FILLER_0_83_735, 341.84, 236.64, 1.74435
_05858_, 361.84, 236.64, 1.74314
_05860_, 361.84, 236.64, 1.74314
_05861_, 361.84, 236.64, 1.74314
FILLER_0_82_769, 361.84, 236.64, 1.74314
FILLER_0_83_771, 361.84, 236.64, 1.74314
FILLER_0_83_781, 361.84, 236.64, 1.74314
_09378_, 371.84, 236.64, 1.74258
FILLER_0_83_797, 371.84, 236.64, 1.74258
_09288_, 394.01, 236.64, 1.74198
_09289_, 394.01, 236.64, 1.74198
_09291_, 394.01, 236.64, 1.74198
_09292_, 394.01, 236.64, 1.74198
_09293_, 394.01, 236.64, 1.74198
clkbuf_leaf_43_clk, 394.01, 236.64, 1.74198
ANTENNA__09288__A1, 394.01, 236.64, 1.74198
ANTENNA__05869__A1, 394.01, 236.64, 1.74198
ANTENNA__09289__S, 394.01, 236.64, 1.74198
ANTENNA_clkbuf_leaf_43_clk_A, 394.01, 236.64, 1.74198
FILLER_0_83_857, 394.01, 236.64, 1.74198
_10692_, 5.52, 231.2, 1.7616
_11490_, 5.52, 231.2, 1.7616
PHY_160, 5.52, 231.2, 1.7616
PHY_162, 5.52, 231.2, 1.7616
FILLER_0_81_3, 5.52, 231.2, 1.7616
PHY_161, 406.18, 231.2, 1.73202
PHY_163, 406.18, 231.2, 1.73202
ANTENNA__05868__B2, 406.18, 231.2, 1.73202
_10644_, 13.68, 231.2, 1.76161
_11466_, 13.68, 231.2, 1.76161
hold135, 13.68, 231.2, 1.76161
ANTENNA__10692__S, 13.68, 231.2, 1.76161
_10544_, 31.84, 231.2, 1.76158
ANTENNA__10543__S, 31.84, 231.2, 1.76158
FILLER_0_80_53, 31.84, 231.2, 1.76158
FILLER_0_81_47, 31.84, 231.2, 1.76158
FILLER_0_81_53, 31.84, 231.2, 1.76158
FILLER_0_82_66, 31.84, 231.2, 1.76158
_10492_, 41.84, 231.2, 1.76154
_10592_, 41.84, 231.2, 1.76154
_11393_, 41.84, 231.2, 1.76154
ANTENNA__10491__S, 41.84, 231.2, 1.76154
FILLER_0_82_89, 41.84, 231.2, 1.76154
_06305_, 61.84, 231.2, 1.7614
_06307_, 61.84, 231.2, 1.7614
_06308_, 61.84, 231.2, 1.7614
ANTENNA__10902__A2, 61.84, 231.2, 1.7614
ANTENNA__10904__B1, 61.84, 231.2, 1.7614
FILLER_0_81_113, 61.84, 231.2, 1.7614
FILLER_0_81_122, 61.84, 231.2, 1.7614
_06598_, 71.84, 231.2, 1.7613
ANTENNA__06308__B1, 71.84, 231.2, 1.7613
FILLER_0_80_141, 71.84, 231.2, 1.7613
FILLER_0_81_137, 71.84, 231.2, 1.7613
FILLER_0_81_145, 71.84, 231.2, 1.7613
FILLER_0_81_151, 71.84, 231.2, 1.7613
_10998_, 91.84, 231.2, 1.761
_10999_, 91.84, 231.2, 1.761
_11055_, 91.84, 231.2, 1.761
_11591_, 91.84, 231.2, 1.761
_06593_, 101.84, 231.2, 1.7608
_06951_, 101.84, 231.2, 1.7608
ANTENNA__10998__S, 101.84, 231.2, 1.7608
FILLER_0_80_208, 101.84, 231.2, 1.7608
FILLER_0_81_219, 101.84, 231.2, 1.7608
_11342_, 121.84, 231.2, 1.76025
ANTENNA__11342__RESET_B, 121.84, 231.2, 1.76025
ANTENNA__09581__A, 131.84, 231.2, 1.75989
ANTENNA__09579__A2, 131.84, 231.2, 1.75989
ANTENNA__09579__A1, 131.84, 231.2, 1.75989
ANTENNA__09580__B1, 131.84, 231.2, 1.75989
ANTENNA__11344__RESET_B, 131.84, 231.2, 1.75989
FILLER_0_81_271, 131.84, 231.2, 1.75989
_09588_, 151.84, 231.2, 1.75891
_09589_, 151.84, 231.2, 1.75891
_09590_, 151.84, 231.2, 1.75891
ANTENNA__09589__B, 151.84, 231.2, 1.75891
ANTENNA__09551__B, 151.84, 231.2, 1.75891
ANTENNA__09588__A, 151.84, 231.2, 1.75891
ANTENNA__09920__A, 151.84, 231.2, 1.75891
FILLER_0_81_323, 151.84, 231.2, 1.75891
FILLER_0_82_321, 151.84, 231.2, 1.75891
_09820_, 161.84, 231.2, 1.75831
_09827_, 161.84, 231.2, 1.75831
_09923_, 161.84, 231.2, 1.75831
_09967_, 161.84, 231.2, 1.75831
ANTENNA__09827__A, 161.84, 231.2, 1.75831
ANTENNA__09827__B, 161.84, 231.2, 1.75831
_09758_, 181.84, 231.2, 1.75692
_09759_, 181.84, 231.2, 1.75692
_09790_, 181.84, 231.2, 1.75692
_09918_, 181.84, 231.2, 1.75692
ANTENNA__09918__A1, 181.84, 231.2, 1.75692
ANTENNA__09918__A2, 181.84, 231.2, 1.75692
_09835_, 191.84, 231.2, 1.75617
_09899_, 191.84, 231.2, 1.75617
FILLER_0_81_399, 191.84, 231.2, 1.75617
FILLER_0_81_407, 191.84, 231.2, 1.75617
FILLER_0_82_413, 191.84, 231.2, 1.75617
_07008_, 211.84, 231.2, 1.75461
_06980_, 221.84, 231.2, 1.75382
_07217_, 221.84, 231.2, 1.75382
_07489_, 221.84, 231.2, 1.75382
_07490_, 221.84, 231.2, 1.75382
ANTENNA__07489__A, 221.84, 231.2, 1.75382
ANTENNA__07214__A2, 221.84, 231.2, 1.75382
FILLER_0_80_470, 221.84, 231.2, 1.75382
_07106_, 241.84, 231.2, 1.75226
_07182_, 241.84, 231.2, 1.75226
_07186_, 241.84, 231.2, 1.75226
ANTENNA__06936__B2, 241.84, 231.2, 1.75226
ANTENNA__06936__A1, 241.84, 231.2, 1.75226
ANTENNA__07186__A, 241.84, 231.2, 1.75226
ANTENNA__07106__A, 241.84, 231.2, 1.75226
ANTENNA__07104__B, 241.84, 231.2, 1.75226
ANTENNA__07186__B, 241.84, 231.2, 1.75226
FILLER_0_82_521, 241.84, 231.2, 1.75226
_07098_, 251.84, 231.2, 1.75144
_07184_, 251.84, 231.2, 1.75144
_07185_, 251.84, 231.2, 1.75144
ANTENNA__07104__A, 251.84, 231.2, 1.75144
ANTENNA__07105__A, 251.84, 231.2, 1.75144
ANTENNA__07184__A, 251.84, 231.2, 1.75144
FILLER_0_81_528, 251.84, 231.2, 1.75144
FILLER_0_82_545, 251.84, 231.2, 1.75144
FILLER_0_81_585, 271.84, 231.2, 1.74975
FILLER_0_82_581, 271.84, 231.2, 1.74975
FILLER_0_82_589, 271.84, 231.2, 1.74975
_07192_, 281.84, 231.2, 1.74886
_07307_, 281.84, 231.2, 1.74886
FILLER_0_80_594, 281.84, 231.2, 1.74886
FILLER_0_81_593, 281.84, 231.2, 1.74886
_07804_, 301.84, 231.2, 1.74725
FILLER_0_80_641, 301.84, 231.2, 1.74725
FILLER_0_82_649, 301.84, 231.2, 1.74725
_10122_, 311.84, 231.2, 1.74651
ANTENNA__10122__S, 311.84, 231.2, 1.74651
ANTENNA__10122__A1, 311.84, 231.2, 1.74651
_05802_, 331.84, 231.2, 1.74491
FILLER_0_82_719, 331.84, 231.2, 1.74491
_05805_, 341.84, 231.2, 1.74401
_09190_, 341.84, 231.2, 1.74401
ANTENNA__09191__A1, 341.84, 231.2, 1.74401
FILLER_0_80_725, 341.84, 231.2, 1.74401
FILLER_0_81_729, 341.84, 231.2, 1.74401
_05820_, 361.84, 231.2, 1.74145
_05857_, 361.84, 231.2, 1.74145
_09109_, 361.84, 231.2, 1.74145
_11308_, 361.84, 231.2, 1.74145
ANTENNA__09105__S, 361.84, 231.2, 1.74145
ANTENNA__11308__RESET_B, 361.84, 231.2, 1.74145
FILLER_0_80_766, 361.84, 231.2, 1.74145
FILLER_0_81_774, 361.84, 231.2, 1.74145
FILLER_0_81_785, 361.84, 231.2, 1.74145
FILLER_0_82_777, 361.84, 231.2, 1.74145
_06153_, 371.84, 231.2, 1.7398
_09376_, 371.84, 231.2, 1.7398
_09377_, 371.84, 231.2, 1.7398
FILLER_0_80_794, 371.84, 231.2, 1.7398
_05863_, 394.01, 231.2, 1.73202
_05867_, 394.01, 231.2, 1.73202
output34, 394.01, 231.2, 1.73202
rebuffer2, 394.01, 231.2, 1.73202
ANTENNA__06157__B2, 394.01, 231.2, 1.73202
ANTENNA__06155__B1, 394.01, 231.2, 1.73202
FILLER_0_81_836, 394.01, 231.2, 1.73202
_10743_, 5.52, 225.76, 1.76227
PHY_156, 5.52, 225.76, 1.76227
PHY_158, 5.52, 225.76, 1.76227
FILLER_0_79_3, 5.52, 225.76, 1.76227
PHY_157, 406.18, 225.76, 1.74244
PHY_159, 406.18, 225.76, 1.74244
ANTENNA__09282__S, 406.18, 225.76, 1.74244
FILLER_0_78_863, 406.18, 225.76, 1.74244
FILLER_0_79_858, 406.18, 225.76, 1.74244
_10742_, 13.68, 225.76, 1.76227
ANTENNA__10742__S, 13.68, 225.76, 1.76227
FILLER_0_79_11, 13.68, 225.76, 1.76227
FILLER_0_80_25, 13.68, 225.76, 1.76227
_10641_, 31.84, 225.76, 1.76224
_10642_, 31.84, 225.76, 1.76224
hold119, 31.84, 225.76, 1.76224
hold120, 31.84, 225.76, 1.76224
ANTENNA__10690__S, 31.84, 225.76, 1.76224
_11441_, 41.84, 225.76, 1.76221
ANTENNA__11441__RESET_B, 41.84, 225.76, 1.76221
FILLER_0_80_81, 41.84, 225.76, 1.76221
FILLER_0_80_85, 41.84, 225.76, 1.76221
_06248_, 61.84, 225.76, 1.76209
_06309_, 61.84, 225.76, 1.76209
_10897_, 61.84, 225.76, 1.76209
_10903_, 61.84, 225.76, 1.76209
FILLER_0_79_120, 61.84, 225.76, 1.76209
FILLER_0_79_128, 61.84, 225.76, 1.76209
_06577_, 71.84, 225.76, 1.762
_11647_, 71.84, 225.76, 1.762
ANTENNA__06309__B2, 71.84, 225.76, 1.762
ANTENNA__06577__B2, 71.84, 225.76, 1.762
ANTENNA__10392__A, 71.84, 225.76, 1.762
ANTENNA__06577__B1, 71.84, 225.76, 1.762
FILLER_0_79_144, 71.84, 225.76, 1.762
hold206, 91.84, 225.76, 1.76174
ANTENNA__11055__S, 91.84, 225.76, 1.76174
ANTENNA__06233__A1, 91.84, 225.76, 1.76174
ANTENNA__11591__RESET_B, 91.84, 225.76, 1.76174
ANTENNA__11590__RESET_B, 91.84, 225.76, 1.76174
ANTENNA_clkbuf_leaf_16_clk_A, 91.84, 225.76, 1.76174
FILLER_0_78_181, 91.84, 225.76, 1.76174
FILLER_0_80_197, 91.84, 225.76, 1.76174
_06952_, 101.84, 225.76, 1.76156
_06953_, 101.84, 225.76, 1.76156
FILLER_0_79_205, 101.84, 225.76, 1.76156
_10382_, 121.84, 225.76, 1.76105
_10383_, 121.84, 225.76, 1.76105
_10389_, 121.84, 225.76, 1.76105
ANTENNA__06776__A1, 121.84, 225.76, 1.76105
ANTENNA__10382__S, 121.84, 225.76, 1.76105
FILLER_0_78_249, 121.84, 225.76, 1.76105
FILLER_0_79_254, 121.84, 225.76, 1.76105
FILLER_0_80_253, 121.84, 225.76, 1.76105
_06775_, 131.84, 225.76, 1.76069
_06777_, 131.84, 225.76, 1.76069
_09584_, 131.84, 225.76, 1.76069
_10385_, 131.84, 225.76, 1.76069
ANTENNA__10385__B1, 131.84, 225.76, 1.76069
FILLER_0_79_264, 131.84, 225.76, 1.76069
_06779_, 151.84, 225.76, 1.75971
_09587_, 151.84, 225.76, 1.75971
_10511_, 151.84, 225.76, 1.75971
max_cap74, 151.84, 225.76, 1.75971
ANTENNA_max_cap74_A, 151.84, 225.76, 1.75971
FILLER_0_80_325, 151.84, 225.76, 1.75971
_09757_, 161.84, 225.76, 1.75909
_09819_, 161.84, 225.76, 1.75909
FILLER_0_79_332, 161.84, 225.76, 1.75909
FILLER_0_80_348, 161.84, 225.76, 1.75909
_09883_, 181.84, 225.76, 1.75767
FILLER_0_79_382, 181.84, 225.76, 1.75767
FILLER_0_79_393, 181.84, 225.76, 1.75767
_09834_, 191.84, 225.76, 1.75686
_09902_, 191.84, 225.76, 1.75686
_09904_, 191.84, 225.76, 1.75686
FILLER_0_78_399, 191.84, 225.76, 1.75686
FILLER_0_79_399, 191.84, 225.76, 1.75686
FILLER_0_80_412, 191.84, 225.76, 1.75686
_09965_, 211.84, 225.76, 1.75517
_10014_, 211.84, 225.76, 1.75517
_10015_, 211.84, 225.76, 1.75517
ANTENNA__07489__B, 211.84, 225.76, 1.75517
FILLER_0_78_439, 211.84, 225.76, 1.75517
FILLER_0_78_447, 211.84, 225.76, 1.75517
FILLER_0_79_444, 211.84, 225.76, 1.75517
FILLER_0_79_459, 211.84, 225.76, 1.75517
_10018_, 221.84, 225.76, 1.75436
ANTENNA__06980__A, 221.84, 225.76, 1.75436
ANTENNA__11332__RESET_B, 221.84, 225.76, 1.75436
_07104_, 241.84, 225.76, 1.75272
_07105_, 241.84, 225.76, 1.75272
_07107_, 241.84, 225.76, 1.75272
_07110_, 241.84, 225.76, 1.75272
_07111_, 241.84, 225.76, 1.75272
_07183_, 241.84, 225.76, 1.75272
ANTENNA__07069__A, 241.84, 225.76, 1.75272
ANTENNA__07105__B, 241.84, 225.76, 1.75272
FILLER_0_78_505, 241.84, 225.76, 1.75272
_07035_, 251.84, 225.76, 1.75188
_07100_, 251.84, 225.76, 1.75188
ANTENNA__07035__B2, 251.84, 225.76, 1.75188
ANTENNA__07035__A2, 251.84, 225.76, 1.75188
ANTENNA__07035__B1, 251.84, 225.76, 1.75188
ANTENNA__07110__B, 251.84, 225.76, 1.75188
FILLER_0_80_540, 251.84, 225.76, 1.75188
_07113_, 271.84, 225.76, 1.75012
_07114_, 271.84, 225.76, 1.75012
_07167_, 271.84, 225.76, 1.75012
_07195_, 271.84, 225.76, 1.75012
_07221_, 271.84, 225.76, 1.75012
_07222_, 271.84, 225.76, 1.75012
FILLER_0_78_570, 271.84, 225.76, 1.75012
FILLER_0_80_583, 271.84, 225.76, 1.75012
_07223_, 281.84, 225.76, 1.74927
_07224_, 281.84, 225.76, 1.74927
_07309_, 281.84, 225.76, 1.74927
FILLER_0_79_596, 281.84, 225.76, 1.74927
FILLER_0_80_609, 281.84, 225.76, 1.74927
_07397_, 301.84, 225.76, 1.74774
_10512_, 301.84, 225.76, 1.74774
_10513_, 301.84, 225.76, 1.74774
_11403_, 301.84, 225.76, 1.74774
ANTENNA__10512__A1, 301.84, 225.76, 1.74774
FILLER_0_79_640, 301.84, 225.76, 1.74774
FILLER_0_80_645, 301.84, 225.76, 1.74774
clkbuf_leaf_45_clk, 311.84, 225.76, 1.74704
ANTENNA__10512__A0, 311.84, 225.76, 1.74704
ANTENNA__10073__A2, 311.84, 225.76, 1.74704
ANTENNA__10512__S, 311.84, 225.76, 1.74704
ANTENNA_clkbuf_leaf_45_clk_A, 311.84, 225.76, 1.74704
FILLER_0_79_662, 311.84, 225.76, 1.74704
_05817_, 331.84, 225.76, 1.74565
_05818_, 331.84, 225.76, 1.74565
_05819_, 331.84, 225.76, 1.74565
_11280_, 331.84, 225.76, 1.74565
FILLER_0_78_701, 331.84, 225.76, 1.74565
FILLER_0_79_700, 331.84, 225.76, 1.74565
_06721_, 341.84, 225.76, 1.74496
_09191_, 341.84, 225.76, 1.74496
_11186_, 341.84, 225.76, 1.74496
hold7, 341.84, 225.76, 1.74496
ANTENNA__06721__S, 341.84, 225.76, 1.74496
ANTENNA__11186__RESET_B, 341.84, 225.76, 1.74496
FILLER_0_79_723, 341.84, 225.76, 1.74496
_09104_, 361.84, 225.76, 1.74367
_09105_, 361.84, 225.76, 1.74367
hold205, 361.84, 225.76, 1.74367
_05809_, 371.84, 225.76, 1.74307
_09375_, 371.84, 225.76, 1.74307
ANTENNA__05809__A1, 371.84, 225.76, 1.74307
FILLER_0_79_797, 371.84, 225.76, 1.74307
_05865_, 394.01, 225.76, 1.74244
_05866_, 394.01, 225.76, 1.74244
_05868_, 394.01, 225.76, 1.74244
_09286_, 394.01, 225.76, 1.74244
ANTENNA__05866__B1, 394.01, 225.76, 1.74244
ANTENNA__05865__A1, 394.01, 225.76, 1.74244
FILLER_0_79_834, 394.01, 225.76, 1.74244
FILLER_0_79_841, 394.01, 225.76, 1.74244
FILLER_0_80_845, 394.01, 225.76, 1.74244
_11514_, 5.52, 220.32, 1.7629
PHY_152, 5.52, 220.32, 1.7629
PHY_154, 5.52, 220.32, 1.7629
input5, 5.52, 220.32, 1.7629
PHY_153, 406.18, 220.32, 1.74271
PHY_155, 406.18, 220.32, 1.74271
_10792_, 13.68, 220.32, 1.76291
_11538_, 13.68, 220.32, 1.76291
FILLER_0_78_23, 13.68, 220.32, 1.76291
_11465_, 31.84, 220.32, 1.76289
_11537_, 31.84, 220.32, 1.76289
hold396, 31.84, 220.32, 1.76289
ANTENNA__10740__S, 31.84, 220.32, 1.76289
FILLER_0_77_57, 31.84, 220.32, 1.76289
_10591_, 41.84, 220.32, 1.76287
hold395, 41.84, 220.32, 1.76287
hold406, 41.84, 220.32, 1.76287
ANTENNA__10591__S, 41.84, 220.32, 1.76287
ANTENNA__10641__S, 41.84, 220.32, 1.76287
ANTENNA__11465__RESET_B, 41.84, 220.32, 1.76287
ANTENNA_clkbuf_leaf_18_clk_A, 41.84, 220.32, 1.76287
FILLER_0_76_78, 41.84, 220.32, 1.76287
FILLER_0_77_73, 41.84, 220.32, 1.76287
FILLER_0_78_79, 41.84, 220.32, 1.76287
_10900_, 61.84, 220.32, 1.7628
_10901_, 61.84, 220.32, 1.7628
ANTENNA__06246__B, 61.84, 220.32, 1.7628
ANTENNA__10901__C1, 61.84, 220.32, 1.7628
ANTENNA__10900__B1, 61.84, 220.32, 1.7628
FILLER_0_77_113, 61.84, 220.32, 1.7628
FILLER_0_77_129, 61.84, 220.32, 1.7628
FILLER_0_78_129, 61.84, 220.32, 1.7628
_06246_, 71.84, 220.32, 1.76274
_10392_, 71.84, 220.32, 1.76274
_10394_, 71.84, 220.32, 1.76274
_11345_, 71.84, 220.32, 1.76274
FILLER_0_76_134, 71.84, 220.32, 1.76274
FILLER_0_76_141, 71.84, 220.32, 1.76274
FILLER_0_77_138, 71.84, 220.32, 1.76274
_10997_, 91.84, 220.32, 1.76253
_11053_, 91.84, 220.32, 1.76253
_11590_, 91.84, 220.32, 1.76253
_06578_, 101.84, 220.32, 1.76238
_06579_, 101.84, 220.32, 1.76238
_06591_, 101.84, 220.32, 1.76238
_06592_, 101.84, 220.32, 1.76238
ANTENNA__10996__S, 101.84, 220.32, 1.76238
FILLER_0_78_212, 101.84, 220.32, 1.76238
_10384_, 121.84, 220.32, 1.7619
_10386_, 121.84, 220.32, 1.7619
_10387_, 121.84, 220.32, 1.7619
ANTENNA__10387__A, 121.84, 220.32, 1.7619
ANTENNA__10386__A2, 121.84, 220.32, 1.7619
ANTENNA__10384__B, 121.84, 220.32, 1.7619
ANTENNA__06226__A, 121.84, 220.32, 1.7619
ANTENNA__06226__B, 121.84, 220.32, 1.7619
FILLER_0_77_252, 121.84, 220.32, 1.7619
FILLER_0_78_257, 121.84, 220.32, 1.7619
FILLER_0_78_262, 121.84, 220.32, 1.7619
_06773_, 131.84, 220.32, 1.76156
_06774_, 131.84, 220.32, 1.76156
hold60, 131.84, 220.32, 1.76156
FILLER_0_77_277, 131.84, 220.32, 1.76156
_09586_, 151.84, 220.32, 1.76056
_09756_, 151.84, 220.32, 1.76056
_09791_, 151.84, 220.32, 1.76056
FILLER_0_77_314, 151.84, 220.32, 1.76056
FILLER_0_78_321, 151.84, 220.32, 1.76056
_09753_, 161.84, 220.32, 1.7599
_09754_, 161.84, 220.32, 1.7599
ANTENNA__09471__A, 161.84, 220.32, 1.7599
ANTENNA__09473__A1, 161.84, 220.32, 1.7599
FILLER_0_77_337, 161.84, 220.32, 1.7599
FILLER_0_77_348, 161.84, 220.32, 1.7599
_08109_, 181.84, 220.32, 1.75836
_09826_, 181.84, 220.32, 1.75836
_09830_, 181.84, 220.32, 1.75836
_09831_, 181.84, 220.32, 1.75836
_06863_, 191.84, 220.32, 1.75749
_07108_, 191.84, 220.32, 1.75749
_09832_, 191.84, 220.32, 1.75749
_09833_, 191.84, 220.32, 1.75749
_09958_, 211.84, 220.32, 1.7556
_09964_, 211.84, 220.32, 1.7556
_10016_, 211.84, 220.32, 1.7556
_10069_, 211.84, 220.32, 1.7556
_10070_, 211.84, 220.32, 1.7556
FILLER_0_77_439, 211.84, 220.32, 1.7556
FILLER_0_77_452, 211.84, 220.32, 1.7556
_09961_, 221.84, 220.32, 1.7548
_10017_, 221.84, 220.32, 1.7548
_10019_, 221.84, 220.32, 1.7548
_11332_, 221.84, 220.32, 1.7548
ANTENNA__10019__B2, 221.84, 220.32, 1.7548
FILLER_0_76_460, 221.84, 220.32, 1.7548
FILLER_0_76_467, 221.84, 220.32, 1.7548
FILLER_0_77_460, 221.84, 220.32, 1.7548
FILLER_0_77_468, 221.84, 220.32, 1.7548
_07068_, 241.84, 220.32, 1.75327
_07069_, 241.84, 220.32, 1.75327
ANTENNA__07068__A1, 241.84, 220.32, 1.75327
ANTENNA__07069__B, 241.84, 220.32, 1.75327
ANTENNA__07068__A2, 241.84, 220.32, 1.75327
FILLER_0_77_518, 241.84, 220.32, 1.75327
FILLER_0_78_520, 241.84, 220.32, 1.75327
_06981_, 251.84, 220.32, 1.75242
_06983_, 251.84, 220.32, 1.75242
_07101_, 251.84, 220.32, 1.75242
ANTENNA__06981__A, 251.84, 220.32, 1.75242
ANTENNA__07035__A1, 251.84, 220.32, 1.75242
ANTENNA__06981__B, 251.84, 220.32, 1.75242
FILLER_0_76_533, 251.84, 220.32, 1.75242
FILLER_0_77_526, 251.84, 220.32, 1.75242
FILLER_0_77_531, 251.84, 220.32, 1.75242
FILLER_0_78_584, 271.84, 220.32, 1.75068
_07225_, 281.84, 220.32, 1.74977
FILLER_0_78_601, 281.84, 220.32, 1.74977
_07402_, 301.84, 220.32, 1.748
_07475_, 301.84, 220.32, 1.748
_07477_, 301.84, 220.32, 1.748
ANTENNA__07477__B1, 301.84, 220.32, 1.748
FILLER_0_78_645, 301.84, 220.32, 1.748
_10073_, 311.84, 220.32, 1.74732
_11333_, 311.84, 220.32, 1.74732
ANTENNA__10073__A1, 311.84, 220.32, 1.74732
ANTENNA__07478__B2, 311.84, 220.32, 1.74732
ANTENNA__07750__A1, 311.84, 220.32, 1.74732
ANTENNA__07478__B1, 311.84, 220.32, 1.74732
FILLER_0_77_657, 311.84, 220.32, 1.74732
FILLER_0_77_668, 311.84, 220.32, 1.74732
_09193_, 331.84, 220.32, 1.74598
_10395_, 331.84, 220.32, 1.74598
ANTENNA__10395__S, 331.84, 220.32, 1.74598
FILLER_0_77_705, 331.84, 220.32, 1.74598
FILLER_0_77_718, 331.84, 220.32, 1.74598
_06722_, 341.84, 220.32, 1.74528
_09192_, 341.84, 220.32, 1.74528
ANTENNA__09192__S, 341.84, 220.32, 1.74528
ANTENNA__11280__RESET_B, 341.84, 220.32, 1.74528
FILLER_0_76_726, 341.84, 220.32, 1.74528
FILLER_0_76_731, 341.84, 220.32, 1.74528
_05822_, 361.84, 220.32, 1.74396
_06693_, 361.84, 220.32, 1.74396
_06694_, 361.84, 220.32, 1.74396
_11172_, 361.84, 220.32, 1.74396
ANTENNA__06693__S, 361.84, 220.32, 1.74396
ANTENNA__11172__RESET_B, 361.84, 220.32, 1.74396
FILLER_0_76_769, 361.84, 220.32, 1.74396
FILLER_0_78_777, 361.84, 220.32, 1.74396
_05829_, 371.84, 220.32, 1.74335
FILLER_0_78_797, 371.84, 220.32, 1.74335
_05824_, 394.01, 220.32, 1.74271
_09282_, 394.01, 220.32, 1.74271
_09283_, 394.01, 220.32, 1.74271
_09284_, 394.01, 220.32, 1.74271
_09285_, 394.01, 220.32, 1.74271
_11294_, 394.01, 220.32, 1.74271
ANTENNA__09280__B1, 394.01, 220.32, 1.74271
ANTENNA__11294__RESET_B, 394.01, 220.32, 1.74271
PHY_148, 5.52, 214.88, 1.76357
PHY_150, 5.52, 214.88, 1.76357
ANTENNA_input5_A, 5.52, 214.88, 1.76357
FILLER_0_76_7, 5.52, 214.88, 1.76357
PHY_149, 406.18, 214.88, 1.73465
PHY_151, 406.18, 214.88, 1.73465
FILLER_0_74_865, 406.18, 214.88, 1.73465
FILLER_0_75_860, 406.18, 214.88, 1.73465
ANTENNA__10791__S, 13.68, 214.88, 1.76357
FILLER_0_74_15, 13.68, 214.88, 1.76357
FILLER_0_76_19, 13.68, 214.88, 1.76357
_10789_, 31.84, 214.88, 1.76356
_10790_, 31.84, 214.88, 1.76356
hold289, 31.84, 214.88, 1.76356
ANTENNA_clkbuf_leaf_19_clk_A, 31.84, 214.88, 1.76356
_10896_, 41.84, 214.88, 1.76356
_11562_, 41.84, 214.88, 1.76356
ANTENNA__10789__S, 41.84, 214.88, 1.76356
ANTENNA__11562__RESET_B, 41.84, 214.88, 1.76356
FILLER_0_74_69, 41.84, 214.88, 1.76356
FILLER_0_75_87, 41.84, 214.88, 1.76356
FILLER_0_76_85, 41.84, 214.88, 1.76356
_06238_, 61.84, 214.88, 1.76351
_06249_, 61.84, 214.88, 1.76351
_10898_, 61.84, 214.88, 1.76351
_10899_, 61.84, 214.88, 1.76351
ANTENNA__10901__A2, 61.84, 214.88, 1.76351
ANTENNA__10489__S, 61.84, 214.88, 1.76351
ANTENNA__06238__B, 61.84, 214.88, 1.76351
ANTENNA__06237__A, 61.84, 214.88, 1.76351
FILLER_0_75_119, 61.84, 214.88, 1.76351
FILLER_0_75_128, 61.84, 214.88, 1.76351
FILLER_0_75_133, 61.84, 214.88, 1.76351
_06250_, 71.84, 214.88, 1.76347
_06251_, 71.84, 214.88, 1.76347
_10393_, 71.84, 214.88, 1.76347
ANTENNA__06237__B, 71.84, 214.88, 1.76347
FILLER_0_75_152, 71.84, 214.88, 1.76347
_10996_, 91.84, 214.88, 1.7633
_11110_, 91.84, 214.88, 1.7633
hold180, 91.84, 214.88, 1.7633
ANTENNA__11053__S, 91.84, 214.88, 1.7633
ANTENNA__11646__RESET_B, 91.84, 214.88, 1.7633
ANTENNA__11618__RESET_B, 91.84, 214.88, 1.7633
FILLER_0_75_177, 91.84, 214.88, 1.7633
_06580_, 101.84, 214.88, 1.76316
_06908_, 101.84, 214.88, 1.76316
_06910_, 101.84, 214.88, 1.76316
hold147, 101.84, 214.88, 1.76316
ANTENNA__11110__S, 101.84, 214.88, 1.76316
FILLER_0_75_202, 101.84, 214.88, 1.76316
FILLER_0_75_210, 101.84, 214.88, 1.76316
FILLER_0_76_210, 101.84, 214.88, 1.76316
FILLER_0_76_220, 101.84, 214.88, 1.76316
_11343_, 121.84, 214.88, 1.76272
ANTENNA__11343__RESET_B, 121.84, 214.88, 1.76272
FILLER_0_74_248, 121.84, 214.88, 1.76272
FILLER_0_75_245, 121.84, 214.88, 1.76272
_06790_, 131.84, 214.88, 1.76239
_06791_, 131.84, 214.88, 1.76239
_09696_, 131.84, 214.88, 1.76239
hold410, 131.84, 214.88, 1.76239
ANTENNA__06791__A, 131.84, 214.88, 1.76239
ANTENNA__06791__B, 131.84, 214.88, 1.76239
FILLER_0_75_275, 131.84, 214.88, 1.76239
FILLER_0_75_281, 131.84, 214.88, 1.76239
_06792_, 151.84, 214.88, 1.7614
_09643_, 151.84, 214.88, 1.7614
_09755_, 151.84, 214.88, 1.7614
ANTENNA__06931__B1, 151.84, 214.88, 1.7614
ANTENNA__09491__B, 151.84, 214.88, 1.7614
FILLER_0_75_317, 151.84, 214.88, 1.7614
_09471_, 161.84, 214.88, 1.76073
_09472_, 161.84, 214.88, 1.76073
_09473_, 161.84, 214.88, 1.76073
ANTENNA__09473__B1, 161.84, 214.88, 1.76073
ANTENNA__09753__A2, 161.84, 214.88, 1.76073
ANTENNA__09471__B, 161.84, 214.88, 1.76073
ANTENNA__09753__A1, 161.84, 214.88, 1.76073
ANTENNA__09922__A1, 161.84, 214.88, 1.76073
ANTENNA__09472__A, 161.84, 214.88, 1.76073
FILLER_0_74_333, 161.84, 214.88, 1.76073
FILLER_0_75_337, 161.84, 214.88, 1.76073
_06884_, 181.84, 214.88, 1.75918
_09707_, 181.84, 214.88, 1.75918
FILLER_0_75_383, 181.84, 214.88, 1.75918
FILLER_0_76_390, 181.84, 214.88, 1.75918
FILLER_0_76_414, 191.84, 214.88, 1.75831
_09959_, 211.84, 214.88, 1.75645
ANTENNA__09962__B1, 211.84, 214.88, 1.75645
FILLER_0_75_444, 211.84, 214.88, 1.75645
FILLER_0_75_449, 211.84, 214.88, 1.75645
FILLER_0_76_451, 211.84, 214.88, 1.75645
_09962_, 221.84, 214.88, 1.75555
_09963_, 221.84, 214.88, 1.75555
ANTENNA__06864__B, 221.84, 214.88, 1.75555
ANTENNA__09963__A2, 221.84, 214.88, 1.75555
FILLER_0_74_469, 221.84, 214.88, 1.75555
FILLER_0_75_467, 221.84, 214.88, 1.75555
_07038_, 241.84, 214.88, 1.7538
_07070_, 241.84, 214.88, 1.7538
_07072_, 241.84, 214.88, 1.7538
_07116_, 241.84, 214.88, 1.7538
ANTENNA__07013__A1, 241.84, 214.88, 1.7538
ANTENNA__07039__B, 241.84, 214.88, 1.7538
FILLER_0_74_512, 241.84, 214.88, 1.7538
FILLER_0_75_513, 241.84, 214.88, 1.7538
FILLER_0_76_521, 241.84, 214.88, 1.7538
_07036_, 251.84, 214.88, 1.75289
_07039_, 251.84, 214.88, 1.75289
_07040_, 251.84, 214.88, 1.75289
_07102_, 251.84, 214.88, 1.75289
ANTENNA__07037__A, 251.84, 214.88, 1.75289
FILLER_0_75_543, 251.84, 214.88, 1.75289
_07043_, 271.84, 214.88, 1.75099
_07096_, 271.84, 214.88, 1.75099
_07149_, 271.84, 214.88, 1.75099
FILLER_0_74_571, 271.84, 214.88, 1.75099
FILLER_0_75_571, 271.84, 214.88, 1.75099
FILLER_0_76_581, 271.84, 214.88, 1.75099
_07115_, 281.84, 214.88, 1.75002
_07165_, 281.84, 214.88, 1.75002
_07166_, 281.84, 214.88, 1.75002
_07226_, 281.84, 214.88, 1.75002
_07228_, 281.84, 214.88, 1.75002
FILLER_0_75_604, 281.84, 214.88, 1.75002
_07318_, 301.84, 214.88, 1.74812
_07398_, 301.84, 214.88, 1.74812
_07478_, 301.84, 214.88, 1.74812
_11223_, 301.84, 214.88, 1.74812
ANTENNA_clkbuf_leaf_48_clk_A, 301.84, 214.88, 1.74812
FILLER_0_75_636, 301.84, 214.88, 1.74812
_07750_, 311.84, 214.88, 1.74734
_07751_, 311.84, 214.88, 1.74734
_05773_, 331.84, 214.88, 1.7459
ANTENNA__10395__A1, 331.84, 214.88, 1.7459
ANTENNA__10395__A0, 331.84, 214.88, 1.7459
FILLER_0_75_719, 331.84, 214.88, 1.7459
_06690_, 341.84, 214.88, 1.74503
_09102_, 341.84, 214.88, 1.74503
_11265_, 341.84, 214.88, 1.74503
ANTENNA__06690__S, 341.84, 214.88, 1.74503
ANTENNA_clkbuf_leaf_44_clk_A, 341.84, 214.88, 1.74503
_05776_, 361.84, 214.88, 1.74267
_05777_, 361.84, 214.88, 1.74267
_05821_, 361.84, 214.88, 1.74267
_05823_, 361.84, 214.88, 1.74267
ANTENNA__05823__B1, 361.84, 214.88, 1.74267
FILLER_0_75_781, 361.84, 214.88, 1.74267
_05825_, 394.01, 214.88, 1.73465
_09281_, 394.01, 214.88, 1.73465
output33, 394.01, 214.88, 1.73465
FILLER_0_74_842, 394.01, 214.88, 1.73465
FILLER_0_75_832, 394.01, 214.88, 1.73465
PHY_144, 5.52, 209.44, 1.76424
PHY_146, 5.52, 209.44, 1.76424
FILLER_0_73_3, 5.52, 209.44, 1.76424
PHY_145, 406.18, 209.44, 1.74337
PHY_147, 406.18, 209.44, 1.74337
ANTENNA__05828__B2, 406.18, 209.44, 1.74337
FILLER_0_72_861, 406.18, 209.44, 1.74337
FILLER_0_73_865, 406.18, 209.44, 1.74337
_10636_, 13.68, 209.44, 1.76424
_10637_, 13.68, 209.44, 1.76424
_11463_, 13.68, 209.44, 1.76424
_10538_, 31.84, 209.44, 1.76424
hold386, 31.84, 209.44, 1.76424
FILLER_0_73_52, 31.84, 209.44, 1.76424
FILLER_0_73_65, 31.84, 209.44, 1.76424
_10485_, 41.84, 209.44, 1.76424
_10486_, 41.84, 209.44, 1.76424
_10895_, 41.84, 209.44, 1.76424
_11561_, 41.84, 209.44, 1.76424
FILLER_0_74_79, 41.84, 209.44, 1.76424
_06237_, 61.84, 209.44, 1.76423
_06247_, 61.84, 209.44, 1.76423
_10894_, 61.84, 209.44, 1.76423
ANTENNA__10894__A1, 61.84, 209.44, 1.76423
ANTENNA__06247__A2, 61.84, 209.44, 1.76423
FILLER_0_72_113, 61.84, 209.44, 1.76423
FILLER_0_73_113, 61.84, 209.44, 1.76423
_06239_, 71.84, 209.44, 1.76422
_06275_, 71.84, 209.44, 1.76422
ANTENNA__06251__B1, 71.84, 209.44, 1.76422
ANTENNA__06275__B1, 71.84, 209.44, 1.76422
ANTENNA_clkbuf_leaf_17_clk_A, 71.84, 209.44, 1.76422
FILLER_0_72_137, 71.84, 209.44, 1.76422
FILLER_0_72_141, 71.84, 209.44, 1.76422
FILLER_0_73_144, 71.84, 209.44, 1.76422
FILLER_0_74_152, 71.84, 209.44, 1.76422
_06587_, 91.84, 209.44, 1.7641
_06588_, 91.84, 209.44, 1.7641
_11157_, 91.84, 209.44, 1.7641
_06583_, 101.84, 209.44, 1.764
_06584_, 101.84, 209.44, 1.764
_06586_, 101.84, 209.44, 1.764
ANTENNA__06587__S, 101.84, 209.44, 1.764
ANTENNA__11157__RESET_B, 101.84, 209.44, 1.764
FILLER_0_72_209, 101.84, 209.44, 1.764
FILLER_0_73_218, 101.84, 209.44, 1.764
_11102_, 121.84, 209.44, 1.7636
hold9, 121.84, 209.44, 1.7636
ANTENNA__11102__S, 121.84, 209.44, 1.7636
FILLER_0_74_257, 121.84, 209.44, 1.7636
_09640_, 131.84, 209.44, 1.76329
_09682_, 131.84, 209.44, 1.76329
_11045_, 131.84, 209.44, 1.76329
_11046_, 131.84, 209.44, 1.76329
hold345, 131.84, 209.44, 1.76329
FILLER_0_73_281, 131.84, 209.44, 1.76329
_06883_, 151.84, 209.44, 1.76227
_09491_, 151.84, 209.44, 1.76227
_09555_, 151.84, 209.44, 1.76227
_09556_, 151.84, 209.44, 1.76227
_09644_, 151.84, 209.44, 1.76227
_09922_, 161.84, 209.44, 1.76156
ANTENNA__09556__A2, 161.84, 209.44, 1.76156
ANTENNA__09556__A1, 161.84, 209.44, 1.76156
ANTENNA__09922__A2, 161.84, 209.44, 1.76156
FILLER_0_73_333, 161.84, 209.44, 1.76156
_09705_, 181.84, 209.44, 1.75989
_09706_, 181.84, 209.44, 1.75989
_09708_, 181.84, 209.44, 1.75989
_09760_, 181.84, 209.44, 1.75989
_09761_, 181.84, 209.44, 1.75989
ANTENNA__09823__A2, 181.84, 209.44, 1.75989
FILLER_0_73_387, 181.84, 209.44, 1.75989
_09767_, 191.84, 209.44, 1.75899
_09768_, 191.84, 209.44, 1.75899
_09769_, 191.84, 209.44, 1.75899
_09770_, 191.84, 209.44, 1.75899
FILLER_0_74_414, 191.84, 209.44, 1.75899
_09788_, 211.84, 209.44, 1.75707
_09909_, 211.84, 209.44, 1.75707
_09910_, 211.84, 209.44, 1.75707
_09911_, 211.84, 209.44, 1.75707
_09960_, 211.84, 209.44, 1.75707
ANTENNA__09788__A, 211.84, 209.44, 1.75707
FILLER_0_74_453, 211.84, 209.44, 1.75707
_06835_, 221.84, 209.44, 1.7562
_06864_, 221.84, 209.44, 1.7562
_11331_, 221.84, 209.44, 1.7562
ANTENNA__06864__A, 221.84, 209.44, 1.7562
ANTENNA__11331__RESET_B, 221.84, 209.44, 1.7562
FILLER_0_73_478, 221.84, 209.44, 1.7562
_07009_, 241.84, 209.44, 1.7544
_07010_, 241.84, 209.44, 1.7544
_07015_, 241.84, 209.44, 1.7544
_07016_, 241.84, 209.44, 1.7544
_07037_, 241.84, 209.44, 1.7544
_07071_, 241.84, 209.44, 1.7544
ANTENNA__07037__B, 241.84, 209.44, 1.7544
_06809_, 251.84, 209.44, 1.75349
ANTENNA__06985__A, 251.84, 209.44, 1.75349
ANTENNA__06985__B, 251.84, 209.44, 1.75349
_07033_, 271.84, 209.44, 1.75162
_07148_, 271.84, 209.44, 1.75162
FILLER_0_72_577, 271.84, 209.44, 1.75162
FILLER_0_74_583, 271.84, 209.44, 1.75162
_07150_, 281.84, 209.44, 1.75069
_07151_, 281.84, 209.44, 1.75069
FILLER_0_73_597, 281.84, 209.44, 1.75069
FILLER_0_74_607, 281.84, 209.44, 1.75069
_07399_, 301.84, 209.44, 1.74893
_07400_, 301.84, 209.44, 1.74893
clkbuf_leaf_48_clk, 301.84, 209.44, 1.74893
ANTENNA__07400__B1, 301.84, 209.44, 1.74893
FILLER_0_72_637, 301.84, 209.44, 1.74893
FILLER_0_73_635, 301.84, 209.44, 1.74893
FILLER_0_74_645, 301.84, 209.44, 1.74893
_11227_, 311.84, 209.44, 1.74818
ANTENNA__07401__B2, 311.84, 209.44, 1.74818
FILLER_0_73_667, 311.84, 209.44, 1.74818
FILLER_0_73_673, 311.84, 209.44, 1.74818
_05774_, 331.84, 209.44, 1.74671
_09094_, 331.84, 209.44, 1.74671
_09095_, 331.84, 209.44, 1.74671
FILLER_0_73_707, 331.84, 209.44, 1.74671
_09101_, 341.84, 209.44, 1.74598
_11171_, 341.84, 209.44, 1.74598
ANTENNA__11171__RESET_B, 341.84, 209.44, 1.74598
FILLER_0_72_725, 341.84, 209.44, 1.74598
FILLER_0_73_723, 341.84, 209.44, 1.74598
_09098_, 361.84, 209.44, 1.74462
_11307_, 361.84, 209.44, 1.74462
ANTENNA__09100__A1, 361.84, 209.44, 1.74462
ANTENNA__09099__A, 361.84, 209.44, 1.74462
ANTENNA__11307__RESET_B, 361.84, 209.44, 1.74462
FILLER_0_73_774, 361.84, 209.44, 1.74462
FILLER_0_73_785, 361.84, 209.44, 1.74462
FILLER_0_74_775, 361.84, 209.44, 1.74462
_06144_, 371.84, 209.44, 1.744
_09370_, 371.84, 209.44, 1.744
_09371_, 371.84, 209.44, 1.744
_09372_, 371.84, 209.44, 1.744
ANTENNA__06143__A1, 371.84, 209.44, 1.744
FILLER_0_72_792, 371.84, 209.44, 1.744
_05793_, 394.01, 209.44, 1.74337
_05828_, 394.01, 209.44, 1.74337
_09279_, 394.01, 209.44, 1.74337
ANTENNA__05826__B1, 394.01, 209.44, 1.74337
ANTENNA__09281__A1, 394.01, 209.44, 1.74337
FILLER_0_72_834, 394.01, 209.44, 1.74337
FILLER_0_74_857, 394.01, 209.44, 1.74337
_10687_, 5.52, 204, 1.76489
_11487_, 5.52, 204, 1.76489
PHY_140, 5.52, 204, 1.76489
PHY_142, 5.52, 204, 1.76489
FILLER_0_71_3, 5.52, 204, 1.76489
PHY_141, 406.18, 204, 1.72894
PHY_143, 406.18, 204, 1.72894
ANTENNA__06116__A, 406.18, 204, 1.72894
_10686_, 13.68, 204, 1.76489
hold313, 13.68, 204, 1.76489
FILLER_0_72_23, 13.68, 204, 1.76489
_10537_, 31.84, 204, 1.76492
ANTENNA__10785__S, 31.84, 204, 1.76492
FILLER_0_71_53, 31.84, 204, 1.76492
FILLER_0_71_66, 31.84, 204, 1.76492
FILLER_0_72_66, 31.84, 204, 1.76492
_11390_, 41.84, 204, 1.76494
hold373, 41.84, 204, 1.76494
ANTENNA__10485__S, 41.84, 204, 1.76494
FILLER_0_72_81, 41.84, 204, 1.76494
_10891_, 61.84, 204, 1.76499
_10892_, 61.84, 204, 1.76499
_10893_, 61.84, 204, 1.76499
ANTENNA__11560__RESET_B, 61.84, 204, 1.76499
FILLER_0_71_125, 61.84, 204, 1.76499
FILLER_0_71_131, 61.84, 204, 1.76499
_06240_, 71.84, 204, 1.76501
_06565_, 71.84, 204, 1.76501
_06566_, 71.84, 204, 1.76501
_11155_, 71.84, 204, 1.76501
ANTENNA__06239__B, 71.84, 204, 1.76501
FILLER_0_70_134, 71.84, 204, 1.76501
_11049_, 91.84, 204, 1.76498
_11050_, 91.84, 204, 1.76498
hold25, 91.84, 204, 1.76498
FILLER_0_71_181, 91.84, 204, 1.76498
FILLER_0_72_193, 91.84, 204, 1.76498
_06567_, 101.84, 204, 1.76493
_06568_, 101.84, 204, 1.76493
_06581_, 101.84, 204, 1.76493
_06582_, 101.84, 204, 1.76493
_06855_, 101.84, 204, 1.76493
_06906_, 101.84, 204, 1.76493
ANTENNA__11049__S, 101.84, 204, 1.76493
ANTENNA__11616__RESET_B, 101.84, 204, 1.76493
FILLER_0_70_201, 101.84, 204, 1.76493
FILLER_0_71_206, 101.84, 204, 1.76493
_06548_, 121.84, 204, 1.76461
_11103_, 121.84, 204, 1.76461
_11614_, 121.84, 204, 1.76461
_11642_, 121.84, 204, 1.76461
ANTENNA__06548__A2, 121.84, 204, 1.76461
ANTENNA__11642__RESET_B, 121.84, 204, 1.76461
FILLER_0_70_247, 121.84, 204, 1.76461
FILLER_0_71_257, 121.84, 204, 1.76461
hold344, 131.84, 204, 1.76435
ANTENNA__11045__S, 131.84, 204, 1.76435
FILLER_0_71_285, 131.84, 204, 1.76435
_08410_, 151.84, 204, 1.7633
_09557_, 151.84, 204, 1.7633
_09591_, 151.84, 204, 1.7633
_09645_, 151.84, 204, 1.7633
_09886_, 151.84, 204, 1.7633
_09887_, 151.84, 204, 1.7633
ANTENNA__06883__A, 151.84, 204, 1.7633
ANTENNA__09887__A3, 151.84, 204, 1.7633
ANTENNA__09887__A1, 151.84, 204, 1.7633
ANTENNA__09886__A1, 151.84, 204, 1.7633
_09698_, 161.84, 204, 1.76256
_09699_, 161.84, 204, 1.76256
_09751_, 161.84, 204, 1.76256
ANTENNA__09498__A, 161.84, 204, 1.76256
ANTENNA__09887__A2, 161.84, 204, 1.76256
ANTENNA__09698__A1, 161.84, 204, 1.76256
ANTENNA__09556__B2, 161.84, 204, 1.76256
ANTENNA__09886__A2, 161.84, 204, 1.76256
FILLER_0_70_333, 161.84, 204, 1.76256
FILLER_0_71_333, 161.84, 204, 1.76256
FILLER_0_72_347, 161.84, 204, 1.76256
_09762_, 181.84, 204, 1.76085
_09763_, 181.84, 204, 1.76085
FILLER_0_70_377, 181.84, 204, 1.76085
FILLER_0_71_373, 181.84, 204, 1.76085
_09764_, 191.84, 204, 1.75986
_09765_, 191.84, 204, 1.75986
_09766_, 191.84, 204, 1.75986
_09771_, 191.84, 204, 1.75986
ANTENNA__09762__B, 191.84, 204, 1.75986
FILLER_0_71_397, 191.84, 204, 1.75986
FILLER_0_72_412, 191.84, 204, 1.75986
_09840_, 211.84, 204, 1.75779
_09908_, 211.84, 204, 1.75779
_09913_, 211.84, 204, 1.75779
ANTENNA__06835__A, 211.84, 204, 1.75779
FILLER_0_71_438, 211.84, 204, 1.75779
FILLER_0_71_455, 211.84, 204, 1.75779
FILLER_0_72_450, 211.84, 204, 1.75779
_07011_, 221.84, 204, 1.75686
_07169_, 221.84, 204, 1.75686
ANTENNA__07011__A1, 221.84, 204, 1.75686
ANTENNA__06835__B, 221.84, 204, 1.75686
ANTENNA__07011__A2, 221.84, 204, 1.75686
FILLER_0_72_473, 221.84, 204, 1.75686
_06808_, 241.84, 204, 1.75496
_06984_, 241.84, 204, 1.75496
ANTENNA__07009__A, 241.84, 204, 1.75496
ANTENNA__06984__A1, 241.84, 204, 1.75496
ANTENNA__07253__A, 241.84, 204, 1.75496
ANTENNA__06984__A2, 241.84, 204, 1.75496
ANTENNA__06984__B1, 241.84, 204, 1.75496
ANTENNA__07009__B, 241.84, 204, 1.75496
FILLER_0_71_509, 241.84, 204, 1.75496
FILLER_0_72_517, 241.84, 204, 1.75496
FILLER_0_72_523, 241.84, 204, 1.75496
_06985_, 251.84, 204, 1.75397
_06986_, 251.84, 204, 1.75397
max_cap66, 251.84, 204, 1.75397
ANTENNA__06809__A, 251.84, 204, 1.75397
ANTENNA__06916__A, 251.84, 204, 1.75397
ANTENNA__06984__B2, 251.84, 204, 1.75397
FILLER_0_71_542, 251.84, 204, 1.75397
_06989_, 271.84, 204, 1.75196
_07044_, 271.84, 204, 1.75196
_07045_, 271.84, 204, 1.75196
_07152_, 271.84, 204, 1.75196
FILLER_0_72_585, 271.84, 204, 1.75196
_07076_, 281.84, 204, 1.75095
_07077_, 281.84, 204, 1.75095
_07078_, 281.84, 204, 1.75095
_07153_, 281.84, 204, 1.75095
_07154_, 281.84, 204, 1.75095
_07155_, 281.84, 204, 1.75095
FILLER_0_71_603, 281.84, 204, 1.75095
FILLER_0_72_601, 281.84, 204, 1.75095
_07315_, 301.84, 204, 1.7491
_07401_, 301.84, 204, 1.7491
_11222_, 301.84, 204, 1.7491
FILLER_0_71_642, 301.84, 204, 1.7491
hold471, 311.84, 204, 1.7483
ANTENNA__11222__RESET_B, 311.84, 204, 1.7483
FILLER_0_70_656, 311.84, 204, 1.7483
FILLER_0_72_671, 311.84, 204, 1.7483
_05768_, 331.84, 204, 1.74642
_06691_, 341.84, 204, 1.74535
ANTENNA__09101__S, 341.84, 204, 1.74535
FILLER_0_71_721, 341.84, 204, 1.74535
_05778_, 361.84, 204, 1.74209
_05781_, 361.84, 204, 1.74209
_05782_, 361.84, 204, 1.74209
_05783_, 361.84, 204, 1.74209
FILLER_0_71_765, 361.84, 204, 1.74209
FILLER_0_72_781, 361.84, 204, 1.74209
_05766_, 371.84, 204, 1.73992
_05794_, 371.84, 204, 1.73992
_06143_, 371.84, 204, 1.73992
_09369_, 371.84, 204, 1.73992
ANTENNA__05783__B1, 371.84, 204, 1.73992
ANTENNA__05766__A1, 371.84, 204, 1.73992
ANTENNA__09370__S, 371.84, 204, 1.73992
FILLER_0_71_789, 371.84, 204, 1.73992
FILLER_0_71_798, 371.84, 204, 1.73992
_05785_, 394.01, 204, 1.72894
_05826_, 394.01, 204, 1.72894
_05827_, 394.01, 204, 1.72894
_09270_, 394.01, 204, 1.72894
_09278_, 394.01, 204, 1.72894
output32, 394.01, 204, 1.72894
ANTENNA__09272__A1, 394.01, 204, 1.72894
FILLER_0_71_837, 394.01, 204, 1.72894
_11511_, 5.52, 198.56, 1.76556
PHY_136, 5.52, 198.56, 1.76556
PHY_138, 5.52, 198.56, 1.76556
input4, 5.52, 198.56, 1.76556
_05792_, 406.18, 198.56, 1.74365
PHY_137, 406.18, 198.56, 1.74365
PHY_139, 406.18, 198.56, 1.74365
FILLER_0_68_862, 406.18, 198.56, 1.74365
FILLER_0_69_865, 406.18, 198.56, 1.74365
_10736_, 13.68, 198.56, 1.76556
_10737_, 13.68, 198.56, 1.76556
ANTENNA_input4_A, 13.68, 198.56, 1.76556
ANTENNA__10686__S, 13.68, 198.56, 1.76556
FILLER_0_68_15, 13.68, 198.56, 1.76556
FILLER_0_69_14, 13.68, 198.56, 1.76556
_10484_, 31.84, 198.56, 1.76561
_11389_, 31.84, 198.56, 1.76561
hold245, 31.84, 198.56, 1.76561
ANTENNA__10537__S, 31.84, 198.56, 1.76561
ANTENNA__11535__RESET_B, 31.84, 198.56, 1.76561
FILLER_0_70_68, 31.84, 198.56, 1.76561
_10739_, 41.84, 198.56, 1.76566
_11536_, 41.84, 198.56, 1.76566
hold102, 41.84, 198.56, 1.76566
ANTENNA__10483__S, 41.84, 198.56, 1.76566
ANTENNA__10483__A0, 41.84, 198.56, 1.76566
FILLER_0_69_85, 41.84, 198.56, 1.76566
FILLER_0_70_80, 41.84, 198.56, 1.76566
_10887_, 61.84, 198.56, 1.76577
_10889_, 61.84, 198.56, 1.76577
_11560_, 61.84, 198.56, 1.76577
_06241_, 71.84, 198.56, 1.76583
_06273_, 71.84, 198.56, 1.76583
_06274_, 71.84, 198.56, 1.76583
_06276_, 71.84, 198.56, 1.76583
ANTENNA__10887__A2, 71.84, 198.56, 1.76583
FILLER_0_70_153, 71.84, 198.56, 1.76583
_11616_, 91.84, 198.56, 1.76591
ANTENNA__11106__S, 91.84, 198.56, 1.76591
_06562_, 101.84, 198.56, 1.76592
_06573_, 101.84, 198.56, 1.76592
hold126, 101.84, 198.56, 1.76592
ANTENNA__06573__B1, 101.84, 198.56, 1.76592
FILLER_0_69_219, 101.84, 198.56, 1.76592
FILLER_0_70_218, 101.84, 198.56, 1.76592
_06827_, 121.84, 198.56, 1.76569
clkbuf_leaf_13_clk, 121.84, 198.56, 1.76569
ANTENNA__06827__A1, 121.84, 198.56, 1.76569
ANTENNA__11614__RESET_B, 121.84, 198.56, 1.76569
ANTENNA_clkbuf_leaf_13_clk_A, 121.84, 198.56, 1.76569
FILLER_0_69_244, 121.84, 198.56, 1.76569
FILLER_0_69_252, 121.84, 198.56, 1.76569
FILLER_0_69_257, 121.84, 198.56, 1.76569
_09593_, 131.84, 198.56, 1.76548
_10987_, 131.84, 198.56, 1.76548
_10988_, 131.84, 198.56, 1.76548
_11586_, 131.84, 198.56, 1.76548
fanout83, 131.84, 198.56, 1.76548
ANTENNA__10987__S, 131.84, 198.56, 1.76548
ANTENNA_fanout83_A, 131.84, 198.56, 1.76548
_06932_, 151.84, 198.56, 1.76441
_09467_, 151.84, 198.56, 1.76441
_09469_, 151.84, 198.56, 1.76441
_09526_, 151.84, 198.56, 1.76441
ANTENNA__08410__A, 151.84, 198.56, 1.76441
ANTENNA__09469__C, 151.84, 198.56, 1.76441
FILLER_0_69_315, 151.84, 198.56, 1.76441
_09450_, 161.84, 198.56, 1.76361
_09468_, 161.84, 198.56, 1.76361
_09527_, 161.84, 198.56, 1.76361
_09599_, 161.84, 198.56, 1.76361
_09600_, 161.84, 198.56, 1.76361
ANTENNA__09450__A, 161.84, 198.56, 1.76361
ANTENNA__09468__A, 161.84, 198.56, 1.76361
_09648_, 181.84, 198.56, 1.76177
_09650_, 181.84, 198.56, 1.76177
_09709_, 181.84, 198.56, 1.76177
ANTENNA__09762__A, 181.84, 198.56, 1.76177
ANTENNA__09650__A, 181.84, 198.56, 1.76177
FILLER_0_69_380, 181.84, 198.56, 1.76177
FILLER_0_69_393, 181.84, 198.56, 1.76177
_09710_, 191.84, 198.56, 1.76072
_09711_, 191.84, 198.56, 1.76072
_06963_, 211.84, 198.56, 1.75861
_06995_, 211.84, 198.56, 1.75861
ANTENNA__06994__B, 211.84, 198.56, 1.75861
FILLER_0_68_438, 211.84, 198.56, 1.75861
FILLER_0_69_443, 211.84, 198.56, 1.75861
FILLER_0_69_449, 211.84, 198.56, 1.75861
_06836_, 221.84, 198.56, 1.75756
_06838_, 221.84, 198.56, 1.75756
_06915_, 221.84, 198.56, 1.75756
_06949_, 221.84, 198.56, 1.75756
FILLER_0_69_465, 221.84, 198.56, 1.75756
FILLER_0_69_473, 221.84, 198.56, 1.75756
_06832_, 241.84, 198.56, 1.75553
_06833_, 241.84, 198.56, 1.75553
_06916_, 241.84, 198.56, 1.75553
_06967_, 241.84, 198.56, 1.75553
_06993_, 241.84, 198.56, 1.75553
_07253_, 241.84, 198.56, 1.75553
ANTENNA__06916__B, 241.84, 198.56, 1.75553
ANTENNA__06786__B, 241.84, 198.56, 1.75553
ANTENNA__06786__A_N, 241.84, 198.56, 1.75553
FILLER_0_68_509, 241.84, 198.56, 1.75553
_06965_, 251.84, 198.56, 1.75453
_06987_, 251.84, 198.56, 1.75453
_07046_, 251.84, 198.56, 1.75453
ANTENNA__06965__A, 251.84, 198.56, 1.75453
ANTENNA__06965__B, 251.84, 198.56, 1.75453
FILLER_0_68_528, 251.84, 198.56, 1.75453
FILLER_0_68_533, 251.84, 198.56, 1.75453
FILLER_0_70_589, 271.84, 198.56, 1.75254
_07156_, 281.84, 198.56, 1.75153
_07157_, 281.84, 198.56, 1.75153
FILLER_0_69_609, 281.84, 198.56, 1.75153
_07316_, 301.84, 198.56, 1.74967
_07317_, 301.84, 198.56, 1.74967
_11221_, 301.84, 198.56, 1.74967
ANTENNA__07317__A2, 301.84, 198.56, 1.74967
ANTENNA__07316__A, 301.84, 198.56, 1.74967
FILLER_0_68_641, 301.84, 198.56, 1.74967
FILLER_0_69_634, 301.84, 198.56, 1.74967
_05690_, 311.84, 198.56, 1.74887
_05692_, 311.84, 198.56, 1.74887
hold462, 311.84, 198.56, 1.74887
ANTENNA__09914__S, 311.84, 198.56, 1.74887
ANTENNA__05690__A_N, 311.84, 198.56, 1.74887
FILLER_0_68_657, 311.84, 198.56, 1.74887
_05732_, 331.84, 198.56, 1.74728
_05738_, 331.84, 198.56, 1.74728
_06720_, 331.84, 198.56, 1.74728
_11185_, 331.84, 198.56, 1.74728
FILLER_0_68_708, 331.84, 198.56, 1.74728
FILLER_0_69_720, 331.84, 198.56, 1.74728
_06719_, 341.84, 198.56, 1.7465
_11264_, 341.84, 198.56, 1.7465
ANTENNA__11264__RESET_B, 341.84, 198.56, 1.7465
ANTENNA__11185__RESET_B, 341.84, 198.56, 1.7465
FILLER_0_70_740, 341.84, 198.56, 1.7465
_05740_, 361.84, 198.56, 1.74504
_05741_, 361.84, 198.56, 1.74504
_05779_, 361.84, 198.56, 1.74504
_06689_, 361.84, 198.56, 1.74504
FILLER_0_69_781, 361.84, 198.56, 1.74504
FILLER_0_70_780, 361.84, 198.56, 1.74504
_05767_, 371.84, 198.56, 1.74436
FILLER_0_70_797, 371.84, 198.56, 1.74436
_05558_, 394.01, 198.56, 1.74366
_05788_, 394.01, 198.56, 1.74366
_06116_, 394.01, 198.56, 1.74366
_09275_, 394.01, 198.56, 1.74366
_09277_, 394.01, 198.56, 1.74366
ANTENNA__09275__S, 394.01, 198.56, 1.74366
_11462_, 5.52, 193.12, 1.76623
PHY_132, 5.52, 193.12, 1.76623
PHY_134, 5.52, 193.12, 1.76623
FILLER_0_67_3, 5.52, 193.12, 1.76623
PHY_133, 406.18, 193.12, 1.74385
PHY_135, 406.18, 193.12, 1.74385
FILLER_0_66_865, 406.18, 193.12, 1.74385
FILLER_0_67_863, 406.18, 193.12, 1.74385
_10634_, 13.68, 193.12, 1.76623
_10635_, 13.68, 193.12, 1.76623
hold229, 13.68, 193.12, 1.76623
ANTENNA__11462__RESET_B, 13.68, 193.12, 1.76623
FILLER_0_68_23, 13.68, 193.12, 1.76623
_10483_, 31.84, 193.12, 1.7663
_10535_, 31.84, 193.12, 1.7663
_11414_, 31.84, 193.12, 1.7663
hold47, 31.84, 193.12, 1.7663
ANTENNA__10535__S, 31.84, 193.12, 1.7663
FILLER_0_67_49, 31.84, 193.12, 1.7663
_10688_, 41.84, 193.12, 1.76637
_10738_, 41.84, 193.12, 1.76637
_11512_, 41.84, 193.12, 1.76637
ANTENNA__11536__RESET_B, 41.84, 193.12, 1.76637
FILLER_0_68_85, 41.84, 193.12, 1.76637
_06235_, 61.84, 193.12, 1.76655
_06243_, 61.84, 193.12, 1.76655
_10888_, 61.84, 193.12, 1.76655
hold256, 61.84, 193.12, 1.76655
ANTENNA__06243__A2, 61.84, 193.12, 1.76655
ANTENNA__06235__C, 61.84, 193.12, 1.76655
ANTENNA__10589__S, 61.84, 193.12, 1.76655
ANTENNA__10889__S, 61.84, 193.12, 1.76655
FILLER_0_67_117, 61.84, 193.12, 1.76655
FILLER_0_68_129, 61.84, 193.12, 1.76655
_06242_, 71.84, 193.12, 1.76666
_06252_, 71.84, 193.12, 1.76666
_06300_, 71.84, 193.12, 1.76666
_06558_, 71.84, 193.12, 1.76666
wire73, 71.84, 193.12, 1.76666
FILLER_0_67_141, 71.84, 193.12, 1.76666
FILLER_0_68_150, 71.84, 193.12, 1.76666
_10991_, 91.84, 193.12, 1.76685
hold24, 91.84, 193.12, 1.76685
ANTENNA__06575__A2, 91.84, 193.12, 1.76685
ANTENNA__06575__B1, 91.84, 193.12, 1.76685
ANTENNA__10991__S, 91.84, 193.12, 1.76685
ANTENNA__11644__RESET_B, 91.84, 193.12, 1.76685
FILLER_0_67_186, 91.84, 193.12, 1.76685
FILLER_0_68_192, 91.84, 193.12, 1.76685
_06559_, 101.84, 193.12, 1.76692
_06570_, 101.84, 193.12, 1.76692
_06571_, 101.84, 193.12, 1.76692
_06572_, 101.84, 193.12, 1.76692
FILLER_0_67_203, 101.84, 193.12, 1.76692
_06826_, 121.84, 193.12, 1.76683
_09439_, 121.84, 193.12, 1.76683
_11154_, 121.84, 193.12, 1.76683
ANTENNA__09439__A1, 121.84, 193.12, 1.76683
ANTENNA__06796__A1, 121.84, 193.12, 1.76683
FILLER_0_66_247, 121.84, 193.12, 1.76683
FILLER_0_67_245, 121.84, 193.12, 1.76683
hold16, 131.84, 193.12, 1.76668
ANTENNA__11154__RESET_B, 131.84, 193.12, 1.76668
FILLER_0_67_281, 131.84, 193.12, 1.76668
_06954_, 151.84, 193.12, 1.76564
_09520_, 151.84, 193.12, 1.76564
_09522_, 151.84, 193.12, 1.76564
ANTENNA__06954__A, 151.84, 193.12, 1.76564
ANTENNA__09526__A, 151.84, 193.12, 1.76564
FILLER_0_66_318, 151.84, 193.12, 1.76564
FILLER_0_67_314, 151.84, 193.12, 1.76564
FILLER_0_67_322, 151.84, 193.12, 1.76564
FILLER_0_68_326, 151.84, 193.12, 1.76564
_09433_, 161.84, 193.12, 1.76477
_09562_, 161.84, 193.12, 1.76477
ANTENNA__09562__A1, 161.84, 193.12, 1.76477
ANTENNA__09433__A, 161.84, 193.12, 1.76477
ANTENNA__09492__B1, 161.84, 193.12, 1.76477
ANTENNA__09562__A2, 161.84, 193.12, 1.76477
ANTENNA__09599__A, 161.84, 193.12, 1.76477
ANTENNA__09478__B, 161.84, 193.12, 1.76477
_09654_, 181.84, 193.12, 1.76274
_09655_, 181.84, 193.12, 1.76274
ANTENNA__09650__B, 181.84, 193.12, 1.76274
FILLER_0_67_385, 181.84, 193.12, 1.76274
FILLER_0_67_393, 181.84, 193.12, 1.76274
_09464_, 191.84, 193.12, 1.7616
_09679_, 191.84, 193.12, 1.7616
_09680_, 191.84, 193.12, 1.7616
_09713_, 191.84, 193.12, 1.7616
ANTENNA__09464__A1, 191.84, 193.12, 1.7616
ANTENNA__09464__A2, 191.84, 193.12, 1.7616
FILLER_0_67_411, 191.84, 193.12, 1.7616
FILLER_0_68_411, 191.84, 193.12, 1.7616
_06911_, 211.84, 193.12, 1.75933
_06948_, 211.84, 193.12, 1.75933
_06962_, 211.84, 193.12, 1.75933
_06964_, 211.84, 193.12, 1.75933
_06994_, 211.84, 193.12, 1.75933
ANTENNA__06961__B, 211.84, 193.12, 1.75933
_06899_, 221.84, 193.12, 1.75825
_06912_, 221.84, 193.12, 1.75825
_06914_, 221.84, 193.12, 1.75825
ANTENNA__06899__B, 221.84, 193.12, 1.75825
ANTENNA__06857__B, 221.84, 193.12, 1.75825
ANTENNA__06948__B_N, 221.84, 193.12, 1.75825
ANTENNA__06911__A, 221.84, 193.12, 1.75825
ANTENNA__06911__B, 221.84, 193.12, 1.75825
FILLER_0_66_466, 221.84, 193.12, 1.75825
_06898_, 241.84, 193.12, 1.75612
_06947_, 241.84, 193.12, 1.75612
ANTENNA__06832__A, 241.84, 193.12, 1.75612
ANTENNA__06947__A, 241.84, 193.12, 1.75612
ANTENNA__06832__B, 241.84, 193.12, 1.75612
ANTENNA__06947__B, 241.84, 193.12, 1.75612
ANTENNA__06898__B, 241.84, 193.12, 1.75612
FILLER_0_66_504, 241.84, 193.12, 1.75612
FILLER_0_67_505, 241.84, 193.12, 1.75612
_06891_, 251.84, 193.12, 1.75505
_06937_, 251.84, 193.12, 1.75505
_06939_, 251.84, 193.12, 1.75505
_06946_, 251.84, 193.12, 1.75505
ANTENNA__06891__B, 251.84, 193.12, 1.75505
FILLER_0_66_533, 251.84, 193.12, 1.75505
FILLER_0_67_530, 251.84, 193.12, 1.75505
FILLER_0_67_541, 251.84, 193.12, 1.75505
FILLER_0_68_539, 251.84, 193.12, 1.75505
_07018_, 271.84, 193.12, 1.75291
_07021_, 271.84, 193.12, 1.75291
_07079_, 271.84, 193.12, 1.75291
FILLER_0_67_576, 271.84, 193.12, 1.75291
FILLER_0_67_586, 271.84, 193.12, 1.75291
_07080_, 281.84, 193.12, 1.75184
_07081_, 281.84, 193.12, 1.75184
_07082_, 281.84, 193.12, 1.75184
_07085_, 281.84, 193.12, 1.75184
FILLER_0_67_610, 281.84, 193.12, 1.75184
_07233_, 301.84, 193.12, 1.74994
_07237_, 301.84, 193.12, 1.74994
_09914_, 301.84, 193.12, 1.74994
_09915_, 301.84, 193.12, 1.74994
ANTENNA__09914__A1, 301.84, 193.12, 1.74994
FILLER_0_67_641, 301.84, 193.12, 1.74994
fanout97, 311.84, 193.12, 1.74915
fanout99, 311.84, 193.12, 1.74915
ANTENNA__11221__RESET_B, 311.84, 193.12, 1.74915
_09185_, 331.84, 193.12, 1.74755
_09186_, 331.84, 193.12, 1.74755
_11279_, 331.84, 193.12, 1.74755
ANTENNA__11279__RESET_B, 331.84, 193.12, 1.74755
FILLER_0_68_715, 331.84, 193.12, 1.74755
_05796_, 341.84, 193.12, 1.74675
_09093_, 341.84, 193.12, 1.74675
_09184_, 341.84, 193.12, 1.74675
hold8, 341.84, 193.12, 1.74675
ANTENNA__06719__S, 341.84, 193.12, 1.74675
ANTENNA__09185__S, 341.84, 193.12, 1.74675
FILLER_0_68_734, 341.84, 193.12, 1.74675
FILLER_0_68_741, 341.84, 193.12, 1.74675
_05742_, 361.84, 193.12, 1.74525
_05780_, 361.84, 193.12, 1.74525
_11170_, 361.84, 193.12, 1.74525
ANTENNA__11170__RESET_B, 361.84, 193.12, 1.74525
FILLER_0_67_785, 361.84, 193.12, 1.74525
_09365_, 371.84, 193.12, 1.74455
_11306_, 371.84, 193.12, 1.74455
_06141_, 394.01, 193.12, 1.74385
_09271_, 394.01, 193.12, 1.74385
_09276_, 394.01, 193.12, 1.74385
_11293_, 394.01, 193.12, 1.74385
ANTENNA__06141__S, 394.01, 193.12, 1.74385
ANTENNA__11293__RESET_B, 394.01, 193.12, 1.74385
_11486_, 5.52, 187.68, 1.76689
PHY_128, 5.52, 187.68, 1.76689
PHY_130, 5.52, 187.68, 1.76689
FILLER_0_66_3, 5.52, 187.68, 1.76689
PHY_129, 406.18, 187.68, 1.72826
PHY_131, 406.18, 187.68, 1.72826
_10586_, 13.68, 187.68, 1.76689
_10684_, 13.68, 187.68, 1.76689
_10685_, 13.68, 187.68, 1.76689
ANTENNA__10634__S, 13.68, 187.68, 1.76689
_11488_, 31.84, 187.68, 1.76698
hold367, 31.84, 187.68, 1.76698
ANTENNA__11438__RESET_B, 31.84, 187.68, 1.76698
ANTENNA__11414__RESET_B, 31.84, 187.68, 1.76698
FILLER_0_65_52, 31.84, 187.68, 1.76698
FILLER_0_65_57, 31.84, 187.68, 1.76698
_10689_, 41.84, 187.68, 1.76706
_11464_, 41.84, 187.68, 1.76706
clkbuf_leaf_8_clk, 41.84, 187.68, 1.76706
hold368, 41.84, 187.68, 1.76706
FILLER_0_64_70, 41.84, 187.68, 1.76706
_06550_, 61.84, 187.68, 1.76733
_10590_, 61.84, 187.68, 1.76733
fanout80, 61.84, 187.68, 1.76733
hold255, 61.84, 187.68, 1.76733
ANTENNA__06550__A1, 61.84, 187.68, 1.76733
FILLER_0_65_133, 61.84, 187.68, 1.76733
FILLER_0_66_123, 61.84, 187.68, 1.76733
_06244_, 71.84, 187.68, 1.76749
_06245_, 71.84, 187.68, 1.76749
_06364_, 71.84, 187.68, 1.76749
ANTENNA__06364__B1, 71.84, 187.68, 1.76749
_06576_, 91.84, 187.68, 1.7678
_10992_, 91.84, 187.68, 1.7678
_11051_, 91.84, 187.68, 1.7678
_11588_, 91.84, 187.68, 1.7678
ANTENNA__06576__A2, 91.84, 187.68, 1.7678
ANTENNA__11156__RESET_B, 91.84, 187.68, 1.7678
FILLER_0_64_182, 91.84, 187.68, 1.7678
FILLER_0_65_197, 91.84, 187.68, 1.7678
FILLER_0_66_189, 91.84, 187.68, 1.7678
_06825_, 101.84, 187.68, 1.76795
_10994_, 101.84, 187.68, 1.76795
fanout81, 101.84, 187.68, 1.76795
ANTENNA__11051__S, 101.84, 187.68, 1.76795
ANTENNA_fanout81_A, 101.84, 187.68, 1.76795
ANTENNA_clkbuf_leaf_9_clk_A, 101.84, 187.68, 1.76795
FILLER_0_65_217, 101.84, 187.68, 1.76795
_06553_, 121.84, 187.68, 1.76799
_06556_, 121.84, 187.68, 1.76799
_06796_, 121.84, 187.68, 1.76799
_11104_, 121.84, 187.68, 1.76799
ANTENNA__06556__A2, 121.84, 187.68, 1.76799
FILLER_0_65_259, 121.84, 187.68, 1.76799
_09563_, 131.84, 187.68, 1.76789
hold380, 131.84, 187.68, 1.76789
_09492_, 151.84, 187.68, 1.76684
_09523_, 151.84, 187.68, 1.76684
_09524_, 151.84, 187.68, 1.76684
ANTENNA__09492__A2, 151.84, 187.68, 1.76684
ANTENNA__09522__B, 151.84, 187.68, 1.76684
ANTENNA__09521__A2_N, 151.84, 187.68, 1.76684
FILLER_0_65_315, 151.84, 187.68, 1.76684
_09470_, 161.84, 187.68, 1.76589
_09475_, 161.84, 187.68, 1.76589
_09493_, 161.84, 187.68, 1.76589
_09528_, 161.84, 187.68, 1.76589
ANTENNA__09466__A, 161.84, 187.68, 1.76589
ANTENNA__09470__A1, 161.84, 187.68, 1.76589
FILLER_0_65_333, 161.84, 187.68, 1.76589
FILLER_0_65_337, 161.84, 187.68, 1.76589
FILLER_0_66_343, 161.84, 187.68, 1.76589
_09602_, 181.84, 187.68, 1.76375
_09657_, 181.84, 187.68, 1.76375
_09658_, 181.84, 187.68, 1.76375
_09678_, 181.84, 187.68, 1.76375
ANTENNA__09435__B, 181.84, 187.68, 1.76375
FILLER_0_64_380, 181.84, 187.68, 1.76375
FILLER_0_66_392, 181.84, 187.68, 1.76375
_09438_, 191.84, 187.68, 1.76255
_09465_, 191.84, 187.68, 1.76255
_09659_, 191.84, 187.68, 1.76255
_09660_, 191.84, 187.68, 1.76255
_09681_, 191.84, 187.68, 1.76255
ANTENNA__09438__A, 191.84, 187.68, 1.76255
FILLER_0_64_401, 191.84, 187.68, 1.76255
FILLER_0_66_410, 191.84, 187.68, 1.76255
_06961_, 211.84, 187.68, 1.76018
_09778_, 211.84, 187.68, 1.76018
ANTENNA__06948__A, 211.84, 187.68, 1.76018
ANTENNA__06962__B, 211.84, 187.68, 1.76018
FILLER_0_65_445, 211.84, 187.68, 1.76018
_06857_, 221.84, 187.68, 1.759
_09912_, 221.84, 187.68, 1.759
ANTENNA__06899__A, 221.84, 187.68, 1.759
ANTENNA__06912__A2, 221.84, 187.68, 1.759
FILLER_0_65_473, 221.84, 187.68, 1.759
FILLER_0_65_478, 221.84, 187.68, 1.759
_06917_, 241.84, 187.68, 1.75672
_06968_, 241.84, 187.68, 1.75672
_06991_, 241.84, 187.68, 1.75672
ANTENNA__06898__A, 241.84, 187.68, 1.75672
FILLER_0_65_505, 241.84, 187.68, 1.75672
FILLER_0_65_518, 241.84, 187.68, 1.75672
_06859_, 251.84, 187.68, 1.75562
_06890_, 251.84, 187.68, 1.75562
_06893_, 251.84, 187.68, 1.75562
_06894_, 251.84, 187.68, 1.75562
ANTENNA__06890__A, 251.84, 187.68, 1.75562
ANTENNA__06891__A, 251.84, 187.68, 1.75562
ANTENNA__06890__B, 251.84, 187.68, 1.75562
ANTENNA__06859__B, 251.84, 187.68, 1.75562
FILLER_0_64_526, 251.84, 187.68, 1.75562
FILLER_0_64_533, 251.84, 187.68, 1.75562
FILLER_0_66_542, 251.84, 187.68, 1.75562
_06990_, 271.84, 187.68, 1.75344
_07019_, 271.84, 187.68, 1.75344
_07020_, 271.84, 187.68, 1.75344
_07022_, 271.84, 187.68, 1.75344
_07083_, 271.84, 187.68, 1.75344
FILLER_0_65_573, 271.84, 187.68, 1.75344
FILLER_0_65_607, 281.84, 187.68, 1.75239
_07163_, 301.84, 187.68, 1.75032
_07236_, 301.84, 187.68, 1.75032
_11220_, 301.84, 187.68, 1.75032
_11330_, 301.84, 187.68, 1.75032
FILLER_0_66_645, 301.84, 187.68, 1.75032
_05656_, 311.84, 187.68, 1.74937
_05659_, 311.84, 187.68, 1.74937
_05693_, 311.84, 187.68, 1.74937
ANTENNA__07236__B, 311.84, 187.68, 1.74937
ANTENNA__11330__RESET_B, 311.84, 187.68, 1.74937
FILLER_0_65_663, 311.84, 187.68, 1.74937
_05759_, 331.84, 187.68, 1.74724
_05762_, 331.84, 187.68, 1.74724
_05800_, 331.84, 187.68, 1.74724
FILLER_0_65_714, 331.84, 187.68, 1.74724
_05763_, 341.84, 187.68, 1.74606
_09188_, 341.84, 187.68, 1.74606
ANTENNA__09184__S, 341.84, 187.68, 1.74606
_05743_, 361.84, 187.68, 1.74253
_05765_, 361.84, 187.68, 1.74253
_06135_, 371.84, 187.68, 1.74017
_09263_, 371.84, 187.68, 1.74017
_09364_, 371.84, 187.68, 1.74017
ANTENNA__06135__A1, 371.84, 187.68, 1.74017
ANTENNA__09263__A1, 371.84, 187.68, 1.74017
ANTENNA__09364__S, 371.84, 187.68, 1.74017
ANTENNA_clkbuf_leaf_55_clk_A, 371.84, 187.68, 1.74017
FILLER_0_65_796, 371.84, 187.68, 1.74017
_05790_, 394.01, 187.68, 1.72826
_09266_, 394.01, 187.68, 1.72826
output31, 394.01, 187.68, 1.72826
ANTENNA__05790__S, 394.01, 187.68, 1.72826
ANTENNA__11292__RESET_B, 394.01, 187.68, 1.72826
FILLER_0_64_839, 394.01, 187.68, 1.72826
FILLER_0_65_834, 394.01, 187.68, 1.72826
FILLER_0_65_841, 394.01, 187.68, 1.72826
FILLER_0_66_846, 394.01, 187.68, 1.72826
PHY_124, 5.52, 182.24, 1.76756
PHY_126, 5.52, 182.24, 1.76756
input24, 5.52, 182.24, 1.76756
FILLER_0_64_3, 5.52, 182.24, 1.76756
PHY_125, 406.18, 182.24, 1.74442
PHY_127, 406.18, 182.24, 1.74442
ANTENNA__09264__A1, 406.18, 182.24, 1.74442
ANTENNA_output31_A, 406.18, 182.24, 1.74442
FILLER_0_62_865, 406.18, 182.24, 1.74442
FILLER_0_63_862, 406.18, 182.24, 1.74442
hold201, 13.68, 182.24, 1.76756
ANTENNA_input24_A, 13.68, 182.24, 1.76756
ANTENNA__10684__S, 13.68, 182.24, 1.76756
ANTENNA__11486__RESET_B, 13.68, 182.24, 1.76756
_10886_, 31.84, 182.24, 1.76768
_11559_, 31.84, 182.24, 1.76768
hold103, 31.84, 182.24, 1.76768
hold427, 31.84, 182.24, 1.76768
_10639_, 41.84, 182.24, 1.7678
_10881_, 41.84, 182.24, 1.7678
ANTENNA__10688__S, 41.84, 182.24, 1.7678
ANTENNA__10885__S, 41.84, 182.24, 1.7678
ANTENNA__11559__RESET_B, 41.84, 182.24, 1.7678
ANTENNA_clkbuf_leaf_8_clk_A, 41.84, 182.24, 1.7678
FILLER_0_63_81, 41.84, 182.24, 1.7678
_10488_, 61.84, 182.24, 1.76812
_10539_, 61.84, 182.24, 1.76812
_11391_, 61.84, 182.24, 1.76812
hold350, 61.84, 182.24, 1.76812
ANTENNA__11440__RESET_B, 61.84, 182.24, 1.76812
ANTENNA_fanout80_A, 61.84, 182.24, 1.76812
FILLER_0_64_131, 61.84, 182.24, 1.76812
_06549_, 71.84, 182.24, 1.76833
ANTENNA__06549__B, 71.84, 182.24, 1.76833
ANTENNA__06362__B, 71.84, 182.24, 1.76833
ANTENNA__10539__S, 71.84, 182.24, 1.76833
ANTENNA__06549__A, 71.84, 182.24, 1.76833
ANTENNA__11391__RESET_B, 71.84, 182.24, 1.76833
FILLER_0_63_150, 71.84, 182.24, 1.76833
_06296_, 91.84, 182.24, 1.76876
clkbuf_leaf_9_clk, 91.84, 182.24, 1.76876
ANTENNA__11108__S, 91.84, 182.24, 1.76876
_10993_, 101.84, 182.24, 1.76898
_11589_, 101.84, 182.24, 1.76898
FILLER_0_62_200, 101.84, 182.24, 1.76898
FILLER_0_64_210, 101.84, 182.24, 1.76898
FILLER_0_64_218, 101.84, 182.24, 1.76898
_11105_, 121.84, 182.24, 1.76917
_11643_, 121.84, 182.24, 1.76917
ANTENNA__06553__A, 121.84, 182.24, 1.76917
ANTENNA__11104__S, 121.84, 182.24, 1.76917
ANTENNA__11587__RESET_B, 121.84, 182.24, 1.76917
FILLER_0_62_249, 121.84, 182.24, 1.76917
FILLER_0_63_249, 121.84, 182.24, 1.76917
FILLER_0_63_254, 121.84, 182.24, 1.76917
FILLER_0_63_263, 121.84, 182.24, 1.76917
_11047_, 131.84, 182.24, 1.76914
_11048_, 131.84, 182.24, 1.76914
_11615_, 131.84, 182.24, 1.76914
ANTENNA__11047__S, 131.84, 182.24, 1.76914
ANTENNA__11643__RESET_B, 131.84, 182.24, 1.76914
FILLER_0_63_271, 131.84, 182.24, 1.76914
FILLER_0_63_285, 131.84, 182.24, 1.76914
_09495_, 151.84, 182.24, 1.76809
_09525_, 151.84, 182.24, 1.76809
ANTENNA__09494__A, 151.84, 182.24, 1.76809
FILLER_0_63_316, 151.84, 182.24, 1.76809
FILLER_0_64_323, 151.84, 182.24, 1.76809
_09494_, 161.84, 182.24, 1.76706
_09529_, 161.84, 182.24, 1.76706
ANTENNA__09494__B, 161.84, 182.24, 1.76706
FILLER_0_62_337, 161.84, 182.24, 1.76706
_09603_, 181.84, 182.24, 1.76476
_09607_, 181.84, 182.24, 1.76476
_09649_, 181.84, 182.24, 1.76476
ANTENNA__09602__A2, 181.84, 182.24, 1.76476
ANTENNA__09649__A1, 181.84, 182.24, 1.76476
ANTENNA__09607__A, 181.84, 182.24, 1.76476
ANTENNA__09649__A2, 181.84, 182.24, 1.76476
FILLER_0_62_377, 181.84, 182.24, 1.76476
FILLER_0_63_377, 181.84, 182.24, 1.76476
FILLER_0_63_388, 181.84, 182.24, 1.76476
FILLER_0_64_393, 181.84, 182.24, 1.76476
FILLER_0_62_398, 191.84, 182.24, 1.76347
_09723_, 211.84, 182.24, 1.76087
_09724_, 211.84, 182.24, 1.76087
_09841_, 211.84, 182.24, 1.76087
_09843_, 211.84, 182.24, 1.76087
FILLER_0_62_445, 211.84, 182.24, 1.76087
FILLER_0_63_444, 211.84, 182.24, 1.76087
FILLER_0_63_454, 211.84, 182.24, 1.76087
FILLER_0_64_451, 211.84, 182.24, 1.76087
_06829_, 221.84, 182.24, 1.75962
_09787_, 221.84, 182.24, 1.75962
_09842_, 221.84, 182.24, 1.75962
_09844_, 221.84, 182.24, 1.75962
ANTENNA__06829__A, 221.84, 182.24, 1.75962
ANTENNA__06829__B, 221.84, 182.24, 1.75962
ANTENNA__06828__B, 221.84, 182.24, 1.75962
FILLER_0_63_473, 221.84, 182.24, 1.75962
FILLER_0_64_471, 221.84, 182.24, 1.75962
_06867_, 241.84, 182.24, 1.75731
ANTENNA__06867__A, 241.84, 182.24, 1.75731
ANTENNA__06817__A2, 241.84, 182.24, 1.75731
ANTENNA__06859__A, 241.84, 182.24, 1.75731
ANTENNA__06867__B, 241.84, 182.24, 1.75731
FILLER_0_62_513, 241.84, 182.24, 1.75731
FILLER_0_63_505, 241.84, 182.24, 1.75731
_06895_, 251.84, 182.24, 1.75615
_06896_, 251.84, 182.24, 1.75615
_06897_, 251.84, 182.24, 1.75615
_06930_, 251.84, 182.24, 1.75615
_06969_, 251.84, 182.24, 1.75615
FILLER_0_62_529, 251.84, 182.24, 1.75615
_06942_, 271.84, 182.24, 1.75393
_06943_, 271.84, 182.24, 1.75393
_06944_, 271.84, 182.24, 1.75393
_07023_, 271.84, 182.24, 1.75393
FILLER_0_64_580, 271.84, 182.24, 1.75393
_07024_, 281.84, 182.24, 1.75286
_07086_, 281.84, 182.24, 1.75286
_07087_, 281.84, 182.24, 1.75286
FILLER_0_63_590, 281.84, 182.24, 1.75286
FILLER_0_63_611, 281.84, 182.24, 1.75286
ANTENNA__07163__A, 301.84, 182.24, 1.7509
FILLER_0_62_638, 301.84, 182.24, 1.7509
FILLER_0_63_655, 301.84, 182.24, 1.7509
_05561_, 311.84, 182.24, 1.74999
_05654_, 311.84, 182.24, 1.74999
_05655_, 311.84, 182.24, 1.74999
ANTENNA__05656__B, 311.84, 182.24, 1.74999
FILLER_0_64_669, 311.84, 182.24, 1.74999
_05760_, 331.84, 182.24, 1.74824
_05761_, 331.84, 182.24, 1.74824
_09187_, 341.84, 182.24, 1.7474
FILLER_0_63_722, 341.84, 182.24, 1.7474
_05744_, 361.84, 182.24, 1.74585
_05751_, 361.84, 182.24, 1.74585
ANTENNA__05744__B, 361.84, 182.24, 1.74585
FILLER_0_63_785, 361.84, 182.24, 1.74585
FILLER_0_64_779, 361.84, 182.24, 1.74585
_05727_, 371.84, 182.24, 1.74515
_09363_, 371.84, 182.24, 1.74515
ANTENNA__09263__B1, 371.84, 182.24, 1.74515
FILLER_0_63_795, 371.84, 182.24, 1.74515
FILLER_0_64_807, 371.84, 182.24, 1.74515
_09264_, 394.01, 182.24, 1.74442
_09265_, 394.01, 182.24, 1.74442
_09267_, 394.01, 182.24, 1.74442
_09269_, 394.01, 182.24, 1.74442
_11292_, 394.01, 182.24, 1.74442
ANTENNA__09265__S, 394.01, 182.24, 1.74442
_10735_, 5.52, 176.8, 1.76817
_11510_, 5.52, 176.8, 1.76817
PHY_120, 5.52, 176.8, 1.76817
PHY_122, 5.52, 176.8, 1.76817
FILLER_0_61_3, 5.52, 176.8, 1.76817
_05786_, 406.18, 176.8, 1.74476
PHY_121, 406.18, 176.8, 1.74476
PHY_123, 406.18, 176.8, 1.74476
ANTENNA_output30_A, 406.18, 176.8, 1.74476
FILLER_0_61_861, 406.18, 176.8, 1.74476
_10734_, 13.68, 176.8, 1.76818
clkbuf_leaf_7_clk, 13.68, 176.8, 1.76818
hold370, 13.68, 176.8, 1.76818
ANTENNA__10734__S, 13.68, 176.8, 1.76818
ANTENNA__11510__RESET_B, 13.68, 176.8, 1.76818
FILLER_0_60_11, 13.68, 176.8, 1.76818
_10885_, 31.84, 176.8, 1.76834
ANTENNA__10783__S, 31.84, 176.8, 1.76834
ANTENNA__10878__S, 31.84, 176.8, 1.76834
ANTENNA__11534__RESET_B, 31.84, 176.8, 1.76834
FILLER_0_61_57, 31.84, 176.8, 1.76834
_06519_, 41.84, 176.8, 1.76849
_10876_, 41.84, 176.8, 1.76849
_10884_, 41.84, 176.8, 1.76849
ANTENNA__10884__B2, 41.84, 176.8, 1.76849
ANTENNA__10881__B_N, 41.84, 176.8, 1.76849
_10487_, 61.84, 176.8, 1.7689
ANTENNA__10487__S, 61.84, 176.8, 1.7689
ANTENNA__11416__RESET_B, 61.84, 176.8, 1.7689
FILLER_0_61_113, 61.84, 176.8, 1.7689
FILLER_0_61_133, 61.84, 176.8, 1.7689
_06279_, 71.84, 176.8, 1.76917
_06310_, 71.84, 176.8, 1.76917
_06336_, 71.84, 176.8, 1.76917
_06343_, 71.84, 176.8, 1.76917
_06362_, 71.84, 176.8, 1.76917
ANTENNA__06279__B, 71.84, 176.8, 1.76917
FILLER_0_60_137, 71.84, 176.8, 1.76917
FILLER_0_60_141, 71.84, 176.8, 1.76917
FILLER_0_61_141, 71.84, 176.8, 1.76917
FILLER_0_62_145, 71.84, 176.8, 1.76917
_11052_, 91.84, 176.8, 1.76975
_11617_, 91.84, 176.8, 1.76975
hold409, 91.84, 176.8, 1.76975
ANTENNA__10993__S, 91.84, 176.8, 1.76975
FILLER_0_62_190, 91.84, 176.8, 1.76975
hold243, 101.84, 176.8, 1.77006
hold244, 101.84, 176.8, 1.77006
ANTENNA__11617__RESET_B, 101.84, 176.8, 1.77006
ANTENNA__11645__RESET_B, 101.84, 176.8, 1.77006
FILLER_0_60_201, 101.84, 176.8, 1.77006
FILLER_0_61_214, 101.84, 176.8, 1.77006
FILLER_0_62_220, 101.84, 176.8, 1.77006
_11101_, 121.84, 176.8, 1.77042
hold31, 121.84, 176.8, 1.77042
hold141, 121.84, 176.8, 1.77042
hold184, 121.84, 176.8, 1.77042
ANTENNA__11152__RESET_B, 121.84, 176.8, 1.77042
FILLER_0_60_246, 121.84, 176.8, 1.77042
FILLER_0_62_253, 121.84, 176.8, 1.77042
_11044_, 131.84, 176.8, 1.77047
_11613_, 131.84, 176.8, 1.77047
hold172, 131.84, 176.8, 1.77047
ANTENNA__11043__S, 131.84, 176.8, 1.77047
FILLER_0_61_277, 131.84, 176.8, 1.77047
FILLER_0_61_281, 131.84, 176.8, 1.77047
_09530_, 151.84, 176.8, 1.76938
_09560_, 151.84, 176.8, 1.76938
_09609_, 151.84, 176.8, 1.76938
_09610_, 151.84, 176.8, 1.76938
FILLER_0_61_312, 151.84, 176.8, 1.76938
FILLER_0_61_328, 151.84, 176.8, 1.76938
FILLER_0_62_321, 151.84, 176.8, 1.76938
_09497_, 161.84, 176.8, 1.76827
_09564_, 161.84, 176.8, 1.76827
_09565_, 161.84, 176.8, 1.76827
ANTENNA__09564__A, 161.84, 176.8, 1.76827
FILLER_0_61_349, 161.84, 176.8, 1.76827
_09604_, 181.84, 176.8, 1.76576
_09605_, 181.84, 176.8, 1.76576
_09606_, 181.84, 176.8, 1.76576
_09664_, 181.84, 176.8, 1.76576
ANTENNA__09606__A, 181.84, 176.8, 1.76576
FILLER_0_60_373, 181.84, 176.8, 1.76576
FILLER_0_61_393, 181.84, 176.8, 1.76576
_09601_, 191.84, 176.8, 1.76437
_09662_, 191.84, 176.8, 1.76437
_09663_, 191.84, 176.8, 1.76437
_09665_, 191.84, 176.8, 1.76437
_09677_, 191.84, 176.8, 1.76437
ANTENNA__09601__A, 191.84, 176.8, 1.76437
FILLER_0_62_406, 191.84, 176.8, 1.76437
FILLER_0_62_412, 191.84, 176.8, 1.76437
_09779_, 211.84, 176.8, 1.76165
_09780_, 211.84, 176.8, 1.76165
FILLER_0_61_440, 211.84, 176.8, 1.76165
FILLER_0_61_457, 211.84, 176.8, 1.76165
FILLER_0_62_458, 211.84, 176.8, 1.76165
_09783_, 221.84, 176.8, 1.76035
_09784_, 221.84, 176.8, 1.76035
_09785_, 221.84, 176.8, 1.76035
ANTENNA__09785__B1, 221.84, 176.8, 1.76035
FILLER_0_60_467, 221.84, 176.8, 1.76035
FILLER_0_61_465, 221.84, 176.8, 1.76035
FILLER_0_62_473, 221.84, 176.8, 1.76035
_06868_, 241.84, 176.8, 1.75789
_06918_, 241.84, 176.8, 1.75789
_06945_, 241.84, 176.8, 1.75789
ANTENNA__06803__B, 241.84, 176.8, 1.75789
ANTENNA_fanout96_A, 241.84, 176.8, 1.75789
ANTENNA_fanout95_A, 241.84, 176.8, 1.75789
FILLER_0_60_513, 241.84, 176.8, 1.75789
FILLER_0_61_513, 241.84, 176.8, 1.75789
_06810_, 251.84, 176.8, 1.75671
FILLER_0_60_525, 251.84, 176.8, 1.75671
_06971_, 271.84, 176.8, 1.75443
FILLER_0_61_569, 271.84, 176.8, 1.75443
FILLER_0_62_581, 271.84, 176.8, 1.75443
_07027_, 281.84, 176.8, 1.75335
FILLER_0_61_591, 281.84, 176.8, 1.75335
FILLER_0_62_606, 281.84, 176.8, 1.75335
_09845_, 301.84, 176.8, 1.75133
ANTENNA__09845__B, 301.84, 176.8, 1.75133
FILLER_0_60_636, 301.84, 176.8, 1.75133
_05562_, 311.84, 176.8, 1.75036
_05592_, 311.84, 176.8, 1.75036
_05593_, 311.84, 176.8, 1.75036
_05595_, 311.84, 176.8, 1.75036
max_cap69, 311.84, 176.8, 1.75036
ANTENNA__05561__B, 311.84, 176.8, 1.75036
FILLER_0_61_676, 311.84, 176.8, 1.75036
FILLER_0_62_668, 311.84, 176.8, 1.75036
_05720_, 331.84, 176.8, 1.74855
_05754_, 331.84, 176.8, 1.74855
FILLER_0_61_709, 331.84, 176.8, 1.74855
FILLER_0_62_713, 331.84, 176.8, 1.74855
_11278_, 341.84, 176.8, 1.74769
clkbuf_leaf_54_clk, 341.84, 176.8, 1.74769
ANTENNA__11278__RESET_B, 341.84, 176.8, 1.74769
FILLER_0_61_725, 341.84, 176.8, 1.74769
_05725_, 361.84, 176.8, 1.74614
_05726_, 361.84, 176.8, 1.74614
_06718_, 361.84, 176.8, 1.74614
_11184_, 361.84, 176.8, 1.74614
FILLER_0_62_779, 361.84, 176.8, 1.74614
_05728_, 371.84, 176.8, 1.74545
_05745_, 371.84, 176.8, 1.74545
_09359_, 371.84, 176.8, 1.74545
ANTENNA__05745__A1, 371.84, 176.8, 1.74545
FILLER_0_60_790, 371.84, 176.8, 1.74545
_05746_, 394.01, 176.8, 1.74476
_05787_, 394.01, 176.8, 1.74476
_09268_, 394.01, 176.8, 1.74476
FILLER_0_60_844, 394.01, 176.8, 1.74476
FILLER_0_61_837, 394.01, 176.8, 1.74476
PHY_116, 5.52, 171.36, 1.76875
PHY_118, 5.52, 171.36, 1.76875
FILLER_0_60_3, 5.52, 171.36, 1.76875
_05749_, 406.18, 171.36, 1.72959
PHY_117, 406.18, 171.36, 1.72959
PHY_119, 406.18, 171.36, 1.72959
ANTENNA__05749__A1, 406.18, 171.36, 1.72959
FILLER_0_58_861, 406.18, 171.36, 1.72959
_10782_, 13.68, 171.36, 1.76875
_11533_, 13.68, 171.36, 1.76875
_10878_, 31.84, 171.36, 1.76894
_10879_, 31.84, 171.36, 1.76894
hold421, 31.84, 171.36, 1.76894
ANTENNA__11558__RESET_B, 31.84, 171.36, 1.76894
FILLER_0_59_50, 31.84, 171.36, 1.76894
FILLER_0_59_57, 31.84, 171.36, 1.76894
_10875_, 41.84, 171.36, 1.76912
_10880_, 41.84, 171.36, 1.76912
_10882_, 41.84, 171.36, 1.76912
_10883_, 41.84, 171.36, 1.76912
ANTENNA__10876__S, 41.84, 171.36, 1.76912
ANTENNA__10871__S, 41.84, 171.36, 1.76912
FILLER_0_59_85, 41.84, 171.36, 1.76912
_06491_, 61.84, 171.36, 1.76967
_06522_, 61.84, 171.36, 1.76967
ANTENNA__06521__B1, 61.84, 171.36, 1.76967
FILLER_0_58_120, 61.84, 171.36, 1.76967
FILLER_0_59_132, 61.84, 171.36, 1.76967
FILLER_0_60_129, 61.84, 171.36, 1.76967
_06363_, 71.84, 171.36, 1.77002
_06502_, 71.84, 171.36, 1.77002
_06511_, 71.84, 171.36, 1.77002
_06516_, 71.84, 171.36, 1.77002
_06517_, 71.84, 171.36, 1.77002
ANTENNA__06517__B1, 71.84, 171.36, 1.77002
ANTENNA__06511__A_N, 71.84, 171.36, 1.77002
ANTENNA__06530__A1, 71.84, 171.36, 1.77002
ANTENNA__06517__A1, 71.84, 171.36, 1.77002
_06532_, 91.84, 171.36, 1.77086
ANTENNA__06296__A, 91.84, 171.36, 1.77086
ANTENNA__06532__S, 91.84, 171.36, 1.77086
FILLER_0_59_185, 91.84, 171.36, 1.77086
_11041_, 101.84, 171.36, 1.77133
_11042_, 101.84, 171.36, 1.77133
_11098_, 101.84, 171.36, 1.77133
_11099_, 101.84, 171.36, 1.77133
hold95, 101.84, 171.36, 1.77133
ANTENNA__11041__S, 101.84, 171.36, 1.77133
ANTENNA__11098__S, 101.84, 171.36, 1.77133
ANTENNA__11612__RESET_B, 101.84, 171.36, 1.77133
FILLER_0_59_202, 101.84, 171.36, 1.77133
_06539_, 121.84, 171.36, 1.77205
_11100_, 121.84, 171.36, 1.77205
_11641_, 121.84, 171.36, 1.77205
ANTENNA__06542__S, 121.84, 171.36, 1.77205
ANTENNA__11100__S, 121.84, 171.36, 1.77205
ANTENNA_clkbuf_leaf_12_clk_A, 121.84, 171.36, 1.77205
_10985_, 131.84, 171.36, 1.7723
_11043_, 131.84, 171.36, 1.7723
FILLER_0_58_273, 131.84, 171.36, 1.7723
_09612_, 151.84, 171.36, 1.77121
FILLER_0_58_309, 151.84, 171.36, 1.77121
FILLER_0_60_320, 151.84, 171.36, 1.77121
_09533_, 161.84, 171.36, 1.76987
_09534_, 161.84, 171.36, 1.76987
_09566_, 161.84, 171.36, 1.76987
_09616_, 161.84, 171.36, 1.76987
ANTENNA__09565__A1, 161.84, 171.36, 1.76987
FILLER_0_59_330, 161.84, 171.36, 1.76987
FILLER_0_59_337, 161.84, 171.36, 1.76987
_09608_, 181.84, 171.36, 1.76698
ANTENNA__09535__C1, 181.84, 171.36, 1.76698
FILLER_0_58_380, 181.84, 171.36, 1.76698
FILLER_0_59_382, 181.84, 171.36, 1.76698
_09442_, 191.84, 171.36, 1.76541
_09666_, 191.84, 171.36, 1.76541
ANTENNA__09442__A1, 191.84, 171.36, 1.76541
ANTENNA__09601__B, 191.84, 171.36, 1.76541
FILLER_0_60_409, 191.84, 171.36, 1.76541
_09718_, 211.84, 171.36, 1.76237
_09719_, 211.84, 171.36, 1.76237
_09781_, 211.84, 171.36, 1.76237
_09782_, 221.84, 171.36, 1.76099
_09786_, 221.84, 171.36, 1.76099
_11328_, 221.84, 171.36, 1.76099
FILLER_0_58_469, 221.84, 171.36, 1.76099
FILLER_0_59_462, 221.84, 171.36, 1.76099
FILLER_0_59_469, 221.84, 171.36, 1.76099
_06807_, 241.84, 171.36, 1.7584
ANTENNA__09446__B1, 241.84, 171.36, 1.7584
ANTENNA__09444__A1, 241.84, 171.36, 1.7584
ANTENNA__06807__B, 241.84, 171.36, 1.7584
ANTENNA__06869__C, 241.84, 171.36, 1.7584
_06839_, 251.84, 171.36, 1.75714
_06869_, 251.84, 171.36, 1.75714
_06870_, 251.84, 171.36, 1.75714
_06871_, 251.84, 171.36, 1.75714
_06872_, 251.84, 171.36, 1.75714
_06873_, 251.84, 171.36, 1.75714
_06919_, 251.84, 171.36, 1.75714
ANTENNA__06869__A, 251.84, 171.36, 1.75714
FILLER_0_60_538, 251.84, 171.36, 1.75714
_06973_, 271.84, 171.36, 1.75474
_06978_, 271.84, 171.36, 1.75474
FILLER_0_59_576, 271.84, 171.36, 1.75474
_07028_, 281.84, 171.36, 1.75359
_07090_, 281.84, 171.36, 1.75359
FILLER_0_59_592, 281.84, 171.36, 1.75359
FILLER_0_59_610, 281.84, 171.36, 1.75359
_10482_, 301.84, 171.36, 1.75144
hold28, 301.84, 171.36, 1.75144
FILLER_0_60_645, 301.84, 171.36, 1.75144
FILLER_0_60_653, 301.84, 171.36, 1.75144
_05589_, 311.84, 171.36, 1.7504
_05591_, 311.84, 171.36, 1.7504
_05598_, 311.84, 171.36, 1.7504
max_cap1, 311.84, 171.36, 1.7504
wire2, 311.84, 171.36, 1.7504
FILLER_0_59_669, 311.84, 171.36, 1.7504
_11169_, 331.84, 171.36, 1.74813
hold198, 331.84, 171.36, 1.74813
FILLER_0_60_713, 331.84, 171.36, 1.74813
_05729_, 341.84, 171.36, 1.74691
_09089_, 341.84, 171.36, 1.74691
_09180_, 341.84, 171.36, 1.74691
FILLER_0_59_722, 341.84, 171.36, 1.74691
FILLER_0_59_729, 341.84, 171.36, 1.74691
_05708_, 361.84, 171.36, 1.74338
_06717_, 361.84, 171.36, 1.74338
ANTENNA__05708__A, 361.84, 171.36, 1.74338
ANTENNA__06717__S, 361.84, 171.36, 1.74338
FILLER_0_59_779, 361.84, 171.36, 1.74338
FILLER_0_59_785, 361.84, 171.36, 1.74338
_06692_, 371.84, 171.36, 1.74106
_11305_, 371.84, 171.36, 1.74106
ANTENNA__11184__RESET_B, 371.84, 171.36, 1.74106
_05748_, 394.01, 171.36, 1.7296
_09262_, 394.01, 171.36, 1.7296
output30, 394.01, 171.36, 1.7296
ANTENNA__06132__B2, 394.01, 171.36, 1.7296
ANTENNA__05748__B1, 394.01, 171.36, 1.7296
FILLER_0_58_839, 394.01, 171.36, 1.7296
FILLER_0_59_835, 394.01, 171.36, 1.7296
FILLER_0_59_841, 394.01, 171.36, 1.7296
_10733_, 5.52, 165.92, 1.76929
_11509_, 5.52, 165.92, 1.76929
PHY_112, 5.52, 165.92, 1.76929
PHY_114, 5.52, 165.92, 1.76929
FILLER_0_57_3, 5.52, 165.92, 1.76929
PHY_113, 406.18, 165.92, 1.74487
PHY_115, 406.18, 165.92, 1.74487
FILLER_0_57_861, 406.18, 165.92, 1.74487
_10732_, 13.68, 165.92, 1.76929
hold254, 13.68, 165.92, 1.76929
ANTENNA_input23_A, 13.68, 165.92, 1.76929
ANTENNA__10682__S, 13.68, 165.92, 1.76929
ANTENNA__11509__RESET_B, 13.68, 165.92, 1.76929
FILLER_0_56_11, 13.68, 165.92, 1.76929
FILLER_0_57_11, 13.68, 165.92, 1.76929
_10534_, 31.84, 165.92, 1.76952
_10871_, 31.84, 165.92, 1.76952
hold233, 31.84, 165.92, 1.76952
ANTENNA__10583__S, 31.84, 165.92, 1.76952
ANTENNA__11557__RESET_B, 31.84, 165.92, 1.76952
FILLER_0_56_49, 31.84, 165.92, 1.76952
_10480_, 41.84, 165.92, 1.76974
_10873_, 41.84, 165.92, 1.76974
_10874_, 41.84, 165.92, 1.76974
ANTENNA__10480__S, 41.84, 165.92, 1.76974
ANTENNA__10873__A, 41.84, 165.92, 1.76974
FILLER_0_57_73, 41.84, 165.92, 1.76974
FILLER_0_57_89, 41.84, 165.92, 1.76974
_06467_, 61.84, 165.92, 1.77042
_06492_, 61.84, 165.92, 1.77042
_06501_, 61.84, 165.92, 1.77042
_06518_, 61.84, 165.92, 1.77042
_10762_, 61.84, 165.92, 1.77042
ANTENNA__06492__S, 61.84, 165.92, 1.77042
ANTENNA__06501__B, 61.84, 165.92, 1.77042
ANTENNA__06492__A0, 61.84, 165.92, 1.77042
FILLER_0_56_116, 61.84, 165.92, 1.77042
FILLER_0_57_120, 61.84, 165.92, 1.77042
_06443_, 71.84, 165.92, 1.77087
_06494_, 71.84, 165.92, 1.77087
_06534_, 71.84, 165.92, 1.77087
_10545_, 71.84, 165.92, 1.77087
_10576_, 71.84, 165.92, 1.77087
ANTENNA__06502__S, 71.84, 165.92, 1.77087
ANTENNA__06443__B, 71.84, 165.92, 1.77087
ANTENNA__06494__B, 71.84, 165.92, 1.77087
FILLER_0_57_143, 71.84, 165.92, 1.77087
_06533_, 91.84, 165.92, 1.77196
_11640_, 91.84, 165.92, 1.77196
ANTENNA__06509__S, 91.84, 165.92, 1.77196
ANTENNA__11151__RESET_B, 91.84, 165.92, 1.77196
FILLER_0_56_183, 91.84, 165.92, 1.77196
FILLER_0_57_181, 91.84, 165.92, 1.77196
FILLER_0_57_188, 91.84, 165.92, 1.77196
_11026_, 101.84, 165.92, 1.7726
_11612_, 101.84, 165.92, 1.7726
hold94, 101.84, 165.92, 1.7726
ANTENNA__10983__S, 101.84, 165.92, 1.7726
_06537_, 121.84, 165.92, 1.77368
_06538_, 121.84, 165.92, 1.77368
clkbuf_leaf_12_clk, 121.84, 165.92, 1.77368
ANTENNA__06539__A1, 121.84, 165.92, 1.77368
ANTENNA__06531__A1, 121.84, 165.92, 1.77368
_10986_, 131.84, 165.92, 1.77413
_11585_, 131.84, 165.92, 1.77413
ANTENNA__11641__RESET_B, 131.84, 165.92, 1.77413
ANTENNA__11585__RESET_B, 131.84, 165.92, 1.77413
FILLER_0_57_272, 131.84, 165.92, 1.77413
FILLER_0_57_281, 131.84, 165.92, 1.77413
_07928_, 151.84, 165.92, 1.77302
_09611_, 151.84, 165.92, 1.77302
_09613_, 151.84, 165.92, 1.77302
_09614_, 151.84, 165.92, 1.77302
_09615_, 151.84, 165.92, 1.77302
FILLER_0_57_308, 151.84, 165.92, 1.77302
FILLER_0_57_326, 151.84, 165.92, 1.77302
_09617_, 161.84, 165.92, 1.7715
_09621_, 161.84, 165.92, 1.7715
_09669_, 161.84, 165.92, 1.7715
ANTENNA__07928__B, 161.84, 165.92, 1.7715
FILLER_0_56_334, 161.84, 165.92, 1.7715
FILLER_0_57_341, 161.84, 165.92, 1.7715
FILLER_0_58_341, 161.84, 165.92, 1.7715
_09449_, 181.84, 165.92, 1.76828
_09451_, 181.84, 165.92, 1.76828
_09452_, 181.84, 165.92, 1.76828
_09453_, 181.84, 165.92, 1.76828
ANTENNA__09452__B2, 181.84, 165.92, 1.76828
ANTENNA__09452__A1, 181.84, 165.92, 1.76828
ANTENNA__09442__B2, 181.84, 165.92, 1.76828
ANTENNA__09449__A, 181.84, 165.92, 1.76828
_09440_, 191.84, 165.92, 1.76656
_09441_, 191.84, 165.92, 1.76656
_09456_, 191.84, 165.92, 1.76656
_09457_, 191.84, 165.92, 1.76656
ANTENNA__09440__A, 191.84, 165.92, 1.76656
ANTENNA__09440__B, 191.84, 165.92, 1.76656
_09671_, 211.84, 165.92, 1.76328
_09672_, 211.84, 165.92, 1.76328
FILLER_0_57_442, 211.84, 165.92, 1.76328
FILLER_0_57_449, 211.84, 165.92, 1.76328
FILLER_0_57_457, 211.84, 165.92, 1.76328
FILLER_0_58_452, 211.84, 165.92, 1.76328
_09674_, 221.84, 165.92, 1.76178
_09676_, 221.84, 165.92, 1.76178
ANTENNA__09674__B1, 221.84, 165.92, 1.76178
FILLER_0_57_480, 221.84, 165.92, 1.76178
FILLER_0_58_477, 221.84, 165.92, 1.76178
_09445_, 241.84, 165.92, 1.75895
_11319_, 241.84, 165.92, 1.75895
ANTENNA__06807__A, 241.84, 165.92, 1.75895
ANTENNA__06873__A2, 241.84, 165.92, 1.75895
ANTENNA__11319__RESET_B, 241.84, 165.92, 1.75895
ANTENNA_clkbuf_leaf_66_clk_A, 241.84, 165.92, 1.75895
FILLER_0_57_518, 241.84, 165.92, 1.75895
FILLER_0_58_514, 241.84, 165.92, 1.75895
FILLER_0_58_522, 241.84, 165.92, 1.75895
_06840_, 251.84, 165.92, 1.75764
_06874_, 251.84, 165.92, 1.75764
ANTENNA__06873__A1, 251.84, 165.92, 1.75764
ANTENNA__06839__A2, 251.84, 165.92, 1.75764
FILLER_0_56_527, 251.84, 165.92, 1.75764
FILLER_0_57_530, 251.84, 165.92, 1.75764
FILLER_0_57_540, 251.84, 165.92, 1.75764
FILLER_0_58_539, 251.84, 165.92, 1.75764
_06923_, 271.84, 165.92, 1.75515
_06924_, 271.84, 165.92, 1.75515
_06925_, 271.84, 165.92, 1.75515
_06926_, 271.84, 165.92, 1.75515
_07029_, 281.84, 165.92, 1.754
_07091_, 281.84, 165.92, 1.754
FILLER_0_56_600, 281.84, 165.92, 1.754
FILLER_0_57_604, 281.84, 165.92, 1.754
_05588_, 301.84, 165.92, 1.75184
_05590_, 301.84, 165.92, 1.75184
_11327_, 301.84, 165.92, 1.75184
ANTENNA__10482__A, 301.84, 165.92, 1.75184
ANTENNA__11327__RESET_B, 301.84, 165.92, 1.75184
FILLER_0_56_641, 301.84, 165.92, 1.75184
FILLER_0_58_645, 301.84, 165.92, 1.75184
FILLER_0_58_651, 301.84, 165.92, 1.75184
_05563_, 311.84, 165.92, 1.75084
_05594_, 311.84, 165.92, 1.75084
FILLER_0_57_667, 311.84, 165.92, 1.75084
FILLER_0_57_673, 311.84, 165.92, 1.75084
_06686_, 331.84, 165.92, 1.74893
_09086_, 331.84, 165.92, 1.74893
_09088_, 331.84, 165.92, 1.74893
_09382_, 331.84, 165.92, 1.74893
_05696_, 341.84, 165.92, 1.74803
_05730_, 341.84, 165.92, 1.74803
_09085_, 341.84, 165.92, 1.74803
_05712_, 361.84, 165.92, 1.74638
_09169_, 361.84, 165.92, 1.74638
_09172_, 361.84, 165.92, 1.74638
ANTENNA__09172__A, 361.84, 165.92, 1.74638
FILLER_0_56_764, 361.84, 165.92, 1.74638
FILLER_0_57_771, 361.84, 165.92, 1.74638
FILLER_0_57_779, 361.84, 165.92, 1.74638
_09274_, 371.84, 165.92, 1.74563
_09358_, 371.84, 165.92, 1.74563
ANTENNA__06692__A, 371.84, 165.92, 1.74563
ANTENNA__09358__S, 371.84, 165.92, 1.74563
_05709_, 394.01, 165.92, 1.74487
_05747_, 394.01, 165.92, 1.74487
ANTENNA__06130__B1, 394.01, 165.92, 1.74487
ANTENNA__05709__A1, 394.01, 165.92, 1.74487
ANTENNA__11291__RESET_B, 394.01, 165.92, 1.74487
FILLER_0_56_834, 394.01, 165.92, 1.74487
FILLER_0_58_853, 394.01, 165.92, 1.74487
PHY_108, 5.52, 160.48, 1.76982
PHY_110, 5.52, 160.48, 1.76982
input23, 5.52, 160.48, 1.76982
FILLER_0_55_3, 5.52, 160.48, 1.76982
PHY_109, 406.18, 160.48, 1.74495
PHY_111, 406.18, 160.48, 1.74495
ANTENNA__09257__A1, 406.18, 160.48, 1.74495
FILLER_0_55_864, 406.18, 160.48, 1.74495
_10632_, 13.68, 160.48, 1.76982
_10682_, 13.68, 160.48, 1.76982
ANTENNA__10632__S, 13.68, 160.48, 1.76982
ANTENNA__10732__S, 13.68, 160.48, 1.76982
_10533_, 31.84, 160.48, 1.77008
_11388_, 31.84, 160.48, 1.77008
_11413_, 31.84, 160.48, 1.77008
hold249, 31.84, 160.48, 1.77008
ANTENNA__10533__S, 31.84, 160.48, 1.77008
_10870_, 41.84, 160.48, 1.77035
hold232, 41.84, 160.48, 1.77035
ANTENNA__10480__A0, 41.84, 160.48, 1.77035
_06325_, 61.84, 160.48, 1.77118
_10700_, 61.84, 160.48, 1.77118
FILLER_0_55_113, 61.84, 160.48, 1.77118
FILLER_0_56_131, 61.84, 160.48, 1.77118
_06425_, 71.84, 160.48, 1.77173
_06478_, 71.84, 160.48, 1.77173
_10638_, 71.84, 160.48, 1.77173
ANTENNA__06426__A2, 71.84, 160.48, 1.77173
ANTENNA__06425__C, 71.84, 160.48, 1.77173
ANTENNA__10576__A, 71.84, 160.48, 1.77173
FILLER_0_54_135, 71.84, 160.48, 1.77173
_10964_, 91.84, 160.48, 1.7731
_11097_, 91.84, 160.48, 1.7731
hold327, 91.84, 160.48, 1.7731
ANTENNA__11150__RESET_B, 91.84, 160.48, 1.7731
_10379_, 101.84, 160.48, 1.77392
ANTENNA__11096__S, 101.84, 160.48, 1.77392
ANTENNA__11640__RESET_B, 101.84, 160.48, 1.77392
_06524_, 121.84, 160.48, 1.77539
_06528_, 121.84, 160.48, 1.77539
_06536_, 121.84, 160.48, 1.77539
ANTENNA__06540__A, 121.84, 160.48, 1.77539
ANTENNA__10379__A, 121.84, 160.48, 1.77539
ANTENNA__11584__RESET_B, 121.84, 160.48, 1.77539
FILLER_0_54_249, 121.84, 160.48, 1.77539
FILLER_0_55_257, 121.84, 160.48, 1.77539
_07417_, 131.84, 160.48, 1.77606
_07419_, 131.84, 160.48, 1.77606
_07420_, 131.84, 160.48, 1.77606
_07497_, 131.84, 160.48, 1.77606
ANTENNA__07420__A1, 131.84, 160.48, 1.77606
ANTENNA__07419__B, 131.84, 160.48, 1.77606
FILLER_0_54_265, 131.84, 160.48, 1.77606
FILLER_0_56_275, 131.84, 160.48, 1.77606
_09561_, 151.84, 160.48, 1.77493
_09567_, 151.84, 160.48, 1.77493
ANTENNA__07928__A, 151.84, 160.48, 1.77493
FILLER_0_55_308, 151.84, 160.48, 1.77493
FILLER_0_55_318, 151.84, 160.48, 1.77493
_09569_, 161.84, 160.48, 1.77315
_09620_, 161.84, 160.48, 1.77315
_09622_, 161.84, 160.48, 1.77315
FILLER_0_54_333, 161.84, 160.48, 1.77315
FILLER_0_56_346, 161.84, 160.48, 1.77315
_09476_, 181.84, 160.48, 1.76953
_09479_, 181.84, 160.48, 1.76953
_09480_, 181.84, 160.48, 1.76953
ANTENNA__09451__A, 181.84, 160.48, 1.76953
FILLER_0_55_381, 181.84, 160.48, 1.76953
FILLER_0_55_389, 181.84, 160.48, 1.76953
FILLER_0_55_393, 181.84, 160.48, 1.76953
FILLER_0_56_393, 181.84, 160.48, 1.76953
_09481_, 191.84, 160.48, 1.76764
_09484_, 191.84, 160.48, 1.76764
ANTENNA__09456__A1, 191.84, 160.48, 1.76764
ANTENNA__09441__A, 191.84, 160.48, 1.76764
ANTENNA__09449__B, 191.84, 160.48, 1.76764
ANTENNA__09441__B, 191.84, 160.48, 1.76764
ANTENNA__09459__B, 191.84, 160.48, 1.76764
FILLER_0_56_410, 191.84, 160.48, 1.76764
_09624_, 211.84, 160.48, 1.76407
_09626_, 211.84, 160.48, 1.76407
FILLER_0_54_448, 211.84, 160.48, 1.76407
FILLER_0_56_459, 211.84, 160.48, 1.76407
_09627_, 221.84, 160.48, 1.76242
_09631_, 221.84, 160.48, 1.76242
_09673_, 221.84, 160.48, 1.76242
_09675_, 221.84, 160.48, 1.76242
_11326_, 221.84, 160.48, 1.76242
FILLER_0_55_474, 221.84, 160.48, 1.76242
_09447_, 241.84, 160.48, 1.75945
_09461_, 241.84, 160.48, 1.75945
_09462_, 241.84, 160.48, 1.75945
hold37, 241.84, 160.48, 1.75945
ANTENNA__09447__B2, 241.84, 160.48, 1.75945
ANTENNA__11326__RESET_B, 241.84, 160.48, 1.75945
FILLER_0_54_505, 241.84, 160.48, 1.75945
_05569_, 251.84, 160.48, 1.75808
_06813_, 251.84, 160.48, 1.75808
_06834_, 251.84, 160.48, 1.75808
_06841_, 251.84, 160.48, 1.75808
ANTENNA__06813__A2, 251.84, 160.48, 1.75808
ANTENNA__06813__C1, 251.84, 160.48, 1.75808
FILLER_0_56_545, 251.84, 160.48, 1.75808
_06928_, 271.84, 160.48, 1.7555
_06974_, 271.84, 160.48, 1.7555
_06975_, 271.84, 160.48, 1.7555
ANTENNA__06928__B1, 271.84, 160.48, 1.7555
FILLER_0_54_571, 271.84, 160.48, 1.7555
FILLER_0_55_585, 271.84, 160.48, 1.7555
FILLER_0_56_580, 271.84, 160.48, 1.7555
_06976_, 281.84, 160.48, 1.7543
_07030_, 281.84, 160.48, 1.7543
ANTENNA__06976__B1, 281.84, 160.48, 1.7543
ANTENNA__06977__A2, 281.84, 160.48, 1.7543
FILLER_0_56_611, 281.84, 160.48, 1.7543
_05564_, 301.84, 160.48, 1.7521
_09630_, 301.84, 160.48, 1.7521
hold466, 301.84, 160.48, 1.7521
ANTENNA__11325__RESET_B, 301.84, 160.48, 1.7521
FILLER_0_55_641, 301.84, 160.48, 1.7521
FILLER_0_55_655, 301.84, 160.48, 1.7521
_06541_, 311.84, 160.48, 1.75107
_11253_, 311.84, 160.48, 1.75107
ANTENNA__06541__A, 311.84, 160.48, 1.75107
ANTENNA__11253__RESET_B, 311.84, 160.48, 1.75107
FILLER_0_55_665, 311.84, 160.48, 1.75107
FILLER_0_55_673, 311.84, 160.48, 1.75107
FILLER_0_56_669, 311.84, 160.48, 1.75107
_05681_, 331.84, 160.48, 1.74911
_05714_, 331.84, 160.48, 1.74911
_05715_, 331.84, 160.48, 1.74911
_06723_, 331.84, 160.48, 1.74911
ANTENNA__09382__A, 331.84, 160.48, 1.74911
ANTENNA__06723__A, 331.84, 160.48, 1.74911
ANTENNA__06686__S, 331.84, 160.48, 1.74911
ANTENNA_clkbuf_leaf_53_clk_A, 331.84, 160.48, 1.74911
_05697_, 341.84, 160.48, 1.74819
_09083_, 341.84, 160.48, 1.74819
ANTENNA__09085__S, 341.84, 160.48, 1.74819
FILLER_0_55_721, 341.84, 160.48, 1.74819
_05683_, 361.84, 160.48, 1.74649
_05713_, 361.84, 160.48, 1.74649
_06127_, 361.84, 160.48, 1.74649
_09170_, 361.84, 160.48, 1.74649
FILLER_0_55_785, 361.84, 160.48, 1.74649
_05684_, 371.84, 160.48, 1.74573
_05685_, 371.84, 160.48, 1.74573
_09256_, 371.84, 160.48, 1.74573
_09357_, 371.84, 160.48, 1.74573
ANTENNA__09274__A, 371.84, 160.48, 1.74573
ANTENNA__09256__A1, 371.84, 160.48, 1.74573
ANTENNA__09170__B1_N, 371.84, 160.48, 1.74573
FILLER_0_54_788, 371.84, 160.48, 1.74573
_05700_, 394.01, 160.48, 1.74495
_09257_, 394.01, 160.48, 1.74495
_09258_, 394.01, 160.48, 1.74495
_09259_, 394.01, 160.48, 1.74495
_09260_, 394.01, 160.48, 1.74495
_09261_, 394.01, 160.48, 1.74495
_11291_, 394.01, 160.48, 1.74495
ANTENNA__09258__S, 394.01, 160.48, 1.74495
FILLER_0_55_833, 394.01, 160.48, 1.74495
_10683_, 5.52, 155.04, 1.77033
_11485_, 5.52, 155.04, 1.77033
PHY_104, 5.52, 155.04, 1.77033
PHY_106, 5.52, 155.04, 1.77033
FILLER_0_53_3, 5.52, 155.04, 1.77033
_05702_, 406.18, 155.04, 1.73029
PHY_105, 406.18, 155.04, 1.73029
PHY_107, 406.18, 155.04, 1.73029
ANTENNA_output29_A, 406.18, 155.04, 1.73029
FILLER_0_52_865, 406.18, 155.04, 1.73029
FILLER_0_53_862, 406.18, 155.04, 1.73029
_10633_, 13.68, 155.04, 1.77034
_11461_, 13.68, 155.04, 1.77034
FILLER_0_52_15, 13.68, 155.04, 1.77034
FILLER_0_53_11, 13.68, 155.04, 1.77034
hold162, 31.84, 155.04, 1.77065
ANTENNA__11437__RESET_B, 31.84, 155.04, 1.77065
_10481_, 41.84, 155.04, 1.77095
_10868_, 41.84, 155.04, 1.77095
hold400, 41.84, 155.04, 1.77095
ANTENNA__11413__RESET_B, 41.84, 155.04, 1.77095
FILLER_0_52_75, 41.84, 155.04, 1.77095
FILLER_0_53_69, 41.84, 155.04, 1.77095
FILLER_0_53_74, 41.84, 155.04, 1.77095
FILLER_0_54_85, 41.84, 155.04, 1.77095
_06459_, 61.84, 155.04, 1.7719
_06471_, 61.84, 155.04, 1.7719
_10607_, 61.84, 155.04, 1.7719
_10877_, 61.84, 155.04, 1.7719
ANTENNA__06459__B, 61.84, 155.04, 1.7719
FILLER_0_52_115, 61.84, 155.04, 1.7719
_06426_, 71.84, 155.04, 1.77255
_06427_, 71.84, 155.04, 1.77255
_06445_, 71.84, 155.04, 1.77255
_06479_, 71.84, 155.04, 1.77255
ANTENNA__06471__S, 71.84, 155.04, 1.77255
ANTENNA__06426__B1, 71.84, 155.04, 1.77255
ANTENNA__06478__B, 71.84, 155.04, 1.77255
FILLER_0_52_137, 71.84, 155.04, 1.77255
_11096_, 91.84, 155.04, 1.77421
_11639_, 91.84, 155.04, 1.77421
hold326, 91.84, 155.04, 1.77421
ANTENNA__06508__S, 91.84, 155.04, 1.77421
FILLER_0_53_181, 91.84, 155.04, 1.77421
FILLER_0_53_186, 91.84, 155.04, 1.77421
_11039_, 101.84, 155.04, 1.77522
_11040_, 101.84, 155.04, 1.77522
_11611_, 101.84, 155.04, 1.77522
hold230, 101.84, 155.04, 1.77522
FILLER_0_52_207, 101.84, 155.04, 1.77522
FILLER_0_54_210, 101.84, 155.04, 1.77522
_06493_, 121.84, 155.04, 1.77715
_06525_, 121.84, 155.04, 1.77715
_06526_, 121.84, 155.04, 1.77715
_06527_, 121.84, 155.04, 1.77715
ANTENNA__06222__A, 121.84, 155.04, 1.77715
FILLER_0_53_248, 121.84, 155.04, 1.77715
FILLER_0_53_260, 121.84, 155.04, 1.77715
_07414_, 131.84, 155.04, 1.77807
_07418_, 131.84, 155.04, 1.77807
_07498_, 151.84, 155.04, 1.77696
_07501_, 151.84, 155.04, 1.77696
ANTENNA__09063__A, 151.84, 155.04, 1.77696
FILLER_0_53_319, 151.84, 155.04, 1.77696
FILLER_0_53_326, 151.84, 155.04, 1.77696
_09568_, 161.84, 155.04, 1.77495
_09619_, 161.84, 155.04, 1.77495
ANTENNA__09064__A1, 161.84, 155.04, 1.77495
FILLER_0_52_333, 161.84, 155.04, 1.77495
FILLER_0_53_349, 161.84, 155.04, 1.77495
_06781_, 181.84, 155.04, 1.7708
_06782_, 181.84, 155.04, 1.7708
_06885_, 181.84, 155.04, 1.7708
_08673_, 181.84, 155.04, 1.7708
_09490_, 181.84, 155.04, 1.7708
ANTENNA__06781__B, 181.84, 155.04, 1.7708
ANTENNA__06781__A, 181.84, 155.04, 1.7708
FILLER_0_53_389, 181.84, 155.04, 1.7708
FILLER_0_53_393, 181.84, 155.04, 1.7708
_09482_, 191.84, 155.04, 1.7687
_09483_, 191.84, 155.04, 1.7687
_09505_, 191.84, 155.04, 1.7687
_09506_, 191.84, 155.04, 1.7687
_09507_, 191.84, 155.04, 1.7687
_09540_, 191.84, 155.04, 1.7687
FILLER_0_53_414, 191.84, 155.04, 1.7687
FILLER_0_54_411, 191.84, 155.04, 1.7687
_09543_, 211.84, 155.04, 1.76481
_09625_, 211.84, 155.04, 1.76481
max_cap62, 211.84, 155.04, 1.76481
_08186_, 221.84, 155.04, 1.76306
_09512_, 221.84, 155.04, 1.76306
_09628_, 221.84, 155.04, 1.76306
ANTENNA__08186__A, 221.84, 155.04, 1.76306
FILLER_0_52_470, 221.84, 155.04, 1.76306
_09463_, 241.84, 155.04, 1.75993
_09488_, 241.84, 155.04, 1.75993
_11320_, 241.84, 155.04, 1.75993
ANTENNA__09463__B2, 241.84, 155.04, 1.75993
ANTENNA__09462__B1, 241.84, 155.04, 1.75993
ANTENNA__06813__A1, 241.84, 155.04, 1.75993
ANTENNA__11320__RESET_B, 241.84, 155.04, 1.75993
FILLER_0_53_505, 241.84, 155.04, 1.75993
FILLER_0_54_516, 241.84, 155.04, 1.75993
_06842_, 251.84, 155.04, 1.7585
hold39, 251.84, 155.04, 1.7585
hold69, 251.84, 155.04, 1.7585
ANTENNA__06813__B1, 251.84, 155.04, 1.7585
ANTENNA__06842__B1, 251.84, 155.04, 1.7585
FILLER_0_53_537, 251.84, 155.04, 1.7585
_06927_, 271.84, 155.04, 1.75583
ANTENNA__06929__A2, 271.84, 155.04, 1.75583
ANTENNA__11213__RESET_B, 271.84, 155.04, 1.75583
FILLER_0_52_575, 271.84, 155.04, 1.75583
FILLER_0_53_585, 271.84, 155.04, 1.75583
FILLER_0_54_585, 271.84, 155.04, 1.75583
FILLER_0_54_589, 271.84, 155.04, 1.75583
_06977_, 281.84, 155.04, 1.75459
hold463, 281.84, 155.04, 1.75459
hold470, 281.84, 155.04, 1.75459
FILLER_0_54_611, 281.84, 155.04, 1.75459
_05565_, 301.84, 155.04, 1.75218
_05566_, 301.84, 155.04, 1.75218
_05587_, 301.84, 155.04, 1.75218
_09629_, 301.84, 155.04, 1.75218
_11325_, 301.84, 155.04, 1.75218
FILLER_0_53_637, 301.84, 155.04, 1.75218
_08802_, 311.84, 155.04, 1.75103
_08803_, 311.84, 155.04, 1.75103
ANTENNA__09629__S, 311.84, 155.04, 1.75103
FILLER_0_53_663, 311.84, 155.04, 1.75103
FILLER_0_53_718, 331.84, 155.04, 1.74873
_05653_, 341.84, 155.04, 1.74748
_05661_, 341.84, 155.04, 1.74748
_05687_, 341.84, 155.04, 1.74748
_09080_, 341.84, 155.04, 1.74748
_05711_, 361.84, 155.04, 1.74391
_09168_, 361.84, 155.04, 1.74391
_09171_, 361.84, 155.04, 1.74391
ANTENNA__09171__A1, 361.84, 155.04, 1.74391
FILLER_0_53_778, 361.84, 155.04, 1.74391
_05710_, 371.84, 155.04, 1.74159
_05701_, 394.01, 155.04, 1.73029
_05705_, 394.01, 155.04, 1.73029
_06125_, 394.01, 155.04, 1.73029
_09255_, 394.01, 155.04, 1.73029
output29, 394.01, 155.04, 1.73029
ANTENNA__06124__B1, 394.01, 155.04, 1.73029
ANTENNA__05704__A, 394.01, 155.04, 1.73029
FILLER_0_52_839, 394.01, 155.04, 1.73029
FILLER_0_53_833, 394.01, 155.04, 1.73029
_10681_, 5.52, 149.6, 1.77083
PHY_100, 5.52, 149.6, 1.77083
PHY_102, 5.52, 149.6, 1.77083
FILLER_0_51_3, 5.52, 149.6, 1.77083
PHY_101, 406.18, 149.6, 1.74543
PHY_103, 406.18, 149.6, 1.74543
ANTENNA__05707__B2, 406.18, 149.6, 1.74543
ANTENNA__05669__B2, 406.18, 149.6, 1.74543
ANTENNA_output55_A, 406.18, 149.6, 1.74543
ANTENNA__11485__RESET_B, 13.68, 149.6, 1.77083
FILLER_0_51_23, 13.68, 149.6, 1.77083
FILLER_0_52_25, 13.68, 149.6, 1.77083
_10532_, 31.84, 149.6, 1.77116
_10582_, 31.84, 149.6, 1.77116
_11412_, 31.84, 149.6, 1.77116
clkbuf_leaf_6_clk, 31.84, 149.6, 1.77116
ANTENNA__10581__S, 31.84, 149.6, 1.77116
_10478_, 41.84, 149.6, 1.7715
_10479_, 41.84, 149.6, 1.7715
_11387_, 41.84, 149.6, 1.7715
hold426, 41.84, 149.6, 1.7715
ANTENNA_clkbuf_leaf_6_clk_A, 41.84, 149.6, 1.7715
_06468_, 61.84, 149.6, 1.7726
_06469_, 61.84, 149.6, 1.7726
ANTENNA__06479__S, 61.84, 149.6, 1.7726
ANTENNA__06471__A0, 61.84, 149.6, 1.7726
ANTENNA_fanout79_A, 61.84, 149.6, 1.7726
FILLER_0_52_128, 61.84, 149.6, 1.7726
_06234_, 71.84, 149.6, 1.77334
_06453_, 71.84, 149.6, 1.77334
_11021_, 71.84, 149.6, 1.77334
hold435, 71.84, 149.6, 1.77334
ANTENNA__06453__A1, 71.84, 149.6, 1.77334
ANTENNA__11602__RESET_B, 71.84, 149.6, 1.77334
FILLER_0_51_138, 71.84, 149.6, 1.77334
FILLER_0_52_145, 71.84, 149.6, 1.77334
_11018_, 91.84, 149.6, 1.77532
_11019_, 91.84, 149.6, 1.77532
_11629_, 91.84, 149.6, 1.77532
FILLER_0_51_192, 91.84, 149.6, 1.77532
hold320, 101.84, 149.6, 1.77654
hold353, 101.84, 149.6, 1.77654
ANTENNA__11039__S, 101.84, 149.6, 1.77654
ANTENNA__11639__RESET_B, 101.84, 149.6, 1.77654
_06503_, 121.84, 149.6, 1.77895
_06507_, 121.84, 149.6, 1.77895
ANTENNA__11583__RESET_B, 121.84, 149.6, 1.77895
FILLER_0_50_246, 121.84, 149.6, 1.77895
FILLER_0_51_247, 121.84, 149.6, 1.77895
FILLER_0_51_258, 121.84, 149.6, 1.77895
_07363_, 131.84, 149.6, 1.78015
_07364_, 131.84, 149.6, 1.78015
_07415_, 131.84, 149.6, 1.78015
_07416_, 131.84, 149.6, 1.78015
ANTENNA__07365__A1, 131.84, 149.6, 1.78015
ANTENNA__07364__B, 131.84, 149.6, 1.78015
FILLER_0_50_265, 131.84, 149.6, 1.78015
FILLER_0_51_266, 131.84, 149.6, 1.78015
FILLER_0_52_278, 131.84, 149.6, 1.78015
_08718_, 151.84, 149.6, 1.77904
_08753_, 151.84, 149.6, 1.77904
_08754_, 151.84, 149.6, 1.77904
_09063_, 151.84, 149.6, 1.77904
ANTENNA__09064__A2, 151.84, 149.6, 1.77904
ANTENNA__09063__B, 151.84, 149.6, 1.77904
FILLER_0_50_318, 151.84, 149.6, 1.77904
FILLER_0_52_321, 151.84, 149.6, 1.77904
_09032_, 161.84, 149.6, 1.77674
_09034_, 161.84, 149.6, 1.77674
_09064_, 161.84, 149.6, 1.77674
_09065_, 161.84, 149.6, 1.77674
FILLER_0_51_344, 161.84, 149.6, 1.77674
_06886_, 181.84, 149.6, 1.77212
_09066_, 181.84, 149.6, 1.77212
ANTENNA__06885__B, 181.84, 149.6, 1.77212
FILLER_0_50_379, 181.84, 149.6, 1.77212
FILLER_0_51_393, 181.84, 149.6, 1.77212
_09509_, 191.84, 149.6, 1.76981
_09541_, 191.84, 149.6, 1.76981
ANTENNA__09509__A, 191.84, 149.6, 1.76981
FILLER_0_50_401, 191.84, 149.6, 1.76981
FILLER_0_51_401, 191.84, 149.6, 1.76981
FILLER_0_52_414, 191.84, 149.6, 1.76981
_09513_, 211.84, 149.6, 1.76561
_09545_, 211.84, 149.6, 1.76561
_09571_, 211.84, 149.6, 1.76561
_09572_, 211.84, 149.6, 1.76561
FILLER_0_51_452, 211.84, 149.6, 1.76561
_09544_, 221.84, 149.6, 1.76375
_09547_, 221.84, 149.6, 1.76375
_09573_, 221.84, 149.6, 1.76375
_09574_, 221.84, 149.6, 1.76375
_09575_, 221.84, 149.6, 1.76375
_09576_, 221.84, 149.6, 1.76375
ANTENNA__09575__B1, 221.84, 149.6, 1.76375
ANTENNA__08438__B, 221.84, 149.6, 1.76375
FILLER_0_51_474, 221.84, 149.6, 1.76375
FILLER_0_52_477, 221.84, 149.6, 1.76375
_09486_, 241.84, 149.6, 1.76044
_11321_, 241.84, 149.6, 1.76044
ANTENNA__09488__A2, 241.84, 149.6, 1.76044
FILLER_0_51_508, 241.84, 149.6, 1.76044
_05568_, 251.84, 149.6, 1.75895
_06843_, 251.84, 149.6, 1.75895
_11212_, 251.84, 149.6, 1.75895
ANTENNA__06843__A2, 251.84, 149.6, 1.75895
FILLER_0_50_525, 251.84, 149.6, 1.75895
FILLER_0_51_533, 251.84, 149.6, 1.75895
FILLER_0_51_539, 251.84, 149.6, 1.75895
FILLER_0_52_541, 251.84, 149.6, 1.75895
_05567_, 271.84, 149.6, 1.7562
_06929_, 271.84, 149.6, 1.7562
_11215_, 271.84, 149.6, 1.7562
ANTENNA__11215__RESET_B, 271.84, 149.6, 1.7562
FILLER_0_51_577, 271.84, 149.6, 1.7562
FILLER_0_51_589, 271.84, 149.6, 1.7562
_11216_, 281.84, 149.6, 1.75496
ANTENNA__11216__RESET_B, 281.84, 149.6, 1.75496
FILLER_0_52_610, 281.84, 149.6, 1.75496
_05585_, 301.84, 149.6, 1.7526
_05586_, 301.84, 149.6, 1.7526
_07164_, 301.84, 149.6, 1.7526
ANTENNA__07164__A2, 301.84, 149.6, 1.7526
FILLER_0_50_639, 301.84, 149.6, 1.7526
FILLER_0_51_634, 301.84, 149.6, 1.7526
FILLER_0_51_642, 301.84, 149.6, 1.7526
_11252_, 311.84, 149.6, 1.75155
FILLER_0_51_669, 311.84, 149.6, 1.75155
FILLER_0_51_673, 311.84, 149.6, 1.75155
_05645_, 331.84, 149.6, 1.74956
_09082_, 331.84, 149.6, 1.74956
ANTENNA__05643__A, 331.84, 149.6, 1.74956
FILLER_0_51_717, 331.84, 149.6, 1.74956
FILLER_0_52_713, 331.84, 149.6, 1.74956
_05688_, 341.84, 149.6, 1.74863
_09076_, 341.84, 149.6, 1.74863
_09077_, 341.84, 149.6, 1.74863
_09081_, 341.84, 149.6, 1.74863
_09161_, 361.84, 149.6, 1.74694
_09163_, 361.84, 149.6, 1.74694
_09167_, 361.84, 149.6, 1.74694
ANTENNA__09163__S, 361.84, 149.6, 1.74694
FILLER_0_51_766, 361.84, 149.6, 1.74694
FILLER_0_51_781, 361.84, 149.6, 1.74694
FILLER_0_51_785, 361.84, 149.6, 1.74694
_06122_, 371.84, 149.6, 1.74619
_09162_, 371.84, 149.6, 1.74619
_09249_, 371.84, 149.6, 1.74619
FILLER_0_50_789, 371.84, 149.6, 1.74619
FILLER_0_52_805, 371.84, 149.6, 1.74619
_05559_, 394.01, 149.6, 1.74543
_05704_, 394.01, 149.6, 1.74543
_05706_, 394.01, 149.6, 1.74543
_05707_, 394.01, 149.6, 1.74543
ANTENNA__05705__B1, 394.01, 149.6, 1.74543
FILLER_0_51_841, 394.01, 149.6, 1.74543
FILLER_0_51_856, 394.01, 149.6, 1.74543
_11484_, 5.52, 144.16, 1.77098
PHY_96, 5.52, 144.16, 1.77098
PHY_98, 5.52, 144.16, 1.77098
input22, 5.52, 144.16, 1.77098
PHY_97, 406.18, 144.16, 1.73035
PHY_99, 406.18, 144.16, 1.73035
_10631_, 13.68, 144.16, 1.77099
_10680_, 13.68, 144.16, 1.77099
_10729_, 13.68, 144.16, 1.77099
_11460_, 13.68, 144.16, 1.77099
ANTENNA_input22_A, 13.68, 144.16, 1.77099
FILLER_0_48_11, 13.68, 144.16, 1.77099
_10531_, 31.84, 144.16, 1.77133
hold128, 31.84, 144.16, 1.77133
ANTENNA__10531__S, 31.84, 144.16, 1.77133
ANTENNA__10779__S, 31.84, 144.16, 1.77133
FILLER_0_48_56, 31.84, 144.16, 1.77133
FILLER_0_49_50, 31.84, 144.16, 1.77133
FILLER_0_49_57, 31.84, 144.16, 1.77133
_10860_, 41.84, 144.16, 1.77166
_10861_, 41.84, 144.16, 1.77166
_10865_, 41.84, 144.16, 1.77166
_10866_, 41.84, 144.16, 1.77166
hold14, 41.84, 144.16, 1.77166
_06451_, 61.84, 144.16, 1.77272
_06452_, 61.84, 144.16, 1.77272
_11602_, 61.84, 144.16, 1.77272
_11630_, 61.84, 144.16, 1.77272
ANTENNA__06451__B1, 61.84, 144.16, 1.77272
ANTENNA__06460__C, 61.84, 144.16, 1.77272
FILLER_0_49_127, 61.84, 144.16, 1.77272
FILLER_0_50_124, 61.84, 144.16, 1.77272
FILLER_0_50_132, 61.84, 144.16, 1.77272
_06460_, 71.84, 144.16, 1.77345
_11020_, 71.84, 144.16, 1.77345
FILLER_0_50_154, 71.84, 144.16, 1.77345
_11075_, 91.84, 144.16, 1.77534
_11657_, 91.84, 144.16, 1.77534
ANTENNA__11018__S, 91.84, 144.16, 1.77534
ANTENNA__11601__RESET_B, 91.84, 144.16, 1.77534
ANTENNA__11573__RESET_B, 91.84, 144.16, 1.77534
FILLER_0_49_180, 91.84, 144.16, 1.77534
_11076_, 101.84, 144.16, 1.77651
hold222, 101.84, 144.16, 1.77651
ANTENNA__11075__S, 101.84, 144.16, 1.77651
ANTENNA__11657__RESET_B, 101.84, 144.16, 1.77651
FILLER_0_49_215, 101.84, 144.16, 1.77651
_06504_, 121.84, 144.16, 1.7788
_06505_, 121.84, 144.16, 1.7788
_06506_, 121.84, 144.16, 1.7788
ANTENNA__06290__A, 121.84, 144.16, 1.7788
ANTENNA__10979__S, 121.84, 144.16, 1.7788
ANTENNA__11149__RESET_B, 121.84, 144.16, 1.7788
FILLER_0_49_245, 121.84, 144.16, 1.7788
_06480_, 131.84, 144.16, 1.77993
_07361_, 131.84, 144.16, 1.77993
_07365_, 131.84, 144.16, 1.77993
FILLER_0_48_264, 131.84, 144.16, 1.77993
FILLER_0_49_269, 131.84, 144.16, 1.77993
_09002_, 151.84, 144.16, 1.7788
_09030_, 151.84, 144.16, 1.7788
_09031_, 151.84, 144.16, 1.7788
max_cap67, 151.84, 144.16, 1.7788
ANTENNA__08718__B1, 151.84, 144.16, 1.7788
ANTENNA__08718__C1, 151.84, 144.16, 1.7788
ANTENNA__08753__C1, 151.84, 144.16, 1.7788
FILLER_0_49_309, 151.84, 144.16, 1.7788
FILLER_0_49_326, 151.84, 144.16, 1.7788
_09033_, 161.84, 144.16, 1.77659
ANTENNA__09033__A, 161.84, 144.16, 1.77659
ANTENNA__09033__B, 161.84, 144.16, 1.77659
ANTENNA__09026__B, 161.84, 144.16, 1.77659
FILLER_0_48_334, 161.84, 144.16, 1.77659
FILLER_0_49_337, 161.84, 144.16, 1.77659
FILLER_0_49_342, 161.84, 144.16, 1.77659
FILLER_0_49_347, 161.84, 144.16, 1.77659
_09037_, 181.84, 144.16, 1.7721
_09061_, 181.84, 144.16, 1.7721
FILLER_0_48_374, 181.84, 144.16, 1.7721
FILLER_0_49_382, 181.84, 144.16, 1.7721
_09508_, 191.84, 144.16, 1.76984
ANTENNA__09508__A, 191.84, 144.16, 1.76984
FILLER_0_50_415, 191.84, 144.16, 1.76984
FILLER_0_49_441, 211.84, 144.16, 1.76574
FILLER_0_50_457, 211.84, 144.16, 1.76574
_09546_, 221.84, 144.16, 1.76389
_11323_, 221.84, 144.16, 1.76389
ANTENNA__09546__A, 221.84, 144.16, 1.76389
ANTENNA__09547__A2, 221.84, 144.16, 1.76389
ANTENNA__11260__RESET_B, 221.84, 144.16, 1.76389
FILLER_0_49_461, 221.84, 144.16, 1.76389
FILLER_0_49_471, 221.84, 144.16, 1.76389
_06789_, 241.84, 144.16, 1.76056
_09437_, 241.84, 144.16, 1.76056
ANTENNA__09432__B2, 241.84, 144.16, 1.76056
ANTENNA__06789__B1, 241.84, 144.16, 1.76056
ANTENNA__11324__RESET_B, 241.84, 144.16, 1.76056
ANTENNA__11321__RESET_B, 241.84, 144.16, 1.76056
ANTENNA_clkbuf_leaf_65_clk_A, 241.84, 144.16, 1.76056
FILLER_0_49_513, 241.84, 144.16, 1.76056
FILLER_0_49_518, 241.84, 144.16, 1.76056
_05571_, 251.84, 144.16, 1.75907
_06815_, 251.84, 144.16, 1.75907
hold43, 251.84, 144.16, 1.75907
ANTENNA__06789__A2, 251.84, 144.16, 1.75907
ANTENNA__09432__A2, 251.84, 144.16, 1.75907
FILLER_0_48_529, 251.84, 144.16, 1.75907
FILLER_0_49_527, 251.84, 144.16, 1.75907
FILLER_0_49_535, 251.84, 144.16, 1.75907
_05576_, 271.84, 144.16, 1.75629
_06879_, 271.84, 144.16, 1.75629
clkbuf_leaf_51_clk, 271.84, 144.16, 1.75629
ANTENNA__06879__S, 271.84, 144.16, 1.75629
ANTENNA_clkbuf_leaf_51_clk_A, 271.84, 144.16, 1.75629
FILLER_0_49_589, 271.84, 144.16, 1.75629
FILLER_0_50_583, 271.84, 144.16, 1.75629
_05577_, 281.84, 144.16, 1.75503
FILLER_0_50_609, 281.84, 144.16, 1.75503
_11219_, 301.84, 144.16, 1.75258
hold138, 301.84, 144.16, 1.75258
FILLER_0_48_635, 301.84, 144.16, 1.75258
FILLER_0_50_653, 301.84, 144.16, 1.75258
_08695_, 311.84, 144.16, 1.75141
_08748_, 311.84, 144.16, 1.75141
_11251_, 311.84, 144.16, 1.75141
ANTENNA__08748__B2, 311.84, 144.16, 1.75141
FILLER_0_48_657, 311.84, 144.16, 1.75141
FILLER_0_49_656, 311.84, 144.16, 1.75141
_05646_, 331.84, 144.16, 1.74904
_05675_, 331.84, 144.16, 1.74904
_10396_, 331.84, 144.16, 1.74904
_11346_, 331.84, 144.16, 1.74904
FILLER_0_48_701, 331.84, 144.16, 1.74904
_05652_, 341.84, 144.16, 1.74778
_05662_, 341.84, 144.16, 1.74778
_09075_, 341.84, 144.16, 1.74778
FILLER_0_48_727, 341.84, 144.16, 1.74778
FILLER_0_49_723, 341.84, 144.16, 1.74778
_05648_, 361.84, 144.16, 1.74417
_05649_, 361.84, 144.16, 1.74417
_05673_, 361.84, 144.16, 1.74417
_05674_, 361.84, 144.16, 1.74417
_09166_, 361.84, 144.16, 1.74417
_05650_, 371.84, 144.16, 1.74183
_05651_, 371.84, 144.16, 1.74183
_05664_, 371.84, 144.16, 1.74183
_05672_, 371.84, 144.16, 1.74183
ANTENNA__09249__A1, 371.84, 144.16, 1.74183
FILLER_0_49_788, 371.84, 144.16, 1.74183
FILLER_0_49_807, 371.84, 144.16, 1.74183
FILLER_0_50_804, 371.84, 144.16, 1.74183
_05703_, 394.01, 144.16, 1.73035
_09254_, 394.01, 144.16, 1.73035
output55, 394.01, 144.16, 1.73035
clkbuf_leaf_56_clk, 394.01, 144.16, 1.73035
ANTENNA__05559__A, 394.01, 144.16, 1.73035
ANTENNA_clkbuf_leaf_56_clk_A, 394.01, 144.16, 1.73035
FILLER_0_49_837, 394.01, 144.16, 1.73035
FILLER_0_50_854, 394.01, 144.16, 1.73035
_11508_, 5.52, 138.72, 1.77092
PHY_92, 5.52, 138.72, 1.77092
PHY_94, 5.52, 138.72, 1.77092
FILLER_0_48_3, 5.52, 138.72, 1.77092
_05606_, 406.18, 138.72, 1.7455
_09247_, 406.18, 138.72, 1.7455
_09253_, 406.18, 138.72, 1.7455
PHY_93, 406.18, 138.72, 1.7455
PHY_95, 406.18, 138.72, 1.7455
FILLER_0_46_865, 406.18, 138.72, 1.7455
_10780_, 13.68, 138.72, 1.77093
ANTENNA__10729__S, 13.68, 138.72, 1.77093
_10527_, 31.84, 138.72, 1.77122
_11410_, 31.84, 138.72, 1.77122
_11556_, 31.84, 138.72, 1.77122
hold203, 31.84, 138.72, 1.77122
FILLER_0_47_49, 31.84, 138.72, 1.77122
_10474_, 41.84, 138.72, 1.77151
_10528_, 41.84, 138.72, 1.77151
_10863_, 41.84, 138.72, 1.77151
hold381, 41.84, 138.72, 1.77151
ANTENNA__10863__A, 41.84, 138.72, 1.77151
ANTENNA__11556__RESET_B, 41.84, 138.72, 1.77151
FILLER_0_46_76, 41.84, 138.72, 1.77151
FILLER_0_47_77, 41.84, 138.72, 1.77151
_11077_, 61.84, 138.72, 1.77243
_11078_, 61.84, 138.72, 1.77243
_11658_, 61.84, 138.72, 1.77243
ANTENNA__11077__S, 61.84, 138.72, 1.77243
ANTENNA__11630__RESET_B, 61.84, 138.72, 1.77243
FILLER_0_47_113, 61.84, 138.72, 1.77243
FILLER_0_47_128, 61.84, 138.72, 1.77243
_11140_, 71.84, 138.72, 1.77305
hold57, 71.84, 138.72, 1.77305
hold58, 71.84, 138.72, 1.77305
hold150, 71.84, 138.72, 1.77305
_06797_, 91.84, 138.72, 1.77464
_11134_, 91.84, 138.72, 1.77464
_11135_, 91.84, 138.72, 1.77464
ANTENNA__11134__S, 91.84, 138.72, 1.77464
ANTENNA__11574__RESET_B, 91.84, 138.72, 1.77464
FILLER_0_47_185, 91.84, 138.72, 1.77464
FILLER_0_47_197, 91.84, 138.72, 1.77464
_06485_, 101.84, 138.72, 1.77559
_06798_, 101.84, 138.72, 1.77559
_06800_, 101.84, 138.72, 1.77559
_06801_, 101.84, 138.72, 1.77559
_11149_, 101.84, 138.72, 1.77559
ANTENNA__06801__A1, 101.84, 138.72, 1.77559
ANTENNA__06800__B, 101.84, 138.72, 1.77559
FILLER_0_46_208, 101.84, 138.72, 1.77559
FILLER_0_48_210, 101.84, 138.72, 1.77559
_06483_, 121.84, 138.72, 1.7774
_11582_, 121.84, 138.72, 1.7774
FILLER_0_48_253, 121.84, 138.72, 1.7774
_07284_, 131.84, 138.72, 1.77825
ANTENNA__07284__A2, 131.84, 138.72, 1.77825
ANTENNA__11582__RESET_B, 131.84, 138.72, 1.77825
FILLER_0_46_270, 131.84, 138.72, 1.77825
FILLER_0_47_274, 131.84, 138.72, 1.77825
_09004_, 151.84, 138.72, 1.77713
_09039_, 151.84, 138.72, 1.77713
_09040_, 151.84, 138.72, 1.77713
_08855_, 161.84, 138.72, 1.77517
_08911_, 161.84, 138.72, 1.77517
_09035_, 161.84, 138.72, 1.77517
_09036_, 161.84, 138.72, 1.77517
_09055_, 161.84, 138.72, 1.77517
_09056_, 161.84, 138.72, 1.77517
FILLER_0_47_332, 161.84, 138.72, 1.77517
FILLER_0_47_337, 161.84, 138.72, 1.77517
FILLER_0_48_342, 161.84, 138.72, 1.77517
_09038_, 181.84, 138.72, 1.77114
ANTENNA__08806__A, 181.84, 138.72, 1.77114
FILLER_0_46_380, 181.84, 138.72, 1.77114
FILLER_0_47_381, 181.84, 138.72, 1.77114
_09041_, 191.84, 138.72, 1.76906
_09043_, 191.84, 138.72, 1.76906
_09057_, 191.84, 138.72, 1.76906
_09058_, 191.84, 138.72, 1.76906
FILLER_0_46_400, 191.84, 138.72, 1.76906
FILLER_0_47_402, 191.84, 138.72, 1.76906
_09068_, 211.84, 138.72, 1.76527
ANTENNA__09070__A1, 211.84, 138.72, 1.76527
FILLER_0_46_443, 211.84, 138.72, 1.76527
_09049_, 221.84, 138.72, 1.76353
_09051_, 221.84, 138.72, 1.76353
ANTENNA__09049__A1, 221.84, 138.72, 1.76353
FILLER_0_47_465, 221.84, 138.72, 1.76353
FILLER_0_47_471, 221.84, 138.72, 1.76353
FILLER_0_47_479, 221.84, 138.72, 1.76353
FILLER_0_48_477, 221.84, 138.72, 1.76353
_06788_, 241.84, 138.72, 1.76042
_09432_, 241.84, 138.72, 1.76042
_11317_, 241.84, 138.72, 1.76042
hold36, 241.84, 138.72, 1.76042
_05570_, 251.84, 138.72, 1.75899
_05572_, 251.84, 138.72, 1.75899
ANTENNA__06815__B2, 251.84, 138.72, 1.75899
FILLER_0_46_533, 251.84, 138.72, 1.75899
FILLER_0_47_536, 251.84, 138.72, 1.75899
_05617_, 271.84, 138.72, 1.75634
_05619_, 271.84, 138.72, 1.75634
FILLER_0_47_573, 271.84, 138.72, 1.75634
_05620_, 281.84, 138.72, 1.75511
_11241_, 281.84, 138.72, 1.75511
ANTENNA__11217__RESET_B, 281.84, 138.72, 1.75511
FILLER_0_47_594, 281.84, 138.72, 1.75511
_05625_, 301.84, 138.72, 1.75277
FILLER_0_46_640, 301.84, 138.72, 1.75277
FILLER_0_47_645, 301.84, 138.72, 1.75277
FILLER_0_47_653, 301.84, 138.72, 1.75277
_05626_, 311.84, 138.72, 1.75167
_05627_, 311.84, 138.72, 1.75167
_08696_, 311.84, 138.72, 1.75167
_08746_, 311.84, 138.72, 1.75167
ANTENNA__08696__A1, 311.84, 138.72, 1.75167
FILLER_0_47_664, 311.84, 138.72, 1.75167
_05635_, 331.84, 138.72, 1.74971
_05637_, 331.84, 138.72, 1.74971
_05641_, 331.84, 138.72, 1.74971
_09073_, 331.84, 138.72, 1.74971
ANTENNA__09073__B1, 331.84, 138.72, 1.74971
ANTENNA__11346__RESET_B, 331.84, 138.72, 1.74971
FILLER_0_47_707, 331.84, 138.72, 1.74971
_05600_, 341.84, 138.72, 1.74878
_05602_, 341.84, 138.72, 1.74878
_09072_, 341.84, 138.72, 1.74878
ANTENNA__09242__A, 341.84, 138.72, 1.74878
ANTENNA__09072__A2, 341.84, 138.72, 1.74878
FILLER_0_48_740, 341.84, 138.72, 1.74878
_05638_, 361.84, 138.72, 1.74708
_05640_, 361.84, 138.72, 1.74708
FILLER_0_47_775, 361.84, 138.72, 1.74708
FILLER_0_47_785, 361.84, 138.72, 1.74708
FILLER_0_48_781, 361.84, 138.72, 1.74708
_05671_, 371.84, 138.72, 1.7463
_06117_, 371.84, 138.72, 1.7463
_06120_, 371.84, 138.72, 1.7463
_09345_, 371.84, 138.72, 1.7463
ANTENNA__06120__A, 371.84, 138.72, 1.7463
FILLER_0_48_801, 371.84, 138.72, 1.7463
_05665_, 394.01, 138.72, 1.7455
_05667_, 394.01, 138.72, 1.7455
_05669_, 394.01, 138.72, 1.7455
_09245_, 394.01, 138.72, 1.7455
_09246_, 394.01, 138.72, 1.7455
_09250_, 394.01, 138.72, 1.7455
ANTENNA__09250__B2, 394.01, 138.72, 1.7455
ANTENNA__09246__A, 394.01, 138.72, 1.7455
FILLER_0_46_834, 394.01, 138.72, 1.7455
FILLER_0_47_837, 394.01, 138.72, 1.7455
_10730_, 5.52, 133.28, 1.77086
PHY_88, 5.52, 133.28, 1.77086
PHY_90, 5.52, 133.28, 1.77086
FILLER_0_46_3, 5.52, 133.28, 1.77086
_05608_, 406.18, 133.28, 1.74557
_05945_, 406.18, 133.28, 1.74557
PHY_89, 406.18, 133.28, 1.74557
PHY_91, 406.18, 133.28, 1.74557
ANTENNA__05608__A, 406.18, 133.28, 1.74557
ANTENNA__05945__A, 406.18, 133.28, 1.74557
FILLER_0_45_865, 406.18, 133.28, 1.74557
hold346, 13.68, 133.28, 1.77086
FILLER_0_45_15, 13.68, 133.28, 1.77086
FILLER_0_46_23, 13.68, 133.28, 1.77086
hold204, 31.84, 133.28, 1.77111
ANTENNA__10529__S, 31.84, 133.28, 1.77111
ANTENNA__10527__S, 31.84, 133.28, 1.77111
FILLER_0_44_47, 31.84, 133.28, 1.77111
FILLER_0_45_48, 31.84, 133.28, 1.77111
FILLER_0_45_57, 31.84, 133.28, 1.77111
FILLER_0_46_85, 41.84, 133.28, 1.77136
_06408_, 61.84, 133.28, 1.77213
_06410_, 61.84, 133.28, 1.77213
_11141_, 61.84, 133.28, 1.77213
ANTENNA__06408__A, 61.84, 133.28, 1.77213
ANTENNA_clkbuf_leaf_4_clk_A, 61.84, 133.28, 1.77213
FILLER_0_45_121, 61.84, 133.28, 1.77213
FILLER_0_45_131, 61.84, 133.28, 1.77213
_06277_, 71.84, 133.28, 1.77265
_06280_, 71.84, 133.28, 1.77265
ANTENNA__06280__A1, 71.84, 133.28, 1.77265
ANTENNA__11020__S, 71.84, 133.28, 1.77265
ANTENNA__11658__RESET_B, 71.84, 133.28, 1.77265
FILLER_0_44_136, 71.84, 133.28, 1.77265
FILLER_0_44_141, 71.84, 133.28, 1.77265
FILLER_0_45_142, 71.84, 133.28, 1.77265
_06265_, 91.84, 133.28, 1.77394
_06282_, 91.84, 133.28, 1.77394
_06283_, 91.84, 133.28, 1.77394
_06799_, 91.84, 133.28, 1.77394
_11133_, 91.84, 133.28, 1.77394
FILLER_0_45_179, 91.84, 133.28, 1.77394
FILLER_0_46_188, 91.84, 133.28, 1.77394
_06819_, 101.84, 133.28, 1.7747
_06820_, 101.84, 133.28, 1.7747
_06821_, 101.84, 133.28, 1.7747
ANTENNA__06820__B, 101.84, 133.28, 1.7747
ANTENNA__11133__A1, 101.84, 133.28, 1.7747
ANTENNA__06485__S, 101.84, 133.28, 1.7747
ANTENNA_clkbuf_leaf_11_clk_A, 101.84, 133.28, 1.7747
FILLER_0_45_200, 101.84, 133.28, 1.7747
_10980_, 121.84, 133.28, 1.7761
_11037_, 121.84, 133.28, 1.7761
hold314, 121.84, 133.28, 1.7761
ANTENNA__11037__S, 121.84, 133.28, 1.7761
ANTENNA__11638__RESET_B, 121.84, 133.28, 1.7761
ANTENNA__11610__RESET_B, 121.84, 133.28, 1.7761
FILLER_0_44_244, 121.84, 133.28, 1.7761
_06455_, 131.84, 133.28, 1.77671
_07281_, 131.84, 133.28, 1.77671
_07283_, 131.84, 133.28, 1.77671
ANTENNA__07283__B1, 131.84, 133.28, 1.77671
FILLER_0_44_266, 131.84, 133.28, 1.77671
FILLER_0_45_276, 131.84, 133.28, 1.77671
ANTENNA__08911__A, 151.84, 133.28, 1.77561
ANTENNA__08855__A, 151.84, 133.28, 1.77561
FILLER_0_45_320, 151.84, 133.28, 1.77561
FILLER_0_46_323, 151.84, 133.28, 1.77561
_08856_, 161.84, 133.28, 1.77388
_08859_, 161.84, 133.28, 1.77388
_08912_, 161.84, 133.28, 1.77388
_08992_, 161.84, 133.28, 1.77388
FILLER_0_45_330, 161.84, 133.28, 1.77388
FILLER_0_45_337, 161.84, 133.28, 1.77388
FILLER_0_46_349, 161.84, 133.28, 1.77388
_08807_, 181.84, 133.28, 1.77024
_09042_, 181.84, 133.28, 1.77024
_09053_, 181.84, 133.28, 1.77024
_09054_, 181.84, 133.28, 1.77024
FILLER_0_45_386, 181.84, 133.28, 1.77024
_09044_, 191.84, 133.28, 1.76834
_09045_, 191.84, 133.28, 1.76834
_09015_, 211.84, 133.28, 1.76477
_09047_, 211.84, 133.28, 1.76477
_09048_, 211.84, 133.28, 1.76477
_09050_, 211.84, 133.28, 1.76477
ANTENNA__09048__B1, 211.84, 133.28, 1.76477
FILLER_0_46_454, 211.84, 133.28, 1.76477
_09019_, 221.84, 133.28, 1.76314
_09052_, 221.84, 133.28, 1.76314
_11259_, 221.84, 133.28, 1.76314
ANTENNA__09049__A2, 221.84, 133.28, 1.76314
FILLER_0_46_477, 221.84, 133.28, 1.76314
_11211_, 241.84, 133.28, 1.76021
clkbuf_leaf_64_clk, 241.84, 133.28, 1.76021
hold74, 241.84, 133.28, 1.76021
ANTENNA__06788__A, 241.84, 133.28, 1.76021
ANTENNA__11318__RESET_B, 241.84, 133.28, 1.76021
ANTENNA__11317__RESET_B, 241.84, 133.28, 1.76021
ANTENNA__11258__RESET_B, 241.84, 133.28, 1.76021
FILLER_0_44_509, 241.84, 133.28, 1.76021
FILLER_0_45_505, 241.84, 133.28, 1.76021
_08099_, 251.84, 133.28, 1.75885
_08100_, 251.84, 133.28, 1.75885
_11236_, 251.84, 133.28, 1.75885
ANTENNA__08100__B2, 251.84, 133.28, 1.75885
ANTENNA_clkbuf_leaf_64_clk_A, 251.84, 133.28, 1.75885
_05618_, 271.84, 133.28, 1.7563
hold41, 271.84, 133.28, 1.7563
ANTENNA__08106__A, 271.84, 133.28, 1.7563
ANTENNA__11241__RESET_B, 271.84, 133.28, 1.7563
_08183_, 281.84, 133.28, 1.75509
hold32, 281.84, 133.28, 1.75509
FILLER_0_45_591, 281.84, 133.28, 1.75509
_05614_, 301.84, 133.28, 1.75278
_05624_, 301.84, 133.28, 1.75278
_08747_, 301.84, 133.28, 1.75278
clkbuf_leaf_52_clk, 301.84, 133.28, 1.75278
ANTENNA__08747__B1, 301.84, 133.28, 1.75278
ANTENNA__11255__RESET_B, 301.84, 133.28, 1.75278
FILLER_0_44_636, 301.84, 133.28, 1.75278
FILLER_0_45_638, 301.84, 133.28, 1.75278
_05628_, 311.84, 133.28, 1.75176
_05629_, 311.84, 133.28, 1.75176
FILLER_0_46_668, 311.84, 133.28, 1.75176
ANTENNA__06682__S, 331.84, 133.28, 1.7498
FILLER_0_44_701, 331.84, 133.28, 1.7498
FILLER_0_45_719, 331.84, 133.28, 1.7498
_05603_, 341.84, 133.28, 1.74886
_06683_, 341.84, 133.28, 1.74886
_09243_, 341.84, 133.28, 1.74886
ANTENNA__09243__B1, 341.84, 133.28, 1.74886
ANTENNA__11289__RESET_B, 341.84, 133.28, 1.74886
FILLER_0_45_733, 341.84, 133.28, 1.74886
FILLER_0_46_735, 341.84, 133.28, 1.74886
_06716_, 361.84, 133.28, 1.74714
_09156_, 361.84, 133.28, 1.74714
_09174_, 361.84, 133.28, 1.74714
_11277_, 361.84, 133.28, 1.74714
hold317, 361.84, 133.28, 1.74714
ANTENNA__09156__A1, 361.84, 133.28, 1.74714
FILLER_0_45_776, 361.84, 133.28, 1.74714
_06715_, 371.84, 133.28, 1.74637
_09346_, 371.84, 133.28, 1.74637
ANTENNA__09346__S, 371.84, 133.28, 1.74637
ANTENNA__11277__RESET_B, 371.84, 133.28, 1.74637
FILLER_0_45_797, 371.84, 133.28, 1.74637
FILLER_0_46_807, 371.84, 133.28, 1.74637
_05607_, 394.01, 133.28, 1.74558
_05609_, 394.01, 133.28, 1.74558
_05666_, 394.01, 133.28, 1.74558
_09248_, 394.01, 133.28, 1.74558
_09251_, 394.01, 133.28, 1.74558
ANTENNA__05609__A2, 394.01, 133.28, 1.74558
ANTENNA__09251__S, 394.01, 133.28, 1.74558
FILLER_0_44_844, 394.01, 133.28, 1.74558
FILLER_0_45_841, 394.01, 133.28, 1.74558
FILLER_0_45_857, 394.01, 133.28, 1.74558
_10626_, 5.52, 127.84, 1.77072
_10627_, 5.52, 127.84, 1.77072
_11458_, 5.52, 127.84, 1.77072
PHY_84, 5.52, 127.84, 1.77072
PHY_86, 5.52, 127.84, 1.77072
PHY_85, 406.18, 127.84, 1.7456
PHY_87, 406.18, 127.84, 1.7456
FILLER_0_43_864, 406.18, 127.84, 1.7456
_10578_, 13.68, 127.84, 1.77072
clkbuf_leaf_5_clk, 13.68, 127.84, 1.77072
_10529_, 31.84, 127.84, 1.77095
_11386_, 31.84, 127.84, 1.77095
_11411_, 31.84, 127.84, 1.77095
hold263, 31.84, 127.84, 1.77095
FILLER_0_44_58, 31.84, 127.84, 1.77095
_10476_, 41.84, 127.84, 1.77116
_10857_, 41.84, 127.84, 1.77116
hold87, 41.84, 127.84, 1.77116
_06412_, 61.84, 127.84, 1.77181
_06413_, 61.84, 127.84, 1.77181
ANTENNA__06412__B1, 61.84, 127.84, 1.77181
ANTENNA__06396__B, 61.84, 127.84, 1.77181
FILLER_0_43_124, 61.84, 127.84, 1.77181
_06372_, 71.84, 127.84, 1.77224
_06396_, 71.84, 127.84, 1.77224
ANTENNA__06277__A, 71.84, 127.84, 1.77224
ANTENNA__06277__B, 71.84, 127.84, 1.77224
FILLER_0_43_153, 71.84, 127.84, 1.77224
FILLER_0_44_147, 71.84, 127.84, 1.77224
_06281_, 91.84, 127.84, 1.77325
_06818_, 91.84, 127.84, 1.77325
_06847_, 91.84, 127.84, 1.77325
_06848_, 91.84, 127.84, 1.77325
_06849_, 91.84, 127.84, 1.77325
FILLER_0_42_186, 91.84, 127.84, 1.77325
FILLER_0_43_191, 91.84, 127.84, 1.77325
_08112_, 101.84, 127.84, 1.77385
_11638_, 101.84, 127.84, 1.77385
FILLER_0_42_209, 101.84, 127.84, 1.77385
FILLER_0_43_201, 101.84, 127.84, 1.77385
_06457_, 121.84, 127.84, 1.77484
_06461_, 121.84, 127.84, 1.77484
_06481_, 121.84, 127.84, 1.77484
_06482_, 121.84, 127.84, 1.77484
FILLER_0_42_246, 121.84, 127.84, 1.77484
FILLER_0_43_252, 121.84, 127.84, 1.77484
FILLER_0_44_253, 121.84, 127.84, 1.77484
_06454_, 131.84, 127.84, 1.77523
_06458_, 131.84, 127.84, 1.77523
_07282_, 131.84, 127.84, 1.77523
ANTENNA__06554__A, 131.84, 127.84, 1.77523
FILLER_0_42_269, 131.84, 127.84, 1.77523
FILLER_0_43_271, 131.84, 127.84, 1.77523
_08860_, 151.84, 127.84, 1.77412
_08909_, 151.84, 127.84, 1.77412
_08999_, 151.84, 127.84, 1.77412
_09029_, 151.84, 127.84, 1.77412
ANTENNA__09029__A1, 151.84, 127.84, 1.77412
ANTENNA__09029__A2, 151.84, 127.84, 1.77412
ANTENNA__08859__A, 151.84, 127.84, 1.77412
FILLER_0_42_309, 151.84, 127.84, 1.77412
FILLER_0_42_315, 151.84, 127.84, 1.77412
_08858_, 161.84, 127.84, 1.77262
_08913_, 161.84, 127.84, 1.77262
_08914_, 161.84, 127.84, 1.77262
_08916_, 161.84, 127.84, 1.77262
ANTENNA__08858__A, 161.84, 127.84, 1.77262
ANTENNA__08858__B, 161.84, 127.84, 1.77262
FILLER_0_43_329, 161.84, 127.84, 1.77262
FILLER_0_43_346, 161.84, 127.84, 1.77262
_09008_, 181.84, 127.84, 1.76939
_09011_, 181.84, 127.84, 1.76939
ANTENNA__08807__A1, 181.84, 127.84, 1.76939
FILLER_0_43_373, 181.84, 127.84, 1.76939
FILLER_0_43_383, 181.84, 127.84, 1.76939
_08974_, 191.84, 127.84, 1.76768
_08975_, 191.84, 127.84, 1.76768
_09013_, 191.84, 127.84, 1.76768
FILLER_0_42_395, 191.84, 127.84, 1.76768
FILLER_0_43_405, 191.84, 127.84, 1.76768
_09017_, 211.84, 127.84, 1.76442
_09021_, 211.84, 127.84, 1.76442
FILLER_0_43_442, 211.84, 127.84, 1.76442
FILLER_0_44_457, 211.84, 127.84, 1.76442
_08987_, 221.84, 127.84, 1.76287
_09018_, 221.84, 127.84, 1.76287
ANTENNA__09019__B1, 221.84, 127.84, 1.76287
FILLER_0_42_468, 221.84, 127.84, 1.76287
FILLER_0_43_461, 221.84, 127.84, 1.76287
_08953_, 241.84, 127.84, 1.75998
_08954_, 241.84, 127.84, 1.75998
_11256_, 241.84, 127.84, 1.75998
ANTENNA__11211__RESET_B, 241.84, 127.84, 1.75998
FILLER_0_42_510, 241.84, 127.84, 1.75998
FILLER_0_43_505, 241.84, 127.84, 1.75998
_11237_, 251.84, 127.84, 1.75871
ANTENNA__08099__A, 251.84, 127.84, 1.75871
ANTENNA__08099__B, 251.84, 127.84, 1.75871
ANTENNA__08954__B1, 251.84, 127.84, 1.75871
FILLER_0_42_529, 251.84, 127.84, 1.75871
FILLER_0_44_544, 251.84, 127.84, 1.75871
_08106_, 271.84, 127.84, 1.75624
_08119_, 271.84, 127.84, 1.75624
_08134_, 271.84, 127.84, 1.75624
ANTENNA__08134__A2, 271.84, 127.84, 1.75624
ANTENNA__08106__B, 271.84, 127.84, 1.75624
FILLER_0_44_582, 271.84, 127.84, 1.75624
ANTENNA__08183__A2, 281.84, 127.84, 1.75506
FILLER_0_44_601, 281.84, 127.84, 1.75506
FILLER_0_44_608, 281.84, 127.84, 1.75506
_08897_, 301.84, 127.84, 1.75271
_08899_, 301.84, 127.84, 1.75271
_11255_, 301.84, 127.84, 1.75271
hold308, 301.84, 127.84, 1.75271
ANTENNA__08899__A2, 301.84, 127.84, 1.75271
FILLER_0_43_648, 301.84, 127.84, 1.75271
_08745_, 311.84, 127.84, 1.75165
_08800_, 311.84, 127.84, 1.75165
ANTENNA_hold308_A, 311.84, 127.84, 1.75165
ANTENNA_clkbuf_leaf_52_clk_A, 311.84, 127.84, 1.75165
FILLER_0_44_666, 311.84, 127.84, 1.75165
_06682_, 331.84, 127.84, 1.74979
_09074_, 331.84, 127.84, 1.74979
_11261_, 331.84, 127.84, 1.74979
ANTENNA__09074__A2, 331.84, 127.84, 1.74979
ANTENNA__11261__RESET_B, 331.84, 127.84, 1.74979
_09244_, 341.84, 127.84, 1.74887
_11289_, 341.84, 127.84, 1.74887
hold17, 341.84, 127.84, 1.74887
_09173_, 361.84, 127.84, 1.74717
_11183_, 361.84, 127.84, 1.74717
FILLER_0_43_767, 361.84, 127.84, 1.74717
_09347_, 371.84, 127.84, 1.74639
ANTENNA__06715__S, 371.84, 127.84, 1.74639
FILLER_0_44_806, 371.84, 127.84, 1.74639
_09252_, 394.01, 127.84, 1.7456
_11290_, 394.01, 127.84, 1.7456
ANTENNA__05666__B1, 394.01, 127.84, 1.7456
ANTENNA__11304__RESET_B, 394.01, 127.84, 1.7456
ANTENNA__11290__RESET_B, 394.01, 127.84, 1.7456
FILLER_0_42_841, 394.01, 127.84, 1.7456
FILLER_0_44_854, 394.01, 127.84, 1.7456
_11482_, 5.52, 122.4, 1.77065
PHY_80, 5.52, 122.4, 1.77065
PHY_82, 5.52, 122.4, 1.77065
input21, 5.52, 122.4, 1.77065
FILLER_0_41_6, 5.52, 122.4, 1.77065
PHY_81, 406.18, 122.4, 1.73058
PHY_83, 406.18, 122.4, 1.73058
FILLER_0_40_861, 406.18, 122.4, 1.73058
FILLER_0_41_865, 406.18, 122.4, 1.73058
_10676_, 13.68, 122.4, 1.77065
_10677_, 13.68, 122.4, 1.77065
hold292, 13.68, 122.4, 1.77065
hold293, 13.68, 122.4, 1.77065
ANTENNA__10626__S, 13.68, 122.4, 1.77065
_10477_, 31.84, 122.4, 1.77083
_10530_, 31.84, 122.4, 1.77083
hold81, 31.84, 122.4, 1.77083
ANTENNA__10579__S, 31.84, 122.4, 1.77083
FILLER_0_40_48, 31.84, 122.4, 1.77083
FILLER_0_41_51, 31.84, 122.4, 1.77083
FILLER_0_42_61, 31.84, 122.4, 1.77083
_10848_, 41.84, 122.4, 1.771
_10853_, 41.84, 122.4, 1.771
_10854_, 41.84, 122.4, 1.771
_10856_, 41.84, 122.4, 1.771
ANTENNA__10476__S, 41.84, 122.4, 1.771
ANTENNA__10848__B, 41.84, 122.4, 1.771
ANTENNA__10476__A0, 41.84, 122.4, 1.771
FILLER_0_41_69, 41.84, 122.4, 1.771
FILLER_0_41_85, 41.84, 122.4, 1.771
_06388_, 61.84, 122.4, 1.77149
_06389_, 61.84, 122.4, 1.77149
_06397_, 61.84, 122.4, 1.77149
ANTENNA__06397__A1, 61.84, 122.4, 1.77149
ANTENNA__06388__B1, 61.84, 122.4, 1.77149
ANTENNA__06389__A1, 61.84, 122.4, 1.77149
FILLER_0_41_121, 61.84, 122.4, 1.77149
_06378_, 71.84, 122.4, 1.77182
_06428_, 71.84, 122.4, 1.77182
ANTENNA__06389__A2, 71.84, 122.4, 1.77182
ANTENNA__06428__A1, 71.84, 122.4, 1.77182
ANTENNA__06372__A1, 71.84, 122.4, 1.77182
ANTENNA__06378__A2, 71.84, 122.4, 1.77182
ANTENNA__06378__A1, 71.84, 122.4, 1.77182
FILLER_0_41_136, 71.84, 122.4, 1.77182
FILLER_0_41_145, 71.84, 122.4, 1.77182
_06264_, 91.84, 122.4, 1.77258
_06299_, 91.84, 122.4, 1.77258
_06850_, 91.84, 122.4, 1.77258
FILLER_0_41_190, 91.84, 122.4, 1.77258
_06851_, 101.84, 122.4, 1.77301
ANTENNA__06819__B1, 101.84, 122.4, 1.77301
FILLER_0_41_203, 101.84, 122.4, 1.77301
FILLER_0_42_217, 101.84, 122.4, 1.77301
_06430_, 121.84, 122.4, 1.77362
_06432_, 121.84, 122.4, 1.77362
ANTENNA__06458__B1, 121.84, 122.4, 1.77362
FILLER_0_42_253, 121.84, 122.4, 1.77362
_06435_, 131.84, 122.4, 1.7738
_07197_, 131.84, 122.4, 1.7738
_07198_, 131.84, 122.4, 1.7738
_07200_, 131.84, 122.4, 1.7738
FILLER_0_41_271, 131.84, 122.4, 1.7738
_08910_, 151.84, 122.4, 1.77269
ANTENNA__08910__B, 151.84, 122.4, 1.77269
ANTENNA__08909__A, 151.84, 122.4, 1.77269
ANTENNA__08909__B, 151.84, 122.4, 1.77269
FILLER_0_41_309, 151.84, 122.4, 1.77269
FILLER_0_41_326, 151.84, 122.4, 1.77269
_08915_, 161.84, 122.4, 1.77138
_08917_, 161.84, 122.4, 1.77138
_08918_, 161.84, 122.4, 1.77138
_08956_, 161.84, 122.4, 1.77138
FILLER_0_42_346, 161.84, 122.4, 1.77138
_08919_, 181.84, 122.4, 1.76851
_08920_, 181.84, 122.4, 1.76851
_08921_, 181.84, 122.4, 1.76851
ANTENNA__08921__A1, 181.84, 122.4, 1.76851
FILLER_0_40_381, 181.84, 122.4, 1.76851
_08922_, 191.84, 122.4, 1.76694
_08938_, 191.84, 122.4, 1.76694
_08939_, 191.84, 122.4, 1.76694
_08973_, 191.84, 122.4, 1.76694
_08978_, 191.84, 122.4, 1.76694
_09012_, 191.84, 122.4, 1.76694
FILLER_0_41_406, 191.84, 122.4, 1.76694
_08990_, 211.84, 122.4, 1.76394
FILLER_0_40_440, 211.84, 122.4, 1.76394
FILLER_0_40_448, 211.84, 122.4, 1.76394
FILLER_0_41_441, 211.84, 122.4, 1.76394
FILLER_0_42_456, 211.84, 122.4, 1.76394
_06852_, 221.84, 122.4, 1.76246
_08949_, 221.84, 122.4, 1.76246
_08982_, 221.84, 122.4, 1.76246
ANTENNA__06852__A, 221.84, 122.4, 1.76246
FILLER_0_40_464, 221.84, 122.4, 1.76246
FILLER_0_41_461, 221.84, 122.4, 1.76246
FILLER_0_42_481, 221.84, 122.4, 1.76246
_08985_, 241.84, 122.4, 1.75981
ANTENNA__08985__B, 241.84, 122.4, 1.75981
ANTENNA__08953__B1, 241.84, 122.4, 1.75981
ANTENNA__08954__B2, 241.84, 122.4, 1.75981
ANTENNA__08985__A, 241.84, 122.4, 1.75981
_08904_, 251.84, 122.4, 1.75855
FILLER_0_40_527, 251.84, 122.4, 1.75855
_08117_, 271.84, 122.4, 1.75613
_08132_, 271.84, 122.4, 1.75613
_08133_, 271.84, 122.4, 1.75613
_08156_, 271.84, 122.4, 1.75613
_11240_, 271.84, 122.4, 1.75613
ANTENNA__08119__A2, 271.84, 122.4, 1.75613
ANTENNA__11240__RESET_B, 271.84, 122.4, 1.75613
FILLER_0_41_586, 271.84, 122.4, 1.75613
_08154_, 281.84, 122.4, 1.75494
clkbuf_leaf_63_clk, 281.84, 122.4, 1.75494
hold68, 281.84, 122.4, 1.75494
ANTENNA_clkbuf_leaf_63_clk_A, 281.84, 122.4, 1.75494
_08749_, 301.84, 122.4, 1.75252
_08847_, 301.84, 122.4, 1.75252
_08850_, 301.84, 122.4, 1.75252
_08901_, 301.84, 122.4, 1.75252
FILLER_0_40_641, 301.84, 122.4, 1.75252
FILLER_0_41_639, 301.84, 122.4, 1.75252
FILLER_0_42_645, 301.84, 122.4, 1.75252
_08848_, 311.84, 122.4, 1.75143
_08851_, 311.84, 122.4, 1.75143
_08852_, 311.84, 122.4, 1.75143
_11254_, 311.84, 122.4, 1.75143
ANTENNA__08851__A, 311.84, 122.4, 1.75143
ANTENNA__08852__A2, 311.84, 122.4, 1.75143
FILLER_0_40_664, 311.84, 122.4, 1.75143
FILLER_0_42_667, 311.84, 122.4, 1.75143
FILLER_0_42_674, 311.84, 122.4, 1.75143
_06545_, 331.84, 122.4, 1.74921
_11167_, 331.84, 122.4, 1.74921
ANTENNA__09078__S, 331.84, 122.4, 1.74921
ANTENNA__11167__RESET_B, 331.84, 122.4, 1.74921
FILLER_0_41_718, 331.84, 122.4, 1.74921
_06684_, 341.84, 122.4, 1.74797
hold183, 341.84, 122.4, 1.74797
ANTENNA__06684__S, 341.84, 122.4, 1.74797
ANTENNA__09244__A2, 341.84, 122.4, 1.74797
FILLER_0_41_737, 341.84, 122.4, 1.74797
FILLER_0_42_741, 341.84, 122.4, 1.74797
_06714_, 361.84, 122.4, 1.74438
_09164_, 361.84, 122.4, 1.74438
hold333, 361.84, 122.4, 1.74438
ANTENNA__09173__S, 361.84, 122.4, 1.74438
ANTENNA__11181__RESET_B, 361.84, 122.4, 1.74438
FILLER_0_42_777, 361.84, 122.4, 1.74438
_11303_, 371.84, 122.4, 1.74202
FILLER_0_41_797, 371.84, 122.4, 1.74202
output54, 394.01, 122.4, 1.73058
FILLER_0_41_837, 394.01, 122.4, 1.73058
_11506_, 5.52, 116.96, 1.77052
PHY_76, 5.52, 116.96, 1.77052
PHY_78, 5.52, 116.96, 1.77052
ANTENNA_input21_A, 5.52, 116.96, 1.77052
FILLER_0_40_7, 5.52, 116.96, 1.77052
PHY_77, 406.18, 116.96, 1.74576
PHY_79, 406.18, 116.96, 1.74576
FILLER_0_39_865, 406.18, 116.96, 1.74576
_10725_, 13.68, 116.96, 1.77053
_10726_, 13.68, 116.96, 1.77053
hold280, 13.68, 116.96, 1.77053
ANTENNA__10676__S, 13.68, 116.96, 1.77053
FILLER_0_40_25, 13.68, 116.96, 1.77053
_10775_, 31.84, 116.96, 1.77066
_11554_, 31.84, 116.96, 1.77066
hold10, 31.84, 116.96, 1.77066
_10849_, 41.84, 116.96, 1.7708
_10850_, 41.84, 116.96, 1.7708
_10851_, 41.84, 116.96, 1.7708
_10852_, 41.84, 116.96, 1.7708
ANTENNA__10854__A2, 41.84, 116.96, 1.7708
FILLER_0_38_75, 41.84, 116.96, 1.7708
_11548_, 61.84, 116.96, 1.77117
hold467, 61.84, 116.96, 1.77117
ANTENNA__06371__B1, 61.84, 116.96, 1.77117
ANTENNA__10813__B, 61.84, 116.96, 1.77117
ANTENNA__06269__B, 61.84, 116.96, 1.77117
FILLER_0_39_113, 61.84, 116.96, 1.77117
FILLER_0_39_120, 61.84, 116.96, 1.77117
FILLER_0_40_126, 61.84, 116.96, 1.77117
_06269_, 71.84, 116.96, 1.77141
_06270_, 71.84, 116.96, 1.77141
_06271_, 71.84, 116.96, 1.77141
_10813_, 71.84, 116.96, 1.77141
_10814_, 71.84, 116.96, 1.77141
ANTENNA__06378__B1, 71.84, 116.96, 1.77141
FILLER_0_39_139, 71.84, 116.96, 1.77141
FILLER_0_39_146, 71.84, 116.96, 1.77141
FILLER_0_40_152, 71.84, 116.96, 1.77141
_06297_, 91.84, 116.96, 1.77189
_06320_, 91.84, 116.96, 1.77189
_06900_, 91.84, 116.96, 1.77189
_06901_, 91.84, 116.96, 1.77189
ANTENNA__06297__A1, 91.84, 116.96, 1.77189
ANTENNA__06293__C1, 91.84, 116.96, 1.77189
ANTENNA__06297__C1, 91.84, 116.96, 1.77189
FILLER_0_39_192, 91.84, 116.96, 1.77189
_06376_, 101.84, 116.96, 1.77215
_06379_, 101.84, 116.96, 1.77215
_06903_, 101.84, 116.96, 1.77215
_06905_, 101.84, 116.96, 1.77215
ANTENNA__06379__A1, 101.84, 116.96, 1.77215
_06400_, 121.84, 116.96, 1.77246
_06402_, 121.84, 116.96, 1.77246
_06403_, 121.84, 116.96, 1.77246
_06404_, 121.84, 116.96, 1.77246
_06429_, 121.84, 116.96, 1.77246
_06431_, 121.84, 116.96, 1.77246
ANTENNA__06230__A, 121.84, 116.96, 1.77246
FILLER_0_38_249, 121.84, 116.96, 1.77246
_06415_, 131.84, 116.96, 1.77248
_07199_, 131.84, 116.96, 1.77248
ANTENNA__06403__B1, 131.84, 116.96, 1.77248
FILLER_0_38_269, 131.84, 116.96, 1.77248
_08857_, 151.84, 116.96, 1.77139
_08862_, 151.84, 116.96, 1.77139
_08924_, 151.84, 116.96, 1.77139
ANTENNA__08910__A, 151.84, 116.96, 1.77139
ANTENNA__08857__A, 151.84, 116.96, 1.77139
FILLER_0_38_316, 151.84, 116.96, 1.77139
FILLER_0_39_325, 151.84, 116.96, 1.77139
FILLER_0_40_321, 151.84, 116.96, 1.77139
_09009_, 161.84, 116.96, 1.77028
FILLER_0_39_333, 161.84, 116.96, 1.77028
FILLER_0_39_349, 161.84, 116.96, 1.77028
_08908_, 181.84, 116.96, 1.76777
ANTENNA__08920__A, 181.84, 116.96, 1.76777
FILLER_0_38_378, 181.84, 116.96, 1.76777
FILLER_0_39_374, 181.84, 116.96, 1.76777
FILLER_0_39_385, 181.84, 116.96, 1.76777
FILLER_0_40_393, 181.84, 116.96, 1.76777
_08940_, 191.84, 116.96, 1.76636
FILLER_0_40_411, 191.84, 116.96, 1.76636
_08947_, 211.84, 116.96, 1.76353
_08948_, 211.84, 116.96, 1.76353
_08955_, 211.84, 116.96, 1.76353
FILLER_0_38_445, 211.84, 116.96, 1.76353
FILLER_0_39_440, 211.84, 116.96, 1.76353
_08892_, 221.84, 116.96, 1.76216
_08905_, 221.84, 116.96, 1.76216
_08906_, 221.84, 116.96, 1.76216
_08950_, 221.84, 116.96, 1.76216
FILLER_0_39_461, 221.84, 116.96, 1.76216
FILLER_0_40_472, 221.84, 116.96, 1.76216
_07109_, 241.84, 116.96, 1.75947
_08896_, 241.84, 116.96, 1.75947
_08902_, 241.84, 116.96, 1.75947
ANTENNA__11257__RESET_B, 241.84, 116.96, 1.75947
FILLER_0_40_517, 241.84, 116.96, 1.75947
_08799_, 251.84, 116.96, 1.7582
_08846_, 251.84, 116.96, 1.7582
_08903_, 251.84, 116.96, 1.7582
FILLER_0_38_533, 251.84, 116.96, 1.7582
FILLER_0_39_543, 251.84, 116.96, 1.7582
_08155_, 271.84, 116.96, 1.75605
ANTENNA__08133__B1, 271.84, 116.96, 1.75605
ANTENNA__08120__C, 271.84, 116.96, 1.75605
ANTENNA__11238__RESET_B, 271.84, 116.96, 1.75605
FILLER_0_38_570, 271.84, 116.96, 1.75605
_08181_, 281.84, 116.96, 1.75498
_08182_, 281.84, 116.96, 1.75498
_08222_, 281.84, 116.96, 1.75498
ANTENNA__08182__C1, 281.84, 116.96, 1.75498
ANTENNA__08156__A2, 281.84, 116.96, 1.75498
ANTENNA__08155__B1, 281.84, 116.96, 1.75498
ANTENNA__11243__RESET_B, 281.84, 116.96, 1.75498
FILLER_0_38_592, 281.84, 116.96, 1.75498
FILLER_0_39_593, 281.84, 116.96, 1.75498
_08849_, 301.84, 116.96, 1.75284
_08900_, 301.84, 116.96, 1.75284
FILLER_0_38_634, 301.84, 116.96, 1.75284
FILLER_0_40_648, 301.84, 116.96, 1.75284
hold56, 311.84, 116.96, 1.75184
ANTENNA__06814__A, 311.84, 116.96, 1.75184
ANTENNA__11254__RESET_B, 311.84, 116.96, 1.75184
ANTENNA__11245__RESET_B, 311.84, 116.96, 1.75184
FILLER_0_39_657, 311.84, 116.96, 1.75184
FILLER_0_39_667, 311.84, 116.96, 1.75184
FILLER_0_40_673, 311.84, 116.96, 1.75184
_09078_, 331.84, 116.96, 1.7499
_09079_, 331.84, 116.96, 1.7499
_11262_, 331.84, 116.96, 1.7499
ANTENNA__06545__A, 331.84, 116.96, 1.7499
ANTENNA__11262__RESET_B, 331.84, 116.96, 1.7499
FILLER_0_39_701, 331.84, 116.96, 1.7499
_11168_, 341.84, 116.96, 1.74897
clkbuf_3_5__f_clk, 341.84, 116.96, 1.74897
FILLER_0_40_735, 341.84, 116.96, 1.74897
_06713_, 361.84, 116.96, 1.7473
_09165_, 361.84, 116.96, 1.7473
_11182_, 361.84, 116.96, 1.7473
hold297, 361.84, 116.96, 1.7473
ANTENNA__11276__RESET_B, 371.84, 116.96, 1.74653
ANTENNA__11182__RESET_B, 371.84, 116.96, 1.74653
FILLER_0_40_803, 371.84, 116.96, 1.74653
FILLER_0_38_837, 394.01, 116.96, 1.74576
FILLER_0_39_837, 394.01, 116.96, 1.74576
PHY_72, 5.52, 111.52, 1.77033
PHY_74, 5.52, 111.52, 1.77033
FILLER_0_37_3, 5.52, 111.52, 1.77033
FILLER_0_38_3, 5.52, 111.52, 1.77033
PHY_73, 406.18, 111.52, 1.72439
PHY_75, 406.18, 111.52, 1.72439
ANTENNA_output53_A, 406.18, 111.52, 1.72439
FILLER_0_36_861, 406.18, 111.52, 1.72439
_10678_, 13.68, 111.52, 1.77033
_10679_, 13.68, 111.52, 1.77033
ANTENNA__10678__S, 13.68, 111.52, 1.77033
FILLER_0_37_26, 13.68, 111.52, 1.77033
ANTENNA__10775__S, 31.84, 111.52, 1.77043
FILLER_0_37_51, 31.84, 111.52, 1.77043
_06366_, 41.84, 111.52, 1.77054
_06367_, 41.84, 111.52, 1.77054
_10844_, 41.84, 111.52, 1.77054
ANTENNA__10844__B1, 41.84, 111.52, 1.77054
ANTENNA__10849__B_N, 41.84, 111.52, 1.77054
ANTENNA__06367__A, 41.84, 111.52, 1.77054
FILLER_0_37_69, 41.84, 111.52, 1.77054
FILLER_0_37_77, 41.84, 111.52, 1.77054
_06369_, 61.84, 111.52, 1.77083
ANTENNA__10812__A2, 61.84, 111.52, 1.77083
ANTENNA__11548__RESET_B, 61.84, 111.52, 1.77083
FILLER_0_37_121, 61.84, 111.52, 1.77083
_06260_, 71.84, 111.52, 1.77101
_06323_, 71.84, 111.52, 1.77101
_10812_, 71.84, 111.52, 1.77101
ANTENNA__10814__A1, 71.84, 111.52, 1.77101
ANTENNA__06318__A1, 71.84, 111.52, 1.77101
ANTENNA__06323__A2, 71.84, 111.52, 1.77101
ANTENNA__10812__A1, 71.84, 111.52, 1.77101
ANTENNA__06269__A, 71.84, 111.52, 1.77101
ANTENNA__06335__A1, 71.84, 111.52, 1.77101
FILLER_0_37_140, 71.84, 111.52, 1.77101
FILLER_0_37_153, 71.84, 111.52, 1.77101
_06319_, 91.84, 111.52, 1.77138
_06321_, 91.84, 111.52, 1.77138
_06322_, 91.84, 111.52, 1.77138
_06902_, 91.84, 111.52, 1.77138
ANTENNA__06324__A1, 91.84, 111.52, 1.77138
ANTENNA__06293__A1, 91.84, 111.52, 1.77138
FILLER_0_36_178, 91.84, 111.52, 1.77138
FILLER_0_37_192, 91.84, 111.52, 1.77138
FILLER_0_38_190, 91.84, 111.52, 1.77138
_06346_, 101.84, 111.52, 1.77157
_06904_, 101.84, 111.52, 1.77157
ANTENNA__06904__B, 101.84, 111.52, 1.77157
FILLER_0_37_220, 101.84, 111.52, 1.77157
_07053_, 121.84, 111.52, 1.77168
_07055_, 121.84, 111.52, 1.77168
ANTENNA__07001__A2, 121.84, 111.52, 1.77168
ANTENNA__06404__A1, 121.84, 111.52, 1.77168
FILLER_0_36_245, 121.84, 111.52, 1.77168
FILLER_0_37_254, 121.84, 111.52, 1.77168
FILLER_0_38_257, 121.84, 111.52, 1.77168
_07121_, 131.84, 111.52, 1.77161
_07122_, 131.84, 111.52, 1.77161
_07123_, 131.84, 111.52, 1.77161
ANTENNA__07123__A1, 131.84, 111.52, 1.77161
ANTENNA__07122__B, 131.84, 111.52, 1.77161
_08863_, 151.84, 111.52, 1.77052
_08925_, 151.84, 111.52, 1.77052
_08961_, 151.84, 111.52, 1.77052
_08962_, 151.84, 111.52, 1.77052
FILLER_0_37_315, 151.84, 111.52, 1.77052
FILLER_0_38_328, 151.84, 111.52, 1.77052
_08963_, 161.84, 111.52, 1.76949
_08965_, 161.84, 111.52, 1.76949
FILLER_0_36_335, 161.84, 111.52, 1.76949
FILLER_0_37_332, 161.84, 111.52, 1.76949
FILLER_0_38_344, 161.84, 111.52, 1.76949
_08864_, 181.84, 111.52, 1.76715
_08865_, 181.84, 111.52, 1.76715
_08937_, 181.84, 111.52, 1.76715
_08977_, 181.84, 111.52, 1.76715
FILLER_0_36_377, 181.84, 111.52, 1.76715
FILLER_0_37_375, 181.84, 111.52, 1.76715
FILLER_0_37_388, 181.84, 111.52, 1.76715
_08866_, 191.84, 111.52, 1.76585
_08867_, 191.84, 111.52, 1.76585
_08868_, 191.84, 111.52, 1.76585
FILLER_0_37_399, 191.84, 111.52, 1.76585
FILLER_0_38_410, 191.84, 111.52, 1.76585
_08888_, 211.84, 111.52, 1.7632
_08891_, 211.84, 111.52, 1.7632
FILLER_0_37_443, 211.84, 111.52, 1.7632
FILLER_0_38_454, 211.84, 111.52, 1.7632
_08890_, 221.84, 111.52, 1.76185
_08893_, 221.84, 111.52, 1.76185
_08895_, 221.84, 111.52, 1.76185
FILLER_0_38_471, 221.84, 111.52, 1.76185
_08796_, 241.84, 111.52, 1.75916
_08797_, 241.84, 111.52, 1.75916
_08798_, 241.84, 111.52, 1.75916
_08844_, 241.84, 111.52, 1.75916
_08845_, 241.84, 111.52, 1.75916
_08853_, 241.84, 111.52, 1.75916
FILLER_0_36_507, 241.84, 111.52, 1.75916
_08111_, 251.84, 111.52, 1.75807
_08741_, 251.84, 111.52, 1.75807
_08742_, 251.84, 111.52, 1.75807
ANTENNA__08113__A, 251.84, 111.52, 1.75807
ANTENNA__08111__B, 251.84, 111.52, 1.75807
ANTENNA__08111__A, 251.84, 111.52, 1.75807
FILLER_0_36_527, 251.84, 111.52, 1.75807
FILLER_0_36_533, 251.84, 111.52, 1.75807
_08120_, 271.84, 111.52, 1.75595
_08129_, 271.84, 111.52, 1.75595
_08130_, 271.84, 111.52, 1.75595
_08131_, 271.84, 111.52, 1.75595
_08135_, 271.84, 111.52, 1.75595
_08152_, 271.84, 111.52, 1.75595
_08153_, 271.84, 111.52, 1.75595
ANTENNA__08120__B, 271.84, 111.52, 1.75595
ANTENNA__08120__A, 271.84, 111.52, 1.75595
_08178_, 281.84, 111.52, 1.75484
_08179_, 281.84, 111.52, 1.75484
_08180_, 281.84, 111.52, 1.75484
_08220_, 281.84, 111.52, 1.75484
FILLER_0_37_594, 281.84, 111.52, 1.75484
FILLER_0_37_608, 281.84, 111.52, 1.75484
_08344_, 301.84, 111.52, 1.75254
_11245_, 301.84, 111.52, 1.75254
hold93, 301.84, 111.52, 1.75254
ANTENNA__08303__B2, 301.84, 111.52, 1.75254
_06814_, 311.84, 111.52, 1.75137
_08342_, 311.84, 111.52, 1.75137
_08693_, 311.84, 111.52, 1.75137
_08694_, 311.84, 111.52, 1.75137
ANTENNA__08344__B2, 311.84, 111.52, 1.75137
FILLER_0_36_659, 311.84, 111.52, 1.75137
FILLER_0_36_665, 311.84, 111.52, 1.75137
_06685_, 331.84, 111.52, 1.749
ANTENNA_clkbuf_3_5__f_clk_A, 331.84, 111.52, 1.749
FILLER_0_37_720, 331.84, 111.52, 1.749
FILLER_0_38_713, 331.84, 111.52, 1.749
ANTENNA__06742__S, 341.84, 111.52, 1.74763
ANTENNA__11168__RESET_B, 341.84, 111.52, 1.74763
FILLER_0_36_729, 341.84, 111.52, 1.74763
ANTENNA__06713__S, 361.84, 111.52, 1.74322
ANTENNA__06711__S, 361.84, 111.52, 1.74322
FILLER_0_37_780, 361.84, 111.52, 1.74322
FILLER_0_38_801, 371.84, 111.52, 1.74018
output53, 394.01, 111.52, 1.72439
FILLER_0_37_833, 394.01, 111.52, 1.72439
FILLER_0_38_845, 394.01, 111.52, 1.72439
_11483_, 5.52, 106.08, 1.77009
_11507_, 5.52, 106.08, 1.77009
PHY_68, 5.52, 106.08, 1.77009
PHY_70, 5.52, 106.08, 1.77009
FILLER_0_36_3, 5.52, 106.08, 1.77009
PHY_69, 406.18, 106.08, 1.7455
PHY_71, 406.18, 106.08, 1.7455
FILLER_0_34_861, 406.18, 106.08, 1.7455
FILLER_0_35_865, 406.18, 106.08, 1.7455
_10727_, 13.68, 106.08, 1.77009
_10728_, 13.68, 106.08, 1.77009
hold83, 13.68, 106.08, 1.77009
FILLER_0_34_12, 13.68, 106.08, 1.77009
_11555_, 31.84, 106.08, 1.77018
fanout75, 31.84, 106.08, 1.77018
ANTENNA__11531__RESET_B, 31.84, 106.08, 1.77018
ANTENNA_fanout75_A, 31.84, 106.08, 1.77018
FILLER_0_35_47, 31.84, 106.08, 1.77018
FILLER_0_36_67, 31.84, 106.08, 1.77018
_10842_, 41.84, 106.08, 1.77026
_10843_, 41.84, 106.08, 1.77026
_10845_, 41.84, 106.08, 1.77026
hold209, 41.84, 106.08, 1.77026
ANTENNA__10845__A2, 41.84, 106.08, 1.77026
FILLER_0_35_70, 41.84, 106.08, 1.77026
FILLER_0_35_84, 41.84, 106.08, 1.77026
_06317_, 61.84, 106.08, 1.77049
_06330_, 61.84, 106.08, 1.77049
_06333_, 61.84, 106.08, 1.77049
_06365_, 61.84, 106.08, 1.77049
ANTENNA__10812__B1, 61.84, 106.08, 1.77049
ANTENNA_clkbuf_3_0__f_clk_A, 61.84, 106.08, 1.77049
FILLER_0_35_124, 61.84, 106.08, 1.77049
FILLER_0_36_126, 61.84, 106.08, 1.77049
_06268_, 71.84, 106.08, 1.77062
_06318_, 71.84, 106.08, 1.77062
_06557_, 71.84, 106.08, 1.77062
ANTENNA__06334__A, 71.84, 106.08, 1.77062
ANTENNA__06317__B1, 71.84, 106.08, 1.77062
ANTENNA__06268__B, 71.84, 106.08, 1.77062
ANTENNA__06260__A, 71.84, 106.08, 1.77062
ANTENNA__06268__A, 71.84, 106.08, 1.77062
FILLER_0_34_141, 71.84, 106.08, 1.77062
FILLER_0_35_134, 71.84, 106.08, 1.77062
FILLER_0_35_150, 71.84, 106.08, 1.77062
FILLER_0_36_151, 71.84, 106.08, 1.77062
_06347_, 91.84, 106.08, 1.77087
_06348_, 91.84, 106.08, 1.77087
ANTENNA__06349__B2, 91.84, 106.08, 1.77087
FILLER_0_36_192, 91.84, 106.08, 1.77087
_06374_, 101.84, 106.08, 1.77098
_06375_, 101.84, 106.08, 1.77098
_06955_, 101.84, 106.08, 1.77098
_06957_, 101.84, 106.08, 1.77098
_06996_, 101.84, 106.08, 1.77098
FILLER_0_34_209, 101.84, 106.08, 1.77098
FILLER_0_36_216, 101.84, 106.08, 1.77098
_06398_, 121.84, 106.08, 1.77095
_07001_, 121.84, 106.08, 1.77095
_07054_, 121.84, 106.08, 1.77095
ANTENNA__07052__B, 121.84, 106.08, 1.77095
ANTENNA__06959__A1, 121.84, 106.08, 1.77095
FILLER_0_34_248, 121.84, 106.08, 1.77095
FILLER_0_35_256, 121.84, 106.08, 1.77095
_06295_, 131.84, 106.08, 1.77083
_06390_, 131.84, 106.08, 1.77083
_07052_, 131.84, 106.08, 1.77083
_07056_, 131.84, 106.08, 1.77083
_07120_, 131.84, 106.08, 1.77083
ANTENNA__07056__B1, 131.84, 106.08, 1.77083
FILLER_0_35_266, 131.84, 106.08, 1.77083
_08719_, 151.84, 106.08, 1.76976
_08993_, 151.84, 106.08, 1.76976
ANTENNA__08961__A, 151.84, 106.08, 1.76976
ANTENNA__08957__A, 151.84, 106.08, 1.76976
ANTENNA__08961__B, 151.84, 106.08, 1.76976
FILLER_0_34_313, 151.84, 106.08, 1.76976
FILLER_0_35_328, 151.84, 106.08, 1.76976
_08932_, 161.84, 106.08, 1.76881
ANTENNA__08932__A, 161.84, 106.08, 1.76881
ANTENNA__08932__B, 161.84, 106.08, 1.76881
_08809_, 181.84, 106.08, 1.7666
_08816_, 181.84, 106.08, 1.7666
_08817_, 181.84, 106.08, 1.7666
FILLER_0_34_376, 181.84, 106.08, 1.7666
FILLER_0_35_389, 181.84, 106.08, 1.7666
_08881_, 191.84, 106.08, 1.76537
_08882_, 191.84, 106.08, 1.76537
_08884_, 191.84, 106.08, 1.76537
_08835_, 211.84, 106.08, 1.76285
_08886_, 211.84, 106.08, 1.76285
_08887_, 211.84, 106.08, 1.76285
FILLER_0_34_439, 211.84, 106.08, 1.76285
FILLER_0_35_445, 211.84, 106.08, 1.76285
FILLER_0_35_457, 211.84, 106.08, 1.76285
FILLER_0_36_457, 211.84, 106.08, 1.76285
_08838_, 221.84, 106.08, 1.76158
_08841_, 221.84, 106.08, 1.76158
_08894_, 221.84, 106.08, 1.76158
FILLER_0_34_468, 221.84, 106.08, 1.76158
FILLER_0_35_478, 221.84, 106.08, 1.76158
FILLER_0_36_472, 221.84, 106.08, 1.76158
FILLER_0_36_477, 221.84, 106.08, 1.76158
_06811_, 241.84, 106.08, 1.7592
_08739_, 241.84, 106.08, 1.7592
ANTENNA__06811__A, 241.84, 106.08, 1.7592
FILLER_0_35_505, 241.84, 106.08, 1.7592
FILLER_0_35_513, 241.84, 106.08, 1.7592
_08114_, 251.84, 106.08, 1.75807
_08115_, 251.84, 106.08, 1.75807
_08740_, 251.84, 106.08, 1.75807
_08750_, 251.84, 106.08, 1.75807
ANTENNA__08115__B2, 251.84, 106.08, 1.75807
ANTENNA__08123__A1, 251.84, 106.08, 1.75807
ANTENNA__08115__A1, 251.84, 106.08, 1.75807
ANTENNA__08114__B, 251.84, 106.08, 1.75807
FILLER_0_35_534, 251.84, 106.08, 1.75807
_08151_, 271.84, 106.08, 1.75596
ANTENNA__08177__A, 271.84, 106.08, 1.75596
FILLER_0_34_577, 271.84, 106.08, 1.75596
FILLER_0_35_580, 271.84, 106.08, 1.75596
_08177_, 281.84, 106.08, 1.75488
_08218_, 281.84, 106.08, 1.75488
_08219_, 281.84, 106.08, 1.75488
FILLER_0_35_598, 281.84, 106.08, 1.75488
_08301_, 301.84, 106.08, 1.75276
_08304_, 301.84, 106.08, 1.75276
_08343_, 301.84, 106.08, 1.75276
ANTENNA__08343__B1, 301.84, 106.08, 1.75276
FILLER_0_36_645, 301.84, 106.08, 1.75276
_08635_, 311.84, 106.08, 1.75169
_08641_, 311.84, 106.08, 1.75169
FILLER_0_35_668, 311.84, 106.08, 1.75169
_08577_, 331.84, 106.08, 1.74979
_11196_, 331.84, 106.08, 1.74979
ANTENNA__11196__RESET_B, 331.84, 106.08, 1.74979
FILLER_0_34_705, 331.84, 106.08, 1.74979
_06742_, 341.84, 106.08, 1.7489
_06744_, 341.84, 106.08, 1.7489
hold258, 341.84, 106.08, 1.7489
ANTENNA__06742__A0, 341.84, 106.08, 1.7489
FILLER_0_36_805, 371.84, 106.08, 1.74633
FILLER_0_35_833, 394.01, 106.08, 1.7455
PHY_64, 5.52, 100.64, 1.76988
PHY_66, 5.52, 100.64, 1.76988
input20, 5.52, 100.64, 1.76988
ANTENNA_input20_A, 5.52, 100.64, 1.76988
FILLER_0_33_7, 5.52, 100.64, 1.76988
FILLER_0_34_6, 5.52, 100.64, 1.76988
PHY_65, 406.18, 100.64, 1.74552
PHY_67, 406.18, 100.64, 1.74552
FILLER_0_33_865, 406.18, 100.64, 1.74552
_10772_, 13.68, 100.64, 1.76988
hold219, 13.68, 100.64, 1.76988
hold220, 13.68, 100.64, 1.76988
FILLER_0_33_18, 13.68, 100.64, 1.76988
FILLER_0_34_25, 13.68, 100.64, 1.76988
_10777_, 31.84, 100.64, 1.76993
_10858_, 31.84, 100.64, 1.76993
_10859_, 31.84, 100.64, 1.76993
hold315, 31.84, 100.64, 1.76993
FILLER_0_33_57, 31.84, 100.64, 1.76993
_10837_, 41.84, 100.64, 1.76998
_10839_, 41.84, 100.64, 1.76998
ANTENNA__10839__A1, 41.84, 100.64, 1.76998
ANTENNA__10858__S, 41.84, 100.64, 1.76998
ANTENNA__11555__RESET_B, 41.84, 100.64, 1.76998
FILLER_0_32_73, 41.84, 100.64, 1.76998
FILLER_0_33_80, 41.84, 100.64, 1.76998
_06258_, 61.84, 100.64, 1.77013
_06314_, 61.84, 100.64, 1.77013
_06315_, 61.84, 100.64, 1.77013
_06316_, 61.84, 100.64, 1.77013
_06332_, 61.84, 100.64, 1.77013
ANTENNA__06258__A, 61.84, 100.64, 1.77013
ANTENNA__06258__B, 61.84, 100.64, 1.77013
FILLER_0_33_113, 61.84, 100.64, 1.77013
FILLER_0_34_131, 61.84, 100.64, 1.77013
_06254_, 71.84, 100.64, 1.77023
_06255_, 71.84, 100.64, 1.77023
_06256_, 71.84, 100.64, 1.77023
_06261_, 71.84, 100.64, 1.77023
_06262_, 71.84, 100.64, 1.77023
_06266_, 71.84, 100.64, 1.77023
ANTENNA__06557__B, 71.84, 100.64, 1.77023
ANTENNA__06255__C1, 71.84, 100.64, 1.77023
FILLER_0_32_134, 71.84, 100.64, 1.77023
FILLER_0_32_141, 71.84, 100.64, 1.77023
_11576_, 91.84, 100.64, 1.77037
fanout77, 91.84, 100.64, 1.77037
FILLER_0_33_178, 91.84, 100.64, 1.77037
FILLER_0_34_188, 91.84, 100.64, 1.77037
_06345_, 101.84, 100.64, 1.77043
ANTENNA__11143__RESET_B, 101.84, 100.64, 1.77043
ANTENNA_fanout77_A, 101.84, 100.64, 1.77043
FILLER_0_32_205, 101.84, 100.64, 1.77043
FILLER_0_33_216, 101.84, 100.64, 1.77043
_06463_, 121.84, 100.64, 1.77028
_11148_, 121.84, 100.64, 1.77028
hold139, 121.84, 100.64, 1.77028
ANTENNA__06462__S, 121.84, 100.64, 1.77028
ANTENNA__06295__A, 121.84, 100.64, 1.77028
FILLER_0_34_253, 121.84, 100.64, 1.77028
_10978_, 131.84, 100.64, 1.77009
fanout82, 131.84, 100.64, 1.77009
hold146, 131.84, 100.64, 1.77009
ANTENNA__11581__RESET_B, 131.84, 100.64, 1.77009
ANTENNA_fanout82_A, 131.84, 100.64, 1.77009
FILLER_0_33_277, 131.84, 100.64, 1.77009
_08812_, 151.84, 100.64, 1.76899
_08813_, 151.84, 100.64, 1.76899
_08814_, 151.84, 100.64, 1.76899
_08854_, 151.84, 100.64, 1.76899
_08997_, 151.84, 100.64, 1.76899
ANTENNA__08997__A1, 151.84, 100.64, 1.76899
ANTENNA__08957__B, 151.84, 100.64, 1.76899
ANTENNA__08997__A2, 151.84, 100.64, 1.76899
FILLER_0_32_313, 151.84, 100.64, 1.76899
_08548_, 161.84, 100.64, 1.7681
_08549_, 161.84, 100.64, 1.7681
_08926_, 161.84, 100.64, 1.7681
_08927_, 161.84, 100.64, 1.7681
_08929_, 161.84, 100.64, 1.7681
_08930_, 161.84, 100.64, 1.7681
ANTENNA__08717__B, 161.84, 100.64, 1.7681
FILLER_0_33_332, 161.84, 100.64, 1.7681
FILLER_0_34_340, 161.84, 100.64, 1.7681
_08758_, 181.84, 100.64, 1.7661
_08872_, 181.84, 100.64, 1.7661
FILLER_0_33_377, 181.84, 100.64, 1.7661
FILLER_0_33_386, 181.84, 100.64, 1.7661
_08880_, 191.84, 100.64, 1.76497
_08883_, 191.84, 100.64, 1.76497
FILLER_0_34_407, 191.84, 100.64, 1.76497
FILLER_0_34_415, 191.84, 100.64, 1.76497
_08836_, 211.84, 100.64, 1.76265
_08837_, 211.84, 100.64, 1.76265
FILLER_0_32_441, 211.84, 100.64, 1.76265
FILLER_0_33_441, 211.84, 100.64, 1.76265
FILLER_0_34_454, 211.84, 100.64, 1.76265
_08790_, 221.84, 100.64, 1.76147
ANTENNA__07492__A, 221.84, 100.64, 1.76147
FILLER_0_32_465, 221.84, 100.64, 1.76147
_08737_, 241.84, 100.64, 1.75915
_08738_, 241.84, 100.64, 1.75915
_08794_, 241.84, 100.64, 1.75915
_08795_, 241.84, 100.64, 1.75915
FILLER_0_32_511, 241.84, 100.64, 1.75915
_08122_, 251.84, 100.64, 1.75807
_08123_, 251.84, 100.64, 1.75807
ANTENNA__08122__A, 251.84, 100.64, 1.75807
ANTENNA__08139__A, 251.84, 100.64, 1.75807
ANTENNA__08122__B, 251.84, 100.64, 1.75807
ANTENNA__08123__B2, 251.84, 100.64, 1.75807
FILLER_0_32_533, 251.84, 100.64, 1.75807
FILLER_0_33_528, 251.84, 100.64, 1.75807
FILLER_0_33_546, 251.84, 100.64, 1.75807
_08150_, 271.84, 100.64, 1.7559
_08158_, 271.84, 100.64, 1.7559
_08176_, 271.84, 100.64, 1.7559
FILLER_0_32_572, 271.84, 100.64, 1.7559
FILLER_0_33_569, 271.84, 100.64, 1.7559
FILLER_0_33_582, 271.84, 100.64, 1.7559
FILLER_0_34_585, 271.84, 100.64, 1.7559
_08184_, 281.84, 100.64, 1.75482
_08216_, 281.84, 100.64, 1.75482
_08217_, 281.84, 100.64, 1.75482
_08247_, 281.84, 100.64, 1.75482
ANTENNA__08184__A, 281.84, 100.64, 1.75482
ANTENNA__06544__A, 281.84, 100.64, 1.75482
FILLER_0_33_608, 281.84, 100.64, 1.75482
FILLER_0_34_601, 281.84, 100.64, 1.75482
_08300_, 301.84, 100.64, 1.75274
_08692_, 301.84, 100.64, 1.75274
FILLER_0_32_637, 301.84, 100.64, 1.75274
FILLER_0_33_642, 301.84, 100.64, 1.75274
_08744_, 311.84, 100.64, 1.75176
_11246_, 311.84, 100.64, 1.75176
FILLER_0_32_657, 311.84, 100.64, 1.75176
FILLER_0_33_661, 311.84, 100.64, 1.75176
FILLER_0_33_669, 311.84, 100.64, 1.75176
_06743_, 331.84, 100.64, 1.74988
clkbuf_leaf_58_clk, 331.84, 100.64, 1.74988
FILLER_0_33_709, 331.84, 100.64, 1.74988
_06745_, 341.84, 100.64, 1.74896
hold259, 341.84, 100.64, 1.74896
ANTENNA_clkbuf_leaf_58_clk_A, 341.84, 100.64, 1.74896
FILLER_0_33_724, 341.84, 100.64, 1.74896
FILLER_0_33_777, 361.84, 100.64, 1.7472
FILLER_0_34_805, 371.84, 100.64, 1.74636
FILLER_0_32_837, 394.01, 100.64, 1.74552
FILLER_0_33_833, 394.01, 100.64, 1.74552
_11528_, 5.52, 95.2, 1.76966
PHY_60, 5.52, 95.2, 1.76966
PHY_62, 5.52, 95.2, 1.76966
FILLER_0_31_3, 5.52, 95.2, 1.76966
FILLER_0_32_3, 5.52, 95.2, 1.76966
PHY_61, 406.18, 95.2, 1.72869
PHY_63, 406.18, 95.2, 1.72869
ANTENNA_output52_A, 406.18, 95.2, 1.72869
FILLER_0_30_861, 406.18, 95.2, 1.72869
_10721_, 13.68, 95.2, 1.76966
_10771_, 13.68, 95.2, 1.76966
_11551_, 31.84, 95.2, 1.7697
hold455, 31.84, 95.2, 1.7697
ANTENNA__10777__S, 31.84, 95.2, 1.7697
ANTENNA__10840__S, 31.84, 95.2, 1.7697
ANTENNA__11552__RESET_B, 31.84, 95.2, 1.7697
FILLER_0_31_53, 31.84, 95.2, 1.7697
FILLER_0_31_65, 31.84, 95.2, 1.7697
_06311_, 41.84, 95.2, 1.76973
_06312_, 41.84, 95.2, 1.76973
_10831_, 41.84, 95.2, 1.76973
_10835_, 41.84, 95.2, 1.76973
ANTENNA__11551__RESET_B, 41.84, 95.2, 1.76973
FILLER_0_30_78, 41.84, 95.2, 1.76973
FILLER_0_32_81, 41.84, 95.2, 1.76973
FILLER_0_32_85, 41.84, 95.2, 1.76973
_06257_, 61.84, 95.2, 1.76982
_06259_, 61.84, 95.2, 1.76982
_10829_, 61.84, 95.2, 1.76982
ANTENNA__10829__A1, 61.84, 95.2, 1.76982
ANTENNA__06257__A, 61.84, 95.2, 1.76982
ANTENNA__10828__A, 61.84, 95.2, 1.76982
ANTENNA__06257__B, 61.84, 95.2, 1.76982
FILLER_0_30_112, 61.84, 95.2, 1.76982
FILLER_0_31_113, 61.84, 95.2, 1.76982
FILLER_0_31_125, 61.84, 95.2, 1.76982
_06267_, 71.84, 95.2, 1.76986
_10815_, 71.84, 95.2, 1.76986
ANTENNA__10817__B1, 71.84, 95.2, 1.76986
ANTENNA__10815__A, 71.84, 95.2, 1.76986
ANTENNA__06266__B, 71.84, 95.2, 1.76986
ANTENNA__06255__A2, 71.84, 95.2, 1.76986
ANTENNA__06254__B, 71.84, 95.2, 1.76986
FILLER_0_30_134, 71.84, 95.2, 1.76986
FILLER_0_30_141, 71.84, 95.2, 1.76986
FILLER_0_31_139, 71.84, 95.2, 1.76986
_10967_, 91.84, 95.2, 1.76989
hold212, 91.84, 95.2, 1.76989
FILLER_0_32_193, 91.84, 95.2, 1.76989
_11575_, 101.84, 95.2, 1.76987
fanout78, 101.84, 95.2, 1.76987
hold276, 101.84, 95.2, 1.76987
ANTENNA__10967__S, 101.84, 95.2, 1.76987
ANTENNA__10965__S, 101.84, 95.2, 1.76987
FILLER_0_30_201, 101.84, 95.2, 1.76987
_06462_, 121.84, 95.2, 1.7696
_11093_, 121.84, 95.2, 1.7696
_11637_, 121.84, 95.2, 1.7696
ANTENNA__11147__RESET_B, 121.84, 95.2, 1.7696
FILLER_0_31_242, 121.84, 95.2, 1.7696
FILLER_0_32_263, 121.84, 95.2, 1.7696
_10977_, 131.84, 95.2, 1.76934
_11036_, 131.84, 95.2, 1.76934
_11581_, 131.84, 95.2, 1.76934
clkbuf_leaf_67_clk, 131.84, 95.2, 1.76934
ANTENNA__11035__S, 131.84, 95.2, 1.76934
FILLER_0_31_275, 131.84, 95.2, 1.76934
_08959_, 151.84, 95.2, 1.76828
ANTENNA__08548__A, 151.84, 95.2, 1.76828
ANTENNA__08548__B, 151.84, 95.2, 1.76828
FILLER_0_32_319, 151.84, 95.2, 1.76828
_08810_, 161.84, 95.2, 1.76745
ANTENNA__08926__B, 161.84, 95.2, 1.76745
ANTENNA__08549__A, 161.84, 95.2, 1.76745
FILLER_0_30_331, 161.84, 95.2, 1.76745
_08874_, 181.84, 95.2, 1.76555
_08923_, 181.84, 95.2, 1.76555
_06794_, 191.84, 95.2, 1.76449
_08877_, 191.84, 95.2, 1.76449
_08878_, 191.84, 95.2, 1.76449
_08879_, 191.84, 95.2, 1.76449
ANTENNA__06794__A, 191.84, 95.2, 1.76449
ANTENNA__08877__B, 191.84, 95.2, 1.76449
ANTENNA__08877__A, 191.84, 95.2, 1.76449
FILLER_0_31_415, 191.84, 95.2, 1.76449
_08771_, 211.84, 95.2, 1.7623
_08788_, 211.84, 95.2, 1.7623
_08789_, 211.84, 95.2, 1.7623
FILLER_0_31_441, 211.84, 95.2, 1.7623
FILLER_0_32_451, 211.84, 95.2, 1.7623
_07492_, 221.84, 95.2, 1.76118
_08732_, 221.84, 95.2, 1.76118
_08733_, 221.84, 95.2, 1.76118
_08734_, 221.84, 95.2, 1.76118
ANTENNA__07492__B, 221.84, 95.2, 1.76118
FILLER_0_30_465, 221.84, 95.2, 1.76118
FILLER_0_31_462, 221.84, 95.2, 1.76118
FILLER_0_31_475, 221.84, 95.2, 1.76118
FILLER_0_31_481, 221.84, 95.2, 1.76118
FILLER_0_32_472, 221.84, 95.2, 1.76118
FILLER_0_32_477, 221.84, 95.2, 1.76118
_08139_, 241.84, 95.2, 1.75898
ANTENNA__08139__B, 241.84, 95.2, 1.75898
FILLER_0_30_507, 241.84, 95.2, 1.75898
_08143_, 251.84, 95.2, 1.75786
_08688_, 251.84, 95.2, 1.75786
_08691_, 251.84, 95.2, 1.75786
ANTENNA__08166__A2, 251.84, 95.2, 1.75786
FILLER_0_30_533, 251.84, 95.2, 1.75786
FILLER_0_31_541, 251.84, 95.2, 1.75786
_08137_, 271.84, 95.2, 1.75581
_08174_, 271.84, 95.2, 1.75581
_08175_, 271.84, 95.2, 1.75581
ANTENNA__08137__A, 271.84, 95.2, 1.75581
FILLER_0_31_573, 271.84, 95.2, 1.75581
FILLER_0_32_589, 271.84, 95.2, 1.75581
max_cap63, 281.84, 95.2, 1.75477
FILLER_0_31_609, 281.84, 95.2, 1.75477
FILLER_0_30_639, 301.84, 95.2, 1.75265
_08396_, 311.84, 95.2, 1.75158
hold105, 311.84, 95.2, 1.75158
ANTENNA__08396__B1, 311.84, 95.2, 1.75158
_08462_, 331.84, 95.2, 1.7492
_11197_, 331.84, 95.2, 1.7492
ANTENNA__11197__RESET_B, 331.84, 95.2, 1.7492
FILLER_0_31_718, 331.84, 95.2, 1.7492
FILLER_0_31_777, 361.84, 95.2, 1.74405
FILLER_0_32_805, 371.84, 95.2, 1.74146
output52, 394.01, 95.2, 1.72869
FILLER_0_31_833, 394.01, 95.2, 1.72869
FILLER_0_32_845, 394.01, 95.2, 1.72869
_10722_, 5.52, 89.76, 1.76942
_11504_, 5.52, 89.76, 1.76942
PHY_56, 5.52, 89.76, 1.76942
PHY_58, 5.52, 89.76, 1.76942
hold208, 5.52, 89.76, 1.76942
PHY_57, 406.18, 89.76, 1.74576
PHY_59, 406.18, 89.76, 1.74576
FILLER_0_28_861, 406.18, 89.76, 1.74576
FILLER_0_29_865, 406.18, 89.76, 1.74576
_10672_, 13.68, 89.76, 1.76943
hold225, 13.68, 89.76, 1.76943
ANTENNA__10672__S, 13.68, 89.76, 1.76943
ANTENNA__10721__S, 13.68, 89.76, 1.76943
_10832_, 31.84, 89.76, 1.76944
_10833_, 31.84, 89.76, 1.76944
ANTENNA__10572__S, 31.84, 89.76, 1.76944
ANTENNA__10846__S, 31.84, 89.76, 1.76944
ANTENNA__11553__RESET_B, 31.84, 89.76, 1.76944
FILLER_0_29_57, 31.84, 89.76, 1.76944
_10470_, 41.84, 89.76, 1.76945
clkbuf_leaf_1_clk, 41.84, 89.76, 1.76945
ANTENNA__10831__S, 41.84, 89.76, 1.76945
ANTENNA__06311__A_N, 41.84, 89.76, 1.76945
FILLER_0_30_85, 41.84, 89.76, 1.76945
_10823_, 61.84, 89.76, 1.76947
_10824_, 61.84, 89.76, 1.76947
_10825_, 61.84, 89.76, 1.76947
_10826_, 61.84, 89.76, 1.76947
_10828_, 61.84, 89.76, 1.76947
hold29, 61.84, 89.76, 1.76947
ANTENNA__10826__C1, 61.84, 89.76, 1.76947
ANTENNA__10822__A2, 61.84, 89.76, 1.76947
FILLER_0_29_128, 61.84, 89.76, 1.76947
_10816_, 71.84, 89.76, 1.76947
_10817_, 71.84, 89.76, 1.76947
_10818_, 71.84, 89.76, 1.76947
_10821_, 71.84, 89.76, 1.76947
_10822_, 71.84, 89.76, 1.76947
ANTENNA__10826__A1, 71.84, 89.76, 1.76947
ANTENNA__10817__A1, 71.84, 89.76, 1.76947
FILLER_0_28_137, 71.84, 89.76, 1.76947
_10968_, 91.84, 89.76, 1.76939
_11024_, 91.84, 89.76, 1.76939
_11604_, 91.84, 89.76, 1.76939
FILLER_0_30_193, 91.84, 89.76, 1.76939
_10966_, 101.84, 89.76, 1.76931
_11023_, 101.84, 89.76, 1.76931
_11079_, 101.84, 89.76, 1.76931
_11603_, 101.84, 89.76, 1.76931
hold269, 101.84, 89.76, 1.76931
_11092_, 121.84, 89.76, 1.76894
hold190, 121.84, 89.76, 1.76894
ANTENNA__11092__S, 121.84, 89.76, 1.76894
ANTENNA__11090__S, 121.84, 89.76, 1.76894
ANTENNA_clkbuf_leaf_67_clk_A, 121.84, 89.76, 1.76894
FILLER_0_28_242, 121.84, 89.76, 1.76894
FILLER_0_30_253, 121.84, 89.76, 1.76894
_10976_, 131.84, 89.76, 1.76863
_11609_, 131.84, 89.76, 1.76863
wire72, 131.84, 89.76, 1.76863
ANTENNA__11609__RESET_B, 131.84, 89.76, 1.76863
ANTENNA__11637__RESET_B, 131.84, 89.76, 1.76863
FILLER_0_29_268, 131.84, 89.76, 1.76863
FILLER_0_29_277, 131.84, 89.76, 1.76863
_08464_, 151.84, 89.76, 1.76753
_08716_, 151.84, 89.76, 1.76753
_08720_, 151.84, 89.76, 1.76753
_08762_, 151.84, 89.76, 1.76753
_08764_, 151.84, 89.76, 1.76753
ANTENNA__08959__A1, 151.84, 89.76, 1.76753
FILLER_0_28_309, 151.84, 89.76, 1.76753
FILLER_0_30_323, 151.84, 89.76, 1.76753
_08765_, 161.84, 89.76, 1.76676
_08766_, 161.84, 89.76, 1.76676
_08822_, 161.84, 89.76, 1.76676
ANTENNA__08716__A, 161.84, 89.76, 1.76676
FILLER_0_30_345, 161.84, 89.76, 1.76676
_08723_, 181.84, 89.76, 1.76501
_08873_, 181.84, 89.76, 1.76501
_08876_, 181.84, 89.76, 1.76501
ANTENNA__08873__B, 181.84, 89.76, 1.76501
ANTENNA__08761__A1, 181.84, 89.76, 1.76501
ANTENNA__08873__A, 181.84, 89.76, 1.76501
FILLER_0_29_379, 181.84, 89.76, 1.76501
FILLER_0_29_384, 181.84, 89.76, 1.76501
FILLER_0_29_393, 181.84, 89.76, 1.76501
_08730_, 191.84, 89.76, 1.76402
_08770_, 191.84, 89.76, 1.76402
FILLER_0_29_414, 191.84, 89.76, 1.76402
_08833_, 211.84, 89.76, 1.76196
_08834_, 211.84, 89.76, 1.76196
FILLER_0_28_445, 211.84, 89.76, 1.76196
FILLER_0_30_457, 211.84, 89.76, 1.76196
_08711_, 221.84, 89.76, 1.76089
_08713_, 221.84, 89.76, 1.76089
_08840_, 221.84, 89.76, 1.76089
FILLER_0_30_473, 221.84, 89.76, 1.76089
FILLER_0_30_477, 221.84, 89.76, 1.76089
_08682_, 241.84, 89.76, 1.75863
_08683_, 241.84, 89.76, 1.75863
_08684_, 241.84, 89.76, 1.75863
_08687_, 241.84, 89.76, 1.75863
_08697_, 241.84, 89.76, 1.75863
_08698_, 241.84, 89.76, 1.75863
_08633_, 251.84, 89.76, 1.75759
_08643_, 251.84, 89.76, 1.75759
_08689_, 251.84, 89.76, 1.75759
_08690_, 251.84, 89.76, 1.75759
ANTENNA__08166__A1, 251.84, 89.76, 1.75759
FILLER_0_29_535, 251.84, 89.76, 1.75759
_08136_, 271.84, 89.76, 1.75564
_08168_, 271.84, 89.76, 1.75564
_08210_, 271.84, 89.76, 1.75564
FILLER_0_30_579, 271.84, 89.76, 1.75564
FILLER_0_30_589, 271.84, 89.76, 1.75564
_08208_, 281.84, 89.76, 1.75461
_08211_, 281.84, 89.76, 1.75461
_08212_, 281.84, 89.76, 1.75461
_08213_, 281.84, 89.76, 1.75461
_08214_, 281.84, 89.76, 1.75461
_08215_, 281.84, 89.76, 1.75461
_08293_, 281.84, 89.76, 1.75461
_08296_, 301.84, 89.76, 1.75253
_08340_, 301.84, 89.76, 1.75253
_08341_, 301.84, 89.76, 1.75253
_08393_, 301.84, 89.76, 1.75253
_08634_, 301.84, 89.76, 1.75253
_08642_, 301.84, 89.76, 1.75253
FILLER_0_28_641, 301.84, 89.76, 1.75253
_08394_, 311.84, 89.76, 1.75161
_08395_, 311.84, 89.76, 1.75161
_08397_, 311.84, 89.76, 1.75161
FILLER_0_28_660, 311.84, 89.76, 1.75161
FILLER_0_29_673, 311.84, 89.76, 1.75161
FILLER_0_30_667, 311.84, 89.76, 1.75161
ANTENNA__08461__A, 331.84, 89.76, 1.74988
ANTENNA__08462__A2, 331.84, 89.76, 1.74988
FILLER_0_29_716, 331.84, 89.76, 1.74988
_06747_, 341.84, 89.76, 1.74901
ANTENNA__06747__S, 341.84, 89.76, 1.74901
FILLER_0_29_777, 361.84, 89.76, 1.74734
FILLER_0_30_805, 371.84, 89.76, 1.74655
FILLER_0_29_833, 394.01, 89.76, 1.74576
_10673_, 5.52, 84.32, 1.76919
PHY_52, 5.52, 84.32, 1.76919
PHY_54, 5.52, 84.32, 1.76919
input19, 5.52, 84.32, 1.76919
ANTENNA__10622__S, 5.52, 84.32, 1.76919
FILLER_0_27_3, 5.52, 84.32, 1.76919
FILLER_0_28_6, 5.52, 84.32, 1.76919
PHY_53, 406.18, 84.32, 1.72942
PHY_55, 406.18, 84.32, 1.72942
ANTENNA_output51_A, 406.18, 84.32, 1.72942
FILLER_0_26_861, 406.18, 84.32, 1.72942
_10622_, 13.68, 84.32, 1.76919
clkbuf_leaf_0_clk, 13.68, 84.32, 1.76919
ANTENNA__11504__RESET_B, 13.68, 84.32, 1.76919
_10471_, 31.84, 84.32, 1.7692
_10524_, 31.84, 84.32, 1.7692
_11383_, 31.84, 84.32, 1.7692
_11408_, 31.84, 84.32, 1.7692
hold65, 31.84, 84.32, 1.7692
ANTENNA__10832__S, 31.84, 84.32, 1.7692
ANTENNA__11383__RESET_B, 31.84, 84.32, 1.7692
FILLER_0_27_50, 31.84, 84.32, 1.7692
FILLER_0_28_59, 31.84, 84.32, 1.7692
FILLER_0_28_68, 31.84, 84.32, 1.7692
_10820_, 41.84, 84.32, 1.7692
hold199, 41.84, 84.32, 1.7692
ANTENNA__10470__S, 41.84, 84.32, 1.7692
ANTENNA__10470__A0, 41.84, 84.32, 1.7692
_10764_, 61.84, 84.32, 1.76917
_11524_, 61.84, 84.32, 1.76917
fanout76, 61.84, 84.32, 1.76917
hold197, 61.84, 84.32, 1.76917
ANTENNA__10825__B, 61.84, 84.32, 1.76917
_11379_, 71.84, 84.32, 1.76914
hold196, 71.84, 84.32, 1.76914
ANTENNA_fanout76_A, 71.84, 84.32, 1.76914
FILLER_0_27_138, 71.84, 84.32, 1.76914
FILLER_0_28_153, 71.84, 84.32, 1.76914
hold27, 91.84, 84.32, 1.76897
ANTENNA__06298__A2, 91.84, 84.32, 1.76897
ANTENNA__11024__S, 91.84, 84.32, 1.76897
FILLER_0_27_195, 91.84, 84.32, 1.76897
_11080_, 101.84, 84.32, 1.76883
_11631_, 101.84, 84.32, 1.76883
clkbuf_3_1__f_clk, 101.84, 84.32, 1.76883
_11033_, 121.84, 84.32, 1.76841
_11090_, 121.84, 84.32, 1.76841
_11091_, 121.84, 84.32, 1.76841
hold193, 121.84, 84.32, 1.76841
ANTENNA__11033__S, 121.84, 84.32, 1.76841
FILLER_0_26_246, 121.84, 84.32, 1.76841
_10975_, 131.84, 84.32, 1.76808
_11580_, 131.84, 84.32, 1.76808
hold182, 131.84, 84.32, 1.76808
_08555_, 151.84, 84.32, 1.76703
_08616_, 151.84, 84.32, 1.76703
_08619_, 151.84, 84.32, 1.76703
ANTENNA__08762__A1, 151.84, 84.32, 1.76703
ANTENNA__08464__A, 151.84, 84.32, 1.76703
FILLER_0_26_317, 151.84, 84.32, 1.76703
FILLER_0_27_314, 151.84, 84.32, 1.76703
FILLER_0_28_324, 151.84, 84.32, 1.76703
ANTENNA__08761__A2, 161.84, 84.32, 1.7663
ANTENNA__08619__A, 161.84, 84.32, 1.7663
ANTENNA__08619__C, 161.84, 84.32, 1.7663
ANTENNA__08619__B, 161.84, 84.32, 1.7663
FILLER_0_26_331, 161.84, 84.32, 1.7663
FILLER_0_27_337, 161.84, 84.32, 1.7663
FILLER_0_27_346, 161.84, 84.32, 1.7663
FILLER_0_28_344, 161.84, 84.32, 1.7663
_08769_, 181.84, 84.32, 1.76464
FILLER_0_27_389, 181.84, 84.32, 1.76464
_08729_, 191.84, 84.32, 1.76369
_08774_, 191.84, 84.32, 1.76369
_08870_, 191.84, 84.32, 1.76369
FILLER_0_27_405, 191.84, 84.32, 1.76369
_08784_, 211.84, 84.32, 1.76174
_08785_, 211.84, 84.32, 1.76174
_08786_, 211.84, 84.32, 1.76174
_08787_, 211.84, 84.32, 1.76174
_08839_, 211.84, 84.32, 1.76174
FILLER_0_27_440, 211.84, 84.32, 1.76174
FILLER_0_27_454, 211.84, 84.32, 1.76174
_08709_, 221.84, 84.32, 1.76074
_08710_, 221.84, 84.32, 1.76074
_08772_, 221.84, 84.32, 1.76074
ANTENNA__08710__A, 221.84, 84.32, 1.76074
ANTENNA__08710__B, 221.84, 84.32, 1.76074
FILLER_0_26_460, 221.84, 84.32, 1.76074
FILLER_0_26_468, 221.84, 84.32, 1.76074
ANTENNA__08162__A2, 241.84, 84.32, 1.75873
_08164_, 251.84, 84.32, 1.75772
_08165_, 251.84, 84.32, 1.75772
ANTENNA__08164__A, 251.84, 84.32, 1.75772
ANTENNA__08163__A1, 251.84, 84.32, 1.75772
ANTENNA__08164__B, 251.84, 84.32, 1.75772
FILLER_0_27_529, 251.84, 84.32, 1.75772
FILLER_0_27_535, 251.84, 84.32, 1.75772
ANTENNA__08169__B, 271.84, 84.32, 1.75569
ANTENNA__08168__A, 271.84, 84.32, 1.75569
ANTENNA__08240__B1, 271.84, 84.32, 1.75569
FILLER_0_26_573, 271.84, 84.32, 1.75569
FILLER_0_27_585, 271.84, 84.32, 1.75569
_08209_, 281.84, 84.32, 1.75467
_08244_, 281.84, 84.32, 1.75467
FILLER_0_27_610, 281.84, 84.32, 1.75467
FILLER_0_28_606, 281.84, 84.32, 1.75467
_08339_, 301.84, 84.32, 1.7526
FILLER_0_26_641, 301.84, 84.32, 1.7526
_08390_, 311.84, 84.32, 1.75154
_08399_, 311.84, 84.32, 1.75154
_08459_, 311.84, 84.32, 1.75154
_08460_, 311.84, 84.32, 1.75154
FILLER_0_26_657, 311.84, 84.32, 1.75154
hold404, 331.84, 84.32, 1.7493
FILLER_0_28_713, 331.84, 84.32, 1.7493
_06748_, 341.84, 84.32, 1.74805
_11198_, 341.84, 84.32, 1.74805
hold157, 341.84, 84.32, 1.74805
hold403, 341.84, 84.32, 1.74805
ANTENNA__11199__RESET_B, 341.84, 84.32, 1.74805
ANTENNA__11198__RESET_B, 341.84, 84.32, 1.74805
FILLER_0_28_737, 341.84, 84.32, 1.74805
FILLER_0_27_781, 361.84, 84.32, 1.74429
FILLER_0_28_805, 371.84, 84.32, 1.74178
output51, 394.01, 84.32, 1.72942
FILLER_0_27_833, 394.01, 84.32, 1.72942
FILLER_0_27_841, 394.01, 84.32, 1.72942
_11480_, 5.52, 78.88, 1.76901
PHY_48, 5.52, 78.88, 1.76901
PHY_50, 5.52, 78.88, 1.76901
ANTENNA_input19_A, 5.52, 78.88, 1.76901
FILLER_0_25_3, 5.52, 78.88, 1.76901
PHY_49, 406.18, 78.88, 1.7457
PHY_51, 406.18, 78.88, 1.7457
FILLER_0_24_861, 406.18, 78.88, 1.7457
FILLER_0_25_865, 406.18, 78.88, 1.7457
_10623_, 13.68, 78.88, 1.76902
_11456_, 13.68, 78.88, 1.76902
FILLER_0_24_15, 13.68, 78.88, 1.76902
FILLER_0_25_10, 13.68, 78.88, 1.76902
_10523_, 31.84, 78.88, 1.76901
hold399, 31.84, 78.88, 1.76901
ANTENNA__11432__RESET_B, 31.84, 78.88, 1.76901
FILLER_0_24_53, 31.84, 78.88, 1.76901
FILLER_0_25_47, 31.84, 78.88, 1.76901
ANTENNA__10523__S, 41.84, 78.88, 1.76899
ANTENNA__11408__RESET_B, 41.84, 78.88, 1.76899
FILLER_0_24_74, 41.84, 78.88, 1.76899
_10763_, 61.84, 78.88, 1.76892
hold185, 61.84, 78.88, 1.76892
ANTENNA__10767__S, 61.84, 78.88, 1.76892
ANTENNA__11550__RESET_B, 61.84, 78.88, 1.76892
FILLER_0_25_113, 61.84, 78.88, 1.76892
_10462_, 71.84, 78.88, 1.76886
_10463_, 71.84, 78.88, 1.76886
ANTENNA__10713__S, 71.84, 78.88, 1.76886
ANTENNA__10763__S, 71.84, 78.88, 1.76886
FILLER_0_24_141, 71.84, 78.88, 1.76886
FILLER_0_25_139, 71.84, 78.88, 1.76886
FILLER_0_25_150, 71.84, 78.88, 1.76886
_10970_, 91.84, 78.88, 1.76863
_11577_, 91.84, 78.88, 1.76863
clkbuf_leaf_71_clk, 91.84, 78.88, 1.76863
hold173, 91.84, 78.88, 1.76863
ANTENNA__11142__RESET_B, 91.84, 78.88, 1.76863
FILLER_0_25_181, 91.84, 78.88, 1.76863
FILLER_0_25_189, 91.84, 78.88, 1.76863
FILLER_0_25_194, 91.84, 78.88, 1.76863
ANTENNA__10969__S, 101.84, 78.88, 1.76849
ANTENNA_clkbuf_leaf_71_clk_A, 101.84, 78.88, 1.76849
FILLER_0_26_220, 101.84, 78.88, 1.76849
_11034_, 121.84, 78.88, 1.76799
_11608_, 121.84, 78.88, 1.76799
hold251, 121.84, 78.88, 1.76799
ANTENNA__11636__RESET_B, 121.84, 78.88, 1.76799
ANTENNA__11578__RESET_B, 121.84, 78.88, 1.76799
ANTENNA_clkbuf_leaf_70_clk_A, 121.84, 78.88, 1.76799
FILLER_0_25_256, 121.84, 78.88, 1.76799
ANTENNA__08613__D1, 131.84, 78.88, 1.76764
ANTENNA__10975__S, 131.84, 78.88, 1.76764
ANTENNA__11608__RESET_B, 131.84, 78.88, 1.76764
ANTENNA__11580__RESET_B, 131.84, 78.88, 1.76764
ANTENNA__11579__RESET_B, 131.84, 78.88, 1.76764
FILLER_0_25_265, 131.84, 78.88, 1.76764
FILLER_0_25_270, 131.84, 78.88, 1.76764
FILLER_0_25_285, 131.84, 78.88, 1.76764
FILLER_0_26_276, 131.84, 78.88, 1.76764
_08465_, 151.84, 78.88, 1.76656
_08617_, 151.84, 78.88, 1.76656
_08667_, 151.84, 78.88, 1.76656
_08668_, 151.84, 78.88, 1.76656
wire65, 151.84, 78.88, 1.76656
ANTENNA__08668__A1, 151.84, 78.88, 1.76656
ANTENNA__08465__A, 151.84, 78.88, 1.76656
ANTENNA__08555__B, 151.84, 78.88, 1.76656
ANTENNA__08616__A1, 151.84, 78.88, 1.76656
FILLER_0_25_316, 151.84, 78.88, 1.76656
_08671_, 161.84, 78.88, 1.76585
_08725_, 161.84, 78.88, 1.76585
ANTENNA__08466__A, 161.84, 78.88, 1.76585
ANTENNA__08668__A3, 161.84, 78.88, 1.76585
ANTENNA__08465__C, 161.84, 78.88, 1.76585
ANTENNA__08668__A2, 161.84, 78.88, 1.76585
ANTENNA__08465__B, 161.84, 78.88, 1.76585
FILLER_0_25_333, 161.84, 78.88, 1.76585
FILLER_0_26_346, 161.84, 78.88, 1.76585
_08677_, 181.84, 78.88, 1.76425
_08727_, 181.84, 78.88, 1.76425
_08728_, 181.84, 78.88, 1.76425
_08773_, 191.84, 78.88, 1.76337
_08828_, 191.84, 78.88, 1.76337
_08829_, 191.84, 78.88, 1.76337
FILLER_0_25_406, 191.84, 78.88, 1.76337
FILLER_0_25_415, 191.84, 78.88, 1.76337
FILLER_0_26_409, 191.84, 78.88, 1.76337
_08781_, 211.84, 78.88, 1.76151
_08821_, 211.84, 78.88, 1.76151
ANTENNA__08704__B, 211.84, 78.88, 1.76151
FILLER_0_25_441, 211.84, 78.88, 1.76151
_08189_, 221.84, 78.88, 1.76053
_08190_, 221.84, 78.88, 1.76053
_08650_, 221.84, 78.88, 1.76053
_08707_, 221.84, 78.88, 1.76053
_08708_, 221.84, 78.88, 1.76053
ANTENNA__08189__A, 221.84, 78.88, 1.76053
ANTENNA__08650__B, 221.84, 78.88, 1.76053
ANTENNA__08190__A2, 221.84, 78.88, 1.76053
FILLER_0_24_468, 221.84, 78.88, 1.76053
FILLER_0_25_471, 221.84, 78.88, 1.76053
FILLER_0_26_477, 221.84, 78.88, 1.76053
_08162_, 241.84, 78.88, 1.75853
_08659_, 241.84, 78.88, 1.75853
_08700_, 241.84, 78.88, 1.75853
ANTENNA__08162__B1, 241.84, 78.88, 1.75853
ANTENNA__08162__A1, 241.84, 78.88, 1.75853
FILLER_0_24_503, 241.84, 78.88, 1.75853
FILLER_0_25_505, 241.84, 78.88, 1.75853
FILLER_0_26_524, 241.84, 78.88, 1.75853
_08163_, 251.84, 78.88, 1.75752
_08195_, 251.84, 78.88, 1.75752
_08632_, 251.84, 78.88, 1.75752
ANTENNA__08163__A2, 251.84, 78.88, 1.75752
FILLER_0_24_529, 251.84, 78.88, 1.75752
FILLER_0_24_533, 251.84, 78.88, 1.75752
FILLER_0_25_533, 251.84, 78.88, 1.75752
_08199_, 271.84, 78.88, 1.75555
_08204_, 271.84, 78.88, 1.75555
_08240_, 271.84, 78.88, 1.75555
_08241_, 271.84, 78.88, 1.75555
FILLER_0_24_570, 271.84, 78.88, 1.75555
FILLER_0_26_580, 271.84, 78.88, 1.75555
_08205_, 281.84, 78.88, 1.75455
_08238_, 281.84, 78.88, 1.75455
FILLER_0_24_593, 281.84, 78.88, 1.75455
_08288_, 301.84, 78.88, 1.75253
_08292_, 301.84, 78.88, 1.75253
_08337_, 301.84, 78.88, 1.75253
_08338_, 301.84, 78.88, 1.75253
_08389_, 311.84, 78.88, 1.75158
_08391_, 311.84, 78.88, 1.75158
_08392_, 311.84, 78.88, 1.75158
_08398_, 311.84, 78.88, 1.75158
_08457_, 311.84, 78.88, 1.75158
FILLER_0_24_657, 311.84, 78.88, 1.75158
FILLER_0_25_720, 331.84, 78.88, 1.74985
FILLER_0_26_713, 331.84, 78.88, 1.74985
_06749_, 341.84, 78.88, 1.74897
_06750_, 341.84, 78.88, 1.74897
_11199_, 341.84, 78.88, 1.74897
ANTENNA__06749__S, 341.84, 78.88, 1.74897
FILLER_0_24_725, 341.84, 78.88, 1.74897
FILLER_0_25_732, 341.84, 78.88, 1.74897
FILLER_0_25_775, 361.84, 78.88, 1.7473
FILLER_0_26_805, 371.84, 78.88, 1.7465
FILLER_0_25_833, 394.01, 78.88, 1.7457
_10724_, 5.52, 73.44, 1.76881
PHY_44, 5.52, 73.44, 1.76881
PHY_46, 5.52, 73.44, 1.76881
ANTENNA_input18_A, 5.52, 73.44, 1.76881
_05791_, 406.18, 73.44, 1.74566
PHY_45, 406.18, 73.44, 1.74566
PHY_47, 406.18, 73.44, 1.74566
ANTENNA__05791__A, 406.18, 73.44, 1.74566
FILLER_0_23_865, 406.18, 73.44, 1.74566
_10723_, 13.68, 73.44, 1.76881
_10774_, 13.68, 73.44, 1.76881
ANTENNA__10723__S, 13.68, 73.44, 1.76881
FILLER_0_23_11, 13.68, 73.44, 1.76881
_10769_, 31.84, 73.44, 1.76878
_10770_, 31.84, 73.44, 1.76878
_11527_, 31.84, 73.44, 1.76878
hold66, 31.84, 73.44, 1.76878
ANTENNA__11503__RESET_B, 31.84, 73.44, 1.76878
_10765_, 41.84, 73.44, 1.76875
_10766_, 41.84, 73.44, 1.76875
_11525_, 41.84, 73.44, 1.76875
hold416, 41.84, 73.44, 1.76875
ANTENNA__10769__S, 41.84, 73.44, 1.76875
ANTENNA__11525__RESET_B, 41.84, 73.44, 1.76875
_10713_, 61.84, 73.44, 1.76864
_11500_, 61.84, 73.44, 1.76864
clkbuf_leaf_2_clk, 61.84, 73.44, 1.76864
hold158, 61.84, 73.44, 1.76864
FILLER_0_23_113, 61.84, 73.44, 1.76864
_10516_, 71.84, 73.44, 1.76857
_10714_, 71.84, 73.44, 1.76857
_11404_, 71.84, 73.44, 1.76857
FILLER_0_22_144, 71.84, 73.44, 1.76857
FILLER_0_24_153, 71.84, 73.44, 1.76857
_10969_, 91.84, 73.44, 1.76832
_11084_, 91.84, 73.44, 1.76832
_11085_, 91.84, 73.44, 1.76832
_11605_, 91.84, 73.44, 1.76832
FILLER_0_23_181, 91.84, 73.44, 1.76832
FILLER_0_24_191, 91.84, 73.44, 1.76832
_06380_, 101.84, 73.44, 1.76815
_06381_, 101.84, 73.44, 1.76815
hold240, 101.84, 73.44, 1.76815
hold246, 101.84, 73.44, 1.76815
ANTENNA__06380__S, 101.84, 73.44, 1.76815
FILLER_0_24_215, 101.84, 73.44, 1.76815
_06405_, 121.84, 73.44, 1.76759
_11030_, 121.84, 73.44, 1.76759
clkbuf_leaf_70_clk, 121.84, 73.44, 1.76759
hold385, 121.84, 73.44, 1.76759
FILLER_0_24_253, 121.84, 73.44, 1.76759
_10973_, 131.84, 73.44, 1.76723
_10974_, 131.84, 73.44, 1.76723
_11579_, 131.84, 73.44, 1.76723
hold175, 131.84, 73.44, 1.76723
ANTENNA__10973__S, 131.84, 73.44, 1.76723
FILLER_0_23_264, 131.84, 73.44, 1.76723
_08610_, 151.84, 73.44, 1.76619
_08611_, 151.84, 73.44, 1.76619
_08669_, 151.84, 73.44, 1.76619
_08670_, 151.84, 73.44, 1.76619
ANTENNA__08610__A, 151.84, 73.44, 1.76619
ANTENNA__08610__C, 151.84, 73.44, 1.76619
ANTENNA__08616__B1, 151.84, 73.44, 1.76619
ANTENNA__08614__A1, 151.84, 73.44, 1.76619
ANTENNA__08616__C1, 151.84, 73.44, 1.76619
ANTENNA__08610__B, 151.84, 73.44, 1.76619
FILLER_0_22_309, 151.84, 73.44, 1.76619
FILLER_0_22_315, 151.84, 73.44, 1.76619
_08467_, 161.84, 73.44, 1.76551
_08609_, 161.84, 73.44, 1.76551
ANTENNA__08467__A1, 161.84, 73.44, 1.76551
ANTENNA__08466__B, 161.84, 73.44, 1.76551
ANTENNA__08670__A, 161.84, 73.44, 1.76551
ANTENNA__08669__A1, 161.84, 73.44, 1.76551
ANTENNA__08609__B, 161.84, 73.44, 1.76551
FILLER_0_22_334, 161.84, 73.44, 1.76551
FILLER_0_23_337, 161.84, 73.44, 1.76551
FILLER_0_22_378, 181.84, 73.44, 1.76398
FILLER_0_23_383, 181.84, 73.44, 1.76398
FILLER_0_23_393, 181.84, 73.44, 1.76398
_08826_, 191.84, 73.44, 1.76311
_08827_, 191.84, 73.44, 1.76311
_08875_, 191.84, 73.44, 1.76311
FILLER_0_22_403, 191.84, 73.44, 1.76311
FILLER_0_23_401, 191.84, 73.44, 1.76311
FILLER_0_23_414, 191.84, 73.44, 1.76311
FILLER_0_24_409, 191.84, 73.44, 1.76311
_08540_, 211.84, 73.44, 1.76128
_08704_, 211.84, 73.44, 1.76128
_08705_, 211.84, 73.44, 1.76128
_08778_, 211.84, 73.44, 1.76128
ANTENNA__08704__A, 211.84, 73.44, 1.76128
ANTENNA__08650__A, 211.84, 73.44, 1.76128
ANTENNA__08540__B, 211.84, 73.44, 1.76128
FILLER_0_23_439, 211.84, 73.44, 1.76128
_08191_, 221.84, 73.44, 1.76033
_08651_, 221.84, 73.44, 1.76033
_08706_, 221.84, 73.44, 1.76033
ANTENNA__08190__A1, 221.84, 73.44, 1.76033
ANTENNA__08191__A1_N, 221.84, 73.44, 1.76033
FILLER_0_22_464, 221.84, 73.44, 1.76033
FILLER_0_23_461, 221.84, 73.44, 1.76033
_08658_, 241.84, 73.44, 1.75839
_08699_, 241.84, 73.44, 1.75839
ANTENNA__08160__B, 241.84, 73.44, 1.75839
FILLER_0_22_507, 241.84, 73.44, 1.75839
FILLER_0_23_505, 241.84, 73.44, 1.75839
FILLER_0_24_521, 241.84, 73.44, 1.75839
_08196_, 251.84, 73.44, 1.75741
_08231_, 251.84, 73.44, 1.75741
_08630_, 251.84, 73.44, 1.75741
_08631_, 251.84, 73.44, 1.75741
_08108_, 271.84, 73.44, 1.7555
_08206_, 271.84, 73.44, 1.7555
ANTENNA__08199__A, 271.84, 73.44, 1.7555
_08239_, 281.84, 73.44, 1.75452
_08282_, 281.84, 73.44, 1.75452
FILLER_0_23_611, 281.84, 73.44, 1.75452
FILLER_0_22_641, 301.84, 73.44, 1.75259
_08387_, 311.84, 73.44, 1.75161
_08388_, 311.84, 73.44, 1.75161
_08458_, 311.84, 73.44, 1.75161
FILLER_0_24_667, 311.84, 73.44, 1.75161
_11200_, 341.84, 73.44, 1.74895
clkbuf_leaf_59_clk, 341.84, 73.44, 1.74895
ANTENNA__11200__RESET_B, 341.84, 73.44, 1.74895
ANTENNA_clkbuf_leaf_59_clk_A, 341.84, 73.44, 1.74895
FILLER_0_23_721, 341.84, 73.44, 1.74895
FILLER_0_23_729, 341.84, 73.44, 1.74895
FILLER_0_23_781, 361.84, 73.44, 1.74728
FILLER_0_24_805, 371.84, 73.44, 1.74648
FILLER_0_23_833, 394.01, 73.44, 1.74567
_11505_, 5.52, 68, 1.7686
PHY_40, 5.52, 68, 1.7686
PHY_42, 5.52, 68, 1.7686
input18, 5.52, 68, 1.7686
PHY_41, 406.18, 68, 1.72982
PHY_43, 406.18, 68, 1.72982
FILLER_0_20_861, 406.18, 68, 1.72982
_10674_, 13.68, 68, 1.76861
_11529_, 13.68, 68, 1.76861
ANTENNA__11505__RESET_B, 13.68, 68, 1.76861
_10719_, 31.84, 68, 1.76857
hold393, 31.84, 68, 1.76857
ANTENNA__10670__S, 31.84, 68, 1.76857
ANTENNA__10719__S, 31.84, 68, 1.76857
_10473_, 41.84, 68, 1.76854
_11501_, 41.84, 68, 1.76854
ANTENNA__11501__RESET_B, 41.84, 68, 1.76854
ANTENNA__11527__RESET_B, 41.84, 68, 1.76854
FILLER_0_20_72, 41.84, 68, 1.76854
FILLER_0_21_70, 41.84, 68, 1.76854
_10663_, 61.84, 68, 1.7684
_10664_, 61.84, 68, 1.7684
_10717_, 61.84, 68, 1.7684
_11476_, 61.84, 68, 1.7684
ANTENNA__11526__RESET_B, 61.84, 68, 1.7684
_10515_, 71.84, 68, 1.76831
hold89, 71.84, 68, 1.76831
hold90, 71.84, 68, 1.76831
hold266, 71.84, 68, 1.76831
ANTENNA__10663__S, 71.84, 68, 1.76831
_11027_, 91.84, 68, 1.76801
_11028_, 91.84, 68, 1.76801
hold241, 91.84, 68, 1.76801
FILLER_0_20_178, 91.84, 68, 1.76801
FILLER_0_21_198, 91.84, 68, 1.76801
_11087_, 101.84, 68, 1.76781
_11145_, 101.84, 68, 1.76781
_11634_, 101.84, 68, 1.76781
ANTENNA__11027__S, 101.84, 68, 1.76781
_11088_, 121.84, 68, 1.76722
_11146_, 121.84, 68, 1.76722
hold176, 121.84, 68, 1.76722
max_cap3, 121.84, 68, 1.76722
ANTENNA__11606__RESET_B, 121.84, 68, 1.76722
_11031_, 131.84, 68, 1.76683
_11607_, 131.84, 68, 1.76683
hold392, 131.84, 68, 1.76683
_08612_, 151.84, 68, 1.76577
_08661_, 151.84, 68, 1.76577
FILLER_0_21_327, 151.84, 68, 1.76577
FILLER_0_22_324, 151.84, 68, 1.76577
_08470_, 161.84, 68, 1.7651
_08471_, 161.84, 68, 1.7651
_08726_, 161.84, 68, 1.7651
ANTENNA__08470__A, 161.84, 68, 1.7651
ANTENNA__08470__B, 161.84, 68, 1.7651
ANTENNA__08725__A1, 161.84, 68, 1.7651
ANTENNA__08471__A, 161.84, 68, 1.7651
ANTENNA__08347__B, 161.84, 68, 1.7651
FILLER_0_20_334, 161.84, 68, 1.7651
_08662_, 181.84, 68, 1.76361
_08664_, 181.84, 68, 1.76361
_08702_, 181.84, 68, 1.76361
_08724_, 181.84, 68, 1.76361
_08825_, 181.84, 68, 1.76361
FILLER_0_20_381, 181.84, 68, 1.76361
FILLER_0_21_389, 181.84, 68, 1.76361
FILLER_0_22_386, 181.84, 68, 1.76361
_08660_, 191.84, 68, 1.76279
_08776_, 191.84, 68, 1.76279
_08824_, 191.84, 68, 1.76279
ANTENNA__08776__B, 191.84, 68, 1.76279
ANTENNA__08824__B, 191.84, 68, 1.76279
ANTENNA__08824__A, 191.84, 68, 1.76279
FILLER_0_20_399, 191.84, 68, 1.76279
_08543_, 211.84, 68, 1.76103
_08601_, 211.84, 68, 1.76103
ANTENNA__08540__A, 211.84, 68, 1.76103
FILLER_0_21_444, 211.84, 68, 1.76103
_08227_, 221.84, 68, 1.7601
_08541_, 221.84, 68, 1.7601
_08542_, 221.84, 68, 1.7601
_08649_, 221.84, 68, 1.7601
ANTENNA__08541__A1, 221.84, 68, 1.7601
ANTENNA__08541__A2, 221.84, 68, 1.7601
ANTENNA__08227__B, 221.84, 68, 1.7601
ANTENNA__08194__B, 221.84, 68, 1.7601
ANTENNA__08159__A, 221.84, 68, 1.7601
FILLER_0_21_472, 221.84, 68, 1.7601
_08141_, 241.84, 68, 1.75818
_08160_, 241.84, 68, 1.75818
_08161_, 241.84, 68, 1.75818
_08627_, 241.84, 68, 1.75818
_08686_, 241.84, 68, 1.75818
ANTENNA__08141__A, 241.84, 68, 1.75818
FILLER_0_20_503, 241.84, 68, 1.75818
_08232_, 251.84, 68, 1.75726
_08270_, 251.84, 68, 1.75726
ANTENNA__08200__A, 251.84, 68, 1.75726
ANTENNA__08140__B, 251.84, 68, 1.75726
ANTENNA__08141__B, 251.84, 68, 1.75726
FILLER_0_20_527, 251.84, 68, 1.75726
FILLER_0_20_533, 251.84, 68, 1.75726
FILLER_0_21_529, 251.84, 68, 1.75726
_08236_, 271.84, 68, 1.75535
_08237_, 271.84, 68, 1.75535
_08271_, 271.84, 68, 1.75535
FILLER_0_21_573, 271.84, 68, 1.75535
FILLER_0_22_581, 271.84, 68, 1.75535
FILLER_0_22_589, 271.84, 68, 1.75535
_08280_, 281.84, 68, 1.75438
_08281_, 281.84, 68, 1.75438
_08333_, 281.84, 68, 1.75438
_08334_, 281.84, 68, 1.75438
_08335_, 281.84, 68, 1.75438
FILLER_0_20_600, 281.84, 68, 1.75438
FILLER_0_21_610, 281.84, 68, 1.75438
_08336_, 301.84, 68, 1.75236
_08384_, 301.84, 68, 1.75236
FILLER_0_21_634, 301.84, 68, 1.75236
_08385_, 311.84, 68, 1.75133
_08400_, 311.84, 68, 1.75133
_08455_, 311.84, 68, 1.75133
_08456_, 311.84, 68, 1.75133
FILLER_0_21_661, 311.84, 68, 1.75133
FILLER_0_22_673, 311.84, 68, 1.75133
_06752_, 341.84, 68, 1.74797
_11201_, 341.84, 68, 1.74797
ANTENNA__11201__RESET_B, 341.84, 68, 1.74797
FILLER_0_21_724, 341.84, 68, 1.74797
FILLER_0_21_729, 341.84, 68, 1.74797
FILLER_0_22_737, 341.84, 68, 1.74797
FILLER_0_21_781, 361.84, 68, 1.7443
FILLER_0_22_802, 371.84, 68, 1.74184
output50, 394.01, 68, 1.72982
FILLER_0_21_833, 394.01, 68, 1.72982
FILLER_0_21_841, 394.01, 68, 1.72982
FILLER_0_22_849, 394.01, 68, 1.72982
FILLER_0_22_857, 394.01, 68, 1.72982
_10675_, 5.52, 62.56, 1.7684
PHY_36, 5.52, 62.56, 1.7684
PHY_38, 5.52, 62.56, 1.7684
hold80, 5.52, 62.56, 1.7684
FILLER_0_19_3, 5.52, 62.56, 1.7684
PHY_37, 406.18, 62.56, 1.74582
PHY_39, 406.18, 62.56, 1.74582
FILLER_0_18_861, 406.18, 62.56, 1.74582
FILLER_0_19_865, 406.18, 62.56, 1.74582
_10624_, 13.68, 62.56, 1.7684
hold412, 13.68, 62.56, 1.7684
hold413, 13.68, 62.56, 1.7684
ANTENNA__10674__S, 13.68, 62.56, 1.7684
_10526_, 31.84, 62.56, 1.76834
_11384_, 31.84, 62.56, 1.76834
clkbuf_leaf_75_clk, 31.84, 62.56, 1.76834
ANTENNA__11384__RESET_B, 31.84, 62.56, 1.76834
ANTENNA__11479__RESET_B, 31.84, 62.56, 1.76834
FILLER_0_19_57, 31.84, 62.56, 1.76834
FILLER_0_19_63, 31.84, 62.56, 1.76834
FILLER_0_20_59, 31.84, 62.56, 1.76834
FILLER_0_20_66, 31.84, 62.56, 1.76834
_10472_, 41.84, 62.56, 1.7683
_10715_, 41.84, 62.56, 1.7683
_10716_, 41.84, 62.56, 1.7683
hold55, 41.84, 62.56, 1.7683
ANTENNA__10715__S, 41.84, 62.56, 1.7683
FILLER_0_20_79, 41.84, 62.56, 1.7683
_10614_, 61.84, 62.56, 1.76815
_10667_, 61.84, 62.56, 1.76815
hold109, 61.84, 62.56, 1.76815
ANTENNA__10717__S, 61.84, 62.56, 1.76815
FILLER_0_19_113, 61.84, 62.56, 1.76815
_10564_, 71.84, 62.56, 1.76804
_10565_, 71.84, 62.56, 1.76804
_10615_, 71.84, 62.56, 1.76804
_11428_, 71.84, 62.56, 1.76804
_11452_, 71.84, 62.56, 1.76804
ANTENNA__11478__RESET_B, 71.84, 62.56, 1.76804
FILLER_0_18_137, 71.84, 62.56, 1.76804
ANTENNA__11084__S, 91.84, 62.56, 1.76771
ANTENNA__11381__RESET_B, 91.84, 62.56, 1.76771
FILLER_0_19_193, 91.84, 62.56, 1.76771
FILLER_0_20_190, 91.84, 62.56, 1.76771
_10430_, 101.84, 62.56, 1.76748
_10433_, 101.84, 62.56, 1.76748
_11364_, 101.84, 62.56, 1.76748
ANTENNA__10430__A, 101.84, 62.56, 1.76748
ANTENNA__11364__RESET_B, 101.84, 62.56, 1.76748
FILLER_0_18_204, 101.84, 62.56, 1.76748
FILLER_0_19_201, 101.84, 62.56, 1.76748
FILLER_0_19_206, 101.84, 62.56, 1.76748
FILLER_0_19_216, 101.84, 62.56, 1.76748
_06406_, 121.84, 62.56, 1.76686
_10401_, 121.84, 62.56, 1.76686
_10434_, 121.84, 62.56, 1.76686
_11089_, 121.84, 62.56, 1.76686
_11635_, 121.84, 62.56, 1.76686
ANTENNA__11088__S, 121.84, 62.56, 1.76686
ANTENNA__06221__A, 121.84, 62.56, 1.76686
FILLER_0_19_257, 121.84, 62.56, 1.76686
FILLER_0_19_262, 121.84, 62.56, 1.76686
hold391, 131.84, 62.56, 1.76646
ANTENNA__11031__S, 131.84, 62.56, 1.76646
ANTENNA__11607__RESET_B, 131.84, 62.56, 1.76646
FILLER_0_19_271, 131.84, 62.56, 1.76646
_08562_, 151.84, 62.56, 1.76538
_08622_, 151.84, 62.56, 1.76538
_07491_, 161.84, 62.56, 1.76474
_08347_, 161.84, 62.56, 1.76474
_08350_, 161.84, 62.56, 1.76474
_08679_, 161.84, 62.56, 1.76474
ANTENNA__08350__C, 161.84, 62.56, 1.76474
ANTENNA__08346__A_N, 161.84, 62.56, 1.76474
ANTENNA__07491__A, 161.84, 62.56, 1.76474
FILLER_0_18_335, 161.84, 62.56, 1.76474
FILLER_0_19_343, 161.84, 62.56, 1.76474
_07058_, 181.84, 62.56, 1.76328
_08413_, 181.84, 62.56, 1.76328
_08663_, 181.84, 62.56, 1.76328
ANTENNA__08413__A, 181.84, 62.56, 1.76328
ANTENNA__08662__B, 181.84, 62.56, 1.76328
ANTENNA__08413__B, 181.84, 62.56, 1.76328
ANTENNA__08662__A, 181.84, 62.56, 1.76328
FILLER_0_19_374, 181.84, 62.56, 1.76328
FILLER_0_19_386, 181.84, 62.56, 1.76328
FILLER_0_20_386, 181.84, 62.56, 1.76328
FILLER_0_20_391, 181.84, 62.56, 1.76328
_08602_, 191.84, 62.56, 1.76249
_08604_, 191.84, 62.56, 1.76249
ANTENNA__08412__B, 191.84, 62.56, 1.76249
FILLER_0_20_408, 191.84, 62.56, 1.76249
ANTENNA__08192__B, 211.84, 62.56, 1.76082
ANTENNA__08192__A_N, 211.84, 62.56, 1.76082
FILLER_0_19_441, 211.84, 62.56, 1.76082
FILLER_0_19_449, 211.84, 62.56, 1.76082
_08192_, 221.84, 62.56, 1.75993
_08316_, 221.84, 62.56, 1.75993
ANTENNA__08227__A, 221.84, 62.56, 1.75993
ANTENNA__08316__C, 221.84, 62.56, 1.75993
ANTENNA__08316__B, 221.84, 62.56, 1.75993
FILLER_0_20_473, 221.84, 62.56, 1.75993
_08428_, 241.84, 62.56, 1.75812
_08589_, 241.84, 62.56, 1.75812
_08652_, 241.84, 62.56, 1.75812
ANTENNA__08589__A, 241.84, 62.56, 1.75812
ANTENNA__08589__B, 241.84, 62.56, 1.75812
FILLER_0_19_505, 241.84, 62.56, 1.75812
FILLER_0_20_516, 241.84, 62.56, 1.75812
_08140_, 251.84, 62.56, 1.75719
_08142_, 251.84, 62.56, 1.75719
_08200_, 251.84, 62.56, 1.75719
_08201_, 251.84, 62.56, 1.75719
_08202_, 251.84, 62.56, 1.75719
_08262_, 251.84, 62.56, 1.75719
_08369_, 251.84, 62.56, 1.75719
_08427_, 251.84, 62.56, 1.75719
ANTENNA__08200__B, 251.84, 62.56, 1.75719
ANTENNA__08201__A, 251.84, 62.56, 1.75719
ANTENNA__08142__A, 251.84, 62.56, 1.75719
FILLER_0_18_529, 251.84, 62.56, 1.75719
_08274_, 271.84, 62.56, 1.75534
_08275_, 271.84, 62.56, 1.75534
_08276_, 271.84, 62.56, 1.75534
ANTENNA__08233__A, 271.84, 62.56, 1.75534
FILLER_0_20_584, 271.84, 62.56, 1.75534
_08283_, 281.84, 62.56, 1.75439
ANTENNA__08283__A, 281.84, 62.56, 1.75439
FILLER_0_19_609, 281.84, 62.56, 1.75439
_08383_, 301.84, 62.56, 1.75252
_08386_, 301.84, 62.56, 1.75252
FILLER_0_18_637, 301.84, 62.56, 1.75252
_08513_, 311.84, 62.56, 1.75164
ANTENNA__08513__B, 311.84, 62.56, 1.75164
ANTENNA__08513__A, 311.84, 62.56, 1.75164
FILLER_0_18_657, 311.84, 62.56, 1.75164
FILLER_0_19_667, 311.84, 62.56, 1.75164
FILLER_0_19_721, 341.84, 62.56, 1.74903
FILLER_0_19_741, 341.84, 62.56, 1.74903
FILLER_0_20_737, 341.84, 62.56, 1.74903
hold319, 361.84, 62.56, 1.74738
FILLER_0_19_773, 361.84, 62.56, 1.74738
FILLER_0_19_781, 361.84, 62.56, 1.74738
FILLER_0_20_801, 371.84, 62.56, 1.7466
FILLER_0_19_833, 394.01, 62.56, 1.74582
_11481_, 5.52, 57.12, 1.76822
PHY_32, 5.52, 57.12, 1.76822
PHY_34, 5.52, 57.12, 1.76822
FILLER_0_17_3, 5.52, 57.12, 1.76822
PHY_33, 406.18, 57.12, 1.74595
PHY_35, 406.18, 57.12, 1.74595
FILLER_0_17_865, 406.18, 57.12, 1.74595
_10625_, 13.68, 57.12, 1.76822
_11457_, 13.68, 57.12, 1.76822
FILLER_0_16_15, 13.68, 57.12, 1.76822
_11409_, 31.84, 57.12, 1.76817
hold419, 31.84, 57.12, 1.76817
ANTENNA__11433__RESET_B, 31.84, 57.12, 1.76817
_10666_, 41.84, 57.12, 1.76811
_11477_, 41.84, 57.12, 1.76811
hold432, 41.84, 57.12, 1.76811
ANTENNA__10472__S, 41.84, 57.12, 1.76811
ANTENNA__10472__A0, 41.84, 57.12, 1.76811
ANTENNA__11409__RESET_B, 41.84, 57.12, 1.76811
ANTENNA_clkbuf_leaf_75_clk_A, 41.84, 57.12, 1.76811
FILLER_0_16_73, 41.84, 57.12, 1.76811
_11478_, 61.84, 57.12, 1.76792
hold351, 61.84, 57.12, 1.76792
ANTENNA__10616__S, 61.84, 57.12, 1.76792
ANTENNA__10614__S, 61.84, 57.12, 1.76792
ANTENNA__10667__S, 61.84, 57.12, 1.76792
FILLER_0_16_117, 61.84, 57.12, 1.76792
FILLER_0_18_128, 61.84, 57.12, 1.76792
hold318, 71.84, 57.12, 1.76779
FILLER_0_16_134, 71.84, 57.12, 1.76779
FILLER_0_16_141, 71.84, 57.12, 1.76779
FILLER_0_17_153, 71.84, 57.12, 1.76779
_10431_, 91.84, 57.12, 1.76741
_11363_, 91.84, 57.12, 1.76741
ANTENNA__10466__S, 91.84, 57.12, 1.76741
ANTENNA__10466__A0, 91.84, 57.12, 1.76741
ANTENNA__11363__RESET_B, 91.84, 57.12, 1.76741
FILLER_0_16_186, 91.84, 57.12, 1.76741
FILLER_0_17_189, 91.84, 57.12, 1.76741
FILLER_0_18_189, 91.84, 57.12, 1.76741
_10432_, 101.84, 57.12, 1.76717
_10436_, 121.84, 57.12, 1.76652
ANTENNA__11365__RESET_B, 121.84, 57.12, 1.76652
FILLER_0_16_247, 121.84, 57.12, 1.76652
FILLER_0_17_269, 131.84, 57.12, 1.76611
FILLER_0_17_277, 131.84, 57.12, 1.76611
_08563_, 151.84, 57.12, 1.76504
_08620_, 151.84, 57.12, 1.76504
_08621_, 151.84, 57.12, 1.76504
ANTENNA__08554__B, 151.84, 57.12, 1.76504
ANTENNA__08402__B, 151.84, 57.12, 1.76504
FILLER_0_16_309, 151.84, 57.12, 1.76504
FILLER_0_17_314, 151.84, 57.12, 1.76504
FILLER_0_18_322, 151.84, 57.12, 1.76504
_08551_, 161.84, 57.12, 1.76441
_08553_, 161.84, 57.12, 1.76441
_08564_, 161.84, 57.12, 1.76441
ANTENNA__08547__B, 161.84, 57.12, 1.76441
ANTENNA__08350__A_N, 161.84, 57.12, 1.76441
FILLER_0_17_337, 161.84, 57.12, 1.76441
_08321_, 181.84, 57.12, 1.76303
_08414_, 181.84, 57.12, 1.76303
ANTENNA__08225__A, 181.84, 57.12, 1.76303
ANTENNA__08321__B, 181.84, 57.12, 1.76303
ANTENNA__08321__A_N, 181.84, 57.12, 1.76303
FILLER_0_18_394, 181.84, 57.12, 1.76303
_08412_, 191.84, 57.12, 1.76225
_08415_, 191.84, 57.12, 1.76225
_08416_, 191.84, 57.12, 1.76225
_08603_, 191.84, 57.12, 1.76225
_08606_, 191.84, 57.12, 1.76225
ANTENNA__08321__C, 191.84, 57.12, 1.76225
ANTENNA__08412__A, 191.84, 57.12, 1.76225
ANTENNA__08255__A1, 191.84, 57.12, 1.76225
FILLER_0_17_412, 191.84, 57.12, 1.76225
_08226_, 211.84, 57.12, 1.76062
_08229_, 211.84, 57.12, 1.76062
_08230_, 211.84, 57.12, 1.76062
ANTENNA__08226__C1, 211.84, 57.12, 1.76062
ANTENNA__08226__A1, 211.84, 57.12, 1.76062
ANTENNA__08226__A2, 211.84, 57.12, 1.76062
FILLER_0_16_444, 211.84, 57.12, 1.76062
FILLER_0_17_458, 211.84, 57.12, 1.76062
_08193_, 221.84, 57.12, 1.75976
_08258_, 221.84, 57.12, 1.75976
_08317_, 221.84, 57.12, 1.75976
_08537_, 221.84, 57.12, 1.75976
_08648_, 221.84, 57.12, 1.75976
ANTENNA__08193__A, 221.84, 57.12, 1.75976
ANTENNA__08316__A, 221.84, 57.12, 1.75976
ANTENNA__08537__B, 221.84, 57.12, 1.75976
ANTENNA__08193__B, 221.84, 57.12, 1.75976
ANTENNA__08188__A, 221.84, 57.12, 1.75976
_08590_, 241.84, 57.12, 1.75802
_08594_, 241.84, 57.12, 1.75802
_08645_, 241.84, 57.12, 1.75802
ANTENNA__08427__A, 241.84, 57.12, 1.75802
FILLER_0_16_507, 241.84, 57.12, 1.75802
FILLER_0_17_505, 241.84, 57.12, 1.75802
FILLER_0_17_518, 241.84, 57.12, 1.75802
_08263_, 251.84, 57.12, 1.75712
_08264_, 251.84, 57.12, 1.75712
_08306_, 251.84, 57.12, 1.75712
ANTENNA__08145__A, 251.84, 57.12, 1.75712
FILLER_0_17_538, 251.84, 57.12, 1.75712
FILLER_0_18_537, 251.84, 57.12, 1.75712
FILLER_0_18_546, 251.84, 57.12, 1.75712
_08277_, 271.84, 57.12, 1.75531
_08278_, 271.84, 57.12, 1.75531
ANTENNA__08103__A, 271.84, 57.12, 1.75531
ANTENNA__08126__A, 271.84, 57.12, 1.75531
ANTENNA__08278__A, 271.84, 57.12, 1.75531
ANTENNA__08277__A1, 271.84, 57.12, 1.75531
FILLER_0_16_574, 271.84, 57.12, 1.75531
FILLER_0_17_571, 271.84, 57.12, 1.75531
FILLER_0_18_581, 271.84, 57.12, 1.75531
_08269_, 281.84, 57.12, 1.75438
_08279_, 281.84, 57.12, 1.75438
_08305_, 281.84, 57.12, 1.75438
_08310_, 281.84, 57.12, 1.75438
FILLER_0_17_601, 281.84, 57.12, 1.75438
_08380_, 301.84, 57.12, 1.75252
_08452_, 301.84, 57.12, 1.75252
FILLER_0_16_638, 301.84, 57.12, 1.75252
FILLER_0_17_647, 301.84, 57.12, 1.75252
FILLER_0_17_655, 301.84, 57.12, 1.75252
_08453_, 311.84, 57.12, 1.75158
_08454_, 311.84, 57.12, 1.75158
_08510_, 311.84, 57.12, 1.75158
_08511_, 311.84, 57.12, 1.75158
ANTENNA__11202__RESET_B, 341.84, 57.12, 1.74905
FILLER_0_17_721, 341.84, 57.12, 1.74905
FILLER_0_16_837, 394.01, 57.12, 1.74595
FILLER_0_17_833, 394.01, 57.12, 1.74595
PHY_28, 5.52, 51.68, 1.76811
PHY_30, 5.52, 51.68, 1.76811
PHY_29, 406.18, 51.68, 1.72449
PHY_31, 406.18, 51.68, 1.72449
ANTENNA_output49_A, 406.18, 51.68, 1.72449
FILLER_0_14_861, 406.18, 51.68, 1.72449
ANTENNA_input17_A, 13.68, 51.68, 1.76811
ANTENNA__11481__RESET_B, 13.68, 51.68, 1.76811
ANTENNA__11457__RESET_B, 13.68, 51.68, 1.76811
_10525_, 31.84, 51.68, 1.76804
hold310, 31.84, 51.68, 1.76804
hold397, 31.84, 51.68, 1.76804
ANTENNA__10620__S, 31.84, 51.68, 1.76804
ANTENNA__11455__RESET_B, 31.84, 51.68, 1.76804
FILLER_0_15_65, 31.84, 51.68, 1.76804
_11453_, 41.84, 51.68, 1.76797
hold285, 41.84, 51.68, 1.76797
ANTENNA__10525__S, 41.84, 51.68, 1.76797
FILLER_0_14_72, 41.84, 51.68, 1.76797
FILLER_0_15_83, 41.84, 51.68, 1.76797
FILLER_0_16_79, 41.84, 51.68, 1.76797
FILLER_0_16_85, 41.84, 51.68, 1.76797
_10618_, 61.84, 51.68, 1.76776
_11454_, 61.84, 51.68, 1.76776
clkbuf_leaf_74_clk, 61.84, 51.68, 1.76776
ANTENNA__10618__S, 61.84, 51.68, 1.76776
ANTENNA_clkbuf_leaf_74_clk_A, 61.84, 51.68, 1.76776
FILLER_0_15_113, 61.84, 51.68, 1.76776
_10568_, 71.84, 51.68, 1.76762
_10569_, 71.84, 51.68, 1.76762
hold111, 71.84, 51.68, 1.76762
ANTENNA__11454__RESET_B, 71.84, 51.68, 1.76762
FILLER_0_14_134, 71.84, 51.68, 1.76762
FILLER_0_15_141, 71.84, 51.68, 1.76762
ANTENNA__11406__RESET_B, 91.84, 51.68, 1.76724
_10443_, 101.84, 51.68, 1.76699
ANTENNA__11370__RESET_B, 101.84, 51.68, 1.76699
ANTENNA__11368__RESET_B, 101.84, 51.68, 1.76699
FILLER_0_14_202, 101.84, 51.68, 1.76699
FILLER_0_15_219, 101.84, 51.68, 1.76699
_10437_, 121.84, 51.68, 1.76632
ANTENNA__11366__RESET_B, 121.84, 51.68, 1.76632
FILLER_0_14_246, 121.84, 51.68, 1.76632
FILLER_0_15_271, 131.84, 51.68, 1.76591
_08402_, 151.84, 51.68, 1.76487
_08403_, 151.84, 51.68, 1.76487
ANTENNA__08402__C, 151.84, 51.68, 1.76487
FILLER_0_14_309, 151.84, 51.68, 1.76487
_08401_, 161.84, 51.68, 1.76425
_08404_, 161.84, 51.68, 1.76425
_08473_, 161.84, 51.68, 1.76425
ANTENNA__08402__A, 161.84, 51.68, 1.76425
ANTENNA__06812__A, 161.84, 51.68, 1.76425
ANTENNA__08546__A, 161.84, 51.68, 1.76425
ANTENNA__08472__B, 161.84, 51.68, 1.76425
ANTENNA__08473__A_N, 161.84, 51.68, 1.76425
ANTENNA__08320__A, 161.84, 51.68, 1.76425
FILLER_0_15_341, 161.84, 51.68, 1.76425
FILLER_0_16_342, 161.84, 51.68, 1.76425
_08319_, 181.84, 51.68, 1.76287
_08323_, 181.84, 51.68, 1.76287
_08352_, 181.84, 51.68, 1.76287
ANTENNA__08225__B, 181.84, 51.68, 1.76287
ANTENNA__08319__B, 181.84, 51.68, 1.76287
ANTENNA__08352__B, 181.84, 51.68, 1.76287
ANTENNA__08322__A1, 181.84, 51.68, 1.76287
ANTENNA__08414__A, 181.84, 51.68, 1.76287
_08224_, 191.84, 51.68, 1.76211
_08254_, 191.84, 51.68, 1.76211
ANTENNA__08224__A, 191.84, 51.68, 1.76211
ANTENNA__08322__B1, 191.84, 51.68, 1.76211
ANTENNA__08353__A, 191.84, 51.68, 1.76211
ANTENNA__08254__B, 191.84, 51.68, 1.76211
ANTENNA__08254__A, 191.84, 51.68, 1.76211
FILLER_0_15_397, 191.84, 51.68, 1.76211
FILLER_0_15_415, 191.84, 51.68, 1.76211
_08260_, 211.84, 51.68, 1.76049
_08261_, 211.84, 51.68, 1.76049
ANTENNA__08537__A, 211.84, 51.68, 1.76049
ANTENNA__08257__A, 211.84, 51.68, 1.76049
FILLER_0_14_441, 211.84, 51.68, 1.76049
FILLER_0_15_440, 211.84, 51.68, 1.76049
_08368_, 221.84, 51.68, 1.75964
_08483_, 221.84, 51.68, 1.75964
_08484_, 221.84, 51.68, 1.75964
_08538_, 221.84, 51.68, 1.75964
ANTENNA__08368__A1, 221.84, 51.68, 1.75964
ANTENNA__08314__A, 221.84, 51.68, 1.75964
FILLER_0_16_473, 221.84, 51.68, 1.75964
FILLER_0_16_481, 221.84, 51.68, 1.75964
_08591_, 241.84, 51.68, 1.7579
_08592_, 241.84, 51.68, 1.7579
_08593_, 241.84, 51.68, 1.7579
_08644_, 241.84, 51.68, 1.7579
ANTENNA__08526__A, 241.84, 51.68, 1.7579
FILLER_0_15_517, 241.84, 51.68, 1.7579
FILLER_0_16_524, 241.84, 51.68, 1.7579
_08145_, 251.84, 51.68, 1.757
_08146_, 251.84, 51.68, 1.757
_08424_, 251.84, 51.68, 1.757
_08526_, 251.84, 51.68, 1.757
ANTENNA__08145__B, 251.84, 51.68, 1.757
ANTENNA__08424__A, 251.84, 51.68, 1.757
ANTENNA__08526__B, 251.84, 51.68, 1.757
FILLER_0_14_525, 251.84, 51.68, 1.757
FILLER_0_16_542, 251.84, 51.68, 1.757
_08308_, 271.84, 51.68, 1.75514
_08309_, 271.84, 51.68, 1.75514
_08311_, 271.84, 51.68, 1.75514
ANTENNA__08278__B, 271.84, 51.68, 1.75514
ANTENNA__08277__A2, 271.84, 51.68, 1.75514
FILLER_0_16_583, 271.84, 51.68, 1.75514
_08267_, 281.84, 51.68, 1.75417
_08268_, 281.84, 51.68, 1.75417
_08312_, 281.84, 51.68, 1.75417
_08313_, 281.84, 51.68, 1.75417
_08379_, 281.84, 51.68, 1.75417
FILLER_0_15_594, 281.84, 51.68, 1.75417
FILLER_0_15_601, 281.84, 51.68, 1.75417
_08381_, 301.84, 51.68, 1.75216
_08382_, 301.84, 51.68, 1.75216
_08451_, 301.84, 51.68, 1.75216
max_cap59, 301.84, 51.68, 1.75216
FILLER_0_14_639, 301.84, 51.68, 1.75216
FILLER_0_15_634, 301.84, 51.68, 1.75216
_08574_, 311.84, 51.68, 1.7512
FILLER_0_14_658, 311.84, 51.68, 1.7512
FILLER_0_15_668, 311.84, 51.68, 1.7512
FILLER_0_16_669, 311.84, 51.68, 1.7512
FILLER_0_15_721, 341.84, 51.68, 1.74765
FILLER_0_15_741, 341.84, 51.68, 1.74765
hold316, 361.84, 51.68, 1.7433
FILLER_0_15_775, 361.84, 51.68, 1.7433
output49, 394.01, 51.68, 1.72449
FILLER_0_15_833, 394.01, 51.68, 1.72449
FILLER_0_16_845, 394.01, 51.68, 1.72449
PHY_24, 5.52, 46.24, 1.768
PHY_26, 5.52, 46.24, 1.768
input17, 5.52, 46.24, 1.768
PHY_25, 406.18, 46.24, 1.74564
PHY_27, 406.18, 46.24, 1.74564
FILLER_0_12_861, 406.18, 46.24, 1.74564
FILLER_0_13_865, 406.18, 46.24, 1.74564
FILLER_0_14_23, 13.68, 46.24, 1.768
_10522_, 31.84, 46.24, 1.76792
_11407_, 31.84, 46.24, 1.76792
hold311, 31.84, 46.24, 1.76792
_10468_, 41.84, 46.24, 1.76785
hold388, 41.84, 46.24, 1.76785
ANTENNA__10468__S, 41.84, 46.24, 1.76785
ANTENNA__11407__RESET_B, 41.84, 46.24, 1.76785
FILLER_0_14_85, 41.84, 46.24, 1.76785
_10465_, 61.84, 46.24, 1.76764
_10619_, 61.84, 46.24, 1.76764
hold235, 61.84, 46.24, 1.76764
hold247, 61.84, 46.24, 1.76764
_11430_, 71.84, 46.24, 1.76749
ANTENNA__10464__S, 71.84, 46.24, 1.76749
ANTENNA__10568__S, 71.84, 46.24, 1.76749
ANTENNA__11405__RESET_B, 71.84, 46.24, 1.76749
FILLER_0_13_139, 71.84, 46.24, 1.76749
FILLER_0_14_145, 71.84, 46.24, 1.76749
_11370_, 91.84, 46.24, 1.76708
ANTENNA__11369__RESET_B, 91.84, 46.24, 1.76708
FILLER_0_13_177, 91.84, 46.24, 1.76708
FILLER_0_14_197, 91.84, 46.24, 1.76708
_10444_, 101.84, 46.24, 1.76682
_11368_, 101.84, 46.24, 1.76682
_11369_, 101.84, 46.24, 1.76682
FILLER_0_12_208, 101.84, 46.24, 1.76682
_10439_, 121.84, 46.24, 1.76614
ANTENNA__11367__RESET_B, 121.84, 46.24, 1.76614
FILLER_0_12_249, 121.84, 46.24, 1.76614
FILLER_0_13_245, 121.84, 46.24, 1.76614
FILLER_0_13_275, 131.84, 46.24, 1.76573
ANTENNA__08401__B1, 151.84, 46.24, 1.76469
ANTENNA__08404__A, 151.84, 46.24, 1.76469
ANTENNA__08401__A1, 151.84, 46.24, 1.76469
FILLER_0_13_317, 151.84, 46.24, 1.76469
_08405_, 161.84, 46.24, 1.76406
_08406_, 161.84, 46.24, 1.76406
_08474_, 161.84, 46.24, 1.76406
ANTENNA__08407__A1, 161.84, 46.24, 1.76406
ANTENNA__08348__A1, 161.84, 46.24, 1.76406
ANTENNA__08473__C, 161.84, 46.24, 1.76406
ANTENNA__08401__A2, 161.84, 46.24, 1.76406
ANTENNA__08404__B, 161.84, 46.24, 1.76406
FILLER_0_13_337, 161.84, 46.24, 1.76406
FILLER_0_14_345, 161.84, 46.24, 1.76406
_08322_, 181.84, 46.24, 1.76268
_08324_, 181.84, 46.24, 1.76268
_08353_, 181.84, 46.24, 1.76268
_08354_, 181.84, 46.24, 1.76268
_08355_, 181.84, 46.24, 1.76268
_08356_, 181.84, 46.24, 1.76268
ANTENNA__08319__A, 181.84, 46.24, 1.76268
ANTENNA__08353__B, 181.84, 46.24, 1.76268
ANTENNA__08322__A2, 181.84, 46.24, 1.76268
_08482_, 191.84, 46.24, 1.76194
ANTENNA__08482__A1, 191.84, 46.24, 1.76194
FILLER_0_12_401, 191.84, 46.24, 1.76194
FILLER_0_13_406, 191.84, 46.24, 1.76194
FILLER_0_14_411, 191.84, 46.24, 1.76194
_08259_, 211.84, 46.24, 1.76034
_08327_, 211.84, 46.24, 1.76034
_08358_, 211.84, 46.24, 1.76034
FILLER_0_12_443, 211.84, 46.24, 1.76034
_08314_, 221.84, 46.24, 1.75951
_08318_, 221.84, 46.24, 1.75951
_08587_, 221.84, 46.24, 1.75951
FILLER_0_12_466, 221.84, 46.24, 1.75951
_08527_, 241.84, 46.24, 1.75782
_08529_, 241.84, 46.24, 1.75782
_08586_, 241.84, 46.24, 1.75782
_08370_, 251.84, 46.24, 1.75694
_08425_, 251.84, 46.24, 1.75694
_08495_, 251.84, 46.24, 1.75694
FILLER_0_12_529, 251.84, 46.24, 1.75694
FILLER_0_12_533, 251.84, 46.24, 1.75694
FILLER_0_13_526, 251.84, 46.24, 1.75694
FILLER_0_13_534, 251.84, 46.24, 1.75694
FILLER_0_13_541, 251.84, 46.24, 1.75694
_08439_, 271.84, 46.24, 1.75516
ANTENNA__08440__B, 271.84, 46.24, 1.75516
ANTENNA__08439__A2, 271.84, 46.24, 1.75516
ANTENNA__08440__A, 271.84, 46.24, 1.75516
ANTENNA__08439__A1, 271.84, 46.24, 1.75516
FILLER_0_13_582, 271.84, 46.24, 1.75516
_08371_, 281.84, 46.24, 1.75424
_08436_, 281.84, 46.24, 1.75424
_08447_, 301.84, 46.24, 1.75239
_08450_, 301.84, 46.24, 1.75239
FILLER_0_12_641, 301.84, 46.24, 1.75239
FILLER_0_13_652, 301.84, 46.24, 1.75239
FILLER_0_14_645, 301.84, 46.24, 1.75239
_08508_, 311.84, 46.24, 1.75149
_08509_, 311.84, 46.24, 1.75149
_08521_, 311.84, 46.24, 1.75149
FILLER_0_14_666, 311.84, 46.24, 1.75149
FILLER_0_13_721, 341.84, 46.24, 1.74893
FILLER_0_13_741, 341.84, 46.24, 1.74893
hold261, 361.84, 46.24, 1.74725
FILLER_0_13_765, 361.84, 46.24, 1.74725
FILLER_0_13_778, 361.84, 46.24, 1.74725
FILLER_0_14_801, 371.84, 46.24, 1.74644
FILLER_0_13_833, 394.01, 46.24, 1.74564
PHY_20, 5.52, 40.8, 1.76788
PHY_22, 5.52, 40.8, 1.76788
PHY_21, 406.18, 40.8, 1.74563
PHY_23, 406.18, 40.8, 1.74563
FILLER_0_11_865, 406.18, 40.8, 1.74563
_10521_, 31.84, 40.8, 1.7678
ANTENNA__11431__RESET_B, 31.84, 40.8, 1.7678
FILLER_0_11_51, 31.84, 40.8, 1.7678
FILLER_0_11_57, 31.84, 40.8, 1.7678
FILLER_0_11_64, 31.84, 40.8, 1.7678
_10469_, 41.84, 40.8, 1.76772
_11382_, 41.84, 40.8, 1.76772
ANTENNA__10521__S, 41.84, 40.8, 1.76772
FILLER_0_10_77, 41.84, 40.8, 1.76772
FILLER_0_11_85, 41.84, 40.8, 1.76772
_10464_, 61.84, 40.8, 1.7675
_10517_, 61.84, 40.8, 1.7675
_11380_, 61.84, 40.8, 1.7675
ANTENNA__10517__S, 61.84, 40.8, 1.7675
ANTENNA__11429__RESET_B, 61.84, 40.8, 1.7675
FILLER_0_11_126, 61.84, 40.8, 1.7675
_10445_, 91.84, 40.8, 1.76692
_10446_, 91.84, 40.8, 1.76692
_10447_, 91.84, 40.8, 1.76692
hold38, 91.84, 40.8, 1.76692
FILLER_0_10_177, 91.84, 40.8, 1.76692
FILLER_0_11_181, 91.84, 40.8, 1.76692
FILLER_0_11_189, 91.84, 40.8, 1.76692
FILLER_0_11_195, 91.84, 40.8, 1.76692
_06218_, 101.84, 40.8, 1.76665
_10442_, 101.84, 40.8, 1.76665
hold13, 101.84, 40.8, 1.76665
hold88, 101.84, 40.8, 1.76665
ANTENNA__11373__RESET_B, 101.84, 40.8, 1.76665
ANTENNA__11372__RESET_B, 101.84, 40.8, 1.76665
FILLER_0_10_200, 101.84, 40.8, 1.76665
FILLER_0_11_204, 101.84, 40.8, 1.76665
FILLER_0_11_218, 101.84, 40.8, 1.76665
clkbuf_leaf_69_clk, 121.84, 40.8, 1.76596
ANTENNA_clkbuf_leaf_69_clk_A, 121.84, 40.8, 1.76596
FILLER_0_10_246, 121.84, 40.8, 1.76596
FILLER_0_11_277, 131.84, 40.8, 1.76554
_08468_, 161.84, 40.8, 1.76391
_08469_, 161.84, 40.8, 1.76391
ANTENNA__08472__A, 161.84, 40.8, 1.76391
FILLER_0_11_329, 161.84, 40.8, 1.76391
FILLER_0_11_337, 161.84, 40.8, 1.76391
_08476_, 181.84, 40.8, 1.76255
_08477_, 181.84, 40.8, 1.76255
FILLER_0_11_389, 181.84, 40.8, 1.76255
FILLER_0_11_393, 181.84, 40.8, 1.76255
_08411_, 191.84, 40.8, 1.76181
_08417_, 191.84, 40.8, 1.76181
ANTENNA__08411__A, 191.84, 40.8, 1.76181
FILLER_0_12_411, 191.84, 40.8, 1.76181
_08359_, 211.84, 40.8, 1.76025
_08544_, 211.84, 40.8, 1.76025
FILLER_0_11_455, 211.84, 40.8, 1.76025
_08545_, 221.84, 40.8, 1.75943
_08588_, 221.84, 40.8, 1.75943
FILLER_0_12_477, 221.84, 40.8, 1.75943
_08429_, 241.84, 40.8, 1.75774
_08481_, 241.84, 40.8, 1.75774
_08530_, 241.84, 40.8, 1.75774
ANTENNA__08530__A1, 241.84, 40.8, 1.75774
FILLER_0_11_513, 241.84, 40.8, 1.75774
FILLER_0_12_521, 241.84, 40.8, 1.75774
_08430_, 251.84, 40.8, 1.75688
_08528_, 251.84, 40.8, 1.75688
FILLER_0_10_529, 251.84, 40.8, 1.75688
_08440_, 271.84, 40.8, 1.7551
_08441_, 271.84, 40.8, 1.7551
_08497_, 271.84, 40.8, 1.7551
ANTENNA__08500__A, 271.84, 40.8, 1.7551
_08372_, 281.84, 40.8, 1.75419
_08437_, 281.84, 40.8, 1.75419
_08443_, 281.84, 40.8, 1.75419
_08446_, 281.84, 40.8, 1.75419
ANTENNA__08443__A, 281.84, 40.8, 1.75419
ANTENNA__08500__B, 281.84, 40.8, 1.75419
FILLER_0_11_602, 281.84, 40.8, 1.75419
FILLER_0_11_611, 281.84, 40.8, 1.75419
_08448_, 301.84, 40.8, 1.75237
_08449_, 301.84, 40.8, 1.75237
FILLER_0_10_638, 301.84, 40.8, 1.75237
FILLER_0_11_636, 301.84, 40.8, 1.75237
_08506_, 311.84, 40.8, 1.75151
FILLER_0_11_667, 311.84, 40.8, 1.75151
FILLER_0_11_721, 341.84, 40.8, 1.74892
FILLER_0_11_741, 341.84, 40.8, 1.74892
FILLER_0_12_737, 341.84, 40.8, 1.74892
hold453, 361.84, 40.8, 1.74724
FILLER_0_12_803, 371.84, 40.8, 1.74644
FILLER_0_10_837, 394.01, 40.8, 1.74563
FILLER_0_11_833, 394.01, 40.8, 1.74563
PHY_16, 5.52, 35.36, 1.76778
PHY_18, 5.52, 35.36, 1.76778
PHY_17, 406.18, 35.36, 1.73049
PHY_19, 406.18, 35.36, 1.73049
ANTENNA_output48_A, 406.18, 35.36, 1.73049
FILLER_0_8_861, 406.18, 35.36, 1.73049
FILLER_0_9_51, 31.84, 35.36, 1.7677
FILLER_0_8_77, 41.84, 35.36, 1.76763
_10449_, 91.84, 35.36, 1.76677
_11372_, 91.84, 35.36, 1.76677
FILLER_0_9_181, 91.84, 35.36, 1.76677
FILLER_0_10_190, 91.84, 35.36, 1.76677
_10451_, 101.84, 35.36, 1.7665
_11373_, 101.84, 35.36, 1.7665
FILLER_0_10_217, 101.84, 35.36, 1.7665
ANTENNA__11374__RESET_B, 121.84, 35.36, 1.7658
FILLER_0_9_273, 131.84, 35.36, 1.76538
FILLER_0_9_329, 161.84, 35.36, 1.76374
FILLER_0_10_345, 161.84, 35.36, 1.76374
_08565_, 181.84, 35.36, 1.76233
_08566_, 181.84, 35.36, 1.76233
_08624_, 181.84, 35.36, 1.76233
FILLER_0_9_373, 181.84, 35.36, 1.76233
_08418_, 191.84, 35.36, 1.76157
_08421_, 191.84, 35.36, 1.76157
_08478_, 191.84, 35.36, 1.76157
_08479_, 191.84, 35.36, 1.76157
_08480_, 191.84, 35.36, 1.76157
FILLER_0_8_405, 191.84, 35.36, 1.76157
_08357_, 211.84, 35.36, 1.76004
_08360_, 211.84, 35.36, 1.76004
_08426_, 211.84, 35.36, 1.76004
ANTENNA__08426__A1, 211.84, 35.36, 1.76004
FILLER_0_8_447, 211.84, 35.36, 1.76004
FILLER_0_9_445, 211.84, 35.36, 1.76004
_08485_, 221.84, 35.36, 1.75923
_08524_, 221.84, 35.36, 1.75923
_08567_, 221.84, 35.36, 1.75923
_08625_, 221.84, 35.36, 1.75923
FILLER_0_9_471, 221.84, 35.36, 1.75923
_08533_, 241.84, 35.36, 1.75758
_08535_, 241.84, 35.36, 1.75758
_08585_, 241.84, 35.36, 1.75758
max_cap61, 241.84, 35.36, 1.75758
FILLER_0_9_510, 241.84, 35.36, 1.75758
FILLER_0_9_518, 241.84, 35.36, 1.75758
_08493_, 251.84, 35.36, 1.75673
FILLER_0_8_526, 251.84, 35.36, 1.75673
FILLER_0_8_533, 251.84, 35.36, 1.75673
_08500_, 271.84, 35.36, 1.75497
_08501_, 271.84, 35.36, 1.75497
_08444_, 281.84, 35.36, 1.75406
_08522_, 281.84, 35.36, 1.75406
ANTENNA__08442__A, 281.84, 35.36, 1.75406
FILLER_0_9_607, 281.84, 35.36, 1.75406
_08507_, 301.84, 35.36, 1.75214
_08571_, 301.84, 35.36, 1.75214
_08573_, 301.84, 35.36, 1.75214
_08583_, 301.84, 35.36, 1.75214
FILLER_0_8_639, 301.84, 35.36, 1.75214
FILLER_0_9_635, 301.84, 35.36, 1.75214
FILLER_0_10_645, 301.84, 35.36, 1.75214
FILLER_0_9_669, 311.84, 35.36, 1.75126
FILLER_0_9_721, 341.84, 35.36, 1.74798
FILLER_0_9_741, 341.84, 35.36, 1.74798
hold305, 361.84, 35.36, 1.74439
FILLER_0_9_778, 361.84, 35.36, 1.74439
output48, 394.01, 35.36, 1.73049
FILLER_0_9_833, 394.01, 35.36, 1.73049
FILLER_0_10_845, 394.01, 35.36, 1.73049
PHY_12, 5.52, 29.92, 1.76768
PHY_14, 5.52, 29.92, 1.76768
input14, 5.52, 29.92, 1.76768
PHY_13, 406.18, 29.92, 1.74581
PHY_15, 406.18, 29.92, 1.74581
FILLER_0_6_861, 406.18, 29.92, 1.74581
FILLER_0_7_865, 406.18, 29.92, 1.74581
ANTENNA_input14_A, 13.68, 29.92, 1.76768
FILLER_0_7_47, 31.84, 29.92, 1.76759
FILLER_0_6_77, 41.84, 29.92, 1.76751
FILLER_0_8_133, 61.84, 29.92, 1.76726
clkbuf_leaf_73_clk, 91.84, 29.92, 1.76662
hold100, 91.84, 29.92, 1.76662
ANTENNA__11371__RESET_B, 91.84, 29.92, 1.76662
_06219_, 101.84, 29.92, 1.76634
_10448_, 101.84, 29.92, 1.76634
_10450_, 101.84, 29.92, 1.76634
_10457_, 101.84, 29.92, 1.76634
ANTENNA_clkbuf_leaf_73_clk_A, 101.84, 29.92, 1.76634
FILLER_0_6_206, 101.84, 29.92, 1.76634
FILLER_0_7_211, 101.84, 29.92, 1.76634
FILLER_0_7_220, 101.84, 29.92, 1.76634
FILLER_0_6_245, 121.84, 29.92, 1.76565
FILLER_0_7_276, 131.84, 29.92, 1.76522
FILLER_0_7_329, 161.84, 29.92, 1.76363
FILLER_0_7_385, 181.84, 29.92, 1.76232
FILLER_0_8_389, 181.84, 29.92, 1.76232
_08419_, 191.84, 29.92, 1.76159
ANTENNA__08357__A, 211.84, 29.92, 1.76006
FILLER_0_7_441, 211.84, 29.92, 1.76006
FILLER_0_8_459, 211.84, 29.92, 1.76006
hold142, 221.84, 29.92, 1.75923
ANTENNA__11359__RESET_B, 221.84, 29.92, 1.75923
FILLER_0_8_477, 221.84, 29.92, 1.75923
_08536_, 241.84, 29.92, 1.75745
_08568_, 241.84, 29.92, 1.75745
_08569_, 241.84, 29.92, 1.75745
_08584_, 241.84, 29.92, 1.75745
_08628_, 241.84, 29.92, 1.75745
FILLER_0_6_503, 241.84, 29.92, 1.75745
FILLER_0_7_508, 241.84, 29.92, 1.75745
FILLER_0_8_515, 241.84, 29.92, 1.75745
_08492_, 251.84, 29.92, 1.75659
_08570_, 251.84, 29.92, 1.75659
_08629_, 251.84, 29.92, 1.75659
FILLER_0_6_529, 251.84, 29.92, 1.75659
FILLER_0_7_544, 251.84, 29.92, 1.75659
_08502_, 271.84, 29.92, 1.75496
ANTENNA__08522__A1, 271.84, 29.92, 1.75496
FILLER_0_7_581, 271.84, 29.92, 1.75496
FILLER_0_8_581, 271.84, 29.92, 1.75496
_08503_, 281.84, 29.92, 1.75412
_10403_, 281.84, 29.92, 1.75412
FILLER_0_6_595, 281.84, 29.92, 1.75412
FILLER_0_7_609, 281.84, 29.92, 1.75412
_08572_, 301.84, 29.92, 1.75239
_08582_, 301.84, 29.92, 1.75239
FILLER_0_6_639, 301.84, 29.92, 1.75239
FILLER_0_7_665, 311.84, 29.92, 1.75154
FILLER_0_7_721, 341.84, 29.92, 1.74898
FILLER_0_7_741, 341.84, 29.92, 1.74898
hold306, 361.84, 29.92, 1.74734
FILLER_0_7_774, 361.84, 29.92, 1.74734
FILLER_0_8_801, 371.84, 29.92, 1.74658
FILLER_0_7_833, 394.01, 29.92, 1.74581
PHY_8, 5.52, 24.48, 1.76762
PHY_10, 5.52, 24.48, 1.76762
PHY_9, 406.18, 24.48, 1.73335
PHY_11, 406.18, 24.48, 1.73335
ANTENNA_output39_A, 406.18, 24.48, 1.73335
FILLER_0_4_861, 406.18, 24.48, 1.73335
FILLER_0_5_51, 31.84, 24.48, 1.76754
FILLER_0_4_77, 41.84, 24.48, 1.76746
FILLER_0_6_133, 61.84, 24.48, 1.76719
_11376_, 91.84, 24.48, 1.76656
ANTENNA__11376__RESET_B, 91.84, 24.48, 1.76656
FILLER_0_5_181, 91.84, 24.48, 1.76656
FILLER_0_5_189, 91.84, 24.48, 1.76656
FILLER_0_6_189, 91.84, 24.48, 1.76656
FILLER_0_6_197, 91.84, 24.48, 1.76656
_10456_, 101.84, 24.48, 1.76627
_10458_, 101.84, 24.48, 1.76627
_11377_, 101.84, 24.48, 1.76627
hold73, 101.84, 24.48, 1.76627
ANTENNA__11377__RESET_B, 101.84, 24.48, 1.76627
FILLER_0_5_220, 101.84, 24.48, 1.76627
ANTENNA__11375__RESET_B, 121.84, 24.48, 1.76557
FILLER_0_4_249, 121.84, 24.48, 1.76557
FILLER_0_5_273, 131.84, 24.48, 1.76514
FILLER_0_5_329, 161.84, 24.48, 1.76356
FILLER_0_5_385, 181.84, 24.48, 1.76226
FILLER_0_6_413, 191.84, 24.48, 1.76155
_10423_, 211.84, 24.48, 1.76005
_11359_, 211.84, 24.48, 1.76005
FILLER_0_4_443, 211.84, 24.48, 1.76005
FILLER_0_5_441, 211.84, 24.48, 1.76005
FILLER_0_6_457, 211.84, 24.48, 1.76005
_10420_, 221.84, 24.48, 1.75926
_11358_, 221.84, 24.48, 1.75926
hold253, 241.84, 24.48, 1.75763
ANTENNA__11357__RESET_B, 241.84, 24.48, 1.75763
FILLER_0_4_508, 241.84, 24.48, 1.75763
hold129, 251.84, 24.48, 1.75679
_10404_, 271.84, 24.48, 1.75506
_10405_, 271.84, 24.48, 1.75506
_10406_, 271.84, 24.48, 1.75506
hold178, 271.84, 24.48, 1.75506
ANTENNA__10404__S, 271.84, 24.48, 1.75506
FILLER_0_5_575, 271.84, 24.48, 1.75506
FILLER_0_6_584, 271.84, 24.48, 1.75506
FILLER_0_6_589, 271.84, 24.48, 1.75506
_10398_, 281.84, 24.48, 1.75418
_11347_, 281.84, 24.48, 1.75418
hold217, 281.84, 24.48, 1.75418
ANTENNA__11348__RESET_B, 281.84, 24.48, 1.75418
ANTENNA__11347__RESET_B, 281.84, 24.48, 1.75418
FILLER_0_5_604, 281.84, 24.48, 1.75418
FILLER_0_6_603, 281.84, 24.48, 1.75418
hold237, 301.84, 24.48, 1.75237
ANTENNA__10397__S, 301.84, 24.48, 1.75237
ANTENNA__10397__A0, 301.84, 24.48, 1.75237
FILLER_0_4_636, 301.84, 24.48, 1.75237
FILLER_0_4_725, 341.84, 24.48, 1.74821
FILLER_0_5_721, 341.84, 24.48, 1.74821
FILLER_0_5_741, 341.84, 24.48, 1.74821
FILLER_0_6_737, 341.84, 24.48, 1.74821
hold418, 361.84, 24.48, 1.74499
FILLER_0_5_774, 361.84, 24.48, 1.74499
FILLER_0_6_801, 371.84, 24.48, 1.74292
output39, 394.01, 24.48, 1.73335
FILLER_0_5_833, 394.01, 24.48, 1.73335
FILLER_0_5_841, 394.01, 24.48, 1.73335
PHY_4, 5.52, 19.04, 1.76761
PHY_6, 5.52, 19.04, 1.76761
PHY_5, 406.18, 19.04, 1.74563
PHY_7, 406.18, 19.04, 1.74563
FILLER_0_2_861, 406.18, 19.04, 1.74563
FILLER_0_3_865, 406.18, 19.04, 1.74563
FILLER_0_3_51, 31.84, 19.04, 1.76752
FILLER_0_2_77, 41.84, 19.04, 1.76744
FILLER_0_4_133, 61.84, 19.04, 1.76718
FILLER_0_4_189, 91.84, 19.04, 1.76654
FILLER_0_4_197, 91.84, 19.04, 1.76654
_10459_, 101.84, 19.04, 1.76626
_10460_, 101.84, 19.04, 1.76626
FILLER_0_3_205, 101.84, 19.04, 1.76626
FILLER_0_3_211, 101.84, 19.04, 1.76626
FILLER_0_3_218, 101.84, 19.04, 1.76626
FILLER_0_2_249, 121.84, 19.04, 1.76555
FILLER_0_3_273, 131.84, 19.04, 1.76512
FILLER_0_3_329, 161.84, 19.04, 1.76353
FILLER_0_3_385, 181.84, 19.04, 1.76224
FILLER_0_4_413, 191.84, 19.04, 1.76153
_10422_, 211.84, 19.04, 1.76002
_10425_, 211.84, 19.04, 1.76002
hold143, 211.84, 19.04, 1.76002
hold307, 211.84, 19.04, 1.76002
ANTENNA__11361__RESET_B, 211.84, 19.04, 1.76002
FILLER_0_3_442, 211.84, 19.04, 1.76002
_10421_, 221.84, 19.04, 1.75923
clkbuf_leaf_62_clk, 221.84, 19.04, 1.75923
hold277, 221.84, 19.04, 1.75923
ANTENNA__10422__S, 221.84, 19.04, 1.75923
ANTENNA__10420__S, 221.84, 19.04, 1.75923
FILLER_0_3_478, 221.84, 19.04, 1.75923
_11356_, 241.84, 19.04, 1.75761
hold167, 241.84, 19.04, 1.75761
ANTENNA__11356__RESET_B, 241.84, 19.04, 1.75761
_10413_, 251.84, 19.04, 1.75677
_10414_, 251.84, 19.04, 1.75677
_10415_, 251.84, 19.04, 1.75677
_11354_, 251.84, 19.04, 1.75677
ANTENNA__11354__RESET_B, 251.84, 19.04, 1.75677
_10407_, 271.84, 19.04, 1.75506
_11349_, 271.84, 19.04, 1.75506
clkbuf_leaf_61_clk, 271.84, 19.04, 1.75506
ANTENNA__11349__RESET_B, 271.84, 19.04, 1.75506
ANTENNA_clkbuf_leaf_61_clk_A, 271.84, 19.04, 1.75506
_10402_, 281.84, 19.04, 1.75419
hold433, 281.84, 19.04, 1.75419
ANTENNA__10402__S, 281.84, 19.04, 1.75419
FILLER_0_3_609, 281.84, 19.04, 1.75419
FILLER_0_4_609, 281.84, 19.04, 1.75419
FILLER_0_3_668, 311.84, 19.04, 1.75157
_06771_, 341.84, 19.04, 1.74891
_06772_, 341.84, 19.04, 1.74891
_11208_, 341.84, 19.04, 1.74891
hold423, 341.84, 19.04, 1.74891
ANTENNA__06771__S, 341.84, 19.04, 1.74891
ANTENNA__11209__RESET_B, 341.84, 19.04, 1.74891
ANTENNA__11208__RESET_B, 341.84, 19.04, 1.74891
FILLER_0_3_721, 341.84, 19.04, 1.74891
FILLER_0_3_729, 341.84, 19.04, 1.74891
FILLER_0_3_781, 361.84, 19.04, 1.74723
FILLER_0_4_805, 371.84, 19.04, 1.74643
FILLER_0_3_833, 394.01, 19.04, 1.74563
PHY_0, 5.52, 13.6, 1.76757
PHY_2, 5.52, 13.6, 1.76757
input3, 5.52, 13.6, 1.76757
PHY_1, 406.18, 13.6, 1.73713
PHY_3, 406.18, 13.6, 1.73713
ANTENNA_output28_A, 406.18, 13.6, 1.73713
ANTENNA_input3_A, 13.68, 13.6, 1.76757
FILLER_0_0_23, 13.68, 13.6, 1.76757
FILLER_0_0_53, 31.84, 13.6, 1.76746
FILLER_0_1_51, 31.84, 13.6, 1.76746
FILLER_0_0_81, 41.84, 13.6, 1.76735
FILLER_0_2_133, 61.84, 13.6, 1.76692
output57, 71.84, 13.6, 1.76661
FILLER_0_0_137, 71.84, 13.6, 1.76661
FILLER_0_0_193, 91.84, 13.6, 1.7664
FILLER_0_1_193, 91.84, 13.6, 1.7664
FILLER_0_2_189, 91.84, 13.6, 1.7664
_10461_, 101.84, 13.6, 1.76616
_11378_, 101.84, 13.6, 1.76616
ANTENNA__11378__RESET_B, 101.84, 13.6, 1.76616
FILLER_0_0_249, 121.84, 13.6, 1.76551
FILLER_0_0_277, 131.84, 13.6, 1.76509
FILLER_0_1_273, 131.84, 13.6, 1.76509
FILLER_0_0_333, 161.84, 13.6, 1.76348
FILLER_0_1_329, 161.84, 13.6, 1.76348
FILLER_0_0_389, 181.84, 13.6, 1.76212
FILLER_0_1_385, 181.84, 13.6, 1.76212
FILLER_0_2_413, 191.84, 13.6, 1.76134
_10424_, 211.84, 13.6, 1.75985
_10426_, 211.84, 13.6, 1.75985
_10427_, 211.84, 13.6, 1.75985
_11360_, 211.84, 13.6, 1.75985
hold51, 211.84, 13.6, 1.75985
hold50, 221.84, 13.6, 1.75913
ANTENNA__10426__S, 221.84, 13.6, 1.75913
ANTENNA__10424__S, 221.84, 13.6, 1.75913
ANTENNA__11360__RESET_B, 221.84, 13.6, 1.75913
FILLER_0_0_469, 221.84, 13.6, 1.75913
FILLER_0_2_473, 221.84, 13.6, 1.75913
FILLER_0_2_481, 221.84, 13.6, 1.75913
_10416_, 241.84, 13.6, 1.75757
_10417_, 241.84, 13.6, 1.75757
_11355_, 241.84, 13.6, 1.75757
hold130, 241.84, 13.6, 1.75757
ANTENNA__10416__S, 241.84, 13.6, 1.75757
ANTENNA__11355__RESET_B, 241.84, 13.6, 1.75757
FILLER_0_0_505, 241.84, 13.6, 1.75757
FILLER_0_1_505, 241.84, 13.6, 1.75757
FILLER_0_1_513, 241.84, 13.6, 1.75757
_10412_, 251.84, 13.6, 1.75674
_11353_, 251.84, 13.6, 1.75674
hold166, 251.84, 13.6, 1.75674
ANTENNA__10414__S, 251.84, 13.6, 1.75674
ANTENNA__10410__S, 251.84, 13.6, 1.75674
ANTENNA__11353__RESET_B, 251.84, 13.6, 1.75674
FILLER_0_1_540, 251.84, 13.6, 1.75674
_10408_, 271.84, 13.6, 1.75504
hold434, 271.84, 13.6, 1.75504
ANTENNA__10408__S, 271.84, 13.6, 1.75504
ANTENNA__11352__RESET_B, 271.84, 13.6, 1.75504
FILLER_0_0_573, 271.84, 13.6, 1.75504
FILLER_0_0_584, 271.84, 13.6, 1.75504
FILLER_0_2_585, 271.84, 13.6, 1.75504
FILLER_0_0_641, 301.84, 13.6, 1.75232
FILLER_0_0_669, 311.84, 13.6, 1.75137
FILLER_0_1_665, 311.84, 13.6, 1.75137
FILLER_0_2_713, 331.84, 13.6, 1.7492
_11209_, 341.84, 13.6, 1.74798
_11210_, 341.84, 13.6, 1.74798
output27, 341.84, 13.6, 1.74798
ANTENNA__11210__RESET_B, 341.84, 13.6, 1.74798
FILLER_0_0_725, 341.84, 13.6, 1.74798
FILLER_0_0_729, 341.84, 13.6, 1.74798
FILLER_0_1_721, 341.84, 13.6, 1.74798
FILLER_0_0_781, 361.84, 13.6, 1.74547
FILLER_0_1_781, 361.84, 13.6, 1.74547
FILLER_0_2_802, 371.84, 13.6, 1.74382
output28, 394.01, 13.6, 1.73713
FILLER_0_0_837, 394.01, 13.6, 1.73713
FILLER_0_0_841, 394.01, 13.6, 1.73713
FILLER_0_1_833, 394.01, 13.6, 1.73713

