0.285156 -0.374023
-0.491211 -0.403320
0.262695 0.387695
-0.401367 -0.482422
0.250977 0.262695
0.365234 0.309570
0.481445 0.386719
0.493164 -0.306641
-0.307617 -0.333984
0.473633 -0.383789
-0.482422 0.389648
0.486328 -0.298828
-0.273438 -0.307617
0.339844 -0.315430
-0.456055 -0.401367
-0.403320 0.259766
-0.375000 0.281250
0.416016 -0.346680
-0.353516 -0.481445
-0.487305 -0.418945
0.354492 -0.291992
-0.498047 -0.330078
0.278320 -0.297852
0.284180 0.259766
-0.302734 -0.441406
0.486328 0.384766
0.313477 -0.289062
0.367188 -0.366211
0.479492 0.427734
0.443359 0.419922
-0.316406 0.291016
-0.489258 -0.389648
0.379883 0.327148
-0.442383 0.306641
-0.376953 0.270508
0.485352 0.461914
0.345703 0.324219
0.405273 0.389648
0.492188 -0.321289
-0.344727 -0.410156
-0.411133 0.383789
-0.428711 -0.296875
-0.290039 -0.420898
0.396484 0.261719
-0.310547 0.445312
-0.383789 0.309570
0.267578 -0.376953
0.356445 0.305664
0.280273 -0.293945
0.379883 -0.382812
0.338867 0.321289
-0.438477 0.291016
0.335938 -0.369141
-0.361328 -0.347656
0.494141 -0.462891
0.362305 -0.340820
-0.454102 -0.325195
-0.407227 0.316406
0.491211 -0.301758
-0.275391 0.337891
0.290039 -0.268555
-0.287109 -0.401367
-0.323242 -0.282227
0.368164 0.316406
-0.296875 0.291016
0.416992 0.263672
0.464844 -0.349609
-0.252930 -0.309570
0.333984 0.326172
-0.399414 -0.490234
0.427734 -0.445312
0.368164 -0.320312
0.394531 0.393555
-0.496094 -0.413086
0.463867 -0.424805
0.461914 -0.393555
-0.384766 0.447266
0.427734 0.395508
-0.431641 0.253906
0.491211 0.352539
-0.324219 0.382812
0.289062 -0.456055
-0.305664 -0.455078
-0.492188 0.277344
-0.252930 0.290039
-0.472656 0.380859
-0.287109 -0.440430
0.349609 -0.390625
-0.387695 0.431641
0.341797 0.494141
0.458008 -0.474609
-0.319336 0.303711
0.396484 0.437500
0.287109 -0.322266
0.372070 0.464844
0.380859 0.367188
0.373047 -0.286133
-0.297852 0.368164
-0.255859 -0.405273
0.272461 -0.342773
0.380859 -0.421875
0.489258 -0.448242
-0.459961 0.438477
-0.307617 -0.351562
0.323242 -0.387695
-0.269531 -0.365234
0.326172 -0.335938
0.415039 -0.342773
0.263672 -0.275391
-0.344727 0.291016
0.291016 -0.362305
0.404297 -0.445312
-0.381836 0.445312
0.447266 0.268555
0.354492 -0.305664
0.427734 0.431641
0.441406 0.430664
0.392578 -0.324219
0.374023 -0.369141
0.494141 -0.263672
0.298828 -0.315430
0.378906 -0.277344
0.447266 0.415039
-0.342773 0.388672
-0.254883 -0.489258
-0.266602 0.446289
0.302734 -0.385742
-0.360352 0.354492
0.382812 -0.330078
0.401367 0.392578
0.289062 -0.456055
0.323242 -0.310547
-0.470703 0.262695
0.480469 0.273438
0.454102 -0.369141
-0.436523 -0.442383
0.460938 0.331055
-0.416016 -0.411133
-0.279297 -0.496094
0.362305 -0.289062
0.267578 -0.320312
-0.444336 -0.276367
-0.342773 0.291992
0.375977 0.445312
0.288086 0.407227
-0.469727 -0.496094
0.335938 -0.353516
0.269531 -0.482422
-0.353516 -0.327148
0.333008 -0.268555
0.291992 0.489258
0.418945 -0.461914
0.378906 -0.336914
-0.274414 -0.319336
-0.428711 0.463867
0.446289 0.329102
-0.342773 0.291016
0.494141 -0.432617
0.377930 -0.378906
-0.388672 -0.251953
-0.398438 -0.391602
0.380859 0.484375
0.304688 0.312500
-0.460938 0.490234
-0.307617 0.437500
0.363281 0.305664
-0.328125 0.308594
0.291016 0.345703
0.270508 -0.280273
0.272461 -0.434570
0.446289 -0.369141
0.286133 0.438477
-0.362305 -0.412109
0.256836 0.292969
0.261719 -0.389648
-0.442383 0.427734
-0.258789 -0.345703
-0.410156 0.333008
-0.468750 -0.343750
0.361328 -0.324219
0.465820 -0.487305
0.323242 -0.381836
-0.345703 -0.252930
-0.379883 0.389648
-0.497070 0.471680
0.278320 0.422852
0.316406 -0.354492
-0.281250 -0.268555
0.330078 0.492188
0.387695 -0.419922
0.378906 0.318359
-0.363281 0.390625
0.272461 0.353516
0.378906 -0.333984
0.371094 -0.406250
0.431641 -0.364258
-0.337891 -0.463867
0.298828 -0.341797
-0.428711 -0.480469
-0.440430 0.323242
-0.410156 0.319336
0.380859 -0.444336
-0.324219 0.453125
-0.457031 0.386719
0.256836 -0.396484
0.266602 0.476562
-0.426758 0.362305
0.480469 0.284180
0.410156 0.446289
-0.444336 -0.282227
-0.292969 0.350586
0.403320 0.421875
0.376953 0.321289
-0.288086 0.281250
-0.472656 0.393555
0.471680 -0.458984
-0.304688 -0.409180
0.306641 0.378906
-0.458008 0.305664
-0.482422 -0.419922
0.336914 -0.296875
-0.392578 0.397461
0.463867 0.412109
0.432617 0.000000
-0.485352 -0.397461
-0.488281 0.336914
0.442383 0.452148
0.390625 -0.420898
-0.397461 0.366211
0.322266 -0.289062
0.401367 -0.308594
0.429688 -0.321289
-0.369141 -0.453125
0.366211 0.426758
0.457031 0.256836
0.365234 0.477539
0.385742 0.250977
0.463867 -0.375000
0.439453 -0.307617
-0.453125 -0.329102
-0.400391 0.420898
-0.272461 0.492188
-0.494141 -0.266602
0.469727 -0.354492
-0.267578 0.343750
-0.276367 -0.460938
0.347656 0.290039
-0.280273 -0.383789
0.357422 0.375977
0.458008 0.351562
0.484375 -0.333984
0.264648 -0.264648
-0.377930 0.388672
-0.279297 0.308594
-0.334961 0.483398
-0.411133 -0.329102
0.322266 0.430664
0.268555 0.268555
0.348633 0.329102
-0.321289 -0.350586
-0.443359 -0.389648
0.345703 -0.277344
0.291016 -0.377930
0.336914 0.473633
0.481445 -0.303711
-0.436523 0.420898
-0.286133 -0.299805
0.359375 -0.494141
-0.341797 0.434570
-0.396484 0.464844
-0.421875 -0.379883
-0.463867 -0.382812
0.490234 -0.410156
0.284180 0.368164
0.445312 -0.317383
-0.486328 -0.387695
0.261719 -0.298828
0.457031 -0.413086
0.430664 -0.325195
0.488281 -0.385742
0.261719 -0.444336
0.251953 -0.479492
0.254883 0.326172
0.251953 0.429688
-0.492188 0.387695
-0.329102 0.476562
0.390625 0.489258
-0.425781 0.370117
-0.437500 0.286133
-0.487305 -0.390625
0.293945 -0.459961
0.433594 -0.453125
0.437500 0.328125
-0.342773 0.325195
-0.260742 0.489258
-0.409180 -0.355469
-0.396484 0.433594
-0.320312 -0.345703
-0.255859 0.318359
-0.493164 -0.356445
-0.416992 0.428711
0.317383 -0.403320
-0.413086 -0.462891
-0.398438 -0.470703
-0.359375 0.337891
0.277344 0.430664
0.416992 0.453125
0.358398 0.460938
-0.432617 0.387695
0.385742 0.496094
0.464844 -0.339844
0.274414 0.411133
-0.439453 -0.262695
-0.414062 0.441406
0.339844 0.255859
-0.349609 0.273438
-0.307617 0.416016
0.275391 0.440430
0.423828 0.261719
-0.272461 0.440430
0.479492 0.492188
0.486328 0.383789
0.358398 0.276367
-0.331055 0.351562
-0.463867 0.452148
0.416992 -0.473633
-0.375000 0.340820
0.376953 -0.496094
0.334961 0.302734
0.298828 -0.381836
-0.277344 -0.478516
-0.333984 0.437500
-0.455078 0.386719
-0.389648 0.495117
0.433594 -0.285156
0.272461 -0.311523
0.479492 0.426758
-0.366211 -0.360352
-0.313477 -0.328125
-0.293945 -0.291016
-0.373047 0.275391
0.360352 -0.290039
-0.486328 -0.264648
0.450195 0.254883
0.277344 0.398438
-0.269531 -0.458984
-0.401367 0.303711
-0.497070 -0.251953
-0.252930 -0.439453
-0.273438 -0.386719
0.421875 -0.494141
0.267578 -0.398438
-0.307617 -0.251953
0.302734 0.487305
0.495117 -0.395508
0.272461 -0.485352
-0.480469 0.291016
-0.337891 -0.292969
-0.301758 -0.395508
0.253906 -0.261719
0.387695 -0.280273
0.379883 -0.319336
-0.303711 -0.406250
-0.431641 0.308594
0.303711 0.335938
0.362305 -0.486328
0.464844 0.296875
0.453125 0.250000
0.315430 0.492188
-0.342773 0.331055
0.398438 0.342773
-0.368164 -0.255859
0.293945 -0.390625
-0.395508 -0.452148
-0.482422 0.261719
0.262695 0.270508
0.312500 0.394531
0.332031 -0.375000
0.268555 -0.309570
-0.268555 -0.285156
-0.382812 0.288086
-0.407227 0.284180
0.416992 0.304688
0.283203 0.446289
-0.305664 -0.373047
0.451172 -0.305664
-0.464844 0.463867
-0.492188 0.364258
0.426758 -0.474609
0.304688 -0.373047
-0.414062 -0.421875
-0.340820 0.410156
0.348633 0.478516
0.255859 -0.417969
-0.411133 -0.304688
0.320312 -0.446289
0.492188 -0.323242
0.329102 0.377930
0.401367 0.301758
0.421875 -0.254883
0.327148 -0.453125
-0.476562 -0.284180
-0.431641 0.344727
-0.413086 0.333008
0.295898 -0.489258
-0.283203 -0.293945
0.289062 0.477539
0.335938 0.458008
0.440430 0.457031
0.410156 0.373047
0.458984 -0.485352
-0.372070 0.406250
-0.373047 0.436523
0.317383 -0.383789
0.317383 -0.385742
-0.257812 0.443359
0.355469 -0.421875
0.297852 -0.347656
-0.316406 -0.329102
-0.486328 -0.397461
-0.326172 -0.283203
-0.370117 0.416016
0.289062 0.439453
0.400391 0.456055
-0.318359 -0.254883
-0.364258 0.439453
-0.300781 0.360352
0.404297 0.344727
-0.379883 -0.313477
-0.358398 -0.312500
0.336914 -0.376953
0.332031 -0.420898
-0.428711 0.475586
0.285156 0.377930
-0.411133 0.430664
0.395508 -0.383789
-0.264648 0.474609
-0.329102 0.253906
-0.482422 0.496094
-0.333008 -0.308594
0.311523 -0.310547
0.362305 0.337891
-0.343750 -0.251953
0.363281 0.432617
0.470703 -0.279297
-0.282227 -0.351562
0.405273 0.265625
0.486328 0.434570
0.416992 0.425781
-0.417969 0.383789
-0.481445 0.417969
0.301758 0.307617
-0.448242 0.295898
0.300781 -0.416992
-0.316406 -0.263672
-0.336914 -0.311523
-0.277344 -0.436523
-0.397461 -0.255859
-0.299805 0.499023
-0.323242 -0.273438
-0.426758 -0.482422
0.303711 0.419922
-0.257812 -0.468750
-0.287109 -0.466797
0.480469 -0.458984
0.369141 0.279297
-0.272461 -0.270508
0.260742 -0.392578
-0.408203 0.371094
0.317383 -0.364258
0.267578 0.303711
-0.372070 -0.280273
0.451172 -0.427734
0.458008 0.450195
-0.277344 -0.261719
0.480469 0.275391
-0.278320 -0.269531
0.487305 0.293945
0.339844 0.465820
-0.269531 -0.360352
0.499023 0.367188
0.416992 0.288086
0.495117 0.268555
0.261719 0.432617
-0.275391 -0.428711
0.353516 -0.490234
-0.476562 0.396484
-0.491211 0.294922
-0.315430 0.349609
-0.384766 0.364258
-0.360352 0.395508
0.370117 -0.378906
-0.391602 -0.303711
-0.303711 0.425781
0.462891 -0.331055
0.467773 0.262695
0.359375 0.377930
-0.420898 0.253906
-0.375000 -0.256836
0.255859 -0.302734
-0.282227 0.446289
0.378906 -0.328125
0.477539 0.265625
0.466797 -0.332031
0.258789 0.459961
0.344727 -0.487305
0.391602 -0.293945
0.400391 0.295898
0.326172 0.428711
-0.306641 0.340820
-0.347656 0.295898
-0.433594 -0.348633
-0.404297 0.477539
0.294922 -0.362305
0.443359 -0.333984
-0.343750 0.303711
-0.265625 -0.273438
-0.299805 0.454102
0.432617 -0.282227
0.372070 0.335938
-0.344727 0.397461
-0.494141 -0.459961
0.441406 -0.290039
-0.409180 0.325195
0.362305 -0.375977
-0.423828 0.430664
-0.281250 -0.444336
0.375977 0.297852
0.389648 0.498047
-0.409180 -0.485352
0.299805 0.352539
0.333984 -0.349609
0.339844 0.321289
0.456055 -0.443359
0.460938 -0.382812
0.305664 -0.463867
-0.491211 -0.416016
-0.457031 -0.293945
0.275391 0.250000
0.417969 -0.273438
-0.394531 -0.343750
0.278320 0.454102
0.250000 -0.287109
0.460938 0.437500
-0.425781 -0.295898
-0.420898 -0.420898
-0.432617 0.424805
-0.376953 -0.375000
0.496094 0.320312
-0.374023 -0.452148
0.413086 0.377930
-0.438477 0.250000
-0.402344 0.373047
0.485352 0.388672
0.404297 0.476562
0.321289 -0.490234
0.342773 -0.420898
-0.428711 -0.463867
-0.394531 -0.414062
-0.408203 -0.454102
-0.372070 0.288086
0.457031 -0.355469
-0.357422 0.308594
0.318359 -0.391602
-0.436523 0.491211
-0.478516 0.361328
0.408203 0.471680
-0.357422 -0.301758
0.351562 -0.452148
0.448242 -0.416992
0.360352 0.341797
-0.299805 -0.323242
0.257812 -0.373047
-0.438477 -0.328125
0.417969 -0.451172
0.254883 0.341797
-0.320312 0.372070
-0.490234 -0.362305
0.446289 -0.264648
-0.324219 0.473633
0.300781 0.284180
0.293945 0.297852
0.341797 0.425781
0.263672 0.347656
0.347656 0.320312
-0.365234 0.401367
-0.299805 -0.395508
0.416992 -0.278320
0.434570 -0.288086
-0.310547 -0.281250
-0.407227 -0.471680
-0.356445 0.287109
-0.495117 -0.491211
-0.394531 -0.395508
0.421875 -0.258789
0.411133 -0.415039
0.365234 0.327148
0.425781 -0.471680
0.381836 0.318359
0.349609 0.404297
0.311523 0.332031
0.332031 -0.425781
-0.494141 0.328125
0.293945 -0.369141
0.353516 0.429688
-0.266602 0.406250
0.311523 -0.491211
-0.335938 -0.416992
-0.470703 -0.320312
-0.298828 -0.291016
-0.463867 -0.334961
-0.297852 0.301758
0.312500 0.427734
-0.260742 -0.412109
0.469727 0.286133
-0.461914 0.316406
-0.381836 -0.344727
0.414062 0.446289
0.379883 0.379883
-0.387695 0.382812
0.396484 -0.449219
0.309570 0.329102
-0.473633 -0.472656
0.434570 -0.324219
0.326172 0.295898
0.336914 -0.269531
0.279297 -0.346680
-0.312500 0.471680
-0.402344 -0.426758
0.391602 0.378906
0.321289 -0.481445
-0.325195 0.277344
0.289062 0.291016
0.340820 0.482422
0.449219 0.432617
-0.382812 0.447266
0.340820 -0.470703
0.365234 0.448242
0.463867 -0.324219
0.281250 0.253906
-0.381836 -0.299805
-0.357422 -0.432617
-0.334961 -0.345703
0.465820 0.437500
-0.426758 0.432617
0.375977 -0.326172
0.424805 0.260742
0.320312 -0.280273
0.496094 -0.329102
-0.343750 0.263672
0.364258 0.461914
-0.487305 0.288086
0.363281 0.496094
-0.313477 -0.407227
-0.374023 -0.398438
-0.255859 -0.254883
0.274414 -0.337891
0.331055 -0.266602
-0.268555 0.422852
-0.402344 -0.467773
0.490234 0.351562
-0.480469 -0.391602
-0.458984 0.310547
-0.258789 0.318359
-0.440430 -0.343750
0.494141 0.488281
0.299805 0.250000
0.464844 0.359375
-0.459961 0.264648
0.396484 0.459961
0.284180 -0.494141
-0.427734 0.322266
0.313477 0.382812
-0.299805 0.360352
-0.460938 -0.481445
-0.394531 -0.416992
0.498047 0.358398
0.488281 -0.311523
-0.293945 -0.476562
0.418945 0.493164
0.445312 -0.463867
-0.429688 0.471680
0.453125 0.384766
-0.399414 -0.390625
0.343750 0.326172
0.452148 -0.388672
0.486328 -0.355469
-0.273438 0.398438
0.404297 0.492188
-0.362305 -0.301758
-0.329102 0.304688
0.468750 0.407227
-0.355469 -0.342773
0.282227 0.286133
-0.270508 0.307617
-0.455078 0.402344
0.271484 -0.468750
-0.310547 -0.354492
-0.456055 0.254883
-0.493164 0.476562
-0.351562 0.351562
-0.352539 0.479492
-0.446289 0.330078
0.377930 -0.369141
0.360352 -0.449219
-0.386719 -0.388672
-0.263672 0.449219
-0.367188 0.316406
0.376953 -0.363281
-0.261719 -0.360352
-0.307617 -0.374023
-0.479492 0.448242
0.302734 0.291016
-0.260742 -0.440430
0.318359 -0.442383
-0.267578 0.393555
-0.277344 -0.308594
-0.388672 0.361328
-0.420898 0.426758
0.409180 0.417969
-0.352539 -0.452148
-0.314453 -0.415039
0.365234 0.425781
0.000000 -0.387695
-0.459961 0.361328
-0.470703 0.356445
0.450195 0.497070
0.459961 0.276367
0.451172 0.396484
-0.302734 0.381836
-0.456055 0.292969
0.286133 0.283203
-0.262695 0.377930
0.309570 0.421875
0.430664 0.355469
0.414062 0.400391
0.376953 0.403320
0.496094 -0.282227
-0.288086 -0.488281
0.437500 -0.410156
0.375977 -0.422852
-0.335938 0.409180
-0.367188 0.493164
-0.315430 0.273438
0.280273 0.354492
-0.377930 0.396484
-0.489258 0.266602
-0.360352 -0.438477
0.259766 -0.379883
-0.456055 -0.307617
-0.250977 -0.409180
-0.302734 0.459961
0.309570 0.465820
0.275391 -0.270508
0.455078 0.290039
0.268555 -0.462891
-0.471680 -0.291016
0.486328 -0.361328
-0.357422 -0.258789
-0.267578 -0.432617
0.498047 -0.393555
-0.336914 -0.496094
-0.466797 -0.413086
-0.275391 -0.362305
0.254883 0.307617
0.452148 -0.425781
0.448242 -0.336914
0.273438 -0.278320
0.355469 -0.485352
0.338867 0.453125
0.295898 -0.352539
0.281250 -0.267578
-0.463867 0.361328
-0.324219 0.253906
-0.343750 0.424805
0.346680 -0.469727
0.464844 -0.480469
-0.448242 -0.277344
0.451172 -0.330078
0.430664 0.410156
-0.412109 -0.487305
-0.494141 0.332031
-0.285156 -0.342773
0.369141 -0.446289
-0.426758 0.256836
-0.413086 0.341797
0.458984 0.276367
-0.276367 0.447266
0.338867 0.320312
0.250000 0.329102
-0.378906 0.278320
0.485352 0.274414
-0.313477 0.391602
-0.391602 -0.310547
-0.375977 -0.265625
-0.385742 0.273438
-0.477539 0.482422
-0.483398 -0.399414
-0.487305 -0.289062
0.420898 -0.435547
-0.333008 0.332031
-0.494141 0.464844
-0.307617 -0.327148
0.303711 0.445312
0.272461 -0.451172
-0.439453 0.307617
0.262695 -0.404297
0.316406 -0.344727
0.320312 0.452148
-0.263672 -0.343750
0.438477 0.303711
-0.413086 -0.389648
-0.282227 -0.353516
-0.372070 0.380859
-0.425781 -0.481445
-0.421875 -0.394531
0.493164 0.307617
-0.330078 -0.492188
0.267578 -0.362305
-0.308594 0.481445
-0.426758 -0.308594
0.295898 0.497070
-0.425781 -0.278320
-0.282227 0.270508
-0.332031 0.357422
0.428711 0.493164
0.302734 -0.293945
-0.375000 0.299805
-0.264648 -0.385742
0.321289 -0.458984
0.408203 0.328125
-0.301758 0.270508
-0.446289 -0.319336
-0.262695 0.275391
0.480469 0.277344
-0.482422 0.305664
0.375000 -0.427734
0.479492 -0.423828
0.328125 -0.442383
0.278320 0.460938
-0.317383 -0.304688
0.260742 -0.312500
-0.352539 -0.423828
0.464844 -0.291016
-0.466797 -0.326172
0.414062 0.315430
0.294922 0.444336
0.353516 0.396484
-0.499023 0.378906
0.453125 -0.311523
-0.350586 -0.498047
0.373047 -0.342773
-0.289062 -0.306641
0.472656 -0.413086
-0.433594 -0.441406
0.300781 0.306641
0.464844 0.483398
0.395508 0.343750
0.428711 0.350586
0.302734 -0.298828
0.466797 0.292969
-0.441406 0.306641
0.291016 -0.276367
0.323242 -0.439453
-0.365234 0.258789
-0.352539 0.284180
-0.383789 -0.472656
0.310547 0.267578
-0.490234 -0.260742
0.470703 0.442383
-0.394531 -0.264648
0.293945 -0.366211
0.264648 -0.333008
-0.417969 -0.317383
-0.375000 0.272461
0.295898 -0.372070
0.292969 -0.378906
-0.254883 0.485352
-0.275391 -0.420898
-0.401367 -0.417969
0.402344 -0.393555
-0.262695 -0.281250
-0.253906 0.374023
0.343750 0.362305
-0.396484 -0.428711
-0.495117 0.419922
-0.463867 -0.348633
0.481445 -0.493164
0.479492 -0.375977
-0.344727 -0.455078
-0.260742 0.389648
-0.434570 0.334961
-0.336914 0.484375
0.297852 -0.311523
-0.303711 0.477539
0.384766 -0.474609
0.403320 -0.360352
-0.273438 0.262695
0.428711 0.365234
0.446289 -0.341797
-0.282227 -0.267578
0.444336 -0.335938
-0.279297 0.427734
0.296875 -0.263672
-0.345703 -0.339844
-0.464844 0.385742
0.295898 -0.447266
-0.311523 -0.337891
-0.369141 0.389648
0.377930 -0.381836
-0.418945 0.441406
-0.406250 -0.306641
0.379883 -0.497070
-0.297852 0.308594
-0.425781 -0.369141
-0.446289 0.363281
0.479492 0.445312
0.491211 -0.311523
0.296875 -0.260742
0.383789 0.371094
0.485352 -0.489258
-0.271484 0.277344
0.343750 0.419922
-0.291992 0.437500
-0.353516 -0.474609
0.480469 0.347656
-0.470703 -0.453125
0.350586 -0.366211
-0.272461 0.271484
0.338867 0.360352
-0.378906 -0.394531
-0.436523 -0.320312
0.414062 -0.388672
-0.312500 0.373047
-0.325195 0.312500
-0.402344 -0.294922
0.313477 0.340820
0.327148 0.411133
0.456055 0.452148
-0.375977 0.483398
-0.442383 0.257812
0.440430 0.314453
0.460938 0.424805
0.491211 -0.364258
0.488281 0.453125
0.397461 -0.457031
-0.472656 -0.473633
0.330078 0.300781
0.443359 0.312500
0.406250 0.463867
-0.461914 0.432617
-0.496094 0.273438
-0.368164 -0.253906
-0.489258 -0.405273
-0.270508 0.414062
0.399414 -0.384766
-0.386719 -0.367188
0.425781 0.324219
-0.426758 0.262695
-0.438477 -0.270508
0.352539 0.480469
-0.275391 -0.401367
0.274414 0.438477
-0.326172 0.410156
0.388672 0.308594
0.361328 -0.423828
0.344727 0.438477
0.380859 0.352539
-0.419922 0.251953
-0.458008 0.251953
0.281250 0.378906
0.458984 -0.361328
0.457031 0.376953
0.440430 -0.450195
0.334961 0.299805
0.320312 -0.309570
-0.339844 -0.281250
0.251953 0.384766
0.370117 -0.310547
0.372070 -0.312500
0.470703 -0.458008
-0.401367 -0.308594
0.324219 -0.278320
-0.284180 0.462891
0.446289 0.312500
0.272461 0.425781
0.255859 -0.280273
-0.314453 0.352539
-0.365234 0.394531
0.325195 -0.468750
0.487305 0.332031
-0.265625 -0.468750
0.396484 0.462891
0.498047 0.375977
0.342773 0.431641
-0.333984 0.302734
0.307617 -0.368164
-0.497070 -0.342773
0.481445 -0.268555
-0.291992 0.365234
-0.333984 0.311523
-0.361328 0.274414
0.319336 -0.381836
0.424805 -0.451172
-0.411133 0.272461
0.256836 -0.323242
-0.453125 -0.290039
0.484375 -0.488281
-0.300781 0.436523
-0.432617 -0.333008
-0.253906 -0.376953
0.256836 0.416016
0.416016 0.379883
0.292969 -0.310547
-0.406250 0.468750
0.266602 -0.435547
0.326172 -0.436523
-0.337891 -0.424805
-0.339844 -0.441406
0.484375 -0.490234
-0.340820 0.275391
-0.252930 0.258789
0.302734 0.336914
0.459961 -0.368164
0.352539 0.292969
-0.350586 0.465820
-0.343750 -0.474609
0.304688 -0.316406
-0.288086 0.264648
-0.475586 0.372070
-0.288086 0.490234
-0.487305 0.306641
-0.340820 0.312500
0.450195 -0.279297
0.492188 0.330078
-0.370117 -0.489258
-0.414062 0.348633
-0.355469 0.418945
0.317383 -0.327148
0.262695 -0.367188
0.289062 -0.382812
-0.479492 -0.398438
-0.327148 -0.294922
0.433594 0.250977
-0.492188 0.446289
-0.412109 -0.345703
-0.338867 0.410156
0.278320 -0.421875
-0.453125 -0.270508
-0.301758 -0.278320
-0.448242 -0.472656
-0.409180 0.319336
-0.493164 -0.384766
-0.365234 -0.332031
0.427734 -0.267578
-0.294922 0.499023
-0.410156 0.419922
-0.457031 -0.484375
0.418945 -0.464844
-0.273438 0.256836
-0.484375 0.264648
-0.289062 0.353516
-0.461914 0.392578
-0.394531 -0.388672
-0.478516 0.420898
-0.314453 -0.293945
-0.400391 -0.451172
-0.444336 -0.304688
0.458984 0.379883
-0.264648 0.379883
-0.257812 -0.416016
0.309570 0.458008
0.485352 -0.353516
-0.334961 0.272461
-0.458008 -0.309570
-0.271484 0.332031
0.347656 -0.261719
0.458008 -0.344727
-0.286133 -0.339844
-0.250977 0.377930
0.259766 0.416016
0.277344 0.419922
0.417969 -0.401367
-0.326172 0.390625
0.375000 -0.373047
0.304688 0.298828
-0.355469 0.351562
0.310547 0.476562
0.351562 -0.332031
0.418945 -0.451172
-0.289062 -0.347656
0.445312 -0.400391
-0.489258 -0.434570
-0.273438 -0.390625
0.334961 0.487305
-0.328125 -0.407227
-0.410156 -0.320312
0.427734 -0.275391
0.313477 -0.315430
-0.441406 -0.350586
-0.409180 -0.479492
-0.465820 -0.465820
0.291016 -0.287109
-0.347656 0.267578
-0.282227 0.287109
0.426758 -0.358398
-0.379883 -0.293945
0.342773 -0.326172
0.414062 -0.375000
0.251953 -0.363281
0.318359 -0.293945
-0.449219 -0.286133
0.488281 -0.397461
-0.328125 -0.401367
-0.381836 -0.380859
0.279297 -0.291992
0.335938 0.401367
0.452148 -0.435547
-0.388672 0.400391
0.492188 0.283203
0.256836 -0.265625
0.392578 0.462891
0.486328 0.442383
0.348633 -0.335938
0.362305 0.474609
-0.394531 -0.478516
0.355469 -0.299805
0.271484 0.438477
-0.421875 -0.493164
-0.365234 -0.359375
-0.315430 -0.478516
0.370117 0.294922
-0.257812 0.294922
0.420898 -0.266602
0.309570 -0.298828
-0.303711 -0.281250
0.293945 -0.326172
-0.391602 -0.456055
-0.450195 0.255859
0.350586 -0.332031
-0.439453 0.352539
-0.306641 0.418945
0.411133 0.410156
0.431641 -0.291016
-0.367188 -0.356445
-0.473633 -0.437500
0.389648 0.312500
0.325195 -0.370117
0.335938 0.402344
-0.357422 0.253906
0.361328 0.459961
0.342773 -0.488281
0.299805 -0.305664
0.452148 -0.468750
-0.425781 0.346680
-0.299805 0.277344
-0.388672 -0.324219
0.259766 0.347656
-0.275391 0.331055
0.339844 -0.291016
-0.427734 -0.305664
-0.358398 -0.303711
-0.366211 -0.280273
-0.401367 0.426758
-0.454102 -0.393555
-0.348633 -0.295898
-0.482422 -0.428711
-0.280273 0.340820
0.394531 0.318359
0.386719 -0.310547
0.347656 -0.281250
-0.294922 -0.421875
-0.485352 -0.458008
0.382812 -0.303711
0.307617 -0.489258
-0.486328 0.364258
0.467773 0.269531
0.361328 0.490234
0.341797 0.274414
-0.393555 0.389648
-0.302734 0.468750
0.320312 -0.469727
0.301758 0.487305
0.327148 -0.371094
0.347656 0.496094
0.462891 0.400391
-0.319336 -0.319336
-0.362305 -0.355469
-0.328125 -0.272461
0.477539 -0.281250
0.445312 -0.444336
-0.314453 0.342773
-0.463867 0.410156
-0.344727 -0.490234
0.460938 0.313477
-0.275391 -0.283203
-0.487305 -0.268555
0.356445 -0.453125
-0.489258 -0.286133
0.375977 -0.458984
-0.424805 -0.392578
0.315430 -0.335938
0.406250 0.346680
-0.270508 -0.455078
0.379883 -0.311523
0.293945 -0.460938
-0.303711 -0.378906
0.294922 -0.445312
-0.356445 -0.414062
-0.424805 0.436523
0.461914 0.477539
0.291992 -0.403320
-0.384766 0.315430
0.302734 0.432617
-0.285156 0.313477
0.288086 0.480469
-0.355469 0.462891
-0.334961 -0.404297
0.383789 -0.364258
-0.325195 0.340820
0.335938 -0.438477
0.418945 -0.355469
0.392578 0.423828
0.495117 -0.348633
0.305664 -0.303711
0.259766 -0.428711
0.338867 -0.288086
-0.393555 -0.288086
-0.473633 0.322266
-0.459961 -0.262695
0.258789 0.400391
-0.304688 -0.401367
0.268555 0.301758
0.320312 0.428711
0.493164 0.270508
-0.373047 -0.416016
-0.365234 -0.337891
0.274414 0.391602
-0.359375 -0.271484
-0.351562 -0.472656
-0.314453 -0.428711
0.436523 0.331055
-0.390625 0.268555
0.427734 -0.264648
-0.335938 -0.467773
0.283203 0.374023
0.258789 -0.354492
0.440430 0.284180
0.309570 0.293945
-0.326172 -0.487305
-0.361328 0.278320
-0.299805 0.319336
0.268555 0.486328
-0.378906 -0.495117
0.319336 0.360352
0.328125 0.321289
-0.406250 0.470703
0.414062 -0.251953
0.315430 -0.298828
0.475586 0.333008
0.345703 0.405273
-0.416992 -0.373047
-0.393555 0.274414
-0.420898 -0.330078
0.279297 -0.461914
-0.295898 0.317383
-0.250977 0.491211
0.470703 -0.415039
-0.370117 -0.290039
-0.449219 -0.425781
-0.418945 -0.303711
0.320312 0.409180
0.492188 -0.417969
-0.408203 0.476562
-0.478516 0.370117
0.431641 -0.335938
0.288086 -0.417969
0.329102 -0.356445
0.466797 -0.434570
0.376953 -0.368164
0.336914 -0.437500
0.477539 0.426758
0.275391 -0.452148
0.475586 0.408203
-0.490234 -0.313477
0.495117 -0.441406
0.350586 -0.333008
-0.379883 0.414062
0.488281 -0.474609
0.452148 0.282227
0.314453 0.440430
0.438477 0.376953
-0.394531 0.382812
-0.257812 0.441406
0.275391 0.353516
0.308594 0.286133
0.289062 0.327148
-0.356445 -0.458008
-0.307617 0.388672
-0.287109 0.312500
-0.403320 0.451172
-0.279297 0.282227
0.330078 0.260742
0.433594 -0.300781
0.339844 0.348633
-0.437500 -0.447266
0.307617 0.379883
-0.401367 -0.383789
0.310547 0.305664
0.382812 0.404297
-0.254883 -0.471680
-0.437500 0.493164
-0.406250 -0.282227
0.441406 0.483398
0.498047 0.261719
-0.359375 0.310547
0.476562 -0.282227
0.328125 0.437500
0.489258 -0.481445
-0.320312 0.368164
0.451172 -0.471680
-0.419922 0.290039
-0.365234 0.463867
0.476562 -0.485352
0.314453 -0.468750
-0.353516 0.283203
0.360352 -0.465820
-0.463867 0.352539
0.354492 -0.445312
-0.307617 -0.312500
-0.285156 -0.284180
-0.321289 0.408203
-0.364258 0.381836
0.257812 -0.416016
-0.422852 -0.463867
0.486328 0.270508
0.377930 0.473633
-0.254883 -0.385742
0.455078 0.269531
-0.402344 -0.298828
0.427734 0.416992
0.262695 -0.304688
0.377930 0.367188
0.338867 -0.290039
0.324219 -0.416016
0.305664 -0.292969
0.386719 -0.390625
-0.291992 -0.396484
0.458008 -0.484375
0.282227 -0.350586
-0.388672 0.464844
-0.306641 0.495117
0.320312 -0.478516
0.383789 0.262695
0.449219 -0.319336
0.448242 0.292969
0.358398 -0.498047
0.300781 -0.373047
0.330078 -0.416992
0.291016 -0.349609
0.406250 0.482422
0.276367 -0.286133
-0.416992 -0.398438
-0.430664 0.385742
-0.274414 0.372070
-0.487305 0.425781
0.385742 -0.490234
0.351562 0.374023
-0.369141 0.439453
0.410156 -0.409180
0.323242 0.385742
0.474609 0.402344
-0.288086 -0.495117
-0.337891 0.429688
-0.477539 0.288086
0.422852 -0.498047
-0.351562 0.358398
-0.314453 0.495117
0.395508 -0.341797
-0.434570 -0.260742
-0.380859 0.385742
0.393555 -0.424805
0.467773 0.431641
-0.278320 0.481445
0.307617 0.422852
0.321289 -0.431641
0.305664 0.376953
-0.416016 -0.367188
0.494141 0.323242
-0.413086 0.323242
-0.467773 -0.354492
0.476562 0.334961
0.250000 -0.252930
-0.301758 0.457031
0.439453 -0.451172
0.458984 -0.363281
-0.280273 -0.331055
-0.291992 -0.374023
-0.303711 -0.455078
0.275391 -0.366211
0.499023 -0.400391
-0.296875 0.285156
-0.350586 0.451172
-0.353516 -0.419922
-0.390625 -0.465820
-0.351562 0.396484
-0.289062 0.372070
0.405273 0.461914
-0.442383 -0.383789
-0.430664 -0.378906
0.353516 0.347656
0.475586 -0.454102
-0.497070 -0.486328
-0.426758 0.474609
-0.314453 -0.281250
-0.301758 0.389648
-0.499023 -0.475586
-0.274414 0.447266
-0.371094 -0.289062
0.492188 0.331055
0.357422 0.396484
0.259766 -0.399414
-0.315430 -0.259766
0.373047 0.437500
-0.432617 0.360352
-0.364258 -0.373047
0.300781 0.435547
0.300781 0.424805
0.345703 0.391602
0.443359 0.380859
0.322266 0.377930
0.381836 -0.450195
0.257812 -0.315430
-0.354492 0.376953
-0.457031 -0.437500
0.410156 0.466797
0.441406 0.344727
-0.334961 0.257812
0.351562 -0.423828
0.252930 -0.441406
0.422852 0.304688
0.322266 -0.267578
0.466797 0.495117
-0.420898 -0.274414
-0.477539 0.455078
-0.391602 0.477539
0.265625 -0.498047
0.432617 -0.343750
0.362305 0.494141
0.304688 -0.483398
-0.285156 -0.281250
-0.346680 -0.440430
0.458008 0.497070
0.449219 -0.442383
0.384766 0.261719
-0.368164 0.363281
0.415039 -0.293945
-0.359375 0.310547
-0.440430 -0.483398
0.417969 0.390625
-0.293945 -0.463867
-0.305664 0.259766
0.451172 -0.376953
-0.332031 0.495117
-0.444336 0.298828
-0.367188 0.420898
0.491211 -0.306641
0.434570 -0.328125
0.405273 -0.350586
-0.470703 -0.445312
-0.272461 -0.267578
0.306641 -0.366211
0.485352 -0.250977
-0.314453 0.351562
0.313477 0.291016
0.386719 0.356445
0.469727 -0.354492
-0.338867 -0.407227
-0.415039 0.331055
-0.387695 -0.406250
-0.271484 0.374023
-0.356445 0.267578
-0.260742 0.308594
0.425781 0.363281
-0.320312 0.278320
-0.339844 -0.328125
-0.399414 0.478516
0.284180 0.393555
-0.276367 -0.452148
-0.360352 0.465820
0.483398 0.418945
-0.487305 -0.450195
0.280273 0.473633
0.307617 -0.292969
-0.351562 0.267578
-0.495117 -0.278320
0.418945 0.423828
0.436523 0.346680
0.353516 -0.310547
0.262695 -0.320312
-0.426758 -0.460938
0.433594 -0.300781
0.496094 -0.454102
0.283203 0.407227
0.366211 -0.352539
0.271484 0.377930
0.348633 0.300781
0.287109 0.390625
-0.491211 0.391602
0.266602 -0.297852
0.395508 -0.368164
0.294922 0.388672
0.313477 -0.417969
-0.300781 -0.432617
0.250000 0.265625
-0.459961 -0.335938
0.281250 0.267578
0.275391 0.293945
-0.321289 -0.464844
-0.267578 -0.316406
0.298828 -0.478516
0.435547 0.430664
-0.287109 -0.353516
-0.338867 0.291992
0.420898 0.449219
-0.491211 -0.457031
0.352539 -0.325195
-0.357422 0.351562
-0.252930 0.413086
-0.296875 0.457031
0.367188 0.273438
0.315430 0.348633
0.392578 0.477539
0.447266 0.479492
-0.310547 -0.400391
0.273438 0.471680
-0.443359 -0.426758
-0.427734 -0.416016
0.402344 0.465820
-0.455078 -0.342773
-0.318359 0.375977
0.338867 -0.436523
0.322266 -0.295898
0.416992 -0.395508
-0.296875 0.410156
0.305664 -0.341797
-0.331055 0.250000
-0.395508 0.258789
0.396484 0.365234
-0.452148 -0.350586
0.339844 0.449219
0.255859 0.263672
0.323242 -0.363281
-0.293945 0.414062
0.266602 -0.422852
0.311523 0.381836
0.355469 -0.416992
0.396484 0.461914
0.377930 -0.417969
-0.297852 0.385742
0.314453 0.497070
0.452148 0.432617
-0.358398 -0.458008
0.386719 0.412109
-0.317383 0.303711
-0.488281 -0.439453
-0.284180 0.349609
-0.256836 0.294922
0.427734 0.475586
0.450195 -0.383789
-0.321289 -0.398438
0.295898 0.356445
0.404297 -0.341797
-0.337891 0.307617
0.367188 -0.276367
0.288086 -0.324219
0.360352 -0.474609
-0.328125 -0.342773
0.295898 0.296875
-0.399414 0.318359
-0.462891 0.348633
-0.391602 0.339844
-0.322266 -0.382812
-0.491211 -0.458984
0.351562 0.282227
-0.497070 -0.498047
-0.463867 0.465820
0.291992 0.460938
-0.312500 0.371094
0.446289 -0.465820
0.412109 -0.398438
-0.319336 -0.301758
0.271484 0.280273
-0.418945 0.326172
-0.335938 0.467773
-0.354492 0.479492
-0.357422 -0.266602
0.445312 0.480469
0.357422 -0.373047
-0.464844 -0.279297
-0.278320 -0.322266
-0.352539 0.499023
0.257812 0.399414
-0.444336 -0.431641
0.464844 -0.329102
0.398438 0.444336
0.408203 -0.259766
-0.406250 0.416016
-0.376953 0.471680
0.381836 -0.446289
0.303711 0.314453
0.383789 0.389648
-0.415039 0.370117
0.462891 0.341797
-0.336914 0.305664
-0.481445 0.294922
0.315430 -0.283203
0.252930 -0.345703
0.288086 0.439453
0.302734 -0.457031
0.394531 -0.315430
-0.495117 -0.294922
-0.478516 -0.278320
0.452148 -0.461914
-0.357422 -0.256836
0.360352 -0.431641
0.293945 0.398438
-0.363281 -0.464844
0.343750 0.353516
0.440430 -0.348633
0.273438 -0.362305
0.364258 0.466797
-0.443359 0.379883
0.276367 -0.369141
-0.406250 0.425781
-0.289062 -0.255859
-0.468750 -0.278320
-0.415039 0.353516
-0.305664 -0.320312
0.393555 -0.487305
-0.295898 -0.333984
0.391602 -0.283203
-0.259766 -0.412109
-0.311523 0.393555
0.299805 0.456055
0.492188 -0.495117
-0.358398 -0.338867
-0.309570 -0.317383
-0.479492 -0.421875
0.258789 -0.291992
-0.334961 -0.497070
0.418945 -0.480469
0.329102 0.268555
0.297852 0.292969
-0.357422 0.304688
0.263672 -0.468750
0.329102 -0.258789
0.435547 0.461914
0.268555 -0.444336
0.280273 0.436523
-0.268555 -0.369141
-0.433594 0.364258
0.494141 0.465820
0.323242 -0.372070
0.427734 -0.346680
0.329102 0.283203
-0.484375 -0.379883
-0.474609 -0.288086
-0.357422 0.494141
-0.366211 0.293945
0.354492 0.341797
-0.377930 -0.473633
-0.310547 0.400391
-0.462891 0.386719
-0.469727 0.277344
-0.380859 -0.373047
0.316406 -0.491211
0.450195 -0.442383
0.333008 -0.299805
0.302734 -0.266602
-0.350586 0.376953
-0.301758 0.371094
-0.316406 -0.466797
-0.409180 -0.345703
-0.279297 -0.255859
0.423828 0.494141
-0.409180 -0.410156
-0.262695 -0.324219
-0.395508 -0.496094
0.328125 -0.312500
-0.301758 -0.463867
0.370117 0.418945
-0.371094 0.403320
0.264648 0.280273
0.429688 -0.434570
0.376953 -0.329102
-0.296875 0.449219
-0.332031 -0.395508
-0.270508 0.299805
-0.363281 -0.326172
-0.285156 -0.454102
0.331055 0.397461
0.387695 0.402344
-0.410156 0.395508
-0.458008 0.342773
-0.473633 -0.319336
0.469727 0.416992
-0.339844 0.260742
-0.355469 0.304688
0.468750 -0.401367
0.333008 0.318359
-0.491211 0.353516
0.256836 0.000000
-0.376953 -0.268555
-0.262695 0.284180
-0.355469 -0.412109
-0.328125 -0.394531
0.357422 0.376953
-0.445312 -0.311523
0.371094 0.346680
-0.381836 -0.364258
0.434570 0.298828
-0.432617 0.312500
-0.424805 -0.408203
-0.266602 0.384766
0.354492 0.440430
0.361328 0.269531
0.368164 0.439453
-0.374023 -0.411133
-0.464844 -0.381836
0.313477 -0.345703
-0.441406 -0.291992
-0.461914 0.309570
0.337891 -0.328125
-0.327148 0.411133
0.482422 0.431641
-0.401367 -0.464844
0.442383 -0.409180
-0.265625 0.416992
-0.333984 0.341797
-0.333008 0.495117
-0.448242 -0.395508
-0.388672 0.284180
0.337891 0.325195
0.274414 -0.292969
0.460938 -0.251953
-0.409180 0.383789
0.281250 0.335938
-0.339844 -0.275391
0.447266 0.387695
-0.402344 -0.411133
-0.462891 0.293945
0.396484 -0.381836
-0.475586 -0.276367
-0.260742 -0.268555
0.441406 0.436523
-0.384766 -0.333008
-0.472656 0.255859
0.448242 0.283203
-0.488281 -0.348633
0.315430 0.273438
-0.457031 -0.278320
-0.276367 0.250977
-0.321289 0.266602
0.279297 -0.404297
-0.307617 0.499023
0.459961 0.293945
0.359375 0.320312
-0.426758 0.394531
-0.256836 0.482422
0.372070 -0.438477
0.371094 0.291016
-0.355469 -0.391602
-0.418945 0.427734
-0.487305 -0.257812
-0.306641 0.301758
-0.491211 -0.363281
-0.487305 0.256836
0.388672 0.336914
-0.423828 0.288086
-0.461914 0.346680
0.417969 0.345703
-0.339844 -0.345703
0.483398 -0.359375
0.338867 0.304688
-0.254883 0.268555
0.447266 -0.483398
0.386719 0.314453
-0.278320 -0.288086
0.351562 -0.482422
-0.279297 -0.310547
0.399414 0.400391
0.264648 -0.424805
-0.316406 -0.311523
0.288086 -0.470703
0.261719 -0.321289
0.477539 -0.415039
0.303711 -0.364258
0.375977 0.351562
-0.343750 -0.374023
-0.447266 -0.285156
0.263672 -0.400391
0.304688 -0.489258
0.379883 0.405273
-0.290039 -0.454102
0.311523 0.292969
0.258789 -0.290039
0.355469 0.315430
-0.360352 0.297852
0.457031 0.467773
-0.353516 -0.479492
0.480469 -0.291016
-0.464844 -0.407227
0.368164 0.445312
-0.445312 -0.377930
0.333008 0.388672
-0.279297 0.424805
-0.382812 -0.388672
0.304688 0.263672
-0.294922 0.458008
0.374023 0.359375
0.270508 0.386719
-0.411133 0.444336
0.498047 -0.344727
0.341797 0.443359
0.320312 -0.334961
-0.288086 0.306641
0.443359 -0.355469
-0.451172 0.335938
0.460938 -0.284180
0.421875 0.257812
-0.318359 0.284180
0.499023 -0.336914
-0.289062 -0.443359
0.332031 0.298828
-0.323242 0.356445
0.374023 -0.416992
0.373047 0.300781
0.444336 -0.416016
0.476562 0.271484
-0.274414 -0.421875
0.345703 0.466797
0.255859 -0.311523
0.319336 -0.259766
0.253906 0.458008
0.271484 0.256836
0.471680 -0.395508
-0.417969 0.410156
-0.309570 -0.414062
-0.463867 0.305664
0.295898 0.445312
-0.431641 0.476562
0.270508 0.325195
-0.399414 0.403320
0.333984 0.378906
-0.351562 0.258789
0.291992 -0.298828
-0.307617 -0.323242
-0.424805 0.273438
-0.260742 -0.255859
0.283203 0.282227
0.324219 -0.254883
0.473633 -0.436523
-0.377930 -0.392578
-0.250977 0.281250
-0.331055 0.346680
-0.373047 0.335938
-0.383789 -0.310547
-0.479492 0.374023
0.271484 0.429688
-0.460938 -0.368164
-0.415039 0.451172
-0.304688 -0.261719
-0.394531 -0.285156
0.486328 0.469727
0.293945 0.395508
-0.329102 0.312500
0.478516 -0.275391
0.472656 -0.410156
-0.396484 0.456055
0.274414 0.265625
0.273438 0.282227
0.281250 0.408203
-0.481445 0.354492
0.481445 -0.302734
-0.462891 0.481445
-0.385742 -0.299805
-0.432617 0.428711
-0.266602 -0.452148
0.416016 -0.380859
0.332031 0.495117
-0.463867 0.428711
0.347656 -0.268555
0.430664 -0.393555
0.285156 -0.305664
-0.462891 0.282227
-0.483398 0.486328
-0.403320 0.335938
-0.262695 0.406250
0.431641 0.326172
0.408203 0.443359
0.386719 -0.471680
0.387695 0.497070
-0.413086 -0.490234
0.356445 0.415039
-0.459961 -0.454102
0.477539 0.367188
0.478516 -0.433594
-0.358398 0.402344
-0.287109 -0.331055
0.499023 0.441406
-0.354492 -0.349609
0.372070 0.320312
0.474609 0.344727
0.498047 0.375000
0.476562 0.449219
0.454102 0.440430
-0.354492 0.408203
0.461914 0.489258
0.345703 0.258789
-0.340820 -0.443359
0.480469 0.267578
0.311523 0.413086
-0.403320 -0.473633
0.281250 0.367188
-0.307617 -0.442383
0.480469 0.450195
0.362305 0.371094
0.387695 -0.427734
0.327148 0.265625
-0.412109 -0.331055
-0.269531 -0.436523
-0.328125 -0.305664
0.474609 0.324219
-0.288086 -0.300781
0.258789 0.478516
0.389648 -0.380859
0.325195 -0.328125
-0.252930 0.259766
0.325195 -0.483398
0.391602 0.348633
-0.426758 0.284180
0.364258 0.396484
0.331055 0.493164
0.257812 0.478516
-0.338867 -0.328125
-0.444336 0.443359
-0.264648 0.497070
-0.489258 0.393555
0.370117 0.347656
0.285156 -0.296875
0.450195 -0.283203
0.438477 -0.322266
-0.250977 0.267578
-0.280273 0.342773
-0.439453 -0.260742
0.499023 -0.251953
0.394531 -0.270508
-0.438477 -0.493164
0.407227 0.310547
0.325195 -0.294922
-0.430664 0.252930
0.475586 -0.339844
0.493164 -0.427734
0.320312 0.404297
-0.334961 0.417969
-0.394531 -0.367188
0.254883 0.262695
0.350586 -0.262695
-0.486328 -0.322266
-0.312500 0.400391
-0.339844 0.386719
-0.473633 -0.353516
-0.466797 -0.359375
0.255859 -0.432617
-0.343750 0.357422
-0.417969 0.347656
-0.270508 0.317383
0.441406 -0.415039
0.466797 -0.395508
0.347656 0.271484
-0.471680 0.338867
0.367188 -0.326172
-0.278320 -0.353516
0.315430 -0.267578
0.463867 -0.356445
-0.365234 0.475586
0.440430 -0.354492
0.293945 0.305664
-0.299805 -0.368164
0.405273 0.415039
0.356445 0.413086
-0.333008 0.428711
0.406250 0.290039
-0.425781 0.288086
-0.421875 0.399414
-0.260742 -0.277344
0.464844 0.285156
-0.459961 -0.433594
-0.394531 -0.357422
-0.329102 -0.470703
-0.466797 -0.476562
-0.433594 0.416992
-0.317383 -0.307617
-0.478516 -0.333984
0.443359 -0.316406
-0.260742 0.442383
0.495117 0.495117
0.369141 0.405273
0.450195 -0.288086
-0.484375 -0.353516
-0.287109 0.255859
-0.462891 -0.335938
0.313477 0.295898
0.365234 -0.392578
0.375977 0.266602
0.407227 0.421875
-0.261719 0.292969
-0.487305 0.376953
-0.375000 -0.302734
0.329102 0.349609
-0.354492 -0.355469
0.262695 -0.401367
0.270508 0.365234
-0.375000 -0.339844
0.296875 -0.256836
0.431641 0.338867
-0.284180 0.465820
-0.314453 -0.320312
0.251953 0.277344
0.359375 -0.355469
-0.287109 0.275391
-0.342773 -0.367188
-0.315430 -0.455078
-0.474609 0.313477
0.468750 0.323242
-0.267578 -0.345703
-0.472656 -0.268555
0.252930 0.384766
-0.406250 -0.471680
-0.479492 -0.493164
0.468750 -0.340820
-0.487305 0.350586
0.393555 0.311523
-0.474609 -0.465820
0.292969 -0.494141
0.311523 -0.415039
-0.494141 -0.330078
-0.291992 0.318359
-0.437500 0.489258
-0.318359 0.488281
0.375977 -0.277344
-0.353516 -0.438477
-0.357422 -0.472656
0.261719 0.358398
-0.415039 -0.270508
0.287109 -0.309570
-0.426758 0.354492
0.472656 0.470703
-0.485352 -0.431641
0.294922 -0.326172
0.284180 -0.378906
0.284180 0.385742
0.356445 -0.308594
0.490234 -0.440430
-0.353516 0.453125
-0.418945 0.468750
0.469727 -0.456055
0.384766 -0.269531
0.382812 0.480469
-0.388672 -0.368164
-0.423828 0.458008
0.309570 0.383789
0.305664 0.337891
-0.454102 0.294922
0.304688 -0.496094
-0.366211 -0.277344
0.409180 -0.367188
-0.385742 -0.436523
-0.423828 0.324219
-0.413086 0.370117
0.300781 0.379883
0.346680 -0.374023
0.332031 0.424805
-0.338867 0.000000
0.476562 0.410156
0.401367 0.370117
-0.390625 0.443359
-0.384766 -0.310547
0.446289 -0.260742
0.494141 -0.280273
0.455078 0.377930
-0.422852 0.484375
-0.310547 0.416992
0.411133 -0.315430
-0.310547 0.294922
-0.273438 -0.305664
0.470703 0.332031
-0.375000 -0.364258
-0.490234 0.496094
-0.416016 0.390625
0.486328 0.000000
-0.497070 0.295898
0.438477 -0.341797
0.385742 -0.360352
0.359375 0.302734
-0.400391 0.450195
-0.385742 0.442383
-0.439453 0.443359
0.481445 -0.284180
-0.443359 0.374023
0.429688 -0.426758
0.287109 0.402344
-0.307617 0.488281
-0.412109 0.479492
-0.492188 0.380859
-0.336914 -0.400391
0.310547 0.301758
-0.439453 -0.315430
-0.471680 0.317383
0.447266 -0.301758
0.497070 0.390625
-0.330078 0.494141
0.394531 0.441406
0.416016 0.262695
0.475586 -0.359375
-0.291992 0.309570
-0.258789 0.369141
0.296875 0.298828
-0.415039 -0.356445
0.426758 0.442383
0.291992 -0.306641
0.305664 -0.494141
-0.315430 -0.265625
0.491211 0.365234
-0.445312 0.377930
0.275391 0.254883
0.398438 0.482422
-0.465820 -0.334961
0.368164 -0.388672
0.375977 0.286133
-0.298828 -0.332031
0.294922 -0.276367
0.281250 -0.365234
0.428711 -0.386719
0.353516 -0.288086
0.359375 -0.383789
0.290039 -0.457031
0.318359 -0.333008
-0.319336 -0.416016
0.488281 -0.274414
0.403320 -0.460938
0.495117 -0.366211
-0.314453 -0.325195
-0.452148 -0.419922
-0.433594 -0.320312
-0.429688 -0.464844
-0.478516 -0.356445
-0.478516 0.404297
0.416016 -0.432617
-0.493164 -0.491211
0.291016 -0.277344
-0.374023 0.393555
0.389648 -0.472656
0.404297 0.320312
-0.295898 -0.497070
-0.483398 -0.296875
-0.328125 -0.256836
0.377930 -0.415039
-0.430664 -0.318359
-0.413086 -0.338867
0.483398 0.368164
-0.472656 -0.286133
-0.363281 0.278320
0.363281 -0.306641
-0.276367 -0.396484
-0.497070 -0.422852
0.273438 0.323242
0.490234 0.475586
0.441406 -0.261719
-0.332031 0.384766
0.498047 -0.486328
0.313477 0.293945
-0.332031 -0.328125
0.345703 0.290039
0.345703 0.333984
-0.447266 -0.364258
-0.424805 0.389648
-0.326172 -0.296875
-0.417969 -0.347656
-0.428711 0.489258
0.492188 0.421875
-0.461914 0.336914
0.265625 0.279297
-0.259766 0.366211
0.254883 0.261719
-0.391602 0.456055
-0.358398 -0.498047
0.391602 -0.453125
0.412109 0.251953
0.468750 0.359375
0.394531 -0.420898
0.368164 -0.464844
0.256836 0.448242
0.336914 -0.433594
-0.269531 -0.290039
-0.331055 -0.258789
-0.278320 0.446289
0.379883 -0.258789
0.316406 0.471680
-0.313477 0.375000
-0.398438 -0.328125
-0.374023 0.312500
-0.450195 -0.275391
-0.463867 -0.434570
-0.367188 -0.349609
0.462891 0.333008
-0.315430 0.483398
0.481445 -0.303711
0.404297 -0.257812
-0.261719 -0.455078
0.289062 0.266602
0.453125 0.457031
-0.376953 0.338867
0.447266 -0.331055
-0.438477 0.399414
-0.336914 -0.385742
-0.286133 -0.462891
-0.480469 0.409180
0.472656 0.300781
0.305664 -0.491211
0.272461 0.279297
-0.303711 -0.317383
0.268555 -0.270508
0.362305 0.260742
0.356445 0.460938
0.000000 -0.440430
0.301758 -0.498047
0.494141 -0.302734
-0.382812 -0.493164
0.303711 0.429688
-0.277344 -0.321289
-0.473633 -0.496094
0.283203 0.418945
0.484375 0.381836
0.498047 -0.277344
-0.467773 -0.409180
0.483398 0.289062
-0.317383 0.306641
0.286133 -0.382812
-0.492188 -0.327148
0.411133 0.284180
-0.354492 -0.289062
-0.352539 0.463867
-0.363281 -0.422852
0.336914 -0.402344
-0.335938 0.264648
-0.393555 -0.456055
-0.340820 0.266602
0.465820 0.369141
-0.383789 -0.452148
-0.453125 0.344727
0.322266 -0.421875
-0.373047 -0.424805
-0.413086 -0.464844
0.461914 -0.438477
0.432617 -0.317383
0.327148 0.387695
-0.409180 0.281250
-0.458008 -0.432617
0.498047 0.267578
-0.373047 -0.497070
0.391602 0.341797
-0.393555 0.343750
0.465820 0.429688
0.374023 0.432617
0.408203 0.402344
0.377930 0.390625
-0.445312 0.293945
0.279297 0.273438
-0.281250 -0.373047
-0.391602 -0.400391
-0.320312 0.347656
0.326172 0.436523
-0.344727 -0.270508
-0.462891 -0.405273
0.467773 0.494141
-0.459961 0.354492
0.497070 0.261719
-0.297852 -0.453125
0.373047 0.326172
-0.413086 -0.352539
0.252930 -0.379883
-0.413086 0.452148
0.381836 -0.383789
-0.277344 0.262695
-0.460938 0.271484
-0.377930 0.379883
0.313477 -0.474609
-0.411133 -0.410156
-0.445312 -0.303711
-0.479492 -0.304688
-0.289062 -0.464844
0.341797 -0.471680
-0.361328 -0.448242
0.458008 -0.261719
0.333008 -0.407227
-0.361328 -0.458984
0.438477 -0.443359
-0.397461 0.486328
-0.270508 0.475586
0.455078 -0.334961
-0.342773 -0.412109
0.486328 -0.327148
0.421875 0.381836
0.256836 0.496094
0.402344 -0.499023
-0.285156 0.384766
-0.333984 -0.273438
-0.491211 -0.359375
-0.375000 -0.329102
-0.474609 -0.379883
0.320312 -0.329102
-0.472656 -0.363281
-0.344727 -0.253906
-0.307617 0.318359
0.296875 0.361328
-0.318359 0.343750
0.329102 -0.376953
0.270508 0.364258
-0.384766 0.384766
0.434570 0.299805
-0.287109 -0.356445
-0.321289 -0.451172
-0.457031 0.456055
-0.271484 -0.448242
0.412109 -0.492188
-0.358398 -0.489258
0.333008 0.308594
-0.287109 0.447266
0.490234 0.402344
0.458984 -0.358398
-0.442383 0.312500
0.321289 0.402344
0.460938 0.355469
-0.372070 0.455078
-0.468750 0.309570
-0.313477 -0.366211
0.396484 0.302734
0.308594 0.436523
0.327148 -0.331055
0.398438 0.361328
-0.394531 0.378906
-0.371094 0.348633
0.393555 -0.444336
-0.385742 0.478516
0.427734 0.419922
0.337891 -0.485352
0.257812 0.425781
-0.498047 -0.309570
-0.393555 -0.306641
0.300781 -0.432617
0.325195 -0.266602
-0.464844 -0.373047
0.262695 0.337891
0.334961 -0.333984
0.275391 0.362305
-0.372070 0.415039
0.457031 -0.466797
0.397461 -0.315430
-0.454102 0.268555
-0.388672 -0.272461
0.353516 0.373047
-0.393555 0.363281
0.416016 0.352539
-0.436523 0.296875
0.467773 0.472656
-0.383789 0.436523
-0.318359 -0.458984
0.469727 0.396484
-0.479492 0.287109
0.325195 -0.275391
0.419922 -0.410156
-0.263672 0.297852
0.369141 -0.353516
0.440430 -0.307617
0.359375 -0.392578
-0.453125 -0.313477
-0.452148 -0.486328
0.373047 0.483398
0.327148 0.298828
-0.443359 -0.446289
0.396484 0.462891
0.485352 0.418945
0.303711 0.418945
0.435547 -0.444336
0.276367 0.369141
-0.317383 0.461914
-0.433594 0.458984
0.255859 0.337891
0.390625 0.326172
0.339844 -0.342773
0.425781 -0.461914
-0.277344 0.335938
-0.305664 0.276367
-0.416992 -0.464844
-0.444336 -0.477539
-0.258789 -0.464844
0.390625 0.358398
0.409180 0.485352
0.420898 0.360352
0.339844 -0.293945
-0.464844 0.481445
-0.354492 -0.399414
0.291992 -0.367188
0.428711 -0.394531
-0.278320 -0.390625
0.261719 0.487305
0.360352 0.330078
0.402344 -0.348633
0.369141 0.272461
-0.479492 -0.453125
0.444336 0.340820
-0.408203 -0.442383
-0.402344 0.286133
0.470703 -0.276367
0.286133 -0.337891
-0.447266 0.443359
-0.299805 -0.298828
0.289062 -0.275391
0.449219 0.329102
-0.294922 0.413086
-0.291992 0.462891
0.458984 -0.297852
0.302734 -0.441406
0.309570 -0.400391
-0.447266 0.295898
0.300781 0.413086
-0.395508 -0.376953
0.290039 -0.320312
0.314453 0.302734
0.340820 0.341797
-0.326172 0.427734
0.404297 0.356445
-0.426758 0.285156
-0.476562 0.290039
-0.337891 0.318359
0.251953 0.315430
0.345703 0.280273
0.269531 0.443359
0.414062 -0.397461
-0.370117 -0.361328
-0.379883 0.317383
0.379883 0.398438
0.422852 0.291992
-0.269531 -0.297852
0.486328 0.394531
0.277344 -0.338867
0.382812 -0.438477
-0.316406 -0.474609
0.355469 -0.327148
-0.403320 -0.382812
0.330078 0.427734
0.441406 -0.390625
0.277344 0.389648
-0.380859 0.466797
0.379883 -0.353516
-0.490234 -0.279297
0.344727 0.489258
-0.454102 -0.369141
-0.438477 0.328125
-0.481445 -0.333008
-0.295898 0.474609
-0.379883 -0.377930
-0.262695 0.277344
-0.356445 -0.477539
-0.354492 0.477539
-0.409180 0.394531
-0.375000 -0.460938
0.360352 0.333008
0.295898 -0.456055
-0.482422 -0.353516
0.411133 -0.322266
-0.444336 0.289062
0.402344 -0.357422
0.425781 -0.392578
0.453125 0.264648
0.470703 0.360352
-0.289062 0.390625
0.300781 0.284180
-0.418945 -0.411133
0.496094 0.410156
0.440430 0.499023
0.423828 -0.322266
0.493164 -0.412109
0.305664 0.268555
0.341797 0.430664
-0.439453 0.474609
-0.260742 0.491211
0.335938 0.277344
0.361328 0.290039
0.480469 -0.306641
0.304688 -0.310547
-0.386719 0.309570
0.396484 0.416992
0.331055 0.320312
0.285156 0.319336
0.415039 -0.251953
-0.364258 -0.290039
0.351562 0.390625
-0.347656 -0.435547
0.283203 0.438477
-0.496094 -0.336914
0.431641 -0.442383
-0.379883 -0.316406
0.380859 -0.384766
-0.305664 -0.379883
-0.493164 -0.379883
-0.402344 -0.254883
-0.315430 0.283203
0.297852 0.256836
0.311523 -0.477539
-0.258789 -0.408203
-0.464844 -0.417969
-0.474609 0.268555
0.463867 0.321289
-0.404297 -0.484375
-0.486328 -0.389648
-0.480469 0.285156
0.397461 -0.377930
0.333008 -0.340820
-0.321289 -0.277344
0.267578 -0.494141
-0.360352 0.485352
-0.414062 -0.369141
-0.366211 0.293945
-0.396484 -0.454102
0.430664 0.300781
0.365234 0.336914
0.451172 0.455078
0.302734 -0.491211
-0.312500 -0.371094
-0.412109 -0.460938
0.424805 0.289062
0.275391 0.272461
0.313477 -0.488281
-0.317383 -0.375000
-0.319336 -0.490234
0.349609 0.496094
0.347656 0.255859
0.295898 -0.402344
-0.378906 -0.404297
-0.353516 0.347656
0.458008 -0.318359
-0.401367 0.291016
-0.280273 0.399414
-0.441406 0.446289
0.284180 0.335938
-0.330078 0.291992
-0.341797 -0.273438
0.305664 -0.472656
-0.379883 -0.315430
0.493164 -0.407227
0.298828 0.382812
-0.395508 0.320312
0.436523 0.263672
-0.469727 0.454102
-0.484375 -0.317383
0.412109 -0.344727
0.252930 0.306641
0.402344 0.492188
0.359375 0.440430
0.281250 0.276367
0.353516 0.334961
-0.346680 0.482422
-0.436523 0.415039
0.292969 0.383789
0.342773 -0.281250
-0.384766 0.378906
0.405273 -0.262695
-0.404297 0.388672
-0.453125 -0.291016
0.362305 -0.440430
0.400391 0.294922
-0.467773 0.391602
0.258789 0.438477
0.263672 0.285156
0.345703 -0.404297
0.359375 0.372070
0.328125 0.383789
-0.375977 0.374023
-0.295898 -0.413086
-0.431641 -0.395508
-0.407227 0.307617
0.421875 -0.394531
0.334961 0.460938
0.286133 0.291016
-0.343750 -0.339844
-0.359375 0.333008
-0.431641 0.413086
0.286133 0.411133
-0.494141 0.454102
-0.306641 0.318359
-0.379883 0.375000
-0.419922 0.288086
0.479492 -0.389648
0.442383 0.286133
0.352539 -0.279297
-0.388672 0.382812
-0.430664 0.263672
0.310547 -0.300781
0.381836 0.436523
-0.463867 0.295898
-0.420898 -0.450195
0.485352 -0.255859
-0.477539 0.257812
-0.396484 0.495117
-0.388672 0.348633
-0.276367 -0.454102
-0.418945 0.280273
-0.372070 0.258789
0.413086 -0.494141
-0.258789 -0.407227
0.493164 -0.465820
-0.449219 0.341797
-0.444336 -0.484375
-0.299805 0.390625
0.300781 -0.463867
-0.395508 0.351562
0.461914 -0.318359
0.291992 0.319336
0.476562 0.295898
-0.438477 0.356445
0.274414 -0.264648
0.412109 -0.275391
-0.409180 0.305664
-0.416016 -0.301758
-0.428711 0.430664
0.425781 -0.278320
0.321289 0.489258
-0.337891 -0.467773
0.421875 -0.390625
-0.464844 -0.285156
0.309570 -0.375000
-0.351562 -0.412109
0.291992 -0.276367
-0.271484 -0.361328
0.357422 -0.266602
0.386719 -0.362305
0.285156 0.341797
0.338867 0.419922
0.470703 0.436523
0.432617 -0.302734
-0.268555 -0.386719
-0.322266 -0.343750
-0.257812 0.287109
0.372070 0.436523
-0.375977 -0.292969
0.282227 -0.487305
-0.415039 -0.440430
-0.275391 0.310547
0.390625 -0.289062
-0.262695 0.336914
0.301758 -0.481445
0.452148 0.409180
-0.483398 -0.484375
-0.392578 0.497070
-0.496094 -0.346680
-0.447266 -0.468750
-0.491211 -0.351562
0.450195 0.432617
0.374023 0.374023
0.251953 0.466797
-0.297852 -0.411133
0.431641 0.428711
0.264648 -0.309570
0.286133 -0.491211
0.412109 -0.451172
-0.467773 -0.394531
-0.344727 0.344727
0.280273 -0.326172
0.427734 -0.279297
0.344727 -0.370117
0.434570 0.424805
-0.277344 -0.348633
0.352539 0.497070
0.467773 -0.355469
-0.457031 0.437500
-0.474609 0.463867
0.286133 -0.346680
0.498047 0.412109
0.449219 0.359375
-0.313477 0.349609
0.351562 -0.494141
-0.397461 -0.312500
0.477539 -0.355469
-0.456055 0.362305
-0.435547 -0.461914
-0.298828 0.293945
0.465820 -0.285156
-0.380859 -0.309570
-0.452148 0.488281
-0.266602 0.437500
0.288086 0.407227
-0.438477 -0.300781
-0.412109 0.414062
-0.482422 -0.281250
-0.301758 0.399414
-0.323242 -0.319336
-0.462891 -0.278320
-0.291016 0.382812
-0.462891 -0.407227
-0.439453 0.333984
-0.440430 -0.333984
0.351562 0.272461
0.265625 0.477539
0.318359 0.460938
-0.282227 0.318359
-0.481445 -0.486328
0.359375 0.455078
0.378906 0.372070
0.407227 -0.497070
-0.449219 0.406250
-0.466797 -0.362305
0.406250 -0.471680
-0.366211 -0.301758
0.388672 -0.455078
0.314453 -0.391602
0.299805 0.381836
-0.371094 0.418945
0.493164 -0.348633
0.458984 -0.338867
0.293945 0.453125
0.318359 -0.448242
0.372070 -0.370117
-0.281250 0.495117
-0.353516 -0.385742
-0.370117 -0.331055
-0.316406 0.338867
0.436523 0.391602
0.423828 -0.401367
-0.358398 0.310547
0.448242 -0.416992
0.000000 0.351562
0.376953 -0.276367
-0.423828 -0.269531
0.346680 0.321289
-0.365234 -0.295898
0.417969 0.338867
-0.354492 -0.381836
-0.386719 -0.403320
-0.463867 -0.317383
-0.321289 0.484375
-0.272461 0.279297
-0.477539 -0.314453
0.349609 0.472656
-0.325195 0.278320
0.397461 0.295898
0.471680 0.460938
0.497070 -0.275391
-0.442383 -0.489258
0.291016 -0.349609
-0.343750 0.477539
0.340820 -0.460938
0.460938 0.469727
0.327148 0.314453
0.335938 0.280273
-0.305664 0.416992
0.438477 0.473633
0.257812 0.315430
-0.301758 0.418945
-0.322266 -0.317383
-0.495117 -0.367188
-0.426758 0.261719
0.314453 -0.304688
0.417969 0.371094
0.254883 0.322266
-0.250977 0.344727
-0.309570 -0.377930
-0.414062 -0.411133
-0.408203 0.375977
0.329102 0.307617
0.408203 -0.400391
0.286133 0.337891
-0.459961 -0.499023
0.362305 0.378906
0.365234 0.315430
0.286133 0.316406
-0.343750 0.409180
-0.320312 -0.319336
-0.395508 0.359375
-0.413086 -0.321289
-0.470703 -0.333008
-0.489258 -0.401367
-0.260742 -0.441406
0.341797 0.269531
0.378906 0.267578
0.452148 -0.371094
0.470703 -0.468750
-0.381836 0.329102
-0.255859 0.414062
0.271484 -0.311523
-0.296875 0.459961
0.000000 -0.337891
0.272461 -0.469727
-0.441406 0.393555
-0.253906 -0.418945
-0.461914 0.275391
-0.407227 0.484375
-0.276367 0.312500
-0.381836 0.397461
-0.460938 0.489258
0.287109 -0.464844
0.334961 -0.323242
0.437500 -0.396484
-0.296875 -0.485352
0.459961 0.493164
0.299805 -0.422852
0.411133 -0.262695
-0.393555 0.497070
0.393555 -0.397461
0.391602 -0.390625
0.413086 -0.458008
-0.482422 -0.467773
0.302734 -0.356445
-0.378906 -0.495117
-0.334961 -0.447266
-0.430664 -0.350586
-0.318359 -0.250977
0.451172 -0.280273
0.496094 0.402344
0.269531 0.262695
-0.255859 0.446289
0.348633 0.498047
-0.285156 0.340820
0.353516 -0.405273
0.456055 0.410156
-0.304688 0.402344
-0.443359 0.478516
0.482422 -0.436523
-0.333984 0.440430
-0.477539 0.311523
-0.259766 -0.255859
0.287109 -0.359375
0.326172 -0.342773
-0.391602 0.389648
-0.391602 -0.433594
0.252930 -0.318359
0.304688 0.411133
0.405273 -0.479492
0.362305 0.266602
0.448242 -0.282227
0.299805 0.417969
0.320312 -0.284180
0.398438 -0.317383
-0.400391 -0.276367
0.339844 -0.393555
0.331055 0.486328
-0.268555 0.496094
-0.494141 0.349609
0.379883 -0.309570
0.452148 -0.311523
-0.492188 0.288086
0.302734 -0.376953
0.495117 0.456055
-0.457031 0.330078
-0.374023 0.316406
-0.437500 -0.377930
-0.341797 0.268555
0.457031 0.357422
0.436523 -0.499023
-0.251953 -0.389648
-0.374023 0.295898
-0.459961 0.398438
-0.456055 -0.364258
-0.499023 -0.348633
0.405273 0.456055
0.464844 0.483398
-0.296875 0.317383
0.276367 -0.318359
0.318359 -0.420898
0.419922 -0.268555
0.299805 -0.404297
0.326172 -0.445312
-0.333984 0.287109
-0.372070 -0.494141
0.437500 0.333008
-0.481445 -0.435547
0.477539 -0.401367
-0.276367 -0.464844
-0.387695 0.296875
-0.492188 0.416992
0.357422 -0.255859
0.462891 -0.489258
0.475586 0.457031
-0.254883 -0.308594
0.426758 -0.293945
0.280273 -0.354492
-0.296875 -0.486328
0.329102 0.257812
0.356445 0.476562
-0.305664 -0.296875
0.448242 -0.365234
-0.290039 -0.333984
0.496094 -0.469727
-0.453125 -0.499023
0.389648 0.416992
-0.275391 -0.494141
-0.404297 -0.478516
-0.401367 0.372070
0.379883 -0.434570
0.489258 -0.267578
-0.379883 -0.305664
0.456055 -0.390625
-0.322266 0.288086
-0.374023 0.461914
-0.340820 -0.480469
0.350586 0.362305
0.282227 0.416992
0.333984 -0.258789
0.429688 -0.461914
0.257812 -0.482422
0.355469 -0.259766
0.307617 0.272461
0.374023 0.436523
0.362305 -0.461914
-0.255859 -0.446289
-0.498047 -0.376953
0.346680 0.331055
0.363281 0.278320
-0.411133 0.437500
-0.270508 0.392578
0.404297 0.279297
-0.370117 0.259766
-0.468750 -0.254883
-0.387695 0.354492
-0.323242 0.498047
-0.309570 0.422852
-0.487305 0.312500
0.376953 -0.438477
0.345703 0.316406
-0.422852 0.345703
-0.328125 0.389648
0.484375 0.426758
-0.296875 0.332031
-0.495117 0.425781
0.326172 0.286133
-0.387695 0.266602
0.318359 0.296875
0.399414 -0.458008
-0.442383 -0.263672
0.480469 0.316406
0.283203 -0.283203
0.266602 -0.325195
0.385742 0.486328
-0.487305 -0.287109
-0.437500 -0.331055
0.405273 0.497070
-0.464844 -0.403320
0.351562 0.449219
0.435547 0.343750
0.469727 0.440430
0.300781 0.464844
-0.288086 0.291992
-0.471680 0.296875
0.363281 -0.278320
0.499023 -0.432617
-0.418945 -0.324219
0.442383 0.429688
0.491211 0.344727
-0.475586 0.417969
0.253906 -0.445312
0.475586 -0.318359
0.343750 -0.434570
0.485352 -0.250977
-0.272461 -0.264648
0.437500 0.440430
0.431641 0.329102
0.449219 0.406250
0.423828 -0.329102
-0.440430 -0.321289
-0.438477 -0.321289
0.265625 0.465820
0.268555 -0.273438
0.499023 0.302734
0.458008 -0.375977
0.000000 -0.430664
-0.396484 0.409180
0.432617 -0.280273
-0.275391 0.488281
0.443359 0.479492
0.447266 -0.424805
0.250000 -0.371094
-0.348633 -0.283203
-0.270508 0.349609
-0.394531 -0.404297
0.333984 -0.474609
0.370117 -0.339844
-0.458008 -0.285156
-0.388672 -0.497070
0.443359 0.430664
0.345703 0.320312
0.410156 -0.293945
-0.476562 -0.408203
-0.317383 0.330078
-0.284180 -0.428711
-0.395508 0.473633
-0.441406 0.499023
-0.435547 0.342773
0.474609 0.342773
-0.374023 0.337891
-0.426758 0.252930
-0.326172 -0.402344
0.499023 0.279297
0.284180 -0.345703
0.383789 0.284180
0.416016 0.337891
0.416992 0.357422
0.372070 0.399414
0.437500 0.408203
0.370117 -0.260742
0.322266 0.487305
0.438477 0.472656
0.318359 0.281250
-0.280273 0.448242
0.334961 -0.432617
-0.356445 -0.279297
-0.392578 0.319336
0.297852 0.335938
0.497070 -0.482422
-0.277344 -0.323242
-0.423828 -0.413086
-0.294922 0.479492
-0.476562 0.278320
-0.469727 -0.475586
-0.269531 -0.342773
-0.460938 0.352539
0.385742 0.276367
-0.313477 0.270508
-0.304688 0.437500
-0.295898 -0.261719
0.250000 0.365234
0.312500 -0.351562
0.448242 0.465820
0.325195 0.361328
-0.251953 -0.275391
0.362305 -0.270508
0.385742 -0.324219
-0.252930 -0.259766
-0.399414 -0.258789
-0.449219 0.260742
-0.252930 -0.369141
-0.368164 0.255859
-0.417969 0.345703
0.365234 -0.281250
0.369141 -0.275391
-0.346680 0.437500
0.323242 0.328125
-0.315430 -0.419922
0.295898 0.352539
0.272461 0.473633
0.469727 -0.384766
0.481445 0.314453
-0.276367 -0.447266
-0.373047 0.433594
-0.329102 -0.477539
-0.377930 -0.406250
0.293945 -0.388672
0.491211 -0.287109
0.422852 0.469727
0.263672 -0.278320
-0.270508 -0.357422
0.350586 -0.299805
-0.253906 -0.333008
0.336914 0.278320
0.312500 -0.364258
-0.444336 -0.346680
-0.280273 0.273438
-0.371094 0.490234
-0.290039 0.463867
-0.421875 0.301758
0.343750 -0.483398
0.458984 0.313477
-0.361328 0.374023
0.354492 -0.330078
0.256836 0.290039
0.445312 -0.261719
0.376953 0.434570
-0.270508 -0.390625
0.293945 -0.291016
0.369141 0.308594
-0.379883 0.460938
0.487305 -0.441406
0.387695 -0.351562
-0.370117 0.367188
-0.324219 0.397461
0.483398 -0.479492
0.310547 -0.266602
0.295898 -0.487305
-0.491211 -0.313477
0.360352 0.250977
0.268555 0.314453
-0.254883 0.282227
-0.374023 -0.416016
0.371094 -0.322266
0.329102 0.398438
0.404297 -0.457031
0.303711 0.465820
0.280273 -0.468750
-0.298828 -0.442383
-0.416016 -0.388672
-0.334961 -0.415039
0.372070 -0.309570
0.353516 0.301758
0.394531 -0.408203
-0.405273 0.308594
-0.454102 0.259766
0.477539 0.419922
0.272461 0.423828
0.497070 0.318359
-0.495117 0.348633
0.298828 0.296875
-0.410156 -0.342773
0.407227 0.283203
-0.455078 -0.412109
-0.276367 -0.313477
0.359375 0.445312
0.431641 0.498047
0.423828 0.345703
0.336914 0.464844
-0.462891 0.252930
-0.455078 0.492188
0.344727 -0.320312
-0.258789 0.349609
0.411133 0.285156
-0.273438 -0.395508
-0.489258 0.495117
-0.262695 -0.417969
-0.405273 -0.367188
0.435547 -0.464844
0.289062 0.428711
0.353516 -0.415039
-0.396484 -0.355469
0.438477 0.351562
0.466797 0.448242
-0.286133 -0.413086
-0.468750 -0.494141
0.471680 0.481445
-0.409180 -0.324219
0.250000 -0.287109
0.318359 -0.455078
0.257812 -0.344727
0.412109 0.417969
0.264648 -0.449219
-0.386719 0.255859
0.356445 0.335938
0.421875 0.430664
0.327148 -0.327148
-0.266602 -0.460938
0.361328 -0.396484
0.475586 0.390625
-0.478516 -0.354492
-0.292969 -0.337891
0.446289 -0.488281
-0.485352 -0.410156
-0.466797 0.488281
0.421875 0.435547
-0.251953 0.422852
0.386719 0.349609
-0.413086 -0.384766
0.363281 -0.384766
-0.403320 0.294922
-0.250977 -0.346680
-0.285156 -0.262695
0.440430 -0.485352
-0.412109 0.451172
-0.425781 0.493164
0.383789 -0.260742
0.417969 0.339844
-0.498047 0.313477
-0.251953 0.445312
0.455078 -0.480469
0.426758 -0.253906
-0.436523 -0.397461
0.256836 0.452148
0.495117 0.305664
-0.416992 -0.392578
-0.456055 -0.490234
0.473633 0.333008
0.422852 0.429688
-0.309570 -0.490234
-0.286133 0.336914
-0.463867 -0.491211
-0.490234 -0.419922
-0.458984 0.460938
-0.368164 -0.394531
0.318359 0.444336
-0.286133 -0.480469
0.308594 0.316406
0.281250 -0.369141
0.494141 0.316406
0.366211 0.270508
-0.462891 0.430664
-0.451172 -0.427734
-0.300781 0.388672
-0.304688 0.271484
-0.279297 -0.478516
-0.450195 0.444336
0.282227 -0.382812
-0.303711 0.000000
0.476562 0.252930
0.291992 -0.398438
-0.347656 0.470703
0.346680 -0.433594
0.318359 -0.454102
-0.308594 -0.310547
-0.281250 0.462891
-0.333984 0.273438
-0.486328 -0.410156
0.420898 -0.431641
0.425781 0.416016
-0.390625 -0.349609
-0.456055 -0.403320
-0.387695 -0.300781
0.381836 0.430664
0.323242 0.447266
-0.350586 -0.251953
0.397461 -0.494141
-0.424805 -0.415039
-0.274414 -0.393555
0.479492 0.383789
0.292969 -0.301758
-0.299805 0.342773
0.441406 -0.302734
0.323242 0.394531
0.431641 -0.428711
-0.445312 -0.307617
-0.417969 0.321289
0.445312 0.339844
-0.367188 0.269531
-0.447266 0.488281
0.359375 0.487305
-0.493164 0.281250
0.324219 -0.483398
0.312500 -0.471680
-0.443359 0.453125
-0.411133 0.337891
0.296875 0.322266
0.355469 0.336914
0.329102 -0.460938
0.299805 0.458008
0.312500 -0.347656
0.383789 -0.326172
0.361328 0.405273
0.483398 0.411133
-0.447266 -0.435547
-0.338867 0.260742
0.358398 0.301758
-0.480469 0.495117
0.411133 0.322266
0.485352 -0.276367
0.384766 0.288086
-0.282227 0.468750
-0.375977 0.467773
0.250000 0.253906
-0.449219 0.416992
0.300781 -0.301758
0.256836 0.369141
-0.391602 0.498047
-0.463867 0.392578
0.491211 -0.478516
-0.475586 -0.262695
-0.277344 -0.351562
0.458008 -0.308594
-0.317383 0.333984
0.455078 -0.394531
-0.386719 0.270508
-0.410156 -0.342773
-0.291016 0.392578
0.407227 0.282227
-0.402344 0.334961
0.414062 -0.436523
-0.292969 0.338867
0.418945 0.276367
0.323242 0.479492
-0.472656 -0.361328
-0.426758 0.440430
0.409180 -0.317383
0.400391 0.480469
0.384766 -0.427734
-0.488281 -0.451172
-0.283203 -0.460938
-0.382812 0.450195
0.385742 0.477539
-0.320312 0.278320
0.491211 -0.342773
0.260742 -0.251953
0.310547 0.328125
0.422852 0.408203
0.414062 0.418945
-0.476562 -0.386719
-0.405273 0.368164
-0.390625 0.491211
0.282227 -0.463867
-0.494141 -0.484375
0.449219 0.479492
-0.450195 -0.305664
0.416992 0.289062
0.314453 -0.276367
0.325195 -0.470703
-0.477539 0.352539
0.427734 -0.275391
0.250977 -0.407227
-0.279297 -0.319336
0.377930 -0.262695
0.317383 0.332031
-0.400391 -0.423828
0.332031 -0.329102
0.251953 -0.450195
0.428711 -0.323242
0.499023 0.443359
-0.450195 -0.436523
0.361328 -0.368164
-0.263672 -0.486328
0.419922 -0.270508
0.295898 0.463867
0.399414 0.394531
0.484375 0.360352
-0.272461 0.398438
-0.290039 -0.294922
-0.478516 0.463867
-0.333984 -0.453125
0.341797 -0.278320
-0.330078 -0.494141
0.426758 -0.451172
0.342773 -0.273438
0.488281 0.381836
-0.332031 -0.406250
-0.465820 -0.475586
0.316406 0.364258
-0.451172 0.289062
-0.479492 0.295898
0.250000 -0.261719
-0.363281 -0.319336
0.498047 -0.376953
0.427734 -0.397461
0.329102 -0.469727
0.457031 -0.416016
0.438477 -0.414062
0.374023 -0.302734
0.333008 0.474609
-0.267578 -0.451172
-0.268555 0.379883
0.374023 0.454102
-0.320312 0.341797
0.261719 0.481445
-0.286133 0.401367
-0.441406 0.409180
0.284180 0.272461
-0.427734 -0.454102
-0.481445 -0.345703
-0.386719 -0.306641
0.298828 -0.318359
-0.349609 0.457031
0.477539 0.381836
-0.452148 0.437500
0.444336 0.369141
-0.484375 -0.252930
-0.366211 0.415039
0.321289 -0.350586
0.432617 0.357422
-0.364258 -0.498047
0.327148 -0.254883
0.304688 -0.443359
0.487305 0.442383
-0.311523 -0.444336
0.393555 0.310547
-0.413086 0.413086
0.453125 0.471680
-0.334961 -0.329102
0.445312 -0.496094
-0.372070 0.286133
-0.493164 0.329102
0.320312 -0.329102
-0.251953 0.394531
0.252930 0.298828
0.452148 -0.350586
0.463867 -0.449219
-0.302734 -0.320312
0.491211 0.354492
-0.383789 -0.254883
-0.405273 -0.444336
0.375977 0.339844
0.259766 0.317383
0.335938 0.253906
0.380859 -0.274414
-0.276367 -0.474609
0.389648 -0.330078
-0.460938 -0.496094
0.486328 0.409180
0.278320 -0.342773
0.494141 -0.359375
0.418945 -0.397461
-0.268555 -0.250977
-0.467773 -0.257812
-0.316406 0.289062
-0.295898 -0.265625
-0.389648 -0.369141
0.369141 0.417969
-0.374023 -0.425781
-0.483398 -0.310547
-0.359375 -0.389648
-0.404297 -0.299805
0.442383 0.383789
0.335938 -0.399414
-0.436523 0.293945
-0.425781 0.468750
0.458008 -0.472656
-0.459961 0.403320
0.386719 -0.293945
0.440430 -0.346680
0.286133 -0.288086
-0.446289 -0.481445
0.267578 -0.390625
0.420898 -0.347656
0.265625 0.474609
-0.413086 -0.255859
-0.253906 0.306641
-0.256836 0.460938
-0.267578 -0.413086
0.462891 0.377930
0.313477 0.399414
-0.365234 -0.474609
-0.356445 0.431641
-0.458008 -0.455078
0.335938 -0.473633
0.424805 0.308594
-0.462891 0.343750
-0.254883 0.258789
0.307617 -0.438477
-0.269531 -0.419922
0.345703 0.420898
-0.336914 -0.311523
0.459961 0.290039
-0.255859 0.420898
-0.458008 0.308594
0.259766 -0.348633
-0.290039 -0.458008
-0.391602 0.456055
-0.365234 0.442383
-0.321289 0.325195
0.449219 0.304688
0.390625 0.287109
-0.487305 0.270508
-0.370117 -0.326172
-0.317383 0.299805
-0.354492 -0.333984
-0.379883 0.437500
0.381836 -0.404297
-0.492188 -0.472656
-0.422852 0.373047
0.488281 0.444336
0.340820 0.291016
0.434570 0.280273
0.291016 0.313477
-0.396484 0.265625
-0.275391 0.345703
-0.444336 -0.370117
-0.361328 0.344727
-0.378906 0.446289
0.332031 -0.465820
-0.442383 0.378906
-0.339844 0.308594
0.424805 -0.335938
0.407227 0.345703
-0.425781 0.476562
-0.380859 0.287109
-0.474609 0.256836
-0.407227 -0.279297
0.381836 0.414062
-0.373047 -0.414062
0.304688 -0.276367
0.479492 -0.488281
0.446289 -0.417969
0.370117 0.419922
-0.387695 -0.307617
0.251953 -0.332031
0.307617 -0.405273
0.418945 0.331055
-0.313477 0.355469
0.424805 -0.376953
0.304688 -0.410156
-0.357422 0.317383
0.442383 0.375000
-0.324219 0.418945
-0.342773 0.488281
-0.291016 -0.311523
-0.416992 0.257812
0.264648 -0.462891
0.373047 -0.266602
-0.317383 -0.371094
-0.433594 -0.301758
-0.440430 0.455078
-0.483398 0.488281
-0.287109 0.489258
0.415039 0.387695
-0.356445 0.415039
0.308594 0.309570
0.322266 0.294922
0.366211 0.296875
-0.476562 0.418945
-0.422852 0.286133
0.279297 0.465820
0.364258 0.425781
0.427734 0.436523
-0.452148 -0.353516
-0.425781 0.267578
0.403320 -0.481445
-0.297852 0.332031
0.481445 0.338867
0.484375 0.469727
-0.292969 0.250977
0.295898 -0.483398
-0.348633 -0.427734
-0.271484 -0.270508
0.257812 0.386719
0.342773 0.311523
-0.332031 0.335938
-0.273438 -0.307617
-0.334961 0.402344
0.335938 -0.469727
-0.355469 0.379883
0.441406 0.311523
0.376953 -0.423828
0.397461 0.290039
-0.289062 -0.330078
0.321289 0.384766
-0.255859 -0.446289
-0.362305 -0.474609
0.363281 0.304688
0.332031 0.312500
0.415039 0.375000
-0.384766 -0.263672
-0.332031 0.406250
-0.410156 -0.426758
-0.416016 0.478516
0.383789 0.445312
0.297852 0.482422
-0.422852 0.416992
-0.421875 -0.338867
-0.361328 0.373047
0.421875 -0.251953
0.460938 0.280273
0.294922 -0.479492
0.449219 0.343750
0.434570 0.426758
-0.499023 0.415039
0.470703 0.361328
-0.405273 0.393555
-0.473633 -0.490234
-0.444336 -0.256836
0.307617 -0.436523
0.487305 -0.389648
-0.397461 0.493164
-0.326172 0.419922
0.434570 0.429688
-0.309570 -0.317383
-0.455078 -0.418945
0.289062 -0.370117
-0.286133 0.496094
-0.467773 -0.320312
0.315430 0.350586
-0.498047 -0.412109
0.394531 0.310547
0.307617 -0.464844
0.402344 0.399414
0.458984 0.264648
-0.390625 -0.315430
-0.415039 0.259766
-0.384766 0.447266
0.323242 0.334961
-0.293945 0.408203
-0.406250 0.373047
-0.280273 0.417969
0.341797 0.337891
0.440430 0.439453
-0.286133 -0.455078
0.417969 0.481445
-0.499023 -0.440430
0.493164 -0.443359
-0.443359 0.466797
-0.333008 -0.427734
0.284180 -0.368164
0.345703 0.484375
-0.358398 0.435547
0.353516 0.369141
-0.485352 0.356445
0.493164 0.486328
-0.339844 -0.346680
0.298828 0.250977
0.299805 -0.262695
-0.499023 0.426758
0.343750 0.256836
-0.385742 -0.285156
-0.439453 -0.259766
0.405273 0.297852
0.415039 -0.448242
0.402344 0.265625
-0.337891 0.269531
0.461914 -0.276367
-0.358398 0.479492
0.294922 0.276367
-0.363281 0.359375
-0.270508 0.424805
0.475586 0.287109
0.341797 0.315430
0.496094 -0.409180
-0.492188 -0.346680
0.294922 0.435547
-0.260742 0.439453
-0.357422 -0.280273
-0.389648 -0.396484
-0.268555 -0.293945
0.400391 0.459961
0.374023 -0.471680
0.486328 0.281250
-0.403320 -0.458984
0.379883 -0.321289
0.473633 0.397461
-0.315430 0.346680
0.400391 -0.405273
-0.375977 -0.413086
0.408203 -0.408203
-0.341797 0.430664
0.464844 -0.491211
-0.414062 -0.464844
-0.390625 0.265625
0.420898 0.407227
-0.374023 0.400391
-0.333984 0.378906
0.347656 -0.307617
-0.462891 -0.348633
-0.460938 -0.425781
-0.493164 -0.421875
-0.288086 -0.294922
0.464844 -0.251953
-0.432617 0.448242
-0.371094 0.284180
-0.333008 0.362305
-0.263672 -0.313477
0.272461 -0.292969
0.412109 0.376953
-0.282227 0.328125
0.485352 -0.489258
0.495117 -0.338867
0.412109 0.485352
-0.337891 0.473633
0.314453 0.445312
-0.473633 0.336914
-0.461914 0.468750
0.433594 -0.304688
-0.487305 0.487305
0.382812 0.277344
-0.448242 0.368164
-0.453125 0.455078
-0.386719 0.467773
-0.336914 -0.434570
0.431641 0.329102
-0.373047 -0.464844
0.289062 -0.416016
-0.495117 -0.431641
-0.434570 0.488281
-0.458008 -0.486328
-0.393555 0.394531
-0.361328 0.391602
0.294922 0.336914
-0.377930 0.461914
-0.393555 0.292969
-0.473633 -0.437500
0.297852 -0.458008
0.473633 0.351562
-0.257812 0.436523
-0.398438 0.424805
0.324219 -0.251953
0.391602 -0.305664
-0.345703 -0.338867
-0.401367 0.257812
0.261719 0.335938
0.362305 0.385742
0.287109 0.344727
0.479492 -0.392578
-0.440430 -0.339844
-0.344727 0.276367
0.359375 0.257812
0.451172 0.343750
0.484375 0.251953
-0.479492 0.463867
-0.333008 0.374023
-0.420898 0.430664
-0.273438 0.484375
0.466797 0.293945
-0.263672 -0.353516
0.490234 0.418945
0.348633 -0.280273
-0.355469 -0.411133
0.316406 0.258789
-0.324219 -0.344727
-0.421875 0.410156
0.313477 -0.407227
-0.278320 0.346680
0.384766 -0.289062
0.439453 -0.316406
0.409180 -0.367188
-0.485352 -0.323242
-0.389648 -0.468750
-0.260742 0.379883
-0.294922 -0.499023
-0.471680 0.310547
-0.331055 0.295898
0.384766 -0.427734
-0.439453 -0.444336
-0.261719 -0.280273
0.378906 -0.487305
-0.447266 -0.450195
0.272461 -0.457031
0.479492 0.385742
0.327148 0.313477
-0.298828 0.267578
-0.489258 -0.371094
0.499023 0.360352
-0.268555 0.480469
0.421875 0.267578
0.356445 -0.337891
0.359375 0.290039
0.395508 -0.311523
-0.361328 -0.428711
0.429688 -0.352539
-0.313477 0.423828
0.261719 0.460938
-0.348633 -0.466797
-0.392578 0.438477
0.253906 -0.426758
-0.449219 0.350586
-0.479492 -0.324219
0.342773 -0.346680
0.417969 -0.445312
-0.496094 0.339844
0.295898 0.474609
-0.427734 0.305664
0.394531 -0.408203
-0.292969 0.451172
-0.409180 -0.367188
-0.279297 -0.346680
0.376953 -0.312500
-0.477539 -0.413086
0.499023 0.308594
0.292969 0.271484
-0.497070 0.471680
-0.395508 -0.418945
0.356445 0.321289
-0.426758 0.335938
-0.340820 -0.489258
-0.489258 0.470703
0.342773 0.318359
0.399414 -0.363281
-0.366211 -0.414062
0.410156 0.491211
0.431641 0.417969
-0.452148 0.293945
-0.385742 0.442383
0.381836 0.281250
-0.315430 0.314453
-0.297852 -0.287109
-0.479492 -0.487305
0.307617 0.313477
0.381836 0.361328
-0.482422 -0.261719
-0.307617 -0.406250
0.361328 -0.457031
-0.494141 -0.389648
0.285156 -0.458984
0.415039 -0.488281
-0.410156 0.273438
-0.435547 0.328125
-0.321289 -0.280273
0.286133 -0.260742
-0.416016 -0.259766
0.254883 0.483398
-0.396484 -0.386719
0.435547 0.492188
0.253906 0.415039
0.477539 -0.305664
-0.359375 0.347656
-0.423828 0.287109
-0.314453 -0.470703
-0.310547 -0.347656
-0.425781 -0.414062
0.409180 0.476562
-0.401367 0.314453
-0.398438 -0.491211
-0.475586 -0.491211
0.370117 -0.254883
0.397461 0.462891
-0.279297 -0.261719
-0.332031 -0.495117
-0.286133 -0.423828
0.312500 0.304688
-0.260742 0.459961
-0.447266 -0.415039
0.452148 -0.308594
-0.361328 -0.292969
0.258789 -0.260742
-0.491211 -0.483398
-0.375000 0.454102
-0.431641 -0.311523
0.366211 0.346680
-0.352539 -0.328125
0.424805 -0.256836
-0.387695 0.256836
-0.447266 0.495117
0.461914 -0.403320
-0.342773 0.296875
-0.377930 0.458984
0.469727 -0.458008
-0.482422 0.298828
-0.449219 -0.475586
0.397461 -0.341797
-0.460938 -0.341797
-0.268555 0.257812
0.408203 0.284180
0.399414 -0.478516
0.394531 0.469727
0.257812 -0.352539
-0.400391 -0.365234
-0.456055 -0.270508
-0.318359 -0.337891
0.452148 0.279297
0.403320 -0.446289
-0.402344 0.407227
-0.314453 -0.434570
0.442383 0.268555
-0.312500 -0.378906
-0.335938 0.271484
0.316406 -0.310547
0.283203 0.415039
0.437500 -0.325195
0.269531 0.496094
0.431641 -0.250977
-0.285156 0.303711
-0.374023 0.439453
-0.469727 0.295898
0.499023 -0.359375
-0.497070 -0.377930
0.423828 -0.386719
0.426758 -0.266602
-0.388672 0.395508
0.385742 -0.297852
0.262695 0.432617
-0.335938 -0.262695
0.340820 -0.396484
-0.397461 0.272461
-0.269531 -0.297852
-0.373047 0.348633
0.434570 0.298828
-0.475586 0.439453
0.324219 0.291992
0.432617 -0.324219
0.359375 0.321289
0.376953 0.375000
-0.469727 -0.390625
-0.428711 -0.422852
-0.314453 -0.356445
-0.446289 -0.262695
0.262695 -0.470703
-0.356445 -0.446289
0.318359 -0.335938
-0.474609 0.293945
-0.360352 0.306641
-0.305664 0.372070
-0.429688 0.473633
0.342773 0.281250
-0.401367 0.445312
-0.364258 0.393555
-0.423828 -0.409180
-0.263672 0.467773
0.366211 -0.458008
0.264648 -0.369141
-0.444336 -0.339844
0.301758 0.442383
0.261719 -0.402344
0.375977 -0.479492
0.420898 -0.374023
0.288086 -0.375000
0.351562 0.299805
0.469727 0.411133
-0.282227 0.371094
0.473633 0.489258
0.439453 0.270508
-0.451172 0.276367
0.423828 0.324219
-0.361328 -0.492188
0.413086 0.280273
-0.484375 -0.354492
-0.417969 -0.459961
-0.368164 0.314453
0.417969 0.441406
-0.344727 -0.256836
0.277344 -0.260742
-0.476562 -0.413086
0.390625 0.357422
-0.279297 0.366211
0.466797 0.332031
0.369141 -0.351562
0.424805 0.252930
-0.397461 0.458984
-0.359375 0.392578
-0.455078 0.284180
0.488281 -0.441406
-0.394531 0.421875
0.333008 -0.382812
-0.304688 0.281250
0.476562 0.480469
0.300781 -0.366211
0.480469 -0.256836
0.266602 -0.314453
-0.381836 -0.476562
0.491211 -0.305664
-0.381836 0.436523
-0.370117 0.277344
-0.282227 0.498047
0.253906 0.376953
0.420898 -0.344727
0.309570 0.264648
-0.254883 0.480469
-0.411133 0.318359
-0.410156 0.470703
0.293945 -0.300781
0.267578 0.252930
-0.345703 0.407227
-0.417969 0.369141
0.445312 -0.398438
-0.270508 -0.291016
-0.402344 0.404297
-0.317383 -0.489258
-0.494141 0.322266
-0.434570 -0.271484
0.479492 0.275391
0.423828 0.466797
-0.311523 -0.401367
-0.328125 -0.485352
0.294922 -0.250977
0.344727 0.421875
0.374023 0.354492
-0.291016 0.415039
-0.417969 -0.416992
-0.405273 0.342773
0.390625 -0.299805
0.255859 -0.307617
-0.369141 -0.438477
0.382812 -0.380859
0.393555 -0.341797
0.302734 0.281250
0.283203 -0.298828
0.268555 -0.327148
0.335938 -0.387695
-0.407227 0.499023
0.324219 -0.320312
0.300781 -0.468750
-0.465820 0.464844
0.301758 -0.261719
0.470703 0.486328
0.494141 0.380859
0.330078 -0.478516
-0.434570 -0.380859
0.453125 0.286133
-0.348633 -0.428711
0.339844 -0.406250
0.351562 -0.386719
-0.310547 -0.495117
-0.465820 -0.389648
0.302734 0.313477
-0.329102 -0.363281
-0.447266 -0.368164
0.372070 -0.394531
-0.480469 -0.325195
-0.364258 -0.386719
-0.265625 -0.253906
-0.285156 -0.308594
0.389648 0.290039
0.363281 -0.498047
-0.296875 0.251953
-0.367188 0.418945
-0.459961 0.363281
-0.282227 0.297852
-0.251953 0.343750
0.261719 -0.389648
-0.460938 0.388672
0.401367 0.499023
-0.371094 -0.316406
-0.318359 -0.310547
-0.277344 -0.439453
0.384766 -0.454102
0.308594 0.295898
-0.347656 0.476562
-0.405273 0.405273
-0.312500 -0.280273
0.289062 -0.312500
-0.316406 0.452148
0.334961 -0.367188
0.493164 -0.475586
-0.469727 -0.320312
0.453125 0.494141
0.394531 -0.294922
-0.382812 -0.474609
0.474609 0.464844
-0.432617 -0.427734
-0.314453 -0.373047
0.310547 -0.340820
-0.347656 0.375000
-0.334961 0.428711
0.366211 0.449219
0.415039 -0.479492
0.396484 0.376953
0.368164 -0.291016
-0.282227 0.496094
0.357422 -0.398438
-0.366211 0.279297
-0.429688 -0.422852
-0.383789 0.308594
0.486328 -0.480469
0.285156 -0.337891
-0.425781 0.287109
-0.399414 0.310547
0.256836 -0.303711
-0.251953 -0.472656
-0.429688 -0.265625
-0.472656 -0.315430
0.256836 -0.482422
0.481445 -0.341797
0.464844 0.464844
0.327148 0.479492
-0.425781 0.454102
-0.323242 -0.288086
-0.462891 -0.334961
0.350586 0.425781
-0.485352 -0.343750
-0.469727 -0.483398
0.459961 -0.394531
0.305664 0.473633
-0.340820 -0.484375
-0.398438 -0.400391
-0.351562 -0.429688
0.297852 -0.449219
0.259766 -0.306641
0.274414 0.424805
0.459961 -0.259766
0.453125 -0.462891
0.493164 -0.376953
0.301758 0.353516
-0.262695 -0.443359
-0.359375 0.461914
-0.458008 0.473633
0.451172 0.323242
-0.307617 -0.457031
0.289062 0.412109
-0.466797 -0.409180
-0.256836 -0.253906
-0.363281 -0.393555
0.295898 -0.332031
0.308594 0.396484
0.280273 -0.375977
-0.446289 0.296875
-0.469727 -0.446289
-0.448242 0.268555
-0.324219 0.383789
-0.482422 -0.456055
0.428711 -0.498047
-0.254883 0.380859
-0.435547 0.431641
0.453125 0.359375
-0.314453 0.349609
0.483398 -0.484375
-0.275391 0.422852
-0.261719 -0.495117
-0.461914 0.337891
-0.377930 0.340820
0.277344 0.258789
-0.343750 -0.363281
-0.355469 0.341797
0.270508 -0.333984
0.487305 0.289062
-0.316406 0.408203
-0.443359 0.311523
-0.364258 -0.349609
-0.340820 -0.252930
-0.369141 -0.448242
0.279297 0.440430
-0.297852 0.499023
-0.376953 0.393555
-0.385742 0.420898
0.439453 -0.460938
0.255859 -0.387695
0.314453 0.384766
0.387695 -0.492188
-0.469727 -0.354492
0.259766 -0.291016
0.450195 0.357422
-0.497070 0.426758
0.262695 0.335938
-0.436523 0.425781
0.298828 -0.271484
0.326172 0.364258
-0.495117 0.266602
0.462891 0.370117
-0.461914 -0.276367
0.386719 0.000000
0.314453 0.432617
-0.399414 -0.341797
-0.282227 -0.384766
-0.420898 0.398438
-0.430664 -0.361328
-0.288086 0.409180
0.301758 -0.317383
-0.295898 0.366211
-0.313477 -0.301758
-0.289062 -0.287109
0.318359 0.389648
0.352539 0.280273
0.442383 0.342773
-0.371094 -0.428711
-0.406250 0.285156
-0.359375 0.380859
0.374023 0.356445
0.384766 0.297852
-0.416016 -0.383789
0.274414 -0.461914
0.291016 0.424805
0.406250 0.392578
0.300781 -0.334961
0.474609 0.487305
0.364258 -0.295898
-0.400391 0.390625
0.327148 0.300781
-0.266602 -0.473633
0.321289 -0.388672
-0.352539 -0.334961
0.435547 0.254883
0.418945 -0.306641
-0.269531 0.330078
-0.330078 -0.286133
0.285156 -0.390625
-0.273438 0.399414
0.375000 -0.465820
-0.289062 0.406250
-0.269531 -0.492188
0.465820 -0.460938
-0.271484 0.335938
-0.415039 -0.299805
-0.290039 -0.415039
-0.298828 -0.427734
-0.479492 0.444336
-0.446289 0.330078
-0.266602 -0.386719
-0.271484 -0.437500
0.390625 -0.448242
0.356445 0.459961
0.465820 0.369141
0.400391 -0.302734
-0.351562 0.431641
-0.423828 0.311523
0.398438 -0.282227
0.289062 0.268555
-0.384766 0.257812
0.359375 0.252930
-0.378906 0.418945
-0.297852 -0.372070
-0.434570 -0.355469
0.466797 0.361328
-0.318359 -0.355469
-0.463867 -0.398438
0.262695 0.400391
-0.321289 0.454102
-0.456055 -0.273438
0.470703 0.388672
-0.413086 -0.492188
-0.458984 -0.412109
-0.365234 -0.390625
-0.484375 0.411133
0.253906 0.313477
0.450195 -0.474609
0.492188 -0.462891
0.392578 -0.354492
-0.368164 0.443359
-0.409180 -0.327148
0.497070 0.441406
0.268555 0.419922
-0.346680 0.434570
-0.291992 0.482422
-0.289062 -0.432617
0.325195 -0.327148
0.315430 -0.415039
-0.272461 0.332031
0.292969 0.300781
-0.322266 -0.305664
0.275391 -0.474609
-0.277344 0.363281
-0.474609 -0.274414
-0.362305 0.322266
-0.457031 -0.498047
-0.279297 0.293945
0.420898 0.397461
0.313477 -0.384766
0.266602 0.390625
0.351562 -0.301758
0.432617 0.331055
-0.440430 0.491211
-0.393555 0.415039
0.346680 0.257812
0.250000 -0.288086
0.271484 0.339844
-0.291992 -0.404297
0.375977 0.477539
-0.302734 0.328125
-0.482422 -0.405273
0.271484 0.413086
-0.268555 0.372070
-0.285156 -0.288086
-0.478516 0.279297
-0.295898 -0.313477
0.350586 -0.378906
0.446289 -0.488281
0.483398 -0.471680
0.379883 -0.322266
-0.306641 -0.303711
0.407227 -0.427734
-0.250977 -0.439453
0.479492 0.407227
0.445312 0.447266
0.258789 -0.258789
0.318359 -0.358398
0.436523 -0.303711
-0.413086 -0.327148
-0.331055 0.390625
-0.298828 0.498047
0.468750 0.419922
0.286133 -0.359375
0.264648 -0.340820
-0.384766 -0.292969
-0.293945 0.484375
-0.351562 -0.405273
-0.312500 0.411133
-0.471680 -0.439453
0.414062 -0.477539
0.303711 -0.280273
-0.266602 0.415039
-0.458008 0.385742
0.307617 0.302734
0.337891 -0.422852
-0.409180 -0.258789
-0.374023 0.344727
0.458984 0.367188
-0.427734 -0.490234
-0.327148 0.377930
-0.313477 -0.301758
0.303711 0.375977
-0.318359 -0.480469
-0.460938 -0.432617
0.484375 -0.461914
-0.263672 -0.318359
-0.341797 -0.392578
0.417969 0.358398
0.398438 0.492188
0.300781 -0.387695
-0.380859 -0.416016
0.317383 0.377930
-0.473633 0.390625
0.471680 0.484375
0.458984 0.351562
-0.270508 0.326172
-0.364258 0.410156
-0.461914 0.322266
0.344727 -0.346680
0.432617 -0.319336
0.455078 -0.318359
-0.430664 0.306641
-0.448242 0.291016
0.383789 -0.370117
0.308594 0.364258
0.483398 0.435547
-0.348633 0.309570
-0.294922 -0.281250
-0.404297 -0.306641
-0.293945 0.408203
-0.466797 -0.345703
0.267578 -0.284180
-0.381836 0.496094
0.424805 -0.276367
0.276367 0.294922
0.363281 -0.303711
-0.259766 -0.326172
0.431641 0.499023
0.365234 0.318359
0.473633 0.346680
0.405273 -0.347656
-0.432617 -0.487305
-0.256836 0.487305
-0.365234 0.488281
0.488281 0.307617
0.254883 0.455078
-0.282227 0.275391
0.391602 0.317383
0.494141 0.350586
-0.374023 0.408203
-0.295898 0.362305
0.346680 0.365234
-0.402344 -0.312500
-0.256836 -0.460938
0.313477 -0.395508
0.305664 -0.322266
-0.467773 -0.252930
0.416992 -0.488281
0.287109 0.467773
-0.488281 -0.288086
0.319336 0.278320
-0.387695 -0.380859
0.270508 0.437500
0.481445 0.451172
0.338867 -0.390625
0.455078 -0.363281
0.436523 0.388672
0.425781 -0.256836
-0.251953 0.388672
0.322266 0.386719
0.447266 0.431641
0.269531 0.350586
-0.255859 0.281250
-0.457031 -0.467773
0.261719 -0.281250
0.262695 -0.276367
-0.335938 -0.359375
-0.329102 -0.422852
0.286133 -0.267578
-0.310547 0.497070
0.436523 -0.347656
0.370117 -0.403320
0.373047 -0.473633
-0.334961 -0.310547
0.374023 0.435547
0.384766 -0.316406
-0.343750 0.448242
-0.468750 -0.358398
0.305664 -0.372070
-0.396484 -0.397461
-0.266602 0.325195
0.340820 -0.338867
-0.441406 0.425781
-0.281250 -0.317383
-0.304688 -0.382812
0.442383 0.384766
0.283203 -0.400391
0.481445 0.408203
0.496094 -0.457031
-0.347656 0.368164
-0.383789 0.479492
-0.455078 -0.252930
-0.338867 -0.327148
-0.473633 0.388672
-0.307617 0.406250
0.408203 -0.317383
0.352539 0.489258
-0.281250 0.464844
-0.497070 -0.345703
0.447266 0.470703
0.264648 0.416992
0.437500 -0.398438
-0.413086 0.314453
-0.454102 -0.380859
0.374023 0.324219
0.499023 -0.250977
-0.420898 -0.338867
0.315430 -0.420898
-0.477539 0.487305
0.468750 0.477539
-0.406250 0.475586
0.411133 -0.340820
0.355469 -0.470703
0.395508 0.381836
0.453125 0.338867
0.440430 -0.344727
-0.404297 0.325195
-0.350586 -0.309570
0.262695 0.402344
0.467773 -0.292969
-0.337891 0.374023
0.340820 -0.394531
0.326172 -0.382812
-0.392578 0.357422
-0.364258 -0.356445
0.340820 0.354492
0.406250 0.436523
-0.281250 0.349609
-0.433594 0.382812
0.393555 0.462891
0.331055 0.487305
-0.313477 -0.368164
-0.373047 0.399414
0.324219 -0.253906
0.441406 -0.288086
0.301758 -0.420898
-0.399414 0.310547
0.334961 -0.483398
0.381836 0.472656
-0.269531 0.440430
-0.269531 0.259766
0.400391 -0.482422
-0.261719 -0.368164
-0.416992 -0.497070
0.394531 -0.396484
0.256836 -0.434570
-0.484375 -0.403320
-0.431641 0.472656
-0.368164 -0.431641
0.480469 0.418945
0.460938 0.332031
0.250000 -0.426758
-0.481445 0.373047
-0.336914 0.365234
-0.266602 0.348633
0.394531 0.368164
0.375977 0.320312
-0.319336 -0.481445
0.412109 -0.350586
0.406250 0.295898
0.333008 0.361328
-0.444336 0.347656
0.348633 -0.343750
0.368164 0.431641
-0.279297 -0.375000
0.413086 0.416016
0.373047 -0.405273
-0.335938 0.457031
0.326172 0.414062
-0.467773 0.338867
0.328125 0.354492
-0.295898 0.357422
0.474609 -0.321289
0.485352 0.466797
0.456055 0.316406
-0.261719 0.334961
0.462891 0.445312
0.379883 0.277344
-0.366211 -0.350586
0.266602 0.441406
0.340820 -0.269531
-0.312500 0.496094
0.439453 -0.425781
-0.458008 0.425781
-0.476562 0.407227
-0.331055 0.431641
-0.427734 -0.405273
-0.334961 0.306641
0.263672 -0.446289
0.392578 -0.476562
-0.385742 -0.296875
0.277344 -0.342773
0.452148 0.259766
0.345703 -0.377930
-0.367188 -0.449219
0.343750 -0.384766
0.272461 0.412109
-0.356445 0.475586
-0.369141 -0.413086
-0.468750 -0.392578
-0.304688 0.439453
0.327148 0.439453
0.335938 -0.335938
-0.319336 0.292969
0.320312 -0.467773
0.253906 0.407227
0.338867 -0.377930
0.370117 -0.272461
-0.448242 0.328125
-0.407227 0.458984
-0.428711 0.327148
-0.422852 -0.254883
-0.366211 -0.432617
0.395508 -0.277344
-0.368164 -0.308594
0.429688 -0.443359
-0.488281 -0.281250
0.281250 0.463867
0.448242 -0.348633
-0.446289 -0.425781
-0.446289 -0.430664
-0.303711 0.389648
0.291992 -0.372070
-0.487305 0.443359
-0.398438 0.288086
0.282227 -0.334961
-0.366211 0.436523
0.342773 0.302734
0.378906 0.457031
0.330078 -0.337891
0.335938 -0.312500
-0.320312 0.260742
-0.270508 -0.433594
0.331055 0.413086
-0.299805 -0.363281
0.483398 -0.412109
-0.289062 0.485352
-0.383789 0.296875
0.350586 -0.483398
0.347656 -0.370117
-0.473633 0.398438
-0.399414 0.425781
0.465820 0.331055
0.415039 0.441406
0.297852 -0.288086
-0.392578 0.272461
0.348633 -0.379883
0.375977 -0.365234
-0.308594 0.422852
0.297852 0.498047
0.342773 -0.307617
-0.430664 0.449219
0.375977 0.468750
-0.312500 -0.490234
-0.400391 0.329102
-0.332031 -0.458008
0.334961 -0.466797
0.256836 -0.270508
-0.324219 0.453125
0.466797 0.491211
-0.484375 0.329102
-0.338867 -0.412109
0.485352 0.272461
0.258789 -0.477539
0.325195 0.347656
-0.470703 -0.265625
-0.410156 0.380859
0.308594 0.456055
0.465820 -0.424805
0.353516 0.464844
0.335938 0.343750
0.414062 0.365234
-0.375000 -0.318359
0.483398 0.369141
0.331055 -0.260742
-0.429688 0.463867
0.495117 -0.328125
-0.300781 -0.303711
0.274414 -0.328125
-0.281250 -0.299805
-0.355469 -0.486328
0.393555 0.443359
-0.385742 0.260742
-0.403320 -0.416992
-0.263672 -0.272461
0.335938 -0.346680
-0.434570 -0.413086
-0.325195 -0.286133
-0.420898 0.453125
-0.463867 0.443359
0.461914 -0.383789
-0.304688 -0.450195
-0.467773 0.471680
-0.298828 -0.258789
0.453125 -0.410156
0.293945 0.372070
0.251953 -0.287109
0.283203 0.250000
-0.449219 0.380859
-0.271484 0.486328
0.277344 -0.283203
-0.375000 -0.379883
-0.492188 0.322266
-0.311523 -0.367188
0.463867 -0.426758
-0.304688 0.354492
-0.444336 -0.496094
-0.291016 -0.379883
0.260742 0.329102
0.421875 0.420898
0.470703 -0.463867
-0.330078 -0.328125
0.332031 0.355469
-0.384766 -0.416016
0.493164 0.280273
0.395508 -0.498047
-0.485352 -0.301758
0.486328 0.464844
-0.407227 -0.441406
0.339844 -0.404297
-0.365234 0.385742
0.262695 0.310547
-0.434570 0.315430
0.379883 -0.275391
-0.348633 -0.292969
0.388672 0.485352
0.486328 0.264648
-0.316406 -0.335938
-0.342773 0.466797
0.328125 -0.319336
0.000000 0.494141
-0.311523 -0.356445
-0.288086 -0.302734
0.460938 0.342773
0.459961 -0.455078
-0.335938 -0.493164
-0.468750 0.348633
-0.434570 0.324219
0.401367 0.453125
0.372070 -0.406250
-0.491211 0.440430
0.401367 -0.255859
0.371094 0.272461
0.317383 0.341797
-0.415039 -0.308594
0.386719 -0.420898
-0.412109 -0.453125
-0.401367 -0.392578
0.466797 -0.394531
0.360352 0.462891
0.460938 0.273438
0.343750 -0.301758
-0.319336 -0.460938
0.453125 -0.290039
0.438477 0.315430
0.250000 -0.364258
0.472656 -0.271484
-0.462891 -0.442383
-0.292969 0.296875
-0.295898 -0.371094
-0.439453 0.289062
0.275391 -0.375977
-0.265625 0.456055
-0.487305 0.267578
-0.286133 -0.318359
0.271484 -0.410156
-0.341797 0.479492
-0.290039 0.434570
-0.306641 -0.346680
0.299805 -0.408203
-0.492188 0.290039
0.474609 0.442383
-0.476562 -0.360352
-0.358398 0.342773
0.286133 0.318359
-0.376953 0.377930
-0.386719 -0.362305
-0.494141 0.464844
0.379883 -0.268555
-0.283203 -0.323242
-0.276367 -0.449219
-0.447266 -0.458008
0.324219 -0.362305
-0.256836 0.408203
0.268555 -0.499023
-0.499023 0.394531
0.406250 0.257812
0.407227 0.280273
0.471680 -0.393555
0.335938 -0.428711
-0.387695 -0.440430
-0.495117 0.372070
0.359375 -0.267578
-0.389648 -0.446289
0.422852 0.375000
0.395508 -0.428711
-0.399414 -0.292969
0.337891 -0.307617
0.443359 0.469727
-0.429688 -0.258789
-0.311523 -0.488281
0.476562 0.349609
0.387695 -0.409180
0.306641 -0.400391
0.466797 0.432617
-0.484375 0.267578
0.401367 0.486328
0.424805 0.323242
0.000000 -0.314453
-0.352539 -0.350586
-0.275391 0.380859
-0.367188 0.363281
0.289062 -0.489258
-0.466797 0.470703
-0.290039 0.433594
0.467773 0.485352
0.325195 -0.269531
-0.329102 0.493164
-0.331055 -0.343750
0.330078 -0.472656
0.495117 0.285156
0.349609 -0.487305
-0.423828 0.304688
-0.389648 0.373047
0.324219 -0.273438
-0.305664 0.315430
-0.391602 -0.264648
0.410156 -0.354492
-0.434570 -0.311523
0.318359 0.358398
-0.468750 -0.266602
0.362305 -0.375977
-0.367188 0.321289
-0.448242 -0.335938
0.428711 0.309570
-0.465820 0.373047
0.376953 -0.297852
0.278320 0.442383
0.275391 0.462891
0.434570 -0.406250
-0.295898 -0.297852
0.357422 0.418945
0.356445 0.416016
-0.392578 -0.308594
-0.456055 0.334961
-0.353516 0.392578
-0.476562 0.314453
0.326172 -0.431641
-0.346680 -0.436523
-0.392578 -0.491211
0.303711 0.401367
0.372070 -0.375977
0.268555 -0.414062
-0.483398 -0.253906
0.345703 -0.345703
0.420898 0.486328
-0.399414 -0.423828
0.263672 -0.368164
-0.288086 0.394531
-0.497070 0.454102
-0.324219 0.413086
-0.254883 -0.333008
-0.485352 0.364258
-0.419922 -0.341797
-0.485352 0.355469
0.353516 0.475586
0.394531 0.273438
-0.301758 0.446289
-0.335938 -0.293945
-0.446289 -0.332031
0.345703 0.311523
-0.260742 0.482422
-0.441406 0.429688
-0.438477 0.431641
0.380859 -0.366211
0.274414 -0.435547
-0.254883 0.250977
-0.385742 0.328125
-0.457031 0.312500
0.497070 -0.333984
0.430664 -0.289062
0.326172 0.319336
0.259766 0.258789
0.261719 -0.311523
0.390625 -0.298828
-0.349609 -0.491211
-0.457031 -0.390625
-0.289062 0.442383
-0.290039 0.460938
0.427734 -0.400391
-0.472656 -0.412109
0.496094 0.335938
0.374023 -0.455078
-0.472656 -0.422852
0.358398 0.331055
-0.406250 0.291992
-0.299805 0.261719
-0.413086 -0.400391
0.422852 -0.315430
-0.287109 0.377930
-0.385742 -0.423828
0.343750 -0.378906
0.419922 0.466797
0.302734 -0.342773
0.272461 0.484375
-0.442383 -0.276367
0.279297 -0.294922
-0.357422 0.258789
-0.478516 0.359375
-0.469727 -0.330078
0.421875 0.333008
-0.462891 -0.333984
-0.291016 0.256836
-0.280273 -0.321289
0.364258 0.368164
-0.399414 -0.281250
0.335938 -0.297852
0.441406 0.413086
-0.333984 -0.456055
-0.369141 0.346680
-0.451172 0.433594
-0.327148 -0.307617
-0.276367 0.423828
-0.414062 -0.494141
0.479492 -0.376953
0.445312 0.418945
0.405273 0.476562
-0.355469 0.348633
0.428711 -0.436523
0.332031 -0.273438
-0.472656 -0.378906
0.370117 -0.400391
0.391602 0.319336
-0.474609 0.349609
-0.315430 -0.257812
0.460938 -0.339844
0.428711 0.358398
-0.482422 -0.296875
0.410156 -0.324219
-0.403320 0.426758
0.377930 -0.364258
0.366211 -0.312500
-0.310547 -0.342773
0.378906 0.329102
0.416016 -0.336914
-0.445312 -0.284180
0.316406 -0.254883
0.367188 -0.415039
0.453125 -0.465820
0.452148 0.448242
-0.413086 -0.292969
-0.293945 -0.322266
0.386719 0.424805
0.360352 0.255859
0.346680 0.385742
0.343750 -0.446289
-0.316406 -0.438477
-0.340820 0.398438
0.370117 -0.481445
0.352539 -0.472656
0.313477 -0.341797
-0.457031 0.423828
-0.403320 -0.464844
0.334961 0.419922
-0.469727 0.319336
0.349609 0.281250
-0.300781 0.325195
0.427734 0.409180
0.485352 0.416992
0.491211 -0.344727
-0.496094 0.468750
0.395508 -0.404297
-0.303711 0.431641
0.465820 -0.474609
0.250000 0.440430
0.327148 0.291992
0.352539 0.264648
0.473633 0.433594
-0.307617 0.278320
0.416016 -0.468750
0.466797 -0.484375
-0.377930 0.475586
-0.445312 -0.275391
0.335938 0.292969
0.371094 -0.262695
-0.274414 -0.488281
0.314453 0.333984
-0.282227 0.442383
-0.445312 -0.352539
-0.299805 -0.401367
0.344727 -0.449219
-0.288086 0.401367
0.346680 0.318359
-0.451172 -0.368164
0.392578 0.254883
-0.351562 -0.476562
0.443359 0.332031
0.444336 -0.286133
0.398438 0.276367
0.289062 -0.303711
0.277344 0.403320
0.401367 -0.259766
-0.331055 0.379883
-0.326172 -0.334961
-0.268555 0.473633
-0.449219 -0.296875
0.380859 -0.286133
-0.435547 -0.435547
-0.302734 0.271484
0.493164 -0.289062
0.443359 -0.264648
0.472656 -0.320312
0.475586 0.342773
0.265625 -0.266602
-0.310547 -0.405273
0.294922 0.419922
-0.477539 -0.448242
0.379883 -0.440430
0.420898 -0.499023
-0.471680 -0.487305
-0.463867 -0.455078
0.476562 0.476562
0.295898 -0.458984
-0.410156 0.419922
0.391602 -0.306641
-0.444336 -0.333984
-0.445312 0.482422
-0.274414 0.465820
0.416992 0.490234
0.308594 0.324219
-0.406250 -0.465820
-0.492188 -0.310547
-0.488281 0.433594
-0.453125 0.493164
0.385742 -0.419922
0.441406 0.414062
-0.386719 0.362305
-0.285156 -0.387695
-0.262695 0.382812
-0.355469 -0.464844
-0.498047 0.269531
-0.493164 0.299805
0.394531 0.253906
-0.358398 -0.474609
0.454102 -0.415039
-0.428711 0.333984
0.490234 -0.307617
-0.266602 -0.335938
-0.263672 0.420898
0.309570 0.369141
0.337891 0.496094
0.472656 0.478516
0.445312 0.292969
0.271484 0.361328
-0.435547 0.333984
-0.268555 0.407227
-0.312500 0.304688
-0.358398 -0.282227
-0.405273 0.296875
0.355469 -0.318359
-0.387695 0.301758
0.321289 -0.336914
0.468750 0.410156
0.421875 0.430664
0.272461 0.000000
-0.400391 0.321289
-0.487305 -0.383789
-0.418945 0.494141
0.347656 -0.426758
0.428711 -0.475586
0.347656 -0.271484
-0.499023 0.462891
-0.305664 -0.281250
0.280273 0.331055
-0.252930 0.350586
0.400391 0.439453
0.250977 -0.313477
-0.397461 0.266602
0.329102 0.267578
-0.324219 -0.493164
0.284180 0.275391
0.374023 0.289062
-0.392578 0.302734
-0.376953 0.428711
0.474609 0.305664
-0.258789 0.460938
0.367188 -0.354492
0.253906 -0.439453
0.350586 -0.449219
0.262695 0.353516
0.402344 -0.350586
-0.293945 0.479492
-0.433594 -0.351562
-0.268555 -0.345703
-0.416016 -0.409180
-0.256836 0.337891
-0.480469 0.468750
-0.390625 -0.487305
0.280273 0.409180
0.353516 0.431641
0.314453 0.458008
-0.461914 -0.416992
-0.384766 0.406250
0.439453 0.485352
-0.424805 0.456055
0.455078 0.305664
-0.424805 0.415039
-0.397461 -0.333984
-0.409180 0.467773
0.298828 0.392578
0.455078 0.444336
-0.477539 0.301758
0.312500 0.417969
0.309570 -0.459961
-0.349609 0.281250
0.425781 0.328125
-0.307617 0.370117
0.419922 0.357422
0.294922 -0.428711
-0.347656 0.455078
0.370117 -0.294922
-0.252930 -0.487305
-0.259766 0.367188
0.317383 -0.458008
-0.308594 0.288086
-0.332031 -0.400391
0.375000 -0.362305
-0.440430 -0.296875
-0.416016 -0.418945
0.499023 -0.275391
0.296875 0.255859
0.391602 -0.372070
0.269531 -0.256836
0.262695 0.306641
0.320312 0.446289
-0.360352 -0.385742
0.323242 -0.310547
-0.450195 -0.396484
0.332031 -0.287109
0.476562 0.327148
-0.427734 -0.376953
0.474609 0.450195
0.488281 -0.278320
-0.451172 0.279297
0.340820 -0.470703
-0.272461 -0.279297
0.260742 -0.336914
-0.297852 -0.483398
-0.457031 -0.349609
-0.285156 -0.493164
0.314453 -0.421875
0.294922 -0.461914
-0.389648 0.416016
0.299805 -0.488281
-0.253906 -0.345703
-0.396484 0.425781
0.272461 0.352539
-0.369141 -0.327148
-0.348633 0.489258
0.333008 -0.305664
-0.324219 0.454102
-0.432617 0.492188
-0.457031 0.327148
-0.293945 0.361328
0.343750 -0.470703
-0.301758 -0.411133
-0.385742 0.255859
-0.340820 -0.266602
0.490234 -0.493164
0.456055 0.477539
0.340820 0.383789
-0.376953 0.418945
-0.331055 -0.277344
0.318359 -0.447266
0.428711 0.475586
0.403320 -0.456055
0.266602 -0.336914
-0.386719 0.302734
-0.392578 -0.440430
-0.349609 -0.292969
0.341797 -0.314453
0.409180 -0.259766
0.266602 -0.489258
0.424805 -0.365234
0.311523 -0.294922
-0.499023 -0.458008
0.433594 -0.412109
0.356445 -0.433594
0.472656 0.348633
0.497070 0.425781
-0.402344 0.457031
0.401367 0.353516
0.377930 -0.419922
0.486328 -0.275391
0.376953 -0.331055
-0.319336 0.282227
-0.458984 0.291992
0.314453 -0.299805
-0.471680 -0.384766
0.428711 -0.393555
-0.496094 0.367188
0.440430 -0.444336
0.303711 0.443359
-0.476562 0.309570
-0.268555 -0.289062
0.394531 -0.313477
-0.353516 0.454102
-0.387695 -0.422852
0.359375 -0.252930
0.328125 -0.366211
-0.264648 0.454102
0.340820 0.490234
0.282227 0.388672
-0.340820 0.263672
0.368164 -0.415039
-0.339844 0.443359
-0.412109 0.470703
0.304688 -0.330078
-0.309570 -0.379883
-0.258789 0.270508
0.328125 -0.340820
-0.482422 0.282227
0.274414 -0.272461
0.475586 -0.401367
-0.351562 0.325195
0.305664 -0.291992
-0.470703 -0.295898
-0.425781 0.417969
-0.256836 0.382812
0.457031 0.283203
0.464844 -0.321289
0.254883 0.369141
-0.333984 -0.393555
-0.354492 0.342773
0.295898 0.281250
-0.471680 -0.252930
0.483398 0.408203
-0.358398 -0.284180
0.391602 0.282227
-0.424805 -0.267578
0.266602 -0.412109
-0.391602 0.434570
-0.435547 -0.295898
-0.278320 0.330078
0.433594 -0.451172
0.499023 -0.338867
-0.291016 0.396484
0.496094 -0.462891
0.428711 0.485352
-0.458984 0.335938
0.281250 -0.420898
0.297852 -0.279297
0.250977 -0.458008
0.318359 -0.456055
-0.382812 0.363281
-0.354492 -0.278320
0.322266 0.430664
0.448242 -0.398438
-0.391602 -0.271484
-0.478516 -0.328125
-0.295898 -0.472656
0.345703 0.357422
-0.296875 0.479492
0.317383 -0.468750
-0.346680 0.434570
-0.411133 -0.284180
0.268555 -0.337891
0.366211 0.351562
-0.477539 -0.490234
0.373047 0.377930
0.285156 0.459961
-0.432617 -0.259766
-0.491211 0.363281
-0.436523 0.303711
0.388672 -0.455078
-0.387695 -0.433594
-0.261719 0.329102
0.334961 0.386719
0.257812 0.412109
0.300781 0.365234
-0.299805 0.398438
0.413086 0.354492
0.341797 -0.332031
0.443359 0.476562
-0.473633 -0.371094
0.402344 0.384766
0.435547 0.300781
0.371094 0.390625
-0.393555 -0.486328
-0.287109 0.439453
-0.405273 0.413086
-0.468750 0.318359
-0.444336 0.328125
-0.423828 0.317383
0.396484 0.420898
-0.326172 0.481445
-0.481445 0.438477
-0.338867 0.428711
-0.453125 -0.273438
-0.359375 -0.382812
0.325195 -0.416016
0.279297 0.286133
0.324219 0.360352
-0.262695 -0.294922
0.481445 -0.372070
-0.320312 -0.287109
0.376953 -0.415039
-0.288086 0.412109
-0.487305 0.267578
0.451172 0.272461
0.353516 0.475586
0.317383 0.251953
-0.358398 -0.267578
-0.497070 0.418945
0.387695 0.462891
0.465820 0.470703
0.317383 0.427734
-0.354492 0.356445
0.415039 0.352539
0.492188 -0.352539
-0.414062 -0.433594
0.271484 -0.368164
0.346680 0.304688
0.488281 -0.489258
0.301758 0.259766
-0.381836 0.431641
-0.425781 0.285156
0.255859 0.478516
-0.310547 -0.423828
-0.369141 -0.389648
0.331055 0.491211
0.329102 0.416016
-0.260742 -0.422852
0.421875 0.427734
0.382812 -0.264648
-0.388672 -0.391602
0.457031 0.309570
0.318359 -0.491211
-0.425781 0.308594
-0.408203 0.457031
0.451172 0.279297
-0.495117 -0.473633
-0.285156 0.304688
-0.335938 0.394531
0.367188 0.383789
0.262695 -0.406250
0.305664 0.417969
-0.466797 -0.489258
-0.339844 0.319336
0.299805 0.383789
-0.385742 -0.293945
-0.281250 0.410156
-0.282227 0.455078
-0.326172 0.461914
-0.405273 0.324219
-0.347656 0.275391
0.324219 -0.326172
0.316406 0.344727
-0.359375 -0.271484
0.367188 -0.339844
0.467773 -0.314453
-0.360352 0.263672
-0.301758 0.343750
0.284180 0.493164
0.488281 0.308594
-0.257812 -0.334961
-0.291992 -0.292969
-0.412109 0.303711
-0.420898 -0.285156
-0.284180 0.414062
0.400391 -0.426758
-0.301758 -0.333008
-0.378906 -0.347656
-0.470703 -0.271484
0.430664 0.493164
0.335938 0.367188
0.367188 -0.372070
-0.476562 0.320312
0.358398 0.359375
-0.315430 0.280273
0.465820 -0.436523
0.490234 0.265625
0.470703 0.421875
-0.360352 0.470703
0.336914 0.420898
0.342773 -0.408203
0.446289 0.268555
-0.343750 -0.485352
0.377930 0.295898
0.392578 -0.424805
0.374023 0.280273
-0.308594 -0.462891
-0.469727 0.475586
-0.295898 0.266602
-0.402344 -0.449219
-0.264648 0.468750
-0.327148 0.472656
-0.446289 -0.263672
0.421875 0.276367
0.443359 -0.478516
0.371094 -0.478516
0.481445 -0.473633
-0.350586 -0.385742
0.352539 0.379883
0.465820 -0.450195
0.430664 0.334961
0.468750 -0.490234
-0.298828 -0.379883
-0.494141 -0.389648
0.490234 0.414062
-0.314453 0.491211
0.336914 0.336914
-0.478516 0.290039
-0.281250 -0.320312
0.291992 0.437500
-0.283203 0.496094
-0.349609 -0.417969
-0.422852 -0.445312
0.384766 0.308594
-0.489258 -0.495117
-0.407227 -0.272461
0.441406 -0.483398
0.427734 0.346680
0.283203 0.496094
0.429688 -0.467773
-0.283203 0.374023
0.355469 0.251953
0.285156 0.339844
0.265625 -0.361328
-0.455078 0.254883
-0.478516 0.317383
0.327148 0.366211
-0.272461 0.284180
-0.398438 0.317383
0.490234 -0.459961
0.252930 0.310547
0.302734 -0.489258
0.493164 -0.320312
-0.329102 -0.303711
-0.497070 0.475586
-0.476562 0.355469
-0.258789 -0.433594
0.299805 0.390625
0.278320 -0.385742
0.489258 -0.492188
0.362305 -0.325195
0.264648 -0.433594
0.288086 -0.469727
-0.257812 0.428711
-0.450195 0.259766
0.264648 0.490234
-0.401367 0.397461
0.474609 0.445312
0.431641 0.439453
0.331055 -0.291016
-0.424805 0.297852
-0.406250 0.315430
0.444336 -0.287109
-0.327148 0.461914
0.411133 0.475586
-0.383789 0.252930
0.279297 -0.292969
0.381836 -0.420898
0.263672 0.318359
0.418945 0.431641
0.437500 -0.366211
0.467773 0.333984
0.469727 -0.452148
0.324219 0.447266
0.374023 0.466797
0.251953 0.273438
0.360352 -0.368164
-0.465820 0.261719
-0.268555 0.342773
-0.410156 -0.490234
-0.323242 0.419922
0.405273 -0.401367
-0.327148 -0.324219
0.447266 0.493164
-0.434570 0.490234
-0.429688 0.328125
0.308594 0.493164
0.319336 -0.263672
-0.319336 -0.279297
0.403320 0.299805
-0.289062 0.486328
0.487305 -0.477539
0.371094 -0.421875
0.324219 -0.338867
-0.470703 0.287109
-0.375000 -0.427734
0.466797 -0.377930
0.450195 -0.365234
-0.303711 0.457031
-0.252930 -0.312500
-0.345703 -0.266602
-0.406250 0.268555
-0.274414 -0.301758
-0.498047 0.356445
0.450195 -0.443359
-0.400391 -0.349609
-0.394531 0.278320
0.303711 0.332031
0.266602 -0.335938
-0.471680 -0.399414
0.290039 -0.315430
0.317383 -0.322266
-0.428711 0.437500
-0.319336 0.320312
0.275391 0.484375
0.277344 0.282227
-0.363281 -0.332031
0.469727 -0.478516
0.277344 0.413086
-0.343750 0.342773
0.390625 0.375977
-0.364258 -0.483398
0.497070 -0.323242
-0.323242 0.318359
0.354492 0.348633
0.297852 0.280273
0.489258 0.475586
-0.336914 0.346680
-0.320312 0.400391
0.364258 0.479492
-0.389648 -0.256836
-0.256836 -0.359375
0.271484 0.340820
0.270508 0.473633
-0.424805 -0.392578
0.385742 0.339844
-0.484375 -0.323242
-0.429688 0.282227
-0.403320 -0.428711
0.292969 0.340820
-0.409180 -0.479492
0.370117 -0.479492
-0.376953 0.407227
-0.378906 -0.405273
0.377930 -0.275391
-0.397461 0.304688
-0.327148 0.274414
-0.437500 0.368164
0.463867 -0.269531
-0.351562 -0.373047
0.253906 -0.444336
0.255859 0.480469
-0.262695 -0.361328
0.299805 -0.302734
0.387695 0.405273
-0.449219 -0.498047
-0.418945 0.497070
-0.432617 0.256836
-0.285156 -0.468750
-0.387695 0.426758
-0.347656 0.305664
0.333984 0.355469
-0.290039 -0.324219
0.365234 0.313477
0.267578 -0.254883
0.345703 -0.398438
0.472656 0.334961
0.291016 0.392578
0.364258 -0.378906
-0.445312 0.380859
-0.372070 -0.322266
-0.439453 -0.356445
-0.422852 -0.475586
0.299805 -0.456055
0.309570 -0.297852
-0.484375 0.339844
0.387695 -0.285156
0.333008 -0.441406
-0.258789 -0.402344
0.489258 -0.434570
0.384766 -0.278320
-0.310547 -0.365234
0.413086 0.329102
0.476562 -0.303711
-0.394531 -0.336914
0.402344 0.318359
0.350586 0.440430
-0.359375 0.353516
0.480469 0.282227
-0.439453 -0.447266
0.474609 -0.417969
-0.327148 0.326172
0.364258 -0.291992
-0.291992 -0.291992
-0.441406 -0.254883
0.486328 0.456055
-0.333984 0.427734
-0.408203 -0.418945
0.279297 -0.274414
0.259766 -0.499023
-0.432617 0.480469
-0.253906 0.361328
0.359375 0.302734
0.323242 0.458984
0.342773 0.375000
0.431641 -0.429688
0.302734 -0.364258
0.387695 0.366211
0.264648 -0.283203
0.407227 0.464844
-0.269531 0.378906
-0.382812 -0.440430
-0.389648 -0.441406
-0.449219 0.412109
0.301758 -0.481445
-0.451172 0.411133
0.253906 0.473633
0.324219 -0.269531
-0.267578 0.426758
0.348633 -0.469727
0.360352 0.341797
-0.420898 -0.497070
0.410156 -0.367188
0.421875 0.435547
-0.332031 0.353516
-0.289062 0.358398
-0.403320 0.312500
0.354492 -0.307617
0.366211 -0.258789
-0.347656 -0.283203
-0.268555 -0.496094
-0.288086 -0.478516
-0.429688 -0.281250
-0.288086 -0.488281
0.322266 -0.470703
-0.328125 0.379883
0.381836 -0.353516
0.255859 0.372070
0.433594 -0.352539
0.000000 -0.499023
-0.449219 0.412109
-0.261719 0.281250
0.269531 0.417969
0.381836 0.412109
-0.269531 -0.466797
-0.432617 -0.298828
0.343750 0.284180
-0.419922 0.420898
0.317383 0.473633
0.319336 -0.340820
0.252930 0.382812
0.454102 -0.437500
0.401367 -0.313477
0.300781 0.317383
-0.461914 -0.439453
0.308594 -0.479492
0.291016 0.363281
0.442383 0.499023
-0.363281 -0.382812
-0.408203 -0.478516
-0.354492 0.417969
-0.449219 -0.312500
0.438477 0.266602
0.443359 -0.310547
-0.303711 -0.324219
0.394531 0.494141
0.424805 0.313477
-0.427734 0.374023
-0.436523 0.286133
-0.363281 -0.403320
0.407227 -0.445312
0.492188 0.446289
-0.338867 0.359375
-0.387695 -0.359375
0.358398 0.389648
-0.408203 -0.438477
-0.294922 0.312500
0.446289 -0.382812
0.337891 -0.338867
-0.446289 0.398438
0.305664 0.440430
-0.480469 -0.293945
-0.492188 -0.296875
-0.388672 0.354492
-0.339844 -0.297852
0.276367 -0.417969
0.250977 -0.380859
-0.340820 -0.279297
0.335938 -0.267578
0.375000 -0.297852
0.368164 0.270508
-0.302734 0.319336
-0.348633 -0.438477
-0.318359 -0.452148
0.386719 0.484375
-0.377930 -0.386719
-0.358398 -0.435547
-0.386719 0.349609
0.449219 0.486328
0.367188 0.285156
-0.369141 -0.380859
0.314453 0.266602
0.301758 -0.453125
0.376953 0.279297
0.386719 0.493164
-0.309570 -0.452148
0.374023 0.345703
0.433594 0.319336
0.373047 0.440430
0.271484 -0.346680
0.456055 -0.442383
0.324219 0.389648
-0.398438 -0.475586
0.429688 0.346680
0.467773 -0.343750
0.347656 -0.310547
-0.433594 -0.348633
0.434570 0.257812
0.315430 0.437500
-0.325195 -0.449219
0.282227 0.331055
0.358398 0.410156
0.355469 0.259766
-0.458984 0.333984
0.410156 -0.346680
0.316406 -0.273438
0.438477 -0.495117
0.292969 0.277344
0.478516 0.474609
-0.440430 0.489258
-0.445312 0.255859
0.271484 0.332031
-0.295898 0.342773
0.404297 0.280273
-0.427734 -0.308594
-0.458008 0.455078
0.391602 -0.380859
-0.489258 0.387695
-0.432617 -0.289062
0.467773 0.372070
0.447266 0.333008
-0.498047 -0.323242
-0.251953 0.258789
-0.375000 0.315430
0.465820 0.252930
0.429688 0.433594
0.476562 0.385742
-0.431641 -0.279297
0.427734 -0.331055
-0.422852 -0.321289
0.374023 -0.481445
0.430664 0.402344
0.482422 0.406250
-0.382812 0.445312
-0.462891 0.450195
0.373047 -0.309570
0.320312 -0.454102
-0.399414 -0.471680
0.327148 -0.448242
0.375977 -0.460938
-0.346680 0.372070
0.301758 -0.296875
0.271484 -0.298828
0.377930 -0.393555
0.274414 -0.467773
0.394531 0.412109
-0.451172 0.428711
0.250977 0.298828
-0.282227 0.421875
0.483398 0.416992
-0.434570 0.285156
-0.373047 0.282227
-0.486328 0.284180
0.470703 0.426758
-0.362305 0.424805
-0.436523 0.472656
-0.468750 -0.471680
0.274414 -0.308594
0.254883 0.411133
-0.448242 0.481445
0.425781 0.266602
0.381836 -0.443359
0.444336 -0.259766
0.376953 -0.460938
-0.336914 -0.422852
0.250000 -0.499023
-0.273438 -0.422852
0.313477 0.387695
-0.341797 0.471680
-0.443359 -0.367188
-0.334961 -0.279297
-0.334961 -0.366211
0.488281 -0.405273
0.283203 -0.344727
-0.490234 0.280273
-0.348633 -0.421875
-0.288086 -0.364258
-0.349609 0.307617
0.434570 -0.425781
-0.357422 -0.486328
0.280273 0.459961
0.394531 0.266602
0.369141 -0.256836
-0.276367 0.486328
-0.464844 0.460938
0.386719 -0.477539
0.420898 -0.410156
-0.379883 -0.467773
0.308594 -0.373047
-0.403320 -0.278320
0.397461 -0.372070
0.451172 0.375000
-0.385742 0.331055
0.399414 0.476562
0.416992 0.356445
0.340820 -0.397461
0.429688 0.339844
-0.268555 -0.352539
-0.385742 0.254883
0.362305 0.301758
-0.426758 -0.465820
-0.421875 -0.407227
0.438477 0.484375
0.329102 -0.330078
-0.321289 0.357422
0.321289 0.382812
-0.449219 0.325195
0.434570 -0.410156
0.260742 0.476562
0.412109 0.491211
0.311523 0.319336
-0.271484 -0.322266
0.369141 -0.333984
0.408203 0.445312
0.355469 -0.363281
0.442383 0.296875
0.349609 0.404297
0.333008 0.455078
0.273438 -0.335938
-0.347656 -0.458984
-0.318359 -0.299805
0.398438 0.000000
0.375977 0.302734
0.295898 -0.316406
0.426758 -0.376953
-0.441406 0.398438
-0.439453 0.496094
-0.478516 -0.393555
0.257812 -0.434570
0.410156 0.329102
0.262695 0.470703
0.389648 -0.319336
-0.410156 -0.286133
0.438477 0.337891
-0.493164 -0.309570
0.413086 -0.369141
0.298828 -0.250977
-0.391602 0.300781
-0.446289 -0.458008
0.442383 0.359375
-0.461914 0.253906
0.294922 0.360352
-0.367188 -0.270508
0.398438 -0.255859
-0.348633 0.346680
-0.441406 0.334961
0.275391 0.390625
0.341797 0.401367
-0.331055 -0.465820
0.268555 -0.410156
-0.257812 0.431641
0.392578 0.418945
0.409180 0.276367
-0.436523 0.378906
-0.464844 -0.418945
0.490234 -0.436523
-0.332031 0.279297
-0.338867 -0.341797
-0.483398 -0.336914
0.496094 0.441406
-0.497070 0.498047
-0.490234 0.366211
-0.388672 -0.413086
-0.354492 -0.350586
-0.391602 0.366211
0.282227 -0.327148
-0.393555 -0.440430
0.335938 0.376953
0.292969 -0.265625
-0.287109 -0.303711
-0.451172 -0.488281
0.266602 0.481445
-0.460938 -0.458984
0.287109 -0.311523
-0.272461 -0.253906
0.414062 -0.459961
-0.333984 -0.312500
0.257812 -0.306641
0.256836 0.304688
0.358398 0.360352
-0.419922 -0.358398
-0.474609 -0.330078
0.250977 -0.448242
0.448242 0.464844
-0.374023 0.256836
0.344727 -0.417969
-0.405273 0.481445
0.311523 -0.456055
-0.479492 0.310547
0.384766 0.465820
0.301758 -0.266602
-0.286133 0.373047
0.390625 0.260742
-0.369141 0.454102
0.473633 0.341797
0.250977 -0.291992
0.404297 -0.280273
-0.369141 0.277344
0.348633 -0.309570
0.393555 -0.360352
0.484375 -0.346680
-0.420898 -0.266602
0.446289 -0.308594
0.374023 0.421875
-0.369141 0.287109
0.253906 -0.376953
0.300781 -0.315430
0.415039 0.267578
0.328125 -0.254883
0.293945 -0.347656
0.298828 -0.446289
0.301758 -0.388672
-0.453125 0.393555
0.314453 0.311523
-0.401367 -0.439453
0.299805 0.348633
0.340820 0.416992
0.373047 -0.287109
-0.349609 0.397461
0.415039 -0.468750
-0.460938 -0.397461
0.280273 0.408203
0.308594 0.462891
-0.499023 -0.458984
-0.473633 0.346680
-0.252930 -0.338867
-0.459961 0.348633
-0.296875 -0.269531
-0.374023 0.381836
0.379883 -0.295898
-0.280273 -0.445312
0.253906 -0.469727
-0.430664 -0.280273
-0.477539 0.451172
-0.472656 0.412109
-0.393555 -0.473633
-0.441406 0.316406
0.435547 -0.313477
0.432617 -0.263672
0.414062 -0.496094
0.430664 0.452148
0.327148 -0.281250
0.279297 -0.310547
0.357422 0.467773
0.406250 0.333984
-0.283203 -0.494141
0.457031 0.367188
0.304688 -0.382812
0.438477 0.411133
-0.344727 -0.253906
-0.329102 -0.400391
0.329102 0.306641
-0.345703 0.417969
0.277344 0.443359
0.303711 0.478516
-0.441406 0.459961
0.385742 -0.372070
-0.292969 0.432617
0.373047 -0.405273
0.375977 0.466797
0.299805 0.330078
0.300781 0.383789
-0.420898 0.499023
0.461914 -0.467773
-0.380859 -0.477539
-0.263672 0.263672
0.450195 0.380859
-0.322266 -0.488281
0.439453 0.326172
0.447266 0.278320
-0.422852 0.467773
0.298828 -0.295898
-0.363281 -0.381836
0.394531 0.276367
0.450195 -0.363281
-0.416016 -0.385742
0.369141 0.378906
-0.307617 -0.378906
0.375977 0.255859
-0.304688 -0.308594
-0.321289 0.263672
-0.430664 -0.465820
-0.496094 -0.268555
0.457031 -0.474609
-0.325195 0.391602
-0.324219 0.409180
0.430664 0.285156
0.461914 -0.478516
0.324219 0.349609
-0.265625 -0.410156
0.413086 0.443359
-0.483398 -0.459961
0.325195 0.419922
-0.459961 -0.380859
-0.335938 -0.253906
0.437500 -0.497070
-0.417969 -0.473633
0.290039 0.458008
-0.252930 -0.320312
-0.318359 0.471680
0.268555 0.391602
0.277344 -0.329102
-0.435547 0.318359
0.333008 -0.306641
0.488281 0.425781
0.407227 -0.418945
0.436523 -0.304688
0.418945 -0.384766
-0.474609 0.322266
-0.424805 0.397461
0.279297 0.385742
-0.420898 0.367188
-0.305664 0.377930
0.373047 0.300781
0.367188 0.310547
-0.420898 -0.282227
0.279297 -0.464844
-0.346680 -0.485352
-0.295898 0.259766
-0.338867 0.489258
-0.432617 -0.368164
0.429688 0.326172
0.472656 -0.369141
-0.252930 0.451172
0.476562 0.382812
-0.382812 -0.410156
-0.416016 0.393555
0.473633 -0.322266
0.278320 -0.429688
-0.374023 -0.301758
0.326172 0.263672
-0.416016 0.374023
0.414062 0.460938
0.291992 -0.489258
-0.401367 -0.394531
-0.344727 -0.325195
0.399414 0.432617
-0.346680 0.265625
-0.258789 -0.458984
-0.330078 0.405273
0.334961 0.330078
-0.428711 0.452148
0.462891 0.292969
0.436523 0.317383
0.496094 -0.468750
-0.305664 -0.350586
0.358398 -0.266602
0.346680 0.291016
-0.474609 -0.264648
0.263672 0.345703
-0.481445 -0.343750
0.483398 -0.495117
-0.280273 0.471680
0.266602 -0.289062
-0.258789 0.271484
-0.434570 -0.425781
0.404297 0.322266
0.429688 0.351562
0.325195 0.413086
-0.258789 -0.334961
0.406250 0.369141
-0.439453 -0.476562
0.470703 0.465820
-0.274414 -0.436523
-0.380859 0.357422
-0.270508 0.322266
0.259766 -0.481445
0.277344 -0.273438
-0.336914 -0.427734
0.292969 0.337891
-0.259766 -0.276367
-0.476562 0.298828
-0.363281 0.446289
0.267578 0.276367
-0.397461 0.385742
-0.375000 -0.412109
0.466797 0.374023
-0.458984 -0.445312
0.445312 0.266602
0.291016 -0.474609
0.343750 0.252930
0.432617 0.362305
-0.360352 -0.396484
-0.372070 -0.417969
0.259766 -0.261719
-0.407227 -0.309570
0.282227 0.352539
0.343750 -0.340820
-0.366211 -0.281250
-0.251953 0.331055
0.250000 -0.348633
0.284180 0.448242
-0.463867 -0.487305
0.288086 0.346680
0.337891 0.492188
0.323242 0.255859
-0.498047 0.279297
-0.294922 -0.496094
-0.499023 -0.375000
-0.411133 0.301758
0.442383 -0.347656
0.363281 -0.320312
-0.315430 -0.331055
-0.461914 0.481445
-0.356445 -0.413086
-0.380859 -0.261719
-0.254883 0.450195
0.376953 -0.400391
0.367188 0.433594
0.291992 0.368164
0.474609 -0.444336
0.314453 -0.423828
-0.458984 -0.276367
0.463867 0.401367
-0.290039 -0.396484
-0.328125 -0.388672
-0.460938 -0.322266
-0.365234 -0.416016
-0.463867 -0.262695
0.330078 0.330078
-0.436523 0.426758
-0.282227 0.334961
-0.408203 0.331055
-0.477539 0.387695
-0.384766 0.464844
0.376953 0.457031
0.459961 0.423828
0.466797 -0.453125
-0.442383 0.301758
-0.290039 0.327148
-0.346680 0.364258
0.351562 -0.272461
0.278320 0.356445
0.275391 -0.451172
-0.299805 -0.323242
-0.348633 -0.485352
0.441406 -0.455078
0.461914 -0.421875
0.314453 -0.355469
0.298828 -0.350586
0.331055 -0.387695
-0.296875 0.316406
-0.333008 -0.380859
-0.303711 0.473633
0.297852 -0.339844
-0.467773 -0.329102
-0.253906 -0.462891
-0.435547 0.358398
0.287109 0.410156
0.489258 -0.414062
0.315430 -0.337891
-0.353516 -0.414062
0.469727 -0.322266
0.360352 -0.458984
0.462891 -0.451172
-0.250977 -0.285156
0.465820 -0.435547
0.267578 -0.482422
-0.254883 -0.282227
-0.375000 0.403320
-0.345703 0.374023
-0.393555 0.440430
0.421875 -0.446289
-0.294922 -0.293945
-0.412109 -0.257812
0.316406 -0.423828
0.291016 0.422852
-0.329102 0.336914
0.493164 0.489258
-0.496094 0.413086
-0.390625 -0.495117
0.373047 0.408203
0.367188 -0.313477
0.404297 0.000000
-0.383789 0.351562
-0.410156 -0.375000
-0.330078 0.447266
-0.307617 0.258789
-0.359375 -0.344727
-0.368164 0.462891
-0.394531 0.432617
-0.367188 0.266602
0.309570 -0.258789
0.291016 0.302734
-0.498047 -0.424805
-0.428711 -0.497070
0.349609 0.278320
-0.365234 -0.458984
0.284180 -0.473633
0.280273 -0.432617
0.475586 -0.293945
-0.363281 -0.331055
-0.464844 0.317383
-0.363281 0.367188
0.384766 0.383789
-0.337891 0.314453
-0.339844 -0.256836
-0.351562 0.270508
0.330078 0.457031
0.283203 0.259766
-0.363281 0.459961
0.327148 -0.264648
0.302734 0.439453
0.457031 0.421875
0.360352 0.308594
0.401367 0.394531
0.292969 -0.478516
-0.475586 0.309570
-0.411133 0.347656
0.371094 -0.375977
-0.339844 -0.412109
-0.425781 0.439453
0.472656 -0.385742
0.412109 -0.429688
-0.416992 0.461914
-0.363281 -0.271484
-0.315430 -0.400391
-0.377930 -0.348633
-0.388672 0.365234
-0.276367 0.349609
-0.358398 0.439453
-0.392578 -0.480469
0.310547 -0.406250
-0.279297 -0.437500
0.319336 0.332031
0.413086 -0.495117
0.497070 0.419922
-0.389648 -0.492188
-0.338867 -0.333008
0.307617 -0.485352
-0.427734 -0.294922
-0.452148 0.469727
-0.416016 0.375977
0.392578 0.410156
0.442383 -0.265625
0.281250 -0.386719
-0.430664 -0.495117
-0.425781 0.350586
-0.457031 0.273438
0.404297 -0.315430
0.361328 0.496094
0.369141 -0.397461
0.448242 0.337891
0.468750 -0.320312
-0.257812 -0.298828
-0.447266 0.317383
-0.425781 -0.312500
0.429688 0.488281
0.417969 -0.394531
-0.340820 0.289062
0.485352 -0.468750
0.434570 0.498047
0.485352 0.268555
0.315430 -0.336914
0.281250 0.463867
0.465820 -0.324219
0.000000 0.492188
0.427734 -0.374023
-0.411133 -0.396484
0.313477 -0.388672
-0.368164 -0.302734
-0.294922 -0.435547
-0.358398 0.466797
0.400391 -0.470703
0.421875 -0.469727
-0.468750 -0.318359
0.452148 -0.452148
0.453125 0.278320
-0.371094 -0.323242
-0.321289 -0.403320
-0.413086 -0.375000
-0.493164 0.279297
-0.332031 0.404297
0.365234 0.404297
-0.480469 0.284180
0.265625 0.447266
-0.358398 0.314453
-0.345703 -0.296875
-0.403320 -0.345703
0.292969 -0.418945
0.477539 0.323242
-0.296875 -0.403320
-0.418945 0.375977
-0.436523 -0.278320
-0.361328 0.353516
0.348633 -0.338867
0.295898 0.271484
0.339844 0.478516
0.446289 -0.254883
-0.457031 0.379883
0.364258 0.250000
0.409180 0.328125
0.486328 0.392578
-0.372070 -0.447266
-0.459961 0.417969
-0.349609 0.375000
-0.385742 -0.411133
0.453125 -0.335938
-0.369141 0.415039
0.455078 -0.412109
-0.451172 -0.397461
0.345703 -0.268555
-0.482422 0.472656
0.488281 -0.499023
-0.435547 0.458008
0.411133 -0.384766
0.268555 -0.321289
0.289062 0.383789
0.275391 0.449219
-0.310547 0.295898
0.340820 0.476562
-0.275391 0.382812
-0.488281 0.358398
-0.350586 -0.372070
0.384766 0.369141
0.278320 -0.371094
0.295898 0.408203
-0.475586 -0.447266
-0.363281 0.349609
-0.315430 0.313477
0.401367 0.416016
-0.499023 0.289062
0.403320 -0.449219
0.411133 -0.263672
-0.483398 -0.315430
-0.262695 0.486328
-0.355469 -0.391602
0.482422 0.319336
0.497070 -0.404297
-0.257812 0.350586
-0.348633 -0.253906
-0.356445 -0.411133
-0.288086 0.432617
-0.420898 -0.267578
0.307617 -0.416992
0.375000 -0.371094
0.482422 0.419922
0.433594 -0.303711
0.460938 -0.347656
-0.258789 -0.497070
-0.380859 0.475586
-0.492188 -0.458008
0.369141 -0.358398
-0.402344 -0.358398
-0.453125 -0.309570
0.269531 0.311523
0.258789 0.359375
-0.375977 -0.296875
-0.469727 -0.478516
-0.463867 0.250000
0.461914 0.404297
-0.285156 0.398438
0.484375 -0.296875
0.415039 0.250000
-0.340820 -0.427734
-0.291992 0.289062
0.387695 0.381836
-0.428711 -0.250977
-0.293945 0.463867
0.457031 -0.451172
0.284180 0.466797
0.354492 -0.393555
-0.438477 0.325195
0.250977 -0.297852
0.378906 -0.304688
0.260742 0.450195
0.301758 -0.398438
-0.428711 0.319336
-0.271484 0.425781
-0.264648 0.481445
-0.260742 -0.293945
-0.301758 -0.304688
-0.472656 -0.359375
0.333984 0.259766
-0.378906 -0.487305
-0.341797 0.482422
0.482422 -0.325195
-0.291016 0.451172
0.436523 -0.432617
-0.480469 0.304688
0.287109 -0.341797
0.451172 -0.456055
0.304688 -0.482422
-0.477539 0.328125
-0.311523 -0.320312
0.274414 -0.462891
0.463867 0.253906
-0.438477 0.312500
-0.360352 -0.332031
-0.459961 -0.403320
0.352539 0.284180
-0.490234 -0.374023
-0.438477 0.495117
-0.374023 -0.324219
0.285156 0.312500
0.383789 -0.276367
-0.317383 0.291016
-0.355469 -0.389648
-0.280273 -0.452148
0.356445 -0.396484
0.483398 0.485352
0.494141 -0.317383
-0.379883 -0.280273
-0.391602 -0.273438
-0.272461 -0.436523
0.267578 -0.354492
0.411133 0.327148
-0.469727 0.405273
-0.407227 -0.459961
0.489258 -0.272461
-0.468750 -0.408203
0.260742 -0.334961
0.390625 -0.342773
-0.288086 -0.403320
-0.427734 -0.355469
-0.425781 -0.431641
0.382812 0.293945
0.445312 0.298828
-0.480469 0.412109
-0.388672 -0.489258
-0.310547 -0.398438
0.430664 -0.337891
-0.416992 -0.254883
0.450195 0.488281
0.292969 0.348633
0.264648 -0.327148
-0.378906 -0.257812
-0.475586 0.326172
-0.366211 0.498047
0.362305 0.315430
-0.342773 0.313477
0.384766 0.386719
0.302734 0.486328
0.261719 0.384766
0.496094 0.446289
0.300781 -0.263672
0.323242 -0.259766
0.281250 0.268555
0.427734 -0.302734
-0.289062 0.284180
-0.471680 0.392578
-0.493164 -0.305664
-0.473633 0.405273
-0.484375 0.395508
-0.463867 -0.266602
-0.362305 0.447266
-0.453125 -0.382812
-0.289062 0.464844
0.310547 0.372070
-0.333984 -0.443359
0.407227 -0.260742
0.369141 0.460938
0.326172 -0.385742
0.404297 0.453125
0.276367 0.396484
0.462891 0.446289
0.314453 -0.429688
0.353516 -0.409180
-0.257812 -0.475586
-0.469727 -0.444336
-0.383789 0.466797
0.417969 -0.460938
-0.416016 -0.330078
-0.315430 0.450195
-0.380859 -0.310547
0.465820 -0.452148
-0.365234 -0.486328
0.472656 -0.260742
0.291992 -0.458984
-0.275391 -0.426758
-0.265625 -0.388672
-0.428711 0.368164
0.313477 -0.288086
-0.468750 0.280273
0.284180 0.352539
0.328125 0.479492
0.294922 0.476562
0.419922 -0.492188
0.386719 -0.356445
-0.351562 -0.265625
-0.409180 -0.389648
-0.447266 -0.291016
-0.418945 0.298828
-0.275391 -0.384766
-0.285156 -0.484375
0.499023 0.351562
-0.317383 -0.335938
-0.390625 -0.311523
0.338867 -0.423828
0.351562 0.295898
-0.303711 0.443359
-0.368164 0.333008
0.388672 -0.275391
-0.306641 -0.365234
0.344727 0.260742
-0.340820 0.449219
-0.262695 -0.268555
0.407227 -0.492188
-0.323242 0.426758
-0.297852 -0.373047
0.487305 -0.287109
0.322266 0.379883
0.271484 0.431641
0.361328 0.283203
0.349609 0.352539
-0.290039 0.290039
-0.458984 -0.341797
-0.379883 0.274414
-0.385742 0.350586
-0.373047 -0.430664
-0.375977 0.302734
0.479492 0.470703
-0.282227 -0.416992
-0.405273 -0.470703
0.371094 -0.465820
0.440430 0.301758
0.398438 0.487305
-0.375977 -0.384766
0.427734 0.347656
0.323242 0.275391
0.454102 -0.340820
-0.409180 -0.470703
0.407227 -0.340820
0.436523 0.454102
-0.414062 -0.326172
0.443359 0.327148
-0.338867 -0.395508
-0.412109 0.415039
0.338867 -0.376953
0.264648 0.475586
-0.359375 -0.437500
0.438477 -0.336914
-0.363281 0.375000
-0.327148 0.382812
0.351562 0.397461
-0.297852 -0.472656
0.410156 -0.455078
-0.436523 0.402344
0.406250 0.416992
-0.316406 -0.484375
0.316406 -0.305664
-0.297852 0.293945
-0.333008 -0.446289
-0.330078 -0.358398
-0.441406 -0.259766
-0.343750 -0.334961
0.481445 0.259766
-0.345703 -0.276367
0.290039 -0.411133
-0.431641 0.375977
-0.485352 -0.376953
0.415039 -0.354492
-0.377930 0.487305
0.281250 0.409180
-0.326172 -0.293945
0.426758 -0.408203
-0.283203 -0.409180
0.297852 -0.282227
-0.373047 -0.405273
-0.375977 0.252930
0.480469 0.250977
-0.410156 -0.464844
0.416992 -0.325195
-0.491211 0.488281
0.343750 -0.476562
0.250977 -0.347656
-0.335938 -0.379883
-0.409180 0.475586
-0.355469 0.394531
0.487305 -0.329102
0.367188 -0.396484
-0.310547 0.311523
-0.402344 -0.277344
0.462891 -0.280273
0.298828 -0.273438
-0.439453 -0.409180
0.357422 0.403320
0.476562 -0.360352
0.492188 -0.333984
0.380859 0.457031
-0.318359 0.252930
0.492188 -0.359375
0.319336 -0.459961
-0.429688 -0.390625
-0.319336 -0.397461
-0.493164 0.425781
-0.331055 0.494141
0.458984 0.291992
-0.333984 -0.372070
0.262695 0.283203
-0.286133 -0.498047
0.297852 -0.256836
-0.408203 0.375000
0.310547 -0.351562
0.274414 0.392578
-0.387695 -0.381836
-0.414062 -0.470703
0.405273 -0.366211
0.272461 -0.412109
0.401367 0.377930
-0.419922 0.380859
0.252930 -0.473633
0.283203 -0.435547
-0.318359 -0.354492
-0.469727 -0.475586
-0.398438 0.261719
-0.323242 -0.471680
0.367188 -0.462891
-0.266602 0.273438
-0.328125 0.350586
0.357422 0.320312
-0.494141 0.456055
-0.261719 0.286133
0.433594 0.291992
-0.407227 -0.475586
0.347656 0.355469
0.341797 0.422852
-0.275391 0.446289
0.440430 0.307617
0.265625 0.475586
-0.306641 0.311523
-0.281250 0.374023
0.265625 0.468750
-0.488281 -0.457031
0.480469 -0.366211
-0.271484 -0.349609
0.354492 -0.281250
0.325195 0.443359
-0.283203 -0.362305
0.359375 -0.354492
-0.382812 -0.335938
0.380859 0.358398
-0.385742 0.358398
-0.494141 0.272461
0.391602 -0.479492
-0.420898 0.376953
-0.440430 -0.435547
-0.312500 -0.292969
0.333008 -0.458984
-0.317383 -0.426758
-0.319336 0.422852
-0.268555 -0.429688
0.406250 -0.336914
0.293945 -0.453125
0.000000 0.374023
0.301758 -0.412109
0.460938 0.376953
-0.315430 0.444336
-0.307617 -0.258789
0.268555 -0.287109
0.412109 0.305664
0.453125 0.438477
0.431641 -0.457031
0.419922 -0.284180
-0.496094 -0.484375
-0.456055 -0.318359
0.328125 -0.463867
-0.479492 0.250977
-0.326172 -0.467773
-0.401367 -0.273438
0.463867 0.468750
-0.286133 0.382812
-0.488281 -0.414062
-0.348633 0.416016
-0.477539 -0.442383
0.268555 -0.412109
0.301758 -0.429688
-0.322266 -0.259766
-0.490234 -0.317383
-0.337891 -0.279297
-0.324219 -0.280273
0.471680 -0.333008
-0.433594 0.299805
-0.480469 0.448242
0.344727 -0.490234
0.383789 0.433594
0.382812 -0.426758
0.385742 -0.339844
0.427734 0.271484
0.388672 0.314453
-0.303711 -0.276367
0.347656 0.340820
0.382812 -0.475586
-0.496094 0.353516
0.391602 -0.399414
0.497070 0.410156
-0.477539 -0.464844
-0.450195 -0.433594
-0.311523 0.469727
-0.260742 -0.463867
-0.374023 -0.415039
0.257812 -0.389648
0.430664 -0.481445
0.442383 0.416992
-0.356445 0.465820
-0.289062 0.425781
0.455078 -0.416016
0.435547 -0.472656
-0.499023 -0.315430
-0.355469 0.343750
-0.424805 -0.407227
0.343750 0.339844
0.488281 0.397461
-0.423828 -0.337891
-0.364258 -0.270508
0.276367 -0.494141
0.250977 -0.448242
0.288086 -0.306641
-0.322266 0.317383
0.345703 -0.483398
0.367188 0.258789
-0.353516 0.277344
-0.310547 0.413086
-0.455078 0.323242
-0.474609 0.372070
0.274414 0.266602
0.456055 -0.365234
0.456055 0.432617
0.292969 0.296875
-0.441406 0.476562
0.495117 -0.304688
0.312500 0.465820
0.475586 -0.492188
-0.497070 -0.390625
-0.405273 -0.341797
0.393555 -0.308594
-0.421875 0.291992
0.431641 -0.362305
0.437500 0.416016
0.277344 -0.479492
0.348633 -0.288086
-0.473633 -0.329102
0.329102 0.383789
0.425781 0.478516
0.427734 0.279297
-0.286133 0.277344
-0.494141 0.410156
-0.383789 -0.358398
-0.419922 0.354492
0.394531 0.278320
-0.451172 0.414062
-0.281250 -0.460938
-0.468750 0.264648
-0.482422 -0.480469
0.385742 -0.272461
0.319336 -0.473633
0.387695 -0.365234
0.497070 -0.401367
0.385742 -0.326172
-0.322266 -0.364258
-0.340820 0.445312
0.471680 -0.430664
-0.446289 0.349609
-0.458984 0.376953
0.367188 0.301758
0.411133 -0.387695
0.308594 -0.367188
0.291016 -0.474609
0.253906 0.427734
-0.438477 -0.324219
0.369141 0.410156
0.441406 0.370117
-0.417969 0.374023
-0.258789 -0.417969
-0.282227 -0.479492
0.475586 0.426758
-0.473633 0.448242
0.473633 -0.395508
-0.328125 0.416016
-0.471680 -0.370117
-0.337891 0.359375
0.465820 -0.483398
-0.461914 -0.454102
0.416992 0.484375
-0.453125 -0.411133
0.436523 -0.396484
0.371094 0.458984
-0.496094 -0.307617
0.393555 0.470703
0.278320 -0.353516
0.314453 -0.381836
0.416992 -0.255859
0.341797 0.499023
-0.429688 0.374023
-0.456055 0.443359
-0.396484 0.477539
0.315430 0.346680
0.431641 0.386719
0.301758 -0.436523
-0.264648 -0.384766
0.484375 -0.389648
-0.276367 -0.459961
-0.475586 0.296875
0.448242 0.255859
0.310547 0.268555
-0.415039 0.309570
-0.436523 0.341797
0.435547 0.345703
-0.307617 0.360352
0.323242 -0.386719
-0.499023 -0.305664
0.378906 -0.383789
-0.298828 0.382812
-0.358398 -0.389648
-0.439453 0.272461
-0.274414 0.485352
0.415039 0.407227
-0.285156 0.465820
-0.390625 0.275391
0.306641 0.437500
0.341797 0.416016
-0.399414 -0.419922
0.250977 -0.253906
0.302734 0.358398
0.436523 0.351562
-0.494141 0.297852
-0.476562 0.362305
-0.447266 0.355469
-0.285156 0.395508
0.391602 -0.429688
-0.323242 0.444336
-0.299805 -0.469727
0.459961 0.452148
0.414062 -0.396484
-0.446289 -0.321289
-0.305664 -0.267578
-0.478516 0.366211
-0.274414 0.461914
-0.437500 -0.436523
-0.375000 0.275391
-0.291992 0.346680
-0.396484 -0.353516
-0.261719 -0.430664
0.407227 -0.375000
0.277344 -0.385742
0.434570 -0.361328
0.407227 -0.473633
0.307617 -0.450195
-0.486328 0.270508
-0.463867 0.418945
0.436523 -0.281250
0.312500 0.252930
0.405273 0.378906
0.320312 0.448242
-0.419922 -0.291992
0.342773 0.457031
0.413086 0.273438
0.309570 -0.379883
0.422852 0.369141
0.313477 0.469727
0.331055 -0.423828
0.490234 -0.320312
0.411133 -0.352539
-0.466797 -0.285156
-0.256836 0.441406
-0.494141 -0.381836
0.481445 -0.461914
0.449219 -0.271484
-0.425781 -0.484375
-0.292969 -0.474609
0.286133 0.273438
-0.264648 -0.370117
-0.268555 -0.385742
-0.468750 0.421875
-0.499023 -0.258789
-0.272461 -0.446289
0.343750 -0.378906
-0.266602 -0.448242
-0.256836 -0.384766
-0.300781 -0.439453
-0.408203 -0.397461
0.460938 -0.350586
-0.434570 -0.292969
0.478516 -0.494141
-0.368164 -0.354492
-0.330078 -0.329102
-0.439453 -0.468750
0.416016 0.388672
-0.382812 0.407227
0.384766 0.497070
-0.452148 -0.401367
-0.309570 -0.343750
0.306641 0.393555
0.303711 -0.395508
0.357422 0.417969
0.460938 0.489258
0.274414 0.441406
-0.252930 -0.293945
-0.291016 -0.271484
0.359375 -0.451172
-0.293945 0.438477
0.451172 0.356445
-0.317383 0.435547
0.334961 -0.303711
0.295898 -0.254883
-0.302734 -0.466797
0.284180 0.282227
0.330078 -0.324219
-0.267578 0.342773
0.299805 -0.320312
-0.391602 -0.277344
0.311523 0.272461
0.278320 -0.295898
0.424805 -0.280273
-0.416016 -0.467773
-0.361328 0.438477
0.446289 0.374023
0.255859 -0.455078
0.327148 -0.381836
0.278320 0.380859
0.268555 0.273438
-0.491211 0.459961
-0.418945 -0.437500
0.359375 -0.375000
-0.341797 -0.275391
0.283203 -0.389648
-0.254883 0.376953
-0.419922 -0.452148
0.365234 -0.310547
0.260742 0.368164
-0.490234 0.480469
0.447266 0.373047
-0.473633 -0.267578
0.250000 -0.309570
-0.427734 0.390625
0.367188 -0.361328
0.308594 -0.305664
-0.431641 0.449219
0.456055 -0.359375
-0.420898 -0.362305
-0.354492 -0.403320
0.273438 -0.276367
0.418945 0.407227
0.431641 0.320312
-0.427734 0.250977
-0.263672 -0.432617
0.454102 0.362305
-0.498047 -0.333008
-0.354492 -0.400391
-0.439453 -0.258789
0.389648 -0.254883
-0.440430 -0.465820
0.462891 0.264648
0.335938 0.414062
-0.422852 -0.352539
0.374023 0.462891
0.278320 0.323242
0.252930 0.336914
-0.323242 -0.480469
0.367188 0.461914
-0.292969 0.297852
-0.457031 0.477539
-0.466797 0.398438
-0.392578 0.253906
-0.477539 0.368164
0.274414 -0.364258
-0.347656 0.352539
-0.350586 0.496094
-0.448242 0.294922
0.484375 -0.488281
0.259766 -0.358398
-0.285156 0.464844
-0.334961 -0.427734
-0.333984 0.260742
0.464844 -0.399414
-0.278320 -0.289062
0.352539 0.293945
-0.416992 -0.497070
-0.487305 -0.260742
-0.348633 -0.317383
0.402344 -0.267578
0.440430 0.305664
-0.369141 -0.435547
0.265625 0.324219
-0.330078 -0.349609
0.396484 -0.359375
0.467773 -0.385742
-0.339844 -0.372070
0.434570 0.318359
0.416016 0.298828
-0.371094 -0.284180
-0.331055 -0.326172
0.363281 0.255859
0.467773 0.286133
0.305664 0.463867
-0.388672 -0.378906
-0.446289 -0.305664
-0.432617 -0.324219
0.495117 0.411133
0.374023 -0.318359
-0.316406 0.251953
-0.335938 0.440430
0.313477 0.483398
0.351562 -0.446289
-0.256836 0.336914
0.367188 -0.254883
0.412109 -0.388672
-0.282227 0.325195
0.369141 0.256836
-0.477539 -0.286133
0.473633 -0.418945
-0.454102 0.353516
0.267578 -0.443359
-0.373047 -0.338867
0.311523 -0.397461
0.276367 -0.397461
-0.265625 -0.424805
-0.407227 0.294922
-0.440430 -0.401367
-0.480469 0.458008
0.268555 -0.287109
0.345703 0.387695
0.457031 -0.288086
-0.288086 -0.495117
0.271484 0.424805
0.281250 0.416016
-0.273438 -0.469727
-0.395508 0.280273
0.357422 0.431641
-0.449219 -0.330078
-0.453125 -0.470703
-0.389648 0.484375
-0.262695 -0.350586
-0.302734 0.328125
-0.387695 -0.260742
0.479492 -0.323242
-0.289062 0.331055
-0.360352 -0.496094
0.301758 -0.376953
0.331055 0.421875
-0.251953 0.440430
0.491211 0.263672
0.423828 -0.320312
-0.481445 0.419922
-0.337891 -0.267578
-0.271484 -0.396484
-0.435547 0.261719
0.347656 -0.404297
0.377930 -0.442383
-0.295898 0.408203
-0.467773 -0.386719
-0.368164 -0.337891
0.295898 0.384766
0.495117 0.367188
0.386719 -0.371094
-0.407227 -0.349609
-0.252930 -0.458008
-0.392578 0.368164
-0.428711 0.328125
-0.391602 0.408203
-0.457031 -0.321289
-0.483398 0.352539
-0.371094 -0.452148
0.299805 -0.431641
-0.380859 0.440430
-0.450195 -0.357422
-0.475586 0.358398
0.462891 0.483398
0.272461 0.370117
-0.378906 -0.259766
-0.451172 -0.305664
0.348633 -0.367188
0.492188 -0.478516
0.298828 -0.413086
0.324219 -0.296875
0.278320 0.499023
0.385742 0.294922
-0.273438 0.303711
0.400391 0.317383
-0.389648 0.403320
-0.304688 0.492188
0.383789 0.384766
0.443359 -0.457031
-0.453125 0.326172
0.411133 -0.411133
-0.312500 0.377930
-0.476562 0.461914
0.287109 -0.320312
0.479492 -0.277344
0.443359 -0.483398
0.488281 0.461914
-0.480469 -0.439453
-0.402344 0.407227
-0.365234 0.332031
0.439453 -0.319336
0.260742 0.470703
-0.386719 0.459961
-0.435547 -0.271484
0.292969 -0.335938
-0.458008 0.495117
-0.492188 -0.354492
0.325195 -0.469727
0.444336 0.256836
0.432617 0.465820
0.477539 -0.452148
-0.370117 0.498047
-0.485352 -0.306641
0.408203 -0.417969
-0.388672 -0.348633
0.477539 0.307617
-0.296875 0.423828
-0.431641 -0.497070
-0.344727 -0.352539
-0.338867 -0.492188
-0.275391 -0.350586
-0.306641 0.410156
0.379883 0.452148
-0.375000 0.435547
0.343750 -0.417969
-0.356445 -0.463867
-0.469727 0.452148
-0.339844 -0.388672
-0.496094 0.413086
-0.392578 -0.333008
0.380859 0.464844
0.451172 -0.408203
-0.451172 -0.483398
-0.313477 -0.394531
0.376953 0.412109
0.456055 0.301758
-0.462891 0.356445
0.332031 -0.389648
0.371094 -0.277344
-0.360352 0.328125
-0.347656 -0.380859
-0.381836 0.302734
0.455078 0.446289
-0.454102 -0.317383
-0.294922 -0.431641
0.366211 -0.462891
0.386719 -0.411133
-0.286133 -0.461914
-0.268555 -0.393555
-0.396484 -0.254883
-0.394531 -0.333008
0.440430 0.431641
-0.320312 -0.430664
0.373047 0.250000
0.344727 0.478516
0.382812 0.430664
-0.299805 -0.266602
0.387695 -0.458008
0.340820 -0.405273
-0.492188 0.276367
-0.483398 -0.464844
-0.480469 -0.469727
-0.370117 -0.427734
0.383789 0.492188
0.404297 -0.479492
-0.355469 0.261719
0.442383 0.379883
0.317383 0.458008
0.250000 -0.493164
0.321289 -0.397461
-0.308594 -0.457031
0.328125 0.459961
-0.285156 0.465820
0.318359 0.400391
-0.448242 -0.482422
0.480469 -0.297852
0.484375 -0.379883
0.487305 -0.395508
-0.363281 0.266602
-0.458008 0.291016
-0.379883 0.266602
0.469727 0.356445
0.263672 -0.428711
0.000000 -0.313477
0.492188 0.314453
0.263672 -0.443359
0.323242 -0.453125
0.412109 -0.374023
0.322266 -0.461914
-0.383789 0.390625
-0.275391 0.387695
-0.392578 -0.489258
0.302734 -0.441406
0.275391 0.331055
0.455078 0.328125
-0.271484 0.264648
0.328125 -0.468750
-0.422852 -0.397461
-0.281250 0.318359
-0.386719 -0.335938
0.300781 -0.433594
0.375000 -0.380859
-0.325195 0.421875
-0.470703 -0.370117
-0.453125 0.352539
0.319336 0.392578
0.268555 0.435547
-0.255859 0.495117
0.315430 -0.484375
0.478516 0.401367
-0.342773 -0.281250
0.444336 -0.262695
0.377930 -0.318359
0.298828 0.436523
-0.272461 0.252930
0.493164 -0.320312
-0.282227 0.268555
0.416016 0.414062
-0.293945 0.409180
-0.462891 -0.335938
0.311523 0.491211
0.304688 -0.347656
0.369141 0.444336
0.457031 -0.310547
-0.488281 -0.412109
0.273438 -0.377930
0.340820 -0.295898
-0.347656 -0.479492
-0.483398 0.264648
0.303711 -0.333984
0.486328 -0.439453
-0.314453 0.263672
0.432617 0.357422
-0.266602 -0.316406
0.399414 -0.448242
0.254883 0.415039
0.438477 -0.285156
0.283203 0.285156
0.482422 0.250977
-0.477539 0.373047
-0.465820 0.298828
0.423828 0.418945
-0.375977 0.355469
0.277344 0.422852
0.389648 -0.495117
-0.404297 0.462891
0.464844 0.481445
0.448242 -0.309570
0.286133 -0.304688
0.258789 0.284180
0.260742 -0.303711
0.460938 -0.440430
-0.353516 0.463867
0.301758 0.271484
0.339844 0.250977
0.428711 -0.437500
-0.331055 -0.396484
0.282227 0.333984
-0.349609 -0.452148
-0.297852 -0.256836
-0.458008 0.307617
-0.484375 0.367188
0.405273 0.312500
0.250977 0.475586
0.264648 -0.421875
-0.489258 -0.306641
0.320312 0.496094
0.394531 0.267578
-0.444336 0.358398
-0.254883 0.460938
0.445312 0.390625
0.375000 -0.477539
0.353516 0.386719
0.282227 -0.474609
-0.415039 0.460938
0.272461 0.270508
0.415039 0.260742
-0.259766 0.286133
0.322266 0.401367
0.271484 0.375977
-0.495117 -0.270508
-0.406250 -0.498047
-0.369141 0.409180
0.256836 -0.298828
-0.318359 -0.299805
0.332031 -0.431641
-0.424805 -0.328125
0.270508 0.253906
-0.327148 0.460938
0.448242 0.270508
-0.382812 -0.419922
0.295898 0.290039
0.349609 -0.373047
0.281250 0.494141
-0.493164 -0.344727
0.400391 0.391602
0.290039 0.303711
-0.302734 0.420898
0.267578 -0.302734
-0.289062 -0.484375
0.439453 0.468750
-0.381836 -0.322266
0.282227 -0.347656
-0.263672 -0.495117
0.361328 -0.428711
0.386719 0.460938
0.461914 -0.305664
-0.461914 -0.423828
-0.413086 0.352539
0.487305 -0.367188
-0.479492 -0.467773
-0.260742 0.265625
-0.445312 0.383789
-0.401367 0.277344
0.332031 0.427734
0.376953 0.356445
-0.357422 0.323242
0.494141 -0.261719
0.389648 0.444336
-0.395508 0.263672
0.299805 0.389648
0.292969 -0.390625
0.354492 0.399414
-0.271484 0.396484
0.263672 -0.439453
-0.456055 -0.290039
-0.300781 -0.454102
-0.399414 0.481445
0.377930 0.482422
-0.341797 -0.484375
0.445312 0.471680
0.341797 0.361328
-0.496094 -0.397461
-0.311523 -0.432617
0.495117 -0.286133
0.416992 0.259766
-0.480469 -0.480469
0.446289 0.342773
-0.445312 -0.408203
-0.444336 -0.489258
0.416016 -0.443359
0.469727 -0.397461
-0.346680 0.265625
-0.493164 0.265625
0.491211 -0.457031
0.324219 -0.303711
0.256836 -0.495117
-0.352539 -0.336914
-0.366211 0.326172
0.262695 0.349609
0.471680 -0.318359
0.428711 0.464844
-0.301758 0.494141
-0.287109 0.407227
0.346680 0.476562
-0.330078 -0.330078
0.478516 0.323242
-0.378906 -0.446289
0.265625 0.315430
-0.307617 -0.412109
0.272461 0.437500
-0.368164 0.499023
0.433594 -0.490234
0.299805 0.382812
-0.458008 -0.307617
-0.382812 -0.363281
0.461914 -0.376953
-0.397461 -0.404297
-0.334961 0.275391
-0.456055 -0.336914
-0.463867 -0.437500
-0.318359 -0.379883
0.285156 -0.474609
-0.309570 -0.327148
-0.308594 0.373047
-0.397461 -0.342773
-0.252930 0.468750
-0.300781 -0.280273
-0.328125 0.269531
0.266602 -0.362305
-0.366211 -0.418945
0.486328 0.348633
0.384766 0.370117
-0.384766 -0.390625
0.394531 0.255859
0.477539 -0.408203
0.454102 -0.339844
-0.336914 -0.403320
-0.432617 -0.495117
-0.294922 0.438477
0.362305 -0.328125
0.392578 0.428711
-0.409180 0.368164
-0.266602 0.270508
-0.313477 0.375977
0.475586 -0.466797
-0.283203 -0.452148
0.441406 0.269531
0.431641 0.307617
0.352539 -0.296875
-0.488281 0.255859
-0.361328 0.288086
0.454102 0.389648
-0.351562 0.327148
0.455078 0.285156
-0.469727 -0.305664
0.480469 0.498047
0.429688 -0.404297
-0.373047 0.297852
-0.474609 -0.318359
-0.280273 -0.275391
0.312500 -0.330078
0.494141 0.333008
0.389648 -0.446289
-0.431641 0.374023
0.412109 0.319336
0.288086 -0.472656
-0.265625 0.466797
0.414062 -0.328125
-0.371094 -0.466797
0.476562 -0.431641
0.365234 -0.347656
-0.476562 -0.305664
0.291016 -0.402344
0.327148 0.348633
0.453125 -0.398438
-0.465820 -0.486328
-0.370117 -0.361328
-0.430664 0.351562
-0.426758 -0.278320
-0.466797 -0.434570
-0.397461 -0.358398
-0.353516 0.252930
-0.437500 0.458984
-0.266602 -0.264648
-0.437500 0.427734
-0.440430 -0.261719
-0.254883 0.392578
-0.259766 -0.340820
0.267578 -0.387695
0.312500 -0.458984
0.480469 0.293945
0.416992 -0.251953
-0.264648 -0.474609
0.444336 -0.297852
-0.428711 -0.338867
0.336914 0.430664
0.441406 -0.404297
-0.345703 -0.458984
-0.496094 -0.287109
0.335938 -0.390625
0.362305 -0.285156
-0.471680 0.354492
-0.457031 0.360352
-0.343750 0.341797
0.356445 -0.436523
0.350586 0.326172
-0.343750 -0.358398
-0.320312 -0.262695
0.401367 0.403320
-0.483398 -0.338867
0.297852 -0.374023
0.266602 -0.426758
-0.338867 0.348633
-0.469727 0.433594
-0.473633 0.293945
-0.329102 -0.368164
0.405273 -0.407227
-0.392578 -0.339844
0.464844 0.369141
-0.433594 0.250000
0.269531 -0.387695
0.360352 -0.415039
-0.383789 -0.358398
-0.343750 -0.405273
0.360352 0.342773
-0.414062 -0.315430
-0.495117 -0.259766
0.378906 -0.346680
-0.297852 0.311523
-0.358398 0.401367
-0.317383 0.383789
-0.292969 0.444336
-0.469727 0.250000
0.418945 -0.422852
-0.443359 -0.400391
-0.457031 0.444336
0.428711 -0.332031
0.405273 -0.374023
-0.418945 0.412109
-0.294922 -0.261719
0.303711 0.404297
0.347656 0.410156
0.278320 0.490234
-0.492188 0.381836
-0.285156 -0.363281
-0.498047 0.341797
-0.388672 0.282227
0.440430 0.490234
-0.464844 0.368164
0.483398 -0.294922
-0.303711 -0.399414
0.428711 -0.459961
0.465820 0.376953
-0.299805 -0.310547
0.359375 -0.315430
-0.294922 0.391602
0.387695 -0.360352
0.397461 -0.348633
-0.458984 -0.264648
0.258789 -0.471680
-0.435547 -0.281250
0.276367 -0.413086
-0.459961 0.408203
0.387695 -0.477539
-0.320312 -0.377930
-0.280273 0.325195
-0.400391 0.285156
0.341797 -0.291016
-0.276367 -0.369141
-0.391602 0.445312
0.343750 0.311523
-0.437500 -0.417969
-0.274414 -0.406250
-0.271484 0.406250
-0.449219 -0.303711
-0.490234 0.415039
0.323242 -0.306641
0.274414 0.394531
0.278320 0.292969
-0.410156 -0.404297
-0.316406 -0.323242
0.446289 0.398438
0.317383 0.436523
-0.327148 -0.326172
0.257812 -0.438477
-0.359375 0.493164
-0.487305 0.258789
-0.294922 -0.357422
0.393555 0.304688
-0.267578 0.347656
0.403320 0.465820
0.414062 0.419922
0.277344 0.439453
0.457031 0.453125
-0.277344 -0.410156
-0.387695 -0.431641
-0.271484 -0.309570
0.377930 -0.436523
-0.260742 -0.294922
-0.414062 -0.283203
0.333984 -0.455078
0.455078 0.359375
0.432617 -0.386719
-0.416992 -0.290039
0.429688 0.299805
-0.300781 0.333008
-0.472656 -0.498047
0.398438 0.474609
0.421875 -0.420898
0.433594 0.382812
0.358398 -0.432617
-0.457031 -0.393555
0.457031 0.314453
-0.369141 -0.358398
-0.414062 -0.394531
-0.481445 -0.329102
0.426758 -0.302734
0.360352 -0.495117
0.253906 -0.424805
-0.327148 -0.274414
0.330078 -0.397461
0.318359 0.394531
-0.309570 -0.371094
-0.338867 -0.434570
0.463867 0.474609
0.459961 -0.268555
0.252930 -0.390625
0.494141 -0.321289
0.471680 -0.310547
-0.283203 -0.368164
0.417969 -0.478516
-0.318359 0.424805
-0.275391 0.377930
0.312500 0.316406
-0.287109 0.464844
0.470703 0.437500
-0.446289 -0.275391
-0.323242 -0.251953
0.493164 -0.461914
-0.325195 -0.264648
0.320312 -0.267578
0.442383 0.476562
-0.438477 -0.279297
-0.401367 -0.441406
0.336914 0.451172
-0.454102 -0.287109
-0.369141 -0.293945
-0.439453 0.423828
-0.375000 -0.310547
0.416992 -0.387695
-0.365234 -0.282227
0.000000 0.395508
-0.479492 -0.326172
0.258789 0.287109
0.375977 0.291992
-0.313477 -0.421875
-0.379883 -0.301758
0.434570 -0.474609
-0.474609 -0.479492
-0.482422 0.324219
-0.421875 -0.272461
0.430664 -0.256836
0.455078 0.275391
0.413086 -0.334961
-0.262695 0.473633
0.425781 -0.360352
0.425781 0.388672
0.305664 0.456055
-0.389648 0.447266
0.450195 -0.415039
-0.388672 0.314453
-0.284180 -0.253906
-0.296875 0.463867
-0.361328 -0.283203
0.470703 -0.253906
0.429688 0.360352
-0.318359 -0.364258
-0.422852 0.262695
0.457031 -0.285156
0.270508 -0.297852
0.381836 0.318359
-0.259766 -0.423828
-0.417969 -0.351562
0.456055 0.279297
-0.333984 -0.465820
-0.467773 0.395508
0.310547 0.400391
-0.444336 0.445312
-0.379883 0.360352
0.406250 0.316406
0.310547 0.251953
-0.457031 0.353516
-0.406250 0.288086
-0.407227 0.488281
-0.458008 0.377930
0.437500 -0.357422
-0.410156 -0.449219
0.412109 -0.471680
-0.316406 0.284180
-0.458008 0.331055
0.490234 0.417969
-0.314453 -0.348633
0.417969 -0.289062
0.272461 0.434570
-0.368164 0.461914
-0.265625 -0.479492
-0.455078 -0.490234
-0.415039 0.296875
-0.277344 0.288086
0.481445 0.318359
0.446289 0.484375
0.493164 -0.350586
-0.398438 -0.258789
-0.361328 -0.466797
0.398438 -0.298828
-0.319336 0.381836
0.343750 -0.426758
0.490234 0.465820
-0.283203 0.274414
-0.292969 -0.470703
-0.290039 -0.415039
0.273438 0.457031
0.256836 -0.391602
0.307617 0.487305
0.436523 -0.269531
-0.351562 0.331055
-0.252930 -0.379883
0.288086 0.440430
0.371094 -0.297852
0.266602 -0.444336
0.478516 0.422852
-0.490234 -0.495117
0.454102 0.466797
0.422852 -0.369141
0.325195 0.486328
0.471680 -0.401367
-0.459961 0.287109
0.317383 -0.318359
-0.382812 0.253906
0.486328 -0.471680
-0.433594 -0.295898
0.395508 0.282227
0.353516 -0.260742
0.447266 0.286133
-0.438477 0.487305
0.291016 0.494141
0.261719 -0.411133
-0.308594 -0.419922
-0.496094 -0.443359
0.361328 -0.380859
-0.304688 -0.390625
0.454102 -0.431641
-0.486328 0.371094
0.311523 -0.320312
0.382812 0.268555
0.420898 0.325195
0.401367 0.289062
0.421875 -0.389648
-0.486328 -0.336914
0.371094 -0.485352
-0.451172 0.395508
0.356445 -0.328125
-0.327148 0.454102
0.412109 0.291016
-0.359375 0.294922
-0.420898 -0.418945
-0.381836 0.272461
0.314453 0.416016
-0.261719 0.377930
0.349609 0.366211
0.395508 -0.406250
0.433594 -0.411133
-0.305664 -0.443359
0.327148 0.430664
0.308594 -0.418945
-0.269531 -0.494141
0.416992 0.463867
0.254883 0.344727
-0.276367 0.393555
0.380859 -0.372070
0.470703 -0.375977
-0.250977 0.349609
-0.281250 0.473633
0.487305 -0.324219
-0.471680 -0.406250
-0.328125 -0.412109
-0.415039 0.287109
0.370117 0.336914
-0.342773 -0.427734
-0.391602 -0.458984
-0.340820 -0.453125
0.470703 -0.303711
0.463867 0.474609
0.426758 -0.301758
-0.491211 0.399414
0.331055 0.382812
-0.436523 0.479492
0.442383 0.435547
0.459961 -0.422852
-0.322266 0.435547
0.411133 -0.454102
-0.331055 -0.381836
0.464844 -0.477539
-0.400391 0.388672
0.464844 0.391602
-0.339844 0.416016
0.317383 0.485352
0.310547 -0.423828
-0.303711 0.450195
0.460938 0.346680
-0.289062 -0.420898
-0.483398 -0.346680
0.447266 0.290039
-0.369141 -0.469727
-0.362305 0.313477
0.369141 0.337891
-0.374023 -0.497070
0.377930 -0.337891
-0.365234 -0.407227
-0.484375 0.370117
0.250000 -0.436523
0.279297 -0.288086
0.375977 -0.314453
-0.255859 -0.307617
0.333008 -0.342773
-0.404297 0.334961
-0.401367 -0.341797
-0.281250 0.343750
-0.388672 0.474609
-0.319336 -0.497070
0.385742 0.281250
0.313477 -0.417969
-0.379883 0.477539
0.486328 0.353516
0.282227 0.406250
-0.466797 -0.288086
-0.391602 -0.370117
-0.343750 0.264648
0.260742 0.303711
-0.464844 -0.356445
0.302734 -0.396484
-0.284180 -0.362305
-0.473633 0.478516
-0.259766 -0.338867
-0.493164 0.446289
0.360352 0.404297
-0.325195 0.447266
-0.460938 0.418945
-0.446289 -0.277344
0.330078 0.257812
-0.321289 0.490234
-0.407227 -0.351562
-0.402344 -0.376953
0.381836 -0.411133
-0.266602 0.366211
-0.276367 -0.416016
-0.252930 -0.461914
0.355469 -0.343750
0.434570 -0.498047
0.406250 -0.382812
-0.454102 -0.392578
0.333984 0.464844
0.309570 -0.355469
0.346680 -0.342773
0.298828 -0.265625
0.391602 0.366211
-0.317383 0.487305
-0.343750 -0.281250
-0.266602 -0.432617
0.446289 0.378906
0.392578 0.262695
-0.377930 -0.275391
-0.484375 0.453125
-0.300781 -0.273438
0.347656 0.303711
-0.431641 -0.471680
-0.398438 0.356445
-0.334961 -0.406250
0.430664 -0.428711
0.311523 -0.342773
0.435547 0.251953
0.302734 -0.396484
-0.262695 -0.341797
-0.288086 0.267578
0.495117 0.482422
-0.261719 -0.490234
-0.327148 0.252930
0.317383 0.328125
-0.328125 -0.416992
-0.422852 -0.389648
0.379883 -0.420898
-0.402344 -0.482422
-0.493164 -0.418945
0.316406 0.380859
-0.484375 0.296875
0.280273 0.334961
0.257812 0.255859
0.344727 0.322266
0.373047 0.381836
0.268555 0.443359
0.321289 0.376953
-0.457031 -0.464844
0.343750 0.462891
-0.332031 -0.285156
0.489258 0.405273
0.468750 -0.499023
-0.273438 -0.361328
0.393555 -0.490234
-0.443359 -0.338867
-0.351562 -0.406250
0.377930 0.254883
0.375000 -0.336914
0.268555 0.466797
0.446289 0.305664
-0.293945 -0.348633
0.360352 -0.299805
-0.388672 0.252930
-0.455078 -0.310547
-0.487305 0.384766
0.308594 0.256836
0.450195 -0.362305
-0.497070 -0.479492
-0.326172 0.413086
0.373047 -0.264648
-0.493164 0.471680
0.419922 -0.317383
-0.333984 -0.252930
0.489258 -0.333008
-0.317383 0.350586
-0.315430 0.265625
0.437500 -0.418945
-0.457031 0.295898
-0.271484 -0.395508
0.328125 0.384766
-0.378906 0.379883
-0.356445 0.382812
0.250977 -0.258789
0.455078 -0.278320
-0.409180 0.445312
0.482422 -0.267578
-0.426758 0.375977
0.288086 0.275391
0.366211 0.442383
0.292969 0.426758
0.424805 -0.384766
0.286133 0.343750
0.356445 0.398438
0.398438 0.292969
0.492188 0.416992
0.373047 -0.283203
0.446289 -0.324219
0.353516 -0.423828
0.297852 0.418945
0.251953 -0.414062
0.432617 0.401367
-0.313477 0.337891
0.433594 -0.267578
0.308594 -0.320312
0.298828 0.376953
-0.273438 -0.421875
-0.367188 -0.291016
-0.375977 -0.387695
0.334961 0.452148
-0.471680 -0.440430
-0.313477 -0.329102
-0.438477 0.456055
-0.397461 0.366211
0.392578 0.373047
-0.293945 -0.383789
0.464844 -0.475586
-0.258789 -0.441406
0.477539 -0.299805
-0.273438 0.390625
0.437500 0.382812
-0.379883 0.454102
-0.495117 0.309570
-0.347656 0.322266
-0.279297 -0.426758
0.333984 -0.295898
-0.439453 0.268555
-0.444336 0.334961
-0.329102 -0.443359
-0.458984 0.413086
0.486328 0.366211
0.305664 -0.479492
0.317383 0.379883
-0.355469 0.316406
0.368164 0.265625
-0.449219 -0.307617
-0.474609 -0.446289
0.324219 0.444336
-0.382812 0.368164
-0.457031 0.390625
-0.250977 -0.343750
0.398438 -0.262695
-0.353516 0.396484
0.303711 0.372070
0.378906 -0.349609
-0.454102 -0.354492
-0.364258 -0.295898
-0.367188 -0.438477
-0.321289 0.421875
0.356445 -0.310547
0.395508 0.291016
0.466797 0.470703
0.324219 -0.461914
-0.261719 0.484375
0.325195 -0.449219
-0.426758 -0.412109
-0.473633 -0.277344
-0.339844 -0.251953
0.459961 -0.275391
-0.403320 -0.261719
0.258789 -0.452148
-0.260742 0.260742
-0.385742 -0.414062
0.439453 0.411133
-0.432617 0.351562
-0.324219 0.307617
-0.377930 0.333984
0.496094 -0.447266
0.483398 0.364258
-0.470703 -0.419922
-0.335938 -0.288086
-0.275391 0.333008
-0.477539 -0.436523
0.336914 -0.448242
-0.302734 0.339844
-0.439453 0.380859
0.287109 -0.256836
-0.419922 0.321289
0.468750 0.269531
-0.315430 0.482422
-0.347656 0.298828
0.488281 0.421875
-0.370117 0.259766
-0.378906 0.255859
-0.449219 -0.263672
-0.303711 -0.396484
0.443359 0.260742
-0.314453 0.286133
0.352539 0.398438
-0.268555 -0.416992
-0.418945 -0.367188
0.284180 -0.261719
0.334961 0.406250
0.360352 0.257812
-0.480469 -0.434570
-0.458984 0.432617
-0.251953 0.324219
0.265625 0.397461
-0.472656 -0.265625
0.283203 0.390625
0.473633 -0.457031
-0.424805 0.293945
-0.256836 -0.338867
0.360352 0.348633
0.282227 0.377930
-0.266602 0.389648
0.353516 0.298828
0.315430 -0.256836
-0.327148 0.387695
-0.290039 0.368164
0.361328 0.339844
0.391602 -0.339844
0.317383 0.416992
-0.435547 -0.283203
0.446289 -0.266602
0.388672 0.260742
-0.403320 0.348633
0.340820 0.256836
0.420898 0.429688
0.362305 -0.333984
-0.275391 -0.419922
0.317383 -0.361328
0.284180 0.339844
-0.335938 0.317383
0.469727 -0.280273
-0.404297 0.317383
0.361328 -0.487305
0.328125 0.304688
0.474609 0.497070
-0.471680 0.482422
-0.459961 -0.466797
0.300781 -0.339844
-0.336914 0.399414
0.000000 0.465820
-0.394531 -0.359375
-0.486328 -0.375000
-0.259766 -0.484375
-0.454102 -0.384766
-0.335938 -0.440430
0.299805 0.378906
0.293945 -0.388672
0.317383 -0.362305
-0.340820 -0.442383
-0.344727 0.250000
0.480469 0.413086
0.385742 0.411133
0.486328 -0.284180
0.345703 0.376953
0.314453 -0.379883
0.397461 0.262695
-0.300781 0.419922
0.349609 0.353516
-0.458984 -0.376953
-0.434570 -0.280273
0.306641 -0.431641
-0.345703 0.335938
-0.389648 0.453125
-0.486328 -0.271484
-0.330078 -0.493164
0.389648 -0.379883
-0.255859 0.444336
0.453125 0.337891
0.488281 -0.330078
0.310547 -0.311523
-0.409180 -0.383789
-0.287109 0.354492
0.377930 0.449219
-0.383789 -0.277344
0.484375 0.269531
-0.390625 0.471680
-0.449219 0.280273
-0.380859 -0.413086
0.284180 0.314453
-0.342773 0.356445
-0.417969 0.443359
0.256836 0.283203
0.322266 0.298828
-0.369141 -0.286133
0.268555 -0.414062
0.443359 0.368164
0.431641 -0.329102
0.464844 0.317383
-0.409180 0.467773
0.270508 0.345703
-0.422852 0.255859
0.496094 -0.494141
0.258789 0.416016
-0.451172 -0.474609
-0.420898 0.445312
-0.442383 -0.345703
0.355469 -0.494141
-0.306641 0.346680
0.421875 -0.385742
0.406250 -0.390625
-0.422852 0.460938
0.452148 -0.321289
-0.327148 0.250000
-0.497070 -0.408203
-0.438477 0.264648
0.480469 -0.420898
0.476562 0.308594
-0.369141 -0.424805
0.313477 0.497070
0.257812 -0.462891
-0.345703 0.274414
0.359375 -0.375977
-0.274414 0.389648
0.348633 -0.335938
0.398438 0.458008
0.351562 -0.289062
-0.315430 -0.403320
-0.493164 0.375000
-0.449219 0.498047
-0.482422 0.489258
0.286133 -0.312500
-0.376953 -0.479492
0.484375 -0.415039
-0.495117 -0.450195
-0.374023 0.353516
-0.480469 0.497070
-0.428711 0.411133
-0.455078 -0.366211
-0.300781 0.341797
-0.418945 0.329102
0.254883 0.329102
-0.373047 0.321289
0.386719 -0.401367
-0.261719 -0.292969
-0.299805 -0.263672
-0.468750 -0.314453
-0.466797 -0.364258
0.290039 -0.492188
-0.446289 -0.327148
-0.304688 0.416992
-0.374023 -0.381836
-0.429688 0.275391
0.288086 -0.356445
0.429688 0.417969
-0.440430 -0.333984
0.459961 -0.324219
-0.358398 -0.345703
0.475586 0.362305
-0.499023 0.376953
-0.262695 0.413086
-0.348633 0.469727
0.404297 -0.275391
0.347656 -0.433594
0.280273 -0.375977
0.286133 -0.410156
0.363281 0.282227
0.268555 -0.270508
-0.391602 -0.266602
-0.338867 0.440430
-0.332031 -0.419922
0.359375 -0.279297
0.266602 0.283203
0.359375 0.290039
-0.270508 0.371094
0.371094 -0.353516
-0.443359 -0.273438
0.336914 0.381836
0.333008 -0.482422
-0.456055 0.488281
-0.394531 -0.306641
0.429688 0.281250
0.259766 0.365234
-0.465820 0.429688
0.291016 -0.275391
0.444336 0.448242
-0.251953 -0.411133
0.428711 0.416992
0.494141 0.472656
0.356445 -0.476562
0.304688 -0.496094
0.361328 0.428711
-0.291016 0.372070
-0.414062 0.333984
0.348633 0.341797
-0.285156 0.466797
0.488281 0.283203
0.382812 -0.375000
-0.282227 -0.494141
0.423828 0.265625
-0.263672 -0.405273
0.292969 0.496094
0.496094 0.282227
0.369141 -0.276367
0.344727 0.304688
-0.270508 -0.430664
-0.296875 -0.467773
0.360352 -0.452148
-0.330078 -0.433594
-0.375000 0.370117
0.320312 0.344727
-0.279297 -0.377930
0.362305 -0.299805
-0.309570 0.426758
-0.341797 -0.339844
0.463867 -0.410156
-0.474609 -0.319336
0.258789 -0.409180
-0.428711 0.363281
-0.445312 -0.338867
-0.269531 -0.415039
-0.275391 -0.424805
-0.484375 0.346680
0.280273 -0.368164
0.375000 -0.482422
-0.417969 -0.289062
0.451172 -0.462891
-0.298828 -0.373047
0.371094 0.496094
-0.451172 0.420898
-0.412109 0.400391
-0.297852 -0.441406
-0.302734 0.312500
0.290039 0.418945
0.470703 0.403320
-0.365234 0.307617
0.278320 0.360352
-0.265625 -0.383789
0.414062 0.452148
-0.442383 -0.382812
-0.281250 0.426758
0.479492 0.258789
0.281250 0.300781
-0.434570 -0.288086
0.370117 0.463867
0.299805 0.275391
-0.400391 0.418945
-0.288086 -0.366211
0.254883 0.314453
-0.261719 0.347656
-0.472656 0.340820
-0.468750 0.292969
0.323242 0.419922
0.301758 -0.302734
-0.338867 0.474609
-0.347656 -0.259766
-0.441406 0.489258
-0.257812 -0.405273
-0.314453 0.379883
0.497070 -0.339844
0.424805 -0.362305
0.434570 -0.416992
0.371094 -0.478516
-0.411133 -0.417969
-0.339844 0.498047
0.349609 0.422852
0.410156 0.482422
0.440430 0.303711
0.411133 0.293945
-0.382812 0.253906
-0.398438 -0.345703
-0.455078 -0.455078
-0.286133 0.387695
-0.308594 0.481445
0.375977 0.391602
0.453125 0.309570
0.313477 0.295898
-0.406250 0.370117
-0.333008 -0.367188
0.452148 0.472656
0.337891 -0.328125
0.268555 0.370117
-0.376953 0.499023
0.330078 -0.418945
0.300781 0.256836
-0.479492 -0.349609
-0.331055 0.349609
-0.257812 0.380859
0.461914 0.301758
-0.454102 0.357422
0.400391 0.314453
-0.334961 -0.446289
-0.476562 0.458008
-0.434570 -0.409180
0.337891 0.295898
0.444336 -0.319336
-0.329102 -0.366211
-0.458984 -0.403320
-0.492188 0.432617
0.443359 0.418945
0.458984 0.323242
0.498047 -0.318359
0.379883 -0.463867
0.274414 0.398438
-0.456055 0.400391
0.424805 0.345703
-0.358398 0.000000
-0.363281 0.339844
0.253906 0.384766
0.285156 -0.371094
0.319336 -0.330078
-0.267578 0.388672
-0.495117 -0.324219
-0.390625 -0.313477
-0.260742 -0.311523
0.295898 -0.331055
-0.433594 0.251953
-0.314453 -0.428711
0.339844 0.306641
-0.305664 -0.443359
-0.339844 0.346680
0.344727 -0.254883
0.320312 -0.338867
-0.355469 -0.330078
0.414062 -0.418945
0.339844 0.298828
-0.366211 -0.469727
-0.494141 -0.420898
-0.353516 -0.419922
0.313477 0.405273
0.331055 -0.458008
-0.324219 -0.264648
-0.487305 -0.457031
0.368164 0.473633
-0.260742 0.370117
-0.421875 -0.381836
0.472656 0.292969
-0.278320 -0.464844
0.490234 0.383789
-0.258789 -0.397461
-0.375000 0.291992
0.461914 0.344727
0.389648 0.270508
0.477539 -0.457031
0.364258 -0.378906
0.393555 -0.301758
-0.369141 -0.365234
-0.352539 -0.422852
0.399414 0.436523
0.478516 0.470703
0.353516 -0.444336
-0.475586 -0.351562
-0.395508 0.387695
0.368164 0.375977
-0.457031 -0.384766
0.250000 -0.251953
-0.282227 -0.494141
-0.465820 0.438477
0.280273 0.401367
0.383789 0.373047
0.383789 -0.431641
0.488281 -0.311523
0.322266 0.475586
-0.454102 -0.291992
-0.461914 0.418945
-0.402344 -0.422852
-0.456055 0.305664
-0.341797 -0.480469
-0.361328 0.267578
0.497070 -0.392578
-0.292969 -0.326172
0.269531 0.273438
-0.262695 0.454102
-0.414062 -0.316406
-0.414062 -0.448242
0.484375 0.469727
0.396484 -0.319336
-0.368164 -0.319336
0.426758 0.440430
0.481445 -0.301758
0.453125 -0.283203
0.456055 -0.264648
0.259766 -0.317383
-0.375000 0.407227
-0.379883 -0.434570
-0.282227 -0.251953
-0.455078 -0.254883
-0.330078 0.399414
0.434570 -0.391602
0.297852 -0.387695
-0.327148 0.465820
-0.436523 -0.464844
-0.448242 -0.290039
0.260742 -0.340820
0.300781 0.271484
0.336914 -0.330078
0.377930 0.296875
0.430664 0.317383
-0.465820 0.364258
-0.404297 0.293945
-0.445312 0.403320
-0.458984 0.496094
0.455078 0.379883
-0.403320 0.402344
0.275391 -0.316406
0.495117 -0.311523
0.493164 -0.494141
0.426758 -0.420898
0.459961 0.400391
-0.291992 0.287109
-0.365234 -0.420898
0.268555 0.301758
0.257812 0.372070
-0.452148 -0.375000
0.487305 -0.352539
0.262695 0.463867
0.408203 0.395508
0.373047 -0.269531
-0.326172 0.497070
0.468750 -0.387695
0.435547 -0.363281
-0.344727 0.302734
-0.416992 -0.348633
0.405273 0.413086
-0.306641 0.487305
-0.295898 0.408203
0.458008 0.342773
-0.293945 0.327148
-0.251953 0.393555
0.484375 0.391602
0.324219 0.445312
0.344727 -0.493164
-0.391602 -0.349609
-0.480469 -0.491211
0.270508 0.381836
0.475586 0.414062
0.300781 -0.333008
0.401367 0.277344
-0.431641 0.498047
0.353516 -0.344727
0.285156 -0.298828
0.380859 -0.455078
-0.366211 0.404297
0.352539 -0.467773
-0.285156 -0.441406
-0.437500 0.278320
0.336914 0.287109
-0.418945 0.319336
-0.457031 0.267578
-0.314453 -0.430664
-0.346680 -0.310547
-0.416016 -0.250977
0.468750 -0.284180
-0.493164 0.363281
-0.342773 0.261719
-0.353516 -0.271484
-0.270508 0.260742
0.265625 0.399414
0.362305 0.477539
-0.314453 0.260742
-0.261719 0.302734
0.253906 0.375000
0.404297 0.320312
-0.264648 -0.400391
-0.437500 0.338867
0.473633 0.330078
-0.435547 0.438477
-0.467773 -0.389648
-0.252930 0.466797
0.392578 -0.257812
-0.354492 0.272461
-0.313477 0.358398
0.480469 0.378906
0.285156 0.354492
-0.320312 -0.359375
0.454102 0.409180
-0.394531 0.307617
-0.321289 -0.295898
0.488281 0.309570
-0.405273 0.353516
0.477539 0.447266
0.384766 0.385742
-0.416016 -0.481445
0.331055 -0.451172
-0.343750 0.345703
-0.372070 -0.474609
0.416016 0.477539
0.397461 -0.421875
0.454102 0.261719
0.265625 0.471680
0.457031 0.340820
-0.316406 0.427734
0.316406 0.493164
-0.393555 -0.284180
-0.361328 -0.362305
0.471680 0.388672
-0.442383 -0.331055
0.318359 -0.484375
-0.375000 -0.317383
0.267578 -0.333984
0.424805 -0.480469
0.430664 0.250977
0.433594 0.443359
-0.274414 -0.277344
-0.473633 -0.393555
0.429688 0.493164
0.402344 0.389648
-0.331055 0.324219
-0.417969 -0.475586
0.454102 0.290039
0.491211 0.302734
-0.301758 0.318359
-0.464844 -0.426758
-0.427734 -0.325195
0.438477 -0.447266
0.398438 -0.376953
0.496094 0.400391
-0.333008 0.391602
0.254883 0.352539
-0.356445 0.433594
-0.463867 -0.398438
0.401367 0.339844
-0.440430 0.469727
0.482422 -0.339844
0.324219 0.306641
0.287109 -0.262695
0.267578 0.420898
-0.367188 -0.436523
-0.395508 -0.279297
0.343750 0.000000
-0.387695 -0.380859
-0.441406 -0.369141
-0.480469 -0.361328
0.352539 0.346680
-0.483398 -0.496094
-0.355469 -0.341797
0.281250 0.429688
-0.300781 -0.386719
0.307617 -0.372070
0.467773 -0.451172
-0.326172 0.489258
0.319336 0.296875
0.274414 -0.274414
-0.342773 0.344727
0.417969 -0.336914
-0.272461 0.307617
-0.432617 -0.261719
0.350586 0.459961
0.360352 -0.371094
-0.349609 0.444336
0.444336 0.314453
-0.253906 -0.355469
-0.479492 0.262695
-0.255859 -0.406250
0.362305 0.279297
-0.258789 -0.336914
0.476562 0.462891
0.413086 -0.361328
0.405273 -0.432617
-0.325195 -0.309570
-0.408203 0.445312
-0.284180 -0.408203
-0.437500 -0.367188
-0.343750 0.430664
-0.409180 -0.491211
0.372070 0.445312
0.351562 0.320312
0.489258 0.449219
0.475586 0.268555
0.353516 -0.258789
0.275391 -0.293945
-0.306641 -0.273438
0.285156 0.359375
-0.419922 0.361328
-0.360352 0.414062
-0.386719 0.433594
-0.298828 -0.395508
-0.297852 -0.471680
-0.306641 0.394531
-0.374023 0.421875
0.497070 -0.343750
0.477539 -0.462891
-0.367188 -0.330078
0.440430 0.430664
0.327148 -0.394531
-0.257812 -0.302734
0.434570 -0.443359
0.490234 -0.480469
0.365234 -0.445312
0.479492 0.493164
-0.458008 0.350586
0.425781 -0.288086
0.283203 -0.329102
0.475586 0.472656
0.388672 0.480469
-0.312500 0.365234
-0.426758 -0.306641
-0.424805 0.339844
0.272461 -0.366211
-0.314453 0.254883
-0.283203 0.421875
-0.474609 0.279297
-0.437500 0.349609
-0.430664 0.375977
-0.306641 -0.334961
0.418945 0.494141
0.263672 -0.420898
-0.415039 0.465820
0.335938 -0.335938
-0.274414 0.458984
0.416016 -0.284180
-0.461914 -0.251953
-0.471680 0.482422
0.422852 0.400391
0.338867 -0.403320
0.336914 0.390625
0.250000 0.361328
-0.284180 0.489258
-0.282227 0.466797
-0.360352 -0.315430
0.457031 -0.450195
0.353516 0.250000
-0.458008 0.417969
-0.409180 0.441406
0.317383 -0.400391
-0.461914 -0.297852
0.377930 0.292969
-0.346680 -0.389648
0.278320 -0.370117
0.424805 -0.301758
0.487305 -0.438477
-0.469727 -0.388672
0.488281 -0.440430
-0.274414 -0.496094
0.296875 -0.339844
-0.312500 0.390625
-0.446289 0.311523
0.390625 -0.418945
-0.299805 0.304688
0.463867 -0.307617
-0.352539 0.482422
0.399414 -0.405273
-0.289062 0.272461
0.277344 -0.450195
0.452148 0.481445
-0.363281 -0.360352
0.458984 -0.350586
0.422852 0.496094
0.458008 -0.358398
0.363281 -0.316406
-0.469727 -0.453125
0.470703 0.491211
-0.407227 0.291992
0.280273 -0.266602
-0.354492 0.291992
0.250000 -0.427734
-0.293945 0.309570
-0.306641 -0.288086
-0.310547 -0.419922
0.430664 -0.284180
0.389648 -0.371094
0.259766 -0.437500
-0.418945 -0.404297
-0.302734 0.427734
-0.355469 -0.272461
0.336914 -0.432617
0.485352 -0.386719
-0.479492 -0.459961
0.394531 -0.420898
0.426758 0.384766
0.375000 -0.447266
-0.482422 -0.257812
0.335938 -0.426758
-0.297852 0.306641
0.424805 -0.491211
0.406250 0.315430
-0.359375 0.403320
-0.356445 -0.266602
0.265625 0.256836
-0.441406 -0.406250
0.496094 0.428711
0.254883 0.372070
-0.434570 -0.288086
-0.357422 -0.354492
0.489258 0.000000
0.377930 -0.359375
0.466797 0.372070
0.357422 -0.331055
0.338867 0.253906
-0.392578 0.311523
0.362305 -0.278320
0.270508 -0.392578
0.467773 0.378906
0.290039 0.350586
-0.489258 -0.397461
-0.264648 0.487305
0.419922 0.348633
-0.379883 0.496094
-0.491211 -0.438477
0.413086 0.468750
-0.380859 -0.375000
0.333008 -0.459961
-0.409180 -0.342773
0.386719 -0.379883
0.478516 0.327148
0.487305 0.338867
0.283203 -0.254883
0.364258 0.407227
0.342773 0.371094
0.344727 -0.460938
0.403320 -0.277344
0.479492 0.406250
0.284180 -0.417969
0.337891 -0.483398
0.390625 -0.250977
-0.314453 -0.271484
-0.262695 0.266602
-0.360352 -0.453125
0.496094 0.430664
-0.256836 -0.328125
0.478516 0.258789
0.321289 -0.317383
0.306641 0.476562
0.299805 -0.415039
0.448242 0.440430
-0.395508 0.354492
-0.388672 0.323242
-0.433594 0.452148
0.418945 -0.281250
-0.291016 -0.308594
-0.377930 -0.270508
-0.415039 -0.303711
-0.493164 0.478516
0.291992 -0.441406
-0.475586 0.330078
-0.410156 -0.295898
-0.475586 -0.491211
0.483398 0.313477
0.385742 -0.323242
0.465820 -0.435547
-0.321289 0.386719
-0.486328 0.284180
0.392578 -0.272461
0.296875 -0.468750
-0.384766 0.335938
0.433594 0.458008
0.448242 0.322266
-0.490234 -0.302734
0.303711 -0.440430
0.433594 0.400391
-0.401367 -0.385742
-0.388672 0.398438
0.262695 -0.471680
-0.250977 0.384766
0.309570 0.476562
-0.479492 0.324219
-0.360352 0.251953
-0.334961 -0.257812
-0.410156 0.375977
0.491211 0.354492
-0.375000 -0.492188
-0.387695 0.431641
0.454102 -0.281250
-0.368164 -0.384766
-0.288086 -0.453125
0.358398 0.327148
-0.270508 -0.343750
-0.482422 -0.253906
0.299805 0.259766
0.291992 -0.273438
-0.294922 0.372070
0.398438 0.398438
-0.352539 0.322266
0.299805 -0.425781
-0.368164 0.325195
0.496094 0.439453
-0.338867 0.298828
-0.259766 0.409180
-0.442383 0.471680
0.396484 0.383789
-0.471680 -0.277344
-0.495117 -0.475586
-0.487305 0.447266
-0.458008 -0.460938
-0.294922 -0.360352
-0.317383 0.349609
-0.467773 -0.271484
0.307617 0.375000
-0.270508 -0.375000
0.309570 -0.444336
-0.468750 0.250977
-0.319336 -0.393555
0.395508 0.264648
-0.285156 0.367188
-0.487305 -0.495117
-0.477539 0.495117
0.261719 -0.390625
0.463867 -0.393555
-0.368164 -0.404297
0.438477 0.375977
-0.494141 -0.406250
0.391602 0.446289
-0.409180 0.277344
-0.271484 0.397461
-0.377930 0.428711
-0.269531 0.390625
0.389648 0.444336
0.437500 0.479492
0.463867 0.454102
0.328125 0.460938
0.410156 -0.391602
-0.496094 0.493164
-0.370117 0.473633
0.471680 -0.381836
0.353516 0.328125
0.488281 -0.340820
-0.306641 -0.455078
0.287109 0.386719
-0.487305 -0.383789
0.414062 -0.336914
0.275391 -0.254883
0.250000 -0.287109
0.392578 0.315430
-0.316406 0.490234
0.460938 0.409180
0.275391 -0.473633
-0.323242 0.439453
-0.395508 0.479492
-0.438477 0.322266
0.415039 -0.467773
-0.465820 0.485352
0.494141 -0.403320
-0.282227 0.402344
-0.364258 -0.279297
0.267578 -0.289062
0.392578 0.424805
0.348633 0.330078
-0.296875 -0.413086
0.312500 0.389648
0.358398 0.373047
0.443359 -0.338867
-0.354492 -0.422852
-0.425781 -0.477539
0.364258 -0.391602
-0.301758 0.406250
0.327148 0.254883
-0.388672 -0.471680
0.282227 -0.299805
0.491211 -0.427734
-0.396484 -0.321289
-0.338867 0.395508
0.464844 0.489258
-0.286133 -0.323242
-0.426758 -0.494141
-0.492188 0.311523
0.424805 -0.333008
0.429688 -0.262695
0.428711 0.309570
-0.297852 -0.250977
-0.404297 -0.411133
0.389648 -0.283203
0.391602 -0.382812
-0.386719 -0.466797
-0.298828 0.287109
0.386719 0.449219
0.252930 -0.330078
0.333984 0.369141
-0.293945 -0.282227
0.451172 -0.474609
0.493164 0.393555
0.421875 0.339844
0.369141 -0.283203
0.395508 -0.345703
-0.487305 -0.403320
0.493164 0.377930
0.385742 -0.314453
-0.300781 0.489258
0.440430 0.383789
-0.348633 -0.303711
-0.374023 0.478516
-0.262695 0.423828
-0.454102 0.283203
0.263672 -0.300781
0.462891 -0.473633
0.354492 0.355469
-0.256836 -0.397461
-0.414062 0.354492
-0.298828 -0.328125
0.282227 0.421875
-0.316406 0.494141
-0.281250 -0.465820
-0.406250 -0.283203
0.399414 -0.300781
0.452148 -0.253906
0.422852 0.327148
0.452148 -0.299805
0.337891 0.375000
0.344727 0.288086
0.264648 0.321289
0.357422 0.388672
0.425781 0.389648
0.251953 0.415039
-0.385742 0.349609
0.455078 0.484375
0.488281 -0.458008
-0.373047 -0.265625
0.484375 -0.288086
0.351562 -0.444336
0.474609 -0.434570
-0.445312 0.328125
-0.288086 0.355469
-0.399414 -0.316406
0.443359 -0.322266
0.406250 -0.366211
0.484375 -0.464844
0.284180 0.328125
0.381836 -0.406250
-0.404297 -0.455078
-0.290039 0.437500
-0.312500 0.413086
0.375977 -0.492188
0.425781 -0.267578
-0.267578 0.270508
-0.433594 -0.369141
-0.379883 -0.451172
-0.474609 -0.318359
0.388672 0.326172
-0.485352 0.463867
0.271484 -0.304688
0.389648 0.447266
0.408203 -0.488281
0.411133 0.425781
-0.353516 -0.326172
-0.498047 -0.367188
-0.339844 0.347656
0.477539 -0.478516
0.266602 0.307617
-0.439453 -0.419922
-0.258789 0.438477
0.418945 0.425781
-0.257812 0.352539
0.289062 0.287109
0.408203 0.402344
-0.339844 0.381836
0.499023 0.286133
0.349609 -0.461914
0.357422 0.285156
-0.320312 0.317383
0.357422 -0.421875
0.344727 0.250000
0.337891 0.426758
0.429688 -0.324219
0.444336 0.417969
0.412109 -0.449219
-0.376953 0.309570
0.361328 0.476562
0.456055 0.421875
0.418945 -0.441406
0.313477 0.366211
-0.470703 -0.416992
0.263672 0.299805
-0.258789 0.392578
0.489258 0.260742
0.304688 -0.307617
0.360352 0.000000
-0.354492 0.400391
-0.294922 -0.361328
-0.328125 -0.450195
-0.349609 0.310547
0.259766 -0.402344
0.330078 0.346680
-0.379883 0.376953
-0.409180 0.444336
-0.363281 0.334961
-0.268555 -0.387695
-0.365234 -0.484375
-0.333984 -0.421875
0.416016 -0.320312
0.295898 -0.292969
0.275391 0.294922
-0.285156 0.371094
-0.423828 -0.488281
0.304688 -0.435547
0.353516 -0.379883
-0.408203 0.448242
0.279297 0.351562
-0.352539 0.377930
-0.303711 0.273438
-0.314453 0.349609
0.313477 0.388672
0.375000 -0.342773
-0.485352 0.434570
0.266602 0.454102
-0.373047 -0.254883
-0.393555 0.262695
0.354492 0.424805
-0.310547 0.368164
0.456055 0.448242
0.270508 0.402344
-0.350586 -0.331055
0.433594 0.285156
-0.454102 -0.374023
-0.304688 -0.400391
0.363281 0.366211
0.488281 0.308594
0.466797 0.419922
-0.456055 -0.368164
-0.271484 0.398438
-0.416016 0.254883
-0.477539 -0.383789
-0.415039 0.431641
-0.424805 0.436523
0.264648 0.409180
0.253906 0.497070
0.318359 0.466797
0.255859 0.281250
0.301758 0.268555
-0.464844 0.411133
0.433594 -0.424805
-0.332031 0.414062
0.461914 -0.262695
0.264648 -0.441406
-0.375977 0.285156
0.361328 0.272461
-0.396484 0.297852
-0.349609 0.499023
-0.266602 -0.412109
-0.252930 -0.262695
-0.369141 -0.345703
-0.416016 0.380859
0.251953 -0.308594
0.395508 0.348633
0.285156 0.339844
-0.382812 0.379883
-0.344727 -0.263672
0.431641 -0.274414
0.275391 0.290039
-0.477539 0.364258
-0.413086 0.483398
-0.478516 -0.276367
0.265625 0.393555
0.458008 0.281250
0.387695 0.468750
0.452148 0.291992
-0.308594 -0.495117
-0.286133 -0.251953
0.460938 -0.375000
0.310547 -0.433594
0.431641 0.427734
-0.436523 0.381836
0.488281 0.379883
-0.252930 -0.332031
0.313477 0.365234
-0.294922 0.328125
0.490234 -0.289062
0.337891 -0.275391
0.476562 0.345703
0.289062 -0.473633
-0.279297 -0.319336
-0.452148 -0.381836
-0.441406 -0.393555
-0.445312 -0.321289
0.420898 0.435547
0.270508 0.436523
0.250000 0.458008
-0.456055 0.448242
0.400391 -0.330078
0.481445 -0.338867
-0.331055 -0.394531
0.422852 0.369141
0.475586 -0.433594
0.466797 -0.445312
-0.400391 0.448242
0.387695 0.482422
-0.259766 -0.301758
-0.338867 0.287109
-0.443359 0.345703
-0.331055 -0.317383
-0.307617 0.406250
-0.433594 0.263672
-0.288086 0.345703
-0.375000 0.289062
-0.307617 -0.359375
0.277344 -0.320312
-0.353516 0.390625
0.439453 0.335938
0.273438 0.268555
-0.414062 0.295898
0.460938 0.488281
0.396484 -0.426758
0.291992 0.361328
-0.304688 0.427734
-0.280273 0.350586
0.266602 -0.302734
0.423828 0.439453
-0.488281 -0.343750
-0.251953 0.499023
0.273438 0.295898
-0.499023 -0.310547
-0.453125 0.253906
0.259766 0.347656
-0.337891 -0.493164
-0.301758 -0.347656
0.396484 0.334961
0.347656 -0.253906
0.354492 0.403320
-0.445312 0.378906
0.326172 -0.277344
0.293945 0.492188
-0.292969 -0.407227
0.346680 -0.447266
0.446289 -0.470703
0.250000 0.318359
0.353516 -0.462891
0.300781 -0.416016
0.479492 0.467773
-0.262695 0.343750
-0.350586 -0.409180
-0.347656 -0.330078
-0.377930 0.363281
-0.493164 0.492188
-0.299805 0.257812
-0.454102 0.325195
-0.497070 0.406250
-0.263672 0.384766
0.496094 -0.333984
0.280273 0.382812
-0.270508 -0.396484
-0.427734 -0.302734
-0.372070 0.262695
0.399414 0.458008
-0.464844 0.459961
-0.485352 0.487305
-0.392578 -0.273438
-0.378906 0.389648
-0.487305 0.378906
-0.351562 0.489258
0.271484 -0.398438
-0.383789 -0.357422
0.449219 0.272461
-0.285156 0.381836
0.290039 -0.354492
-0.369141 -0.319336
-0.251953 0.401367
-0.471680 -0.481445
0.257812 0.401367
0.442383 0.312500
0.449219 0.425781
-0.258789 -0.370117
0.390625 0.480469
-0.322266 0.000000
0.338867 -0.318359
0.441406 0.495117
0.303711 -0.421875
0.456055 -0.359375
-0.338867 -0.334961
-0.393555 -0.416016
0.392578 -0.310547
0.387695 0.318359
0.409180 0.250977
0.393555 -0.339844
0.303711 -0.438477
0.412109 -0.485352
-0.271484 -0.386719
0.274414 0.365234
-0.497070 0.351562
0.482422 0.301758
0.396484 0.377930
-0.484375 0.255859
0.430664 -0.489258
-0.412109 0.497070
0.407227 0.487305
-0.497070 0.328125
0.254883 0.384766
-0.371094 0.281250
-0.354492 0.286133
0.404297 0.492188
-0.276367 -0.466797
-0.375000 0.300781
-0.343750 0.324219
-0.314453 -0.470703
-0.404297 0.266602
0.279297 -0.281250
-0.496094 0.377930
0.463867 -0.486328
-0.315430 0.403320
0.373047 0.253906
-0.267578 -0.306641
-0.297852 -0.302734
0.480469 -0.250977
-0.483398 -0.324219
0.412109 0.445312
0.255859 0.374023
0.373047 0.283203
-0.265625 0.272461
0.285156 0.417969
0.255859 -0.299805
0.467773 -0.418945
0.398438 0.287109
-0.498047 0.397461
0.337891 0.499023
0.496094 0.439453
-0.494141 0.323242
0.452148 0.292969
-0.282227 -0.484375
0.315430 -0.272461
0.299805 -0.277344
-0.312500 0.470703
-0.391602 -0.340820
-0.492188 0.460938
-0.272461 0.399414
0.446289 0.305664
0.475586 -0.300781
-0.430664 -0.416016
0.256836 -0.337891
0.257812 0.456055
-0.348633 0.437500
-0.303711 0.480469
-0.480469 0.484375
-0.343750 0.352539
0.271484 0.350586
-0.339844 -0.301758
0.312500 0.259766
0.473633 0.410156
-0.420898 -0.304688
0.281250 0.391602
0.431641 -0.479492
-0.261719 0.456055
-0.450195 -0.413086
0.496094 0.489258
0.357422 -0.383789
-0.340820 0.378906
0.377930 -0.455078
-0.489258 -0.430664
0.282227 0.380859
-0.291016 0.489258
0.296875 -0.491211
-0.441406 0.465820
0.476562 -0.254883
0.296875 -0.385742
-0.251953 0.318359
-0.253906 -0.415039
-0.494141 0.336914
-0.460938 0.390625
0.389648 -0.331055
0.493164 0.444336
0.289062 -0.459961
-0.380859 0.293945
0.453125 -0.468750
-0.433594 0.428711
0.496094 -0.473633
-0.252930 0.379883
0.437500 -0.458008
-0.293945 0.266602
0.296875 0.250000
-0.294922 -0.259766
-0.343750 0.358398
0.352539 -0.273438
0.448242 0.420898
0.495117 -0.315430
-0.377930 0.492188
0.455078 -0.476562
-0.274414 0.439453
-0.427734 -0.362305
0.272461 -0.402344
0.387695 0.458984
-0.297852 0.299805
-0.319336 0.252930
-0.452148 -0.256836
0.446289 0.266602
0.367188 0.465820
0.271484 0.250977
0.305664 -0.360352
0.448242 -0.317383
-0.410156 -0.288086
-0.470703 0.471680
-0.417969 0.344727
0.423828 -0.266602
0.427734 0.439453
0.478516 -0.353516
-0.304688 0.436523
0.397461 -0.255859
0.275391 0.449219
-0.306641 0.390625
-0.303711 -0.353516
0.268555 -0.438477
0.366211 -0.300781
-0.408203 0.410156
-0.341797 0.473633
0.281250 -0.499023
-0.398438 -0.485352
0.337891 0.435547
0.315430 0.259766
-0.410156 -0.491211
-0.258789 0.279297
0.321289 0.365234
-0.462891 -0.265625
0.417969 -0.457031
0.428711 -0.411133
-0.257812 -0.368164
-0.341797 -0.469727
0.315430 -0.326172
-0.443359 0.375977
0.285156 0.290039
-0.361328 -0.331055
0.497070 0.406250
0.485352 -0.498047
0.388672 0.318359
-0.419922 -0.491211
0.291992 -0.286133
-0.400391 0.318359
-0.395508 -0.359375
-0.420898 -0.333008
-0.331055 0.296875
-0.291992 -0.299805
-0.441406 0.370117
0.420898 0.414062
0.373047 -0.439453
0.290039 -0.461914
0.495117 0.265625
-0.371094 -0.476562
-0.359375 0.305664
-0.416016 -0.286133
0.424805 0.415039
0.344727 -0.392578
-0.482422 -0.357422
-0.479492 -0.466797
0.360352 -0.373047
-0.441406 0.407227
0.268555 -0.373047
0.498047 -0.370117
-0.353516 -0.447266
-0.314453 -0.441406
0.378906 -0.395508
-0.498047 0.343750
0.386719 -0.482422
0.477539 0.329102
-0.346680 0.282227
-0.426758 -0.442383
0.461914 -0.424805
0.289062 0.314453
0.403320 -0.479492
-0.392578 -0.485352
-0.361328 0.281250
-0.321289 -0.385742
-0.266602 0.333984
-0.483398 -0.404297
0.282227 -0.317383
0.359375 0.468750
0.418945 -0.379883
-0.284180 -0.430664
-0.349609 -0.469727
0.488281 0.367188
0.376953 -0.396484
0.464844 0.307617
0.288086 -0.295898
0.302734 -0.371094
-0.266602 0.000000
-0.448242 0.473633
-0.481445 0.364258
-0.399414 0.443359
0.478516 0.396484
0.321289 -0.319336
-0.481445 0.316406
-0.434570 0.389648
-0.274414 0.350586
-0.461914 -0.390625
0.499023 -0.408203
0.429688 0.415039
-0.449219 -0.287109
-0.392578 -0.395508
0.467773 0.260742
0.487305 0.293945
0.439453 -0.334961
-0.371094 -0.262695
-0.401367 0.445312
0.447266 -0.458008
0.318359 0.474609
0.301758 0.333984
-0.321289 -0.434570
-0.365234 0.309570
-0.319336 0.468750
-0.336914 0.473633
-0.331055 0.298828
-0.469727 -0.260742
0.312500 -0.264648
-0.314453 0.458008
0.336914 0.259766
-0.345703 0.292969
-0.395508 -0.470703
-0.298828 0.250000
-0.499023 0.393555
0.301758 -0.452148
0.463867 0.407227
-0.314453 0.373047
0.361328 -0.403320
-0.390625 0.459961
0.315430 -0.420898
0.372070 0.290039
0.419922 -0.451172
0.477539 -0.400391
-0.301758 0.474609
-0.281250 -0.255859
-0.496094 0.269531
0.328125 0.352539
0.457031 -0.465820
-0.284180 -0.427734
0.375000 0.386719
-0.291016 -0.409180
-0.473633 -0.285156
-0.463867 0.482422
0.437500 -0.369141
-0.256836 0.312500
0.308594 -0.287109
-0.470703 0.303711
-0.463867 -0.454102
0.423828 -0.251953
-0.356445 0.415039
-0.435547 -0.293945
0.352539 0.413086
-0.258789 0.442383
0.375977 -0.446289
-0.291992 0.383789
0.388672 0.404297
-0.326172 0.295898
-0.484375 -0.405273
0.252930 -0.286133
-0.449219 0.444336
-0.499023 -0.418945
0.487305 0.333984
-0.412109 0.376953
0.323242 0.296875
0.477539 0.427734
0.480469 -0.280273
0.414062 0.453125
-0.461914 0.369141
0.340820 0.271484
0.386719 0.389648
0.295898 0.480469
-0.264648 -0.266602
-0.335938 0.276367
0.336914 0.425781
-0.430664 0.486328
-0.379883 0.367188
-0.441406 -0.274414
0.327148 0.333008
-0.415039 0.490234
-0.386719 -0.382812
-0.287109 0.376953
0.441406 -0.268555
0.294922 0.463867
0.492188 0.371094
0.280273 0.294922
-0.334961 0.272461
-0.314453 0.274414
-0.366211 0.463867
-0.393555 -0.359375
0.297852 0.265625
-0.441406 -0.413086
0.337891 0.285156
0.301758 0.442383
0.453125 -0.468750
-0.355469 -0.261719
0.257812 -0.377930
-0.337891 0.322266
-0.343750 0.474609
-0.428711 -0.417969
0.417969 -0.293945
0.428711 -0.293945
-0.464844 0.365234
-0.330078 0.295898
0.323242 0.490234
0.388672 0.488281
-0.397461 0.351562
-0.373047 -0.333008
-0.332031 -0.362305
0.327148 -0.326172
-0.362305 -0.318359
0.476562 0.335938
-0.364258 -0.264648
0.319336 0.485352
-0.346680 -0.349609
0.444336 -0.480469
0.291016 -0.284180
0.363281 0.444336
0.466797 0.258789
-0.374023 -0.306641
-0.432617 -0.488281
0.361328 0.411133
0.352539 -0.397461
-0.484375 -0.251953
0.349609 0.419922
0.445312 -0.396484
0.300781 0.464844
0.375000 -0.385742
-0.353516 -0.317383
-0.361328 -0.420898
0.360352 -0.359375
0.448242 0.356445
0.361328 0.297852
0.372070 -0.312500
-0.417969 0.474609
-0.483398 -0.269531
-0.346680 -0.465820
0.333984 0.492188
-0.449219 -0.384766
0.305664 -0.283203
0.393555 -0.320312
-0.327148 -0.343750
-0.487305 0.491211
-0.276367 -0.478516
-0.285156 0.497070
-0.464844 0.307617
-0.398438 -0.491211
0.455078 -0.461914
-0.345703 0.402344
0.455078 0.358398
-0.350586 0.462891
0.392578 0.289062
0.393555 0.365234
-0.421875 0.307617
-0.405273 -0.334961
0.410156 0.330078
-0.413086 -0.477539
-0.257812 -0.498047
0.492188 0.300781
0.488281 -0.377930
0.287109 -0.485352
0.387695 0.368164
-0.397461 0.496094
-0.326172 0.377930
0.465820 -0.461914
0.322266 -0.378906
-0.415039 -0.396484
0.387695 0.368164
-0.379883 -0.380859
0.325195 0.426758
0.284180 -0.290039
-0.418945 -0.291992
0.487305 -0.393555
-0.407227 -0.451172
-0.395508 0.365234
-0.276367 -0.400391
0.335938 0.375000
-0.468750 0.451172
0.483398 -0.476562
-0.353516 -0.443359
0.366211 0.263672
0.397461 0.381836
0.455078 -0.293945
-0.275391 -0.415039
-0.307617 -0.285156
0.269531 0.410156
0.315430 0.385742
0.404297 0.340820
0.426758 -0.355469
0.376953 0.450195
0.365234 -0.416992
-0.432617 0.253906
0.354492 -0.473633
0.266602 -0.261719
0.265625 -0.307617
0.252930 -0.377930
-0.300781 -0.303711
0.310547 0.288086
0.474609 -0.488281
-0.289062 -0.329102
0.489258 0.374023
-0.436523 0.309570
0.282227 -0.492188
0.301758 -0.416016
-0.488281 0.404297
0.458984 -0.400391
0.436523 0.284180
-0.253906 -0.499023
0.360352 -0.283203
0.351562 0.402344
0.368164 0.282227
-0.290039 0.490234
-0.416992 -0.494141
0.406250 -0.269531
-0.495117 -0.310547
-0.261719 0.478516
0.416992 -0.374023
0.323242 -0.330078
-0.321289 -0.427734
-0.466797 -0.338867
-0.379883 -0.290039
0.411133 -0.365234
-0.369141 -0.271484
-0.428711 0.375977
0.394531 -0.497070
-0.492188 -0.390625
-0.390625 0.254883
-0.432617 0.441406
0.408203 0.416992
-0.260742 0.343750
-0.442383 0.336914
0.287109 0.473633
0.403320 0.301758
-0.375977 -0.471680
0.396484 0.253906
-0.307617 -0.335938
0.406250 0.437500
-0.481445 0.434570
0.409180 -0.396484
0.438477 -0.470703
-0.476562 -0.255859
0.416016 -0.482422
-0.294922 0.250000
-0.286133 -0.374023
0.338867 -0.290039
-0.425781 0.000000
0.291016 0.484375
0.422852 -0.256836
0.399414 -0.459961
-0.497070 0.415039
-0.273438 0.407227
-0.290039 -0.449219
0.293945 -0.480469
0.278320 -0.381836
0.378906 -0.471680
0.332031 -0.270508
0.333008 -0.395508
-0.282227 0.277344
0.269531 -0.413086
0.372070 -0.439453
0.312500 -0.281250
0.387695 0.318359
-0.486328 -0.410156
0.295898 0.487305
0.378906 0.281250
0.457031 0.349609
0.356445 -0.431641
0.351562 -0.355469
0.484375 0.443359
0.395508 -0.449219
0.296875 -0.448242
0.321289 0.363281
0.436523 -0.446289
-0.482422 -0.468750
0.315430 0.265625
-0.398438 -0.371094
-0.458984 0.333008
0.367188 -0.342773
-0.317383 -0.458008
-0.357422 -0.474609
0.341797 0.272461
0.446289 0.347656
0.374023 0.450195
-0.279297 -0.360352
0.450195 0.250000
0.289062 0.337891
-0.429688 -0.347656
-0.439453 0.431641
0.467773 0.366211
0.378906 0.415039
0.253906 0.465820
0.296875 -0.418945
-0.492188 0.496094
0.410156 -0.380859
0.400391 -0.342773
0.287109 0.295898
0.309570 -0.435547
0.389648 0.413086
0.263672 0.448242
0.253906 -0.405273
0.436523 -0.464844
-0.413086 0.325195
0.250977 -0.264648
0.290039 -0.443359
-0.415039 -0.381836
0.327148 -0.446289
0.394531 -0.455078
-0.309570 -0.463867
0.471680 -0.292969
-0.374023 -0.454102
0.422852 -0.315430
-0.362305 0.350586
0.326172 -0.485352
-0.333008 -0.454102
0.411133 -0.366211
-0.273438 0.436523
0.463867 0.449219
-0.371094 -0.395508
-0.458008 -0.359375
0.337891 0.474609
0.470703 -0.304688
0.348633 -0.432617
0.446289 -0.458008
0.347656 0.478516
0.464844 -0.482422
0.333984 -0.474609
-0.350586 0.299805
-0.311523 0.360352
0.459961 0.281250
-0.378906 -0.265625
-0.402344 0.262695
-0.251953 0.459961
0.325195 -0.300781
0.464844 -0.493164
0.293945 -0.366211
-0.383789 -0.459961
0.330078 0.285156
0.388672 -0.432617
-0.484375 -0.325195
-0.327148 0.261719
0.290039 -0.462891
-0.433594 0.384766
-0.369141 -0.388672
-0.477539 -0.384766
0.304688 0.332031
-0.446289 0.461914
-0.496094 0.265625
0.264648 0.324219
-0.412109 -0.455078
0.356445 -0.393555
-0.493164 0.413086
-0.375977 -0.275391
0.391602 0.379883
0.356445 -0.342773
-0.391602 0.342773
0.405273 -0.394531
-0.473633 0.427734
-0.435547 -0.305664
-0.435547 -0.345703
0.303711 -0.482422
0.474609 0.435547
-0.272461 -0.296875
-0.290039 0.257812
-0.441406 -0.441406
-0.410156 0.299805
0.277344 -0.281250
0.328125 -0.397461
0.446289 -0.382812
0.407227 0.276367
-0.378906 0.431641
-0.374023 -0.377930
-0.381836 -0.404297
-0.472656 0.405273
0.281250 0.266602
0.299805 0.395508
0.286133 -0.408203
-0.391602 -0.333984
0.368164 0.424805
-0.306641 -0.470703
-0.252930 -0.442383
0.447266 0.334961
0.409180 0.404297
-0.447266 0.259766
0.252930 0.422852
-0.346680 -0.423828
-0.487305 0.480469
0.371094 0.270508
-0.276367 -0.313477
0.416016 -0.255859
0.379883 -0.344727
0.329102 -0.268555
0.308594 0.476562
0.368164 0.404297
-0.339844 -0.415039
0.330078 -0.446289
0.284180 -0.414062
-0.455078 -0.425781
-0.353516 0.462891
-0.373047 0.370117
0.299805 0.466797
0.427734 -0.311523
0.320312 0.380859
-0.454102 -0.275391
0.467773 -0.300781
-0.409180 0.269531
-0.264648 -0.341797
0.297852 0.486328
0.294922 0.428711
0.441406 0.333008
0.250000 -0.365234
0.394531 0.482422
0.459961 0.271484
-0.455078 0.497070
-0.405273 0.436523
-0.357422 0.349609
0.430664 -0.312500
-0.446289 0.322266
0.296875 -0.292969
-0.252930 -0.398438
0.434570 0.322266
-0.274414 0.363281
0.433594 0.315430
0.499023 0.416992
0.255859 0.323242
-0.464844 0.440430
-0.255859 -0.480469
-0.440430 -0.352539
0.399414 -0.387695
0.378906 -0.364258
-0.429688 -0.388672
0.340820 -0.457031
-0.425781 -0.356445
0.376953 0.494141
-0.345703 -0.476562
0.472656 -0.302734
-0.458984 -0.387695
0.265625 0.459961
0.271484 0.405273
0.371094 -0.292969
0.288086 -0.350586
0.383789 -0.477539
-0.289062 -0.328125
0.397461 -0.441406
-0.435547 0.472656
0.255859 -0.420898
-0.400391 -0.486328
-0.387695 -0.274414
-0.255859 -0.491211
0.266602 -0.475586
-0.433594 0.385742
-0.381836 0.488281
-0.458008 0.491211
0.427734 -0.448242
0.255859 0.454102
-0.496094 0.472656
-0.426758 -0.482422
-0.258789 -0.325195
-0.320312 -0.478516
0.377930 0.408203
0.252930 -0.416992
-0.343750 0.470703
0.420898 0.414062
0.494141 -0.399414
-0.459961 -0.423828
-0.383789 -0.459961
-0.332031 0.342773
0.477539 -0.370117
-0.471680 -0.251953
-0.292969 -0.316406
-0.395508 -0.274414
-0.364258 0.257812
0.379883 -0.347656
0.388672 0.300781
-0.359375 0.487305
0.368164 -0.433594
-0.402344 -0.458008
0.333008 -0.492188
0.483398 0.324219
-0.325195 0.303711
-0.351562 0.253906
0.340820 0.469727
-0.446289 0.435547
-0.255859 0.457031
0.427734 -0.458008
0.367188 0.455078
-0.251953 -0.272461
-0.348633 -0.464844
-0.437500 0.395508
-0.371094 -0.390625
-0.456055 0.481445
-0.363281 -0.417969
-0.431641 0.316406
0.314453 0.443359
0.446289 0.497070
0.488281 0.398438
0.342773 -0.431641
0.380859 -0.451172
0.280273 -0.301758
-0.491211 0.485352
0.000000 0.395508
0.448242 -0.478516
0.326172 -0.289062
-0.414062 -0.290039
-0.439453 -0.291016
0.288086 -0.389648
0.301758 0.409180
0.347656 -0.312500
0.471680 -0.261719
0.402344 -0.416016
-0.319336 0.429688
0.417969 0.377930
0.479492 -0.335938
-0.300781 0.317383
0.365234 -0.344727
0.259766 0.409180
0.345703 -0.297852
0.263672 -0.408203
-0.308594 -0.333008
-0.377930 -0.384766
0.400391 -0.332031
-0.284180 -0.377930
0.287109 -0.334961
-0.435547 0.290039
0.446289 -0.491211
-0.331055 0.291016
0.269531 0.359375
-0.404297 -0.334961
-0.496094 0.301758
0.282227 -0.381836
0.286133 0.324219
0.386719 -0.395508
0.398438 -0.281250
0.398438 0.430664
0.403320 0.331055
-0.409180 -0.485352
-0.305664 0.467773
0.285156 0.265625
0.332031 -0.360352
0.250977 0.480469
0.471680 -0.305664
0.464844 0.482422
-0.497070 0.266602
0.303711 -0.385742
0.445312 0.357422
-0.360352 -0.398438
0.483398 -0.285156
-0.325195 -0.376953
0.427734 -0.428711
-0.288086 0.356445
-0.261719 -0.322266
0.471680 -0.400391
-0.360352 0.418945
0.392578 0.466797
-0.266602 -0.287109
0.265625 -0.472656
0.360352 -0.270508
0.409180 -0.373047
0.386719 0.374023
0.468750 -0.493164
0.418945 0.327148
0.305664 -0.280273
0.355469 0.328125
0.308594 -0.299805
-0.459961 0.254883
0.338867 -0.256836
-0.322266 0.427734
0.393555 0.494141
-0.478516 0.451172
0.458984 0.457031
-0.254883 0.256836
0.368164 0.378906
0.260742 0.416016
0.396484 0.251953
-0.366211 -0.353516
-0.331055 -0.444336
-0.372070 0.324219
0.336914 -0.268555
0.264648 -0.339844
0.373047 0.250000
-0.321289 -0.372070
-0.316406 -0.482422
0.416992 -0.458984
-0.367188 -0.250977
-0.291992 -0.389648
0.426758 0.272461
-0.415039 -0.362305
-0.284180 -0.335938
-0.340820 0.422852
-0.403320 0.438477
-0.329102 0.291992
-0.369141 0.403320
0.360352 -0.422852
0.312500 -0.299805
-0.467773 -0.303711
0.346680 0.363281
-0.379883 0.417969
0.427734 -0.335938
0.364258 -0.279297
-0.386719 0.346680
-0.343750 -0.441406
0.264648 0.251953
0.429688 -0.287109
0.365234 -0.308594
0.375000 0.286133
0.451172 0.320312
-0.366211 0.258789
-0.272461 -0.378906
0.488281 0.431641
0.337891 0.493164
0.441406 0.414062
-0.387695 0.315430
0.478516 -0.279297
-0.477539 -0.280273
-0.366211 0.412109
0.410156 -0.300781
0.407227 -0.422852
0.461914 -0.458008
0.416992 0.332031
0.269531 0.447266
-0.433594 0.408203
-0.327148 -0.412109
0.370117 -0.262695
0.482422 -0.290039
0.471680 0.352539
-0.461914 0.282227
-0.264648 0.285156
0.447266 -0.442383
-0.295898 0.497070
-0.302734 0.276367
-0.445312 0.302734
-0.255859 -0.352539
-0.411133 -0.437500
-0.467773 -0.409180
-0.352539 0.336914
0.282227 -0.400391
-0.274414 -0.438477
0.251953 0.485352
0.438477 -0.337891
-0.434570 -0.399414
0.357422 0.421875
-0.433594 -0.454102
-0.379883 0.271484
-0.470703 -0.277344
-0.416992 -0.423828
0.450195 0.481445
-0.334961 0.322266
0.485352 0.462891
0.414062 -0.470703
-0.486328 -0.346680
-0.319336 -0.439453
-0.344727 0.496094
-0.317383 0.381836
0.451172 0.313477
-0.392578 -0.290039
0.297852 -0.344727
0.276367 0.335938
-0.406250 -0.436523
0.260742 0.329102
0.432617 -0.376953
-0.263672 -0.344727
-0.444336 -0.463867
-0.285156 -0.357422
-0.346680 0.344727
-0.316406 -0.389648
0.465820 0.289062
-0.461914 0.329102
-0.463867 -0.336914
-0.399414 0.375977
0.303711 0.424805
0.357422 0.296875
-0.353516 -0.336914
0.445312 0.410156
0.320312 0.422852
0.283203 0.405273
-0.368164 -0.250977
-0.377930 0.296875
-0.439453 -0.303711
-0.333984 -0.323242
0.414062 0.424805
0.282227 -0.447266
0.474609 0.361328
-0.298828 0.462891
0.474609 0.306641
0.480469 0.413086
-0.380859 -0.271484
0.378906 -0.416992
-0.272461 0.345703
-0.331055 -0.420898
0.465820 -0.484375
0.275391 0.438477
0.499023 0.272461
-0.465820 0.431641
0.286133 0.274414
-0.312500 -0.417969
-0.415039 0.261719
-0.319336 -0.275391
-0.354492 -0.461914
-0.386719 0.269531
0.416016 0.313477
-0.339844 -0.264648
0.480469 -0.312500
-0.424805 0.472656
0.306641 0.351562
0.334961 0.389648
0.273438 -0.463867
0.287109 0.360352
0.304688 -0.455078
-0.398438 0.357422
0.325195 -0.365234
-0.335938 0.256836
-0.371094 0.346680
0.437500 -0.391602
-0.388672 0.292969
-0.320312 -0.446289
-0.293945 0.250000
0.310547 0.447266
-0.257812 0.319336
-0.441406 -0.391602
0.296875 0.260742
0.420898 -0.488281
-0.486328 0.485352
0.326172 -0.404297
-0.282227 -0.403320
0.290039 -0.260742
-0.454102 -0.301758
-0.311523 0.340820
-0.341797 -0.401367
-0.305664 0.303711
-0.474609 0.403320
0.262695 -0.390625
-0.412109 0.360352
0.440430 -0.477539
-0.465820 -0.301758
-0.346680 0.376953
0.259766 -0.417969
0.485352 -0.272461
0.474609 -0.332031
0.364258 -0.440430
0.306641 -0.362305
0.401367 -0.390625
-0.412109 0.439453
-0.435547 -0.283203
0.434570 0.365234
-0.317383 -0.469727
-0.433594 0.452148
-0.309570 -0.276367
-0.296875 -0.429688
0.395508 0.302734
0.258789 0.450195
0.393555 0.408203
0.404297 0.254883
-0.322266 0.438477
0.473633 -0.304688
0.332031 -0.339844
-0.462891 -0.440430
-0.426758 0.367188
0.367188 0.388672
0.308594 -0.489258
0.367188 0.426758
-0.285156 -0.377930
0.434570 0.326172
-0.250977 -0.323242
-0.408203 0.485352
0.354492 0.495117
-0.408203 0.258789
-0.474609 -0.427734
-0.408203 -0.352539
-0.270508 -0.336914
0.346680 0.480469
-0.378906 0.298828
0.272461 0.429688
0.277344 0.278320
-0.429688 -0.370117
-0.354492 -0.410156
-0.487305 0.491211
-0.305664 -0.469727
0.356445 -0.282227
-0.314453 -0.261719
-0.306641 0.389648
0.334961 -0.325195
0.483398 0.359375
-0.495117 0.483398
0.326172 -0.441406
0.460938 -0.461914
0.457031 -0.257812
-0.414062 0.366211
0.277344 0.000000
0.325195 0.478516
-0.341797 0.302734
-0.486328 -0.437500
-0.420898 -0.303711
-0.392578 0.325195
-0.420898 -0.377930
-0.290039 -0.326172
0.344727 -0.251953
-0.310547 0.285156
-0.344727 -0.457031
-0.498047 0.496094
0.265625 -0.284180
0.276367 0.315430
-0.311523 -0.494141
-0.459961 -0.251953
-0.288086 -0.302734
0.360352 0.466797
0.366211 -0.399414
-0.438477 0.280273
0.419922 -0.388672
-0.474609 -0.306641
0.374023 0.341797
0.491211 -0.261719
0.280273 -0.295898
-0.395508 -0.365234
-0.395508 -0.342773
0.392578 -0.291992
-0.288086 0.277344
-0.333008 0.365234
0.449219 -0.400391
0.258789 0.321289
-0.364258 -0.367188
0.364258 -0.388672
-0.298828 0.272461
-0.353516 0.336914
-0.460938 -0.268555
-0.389648 0.437500
-0.462891 0.482422
-0.340820 -0.321289
-0.364258 -0.419922
-0.395508 0.400391
-0.400391 -0.397461
0.267578 0.458984
-0.380859 0.330078
-0.291016 -0.324219
-0.328125 -0.344727
0.477539 0.456055
-0.492188 -0.407227
-0.345703 -0.350586
0.446289 -0.378906
0.339844 -0.431641
-0.413086 0.485352
-0.396484 0.479492
0.386719 0.455078
0.306641 -0.263672
0.442383 0.381836
-0.449219 -0.375000
-0.314453 0.333984
0.427734 0.331055
-0.413086 0.390625
-0.434570 0.349609
0.311523 -0.387695
0.393555 -0.488281
-0.315430 -0.453125
0.383789 -0.319336
-0.344727 -0.497070
0.421875 -0.447266
0.364258 -0.269531
0.338867 0.356445
0.264648 0.473633
0.485352 -0.356445
-0.369141 0.291016
-0.361328 -0.278320
-0.322266 0.362305
0.383789 -0.351562
0.364258 0.406250
0.485352 -0.390625
0.346680 -0.286133
-0.333984 0.341797
0.420898 -0.357422
-0.458984 -0.322266
-0.343750 0.333008
0.385742 -0.388672
0.319336 0.251953
-0.269531 -0.275391
-0.463867 -0.441406
-0.291992 -0.375000
-0.468750 -0.329102
0.399414 0.467773
-0.333984 0.250977
0.358398 0.478516
0.349609 0.252930
0.303711 0.293945
0.279297 -0.495117
0.412109 0.293945
0.370117 -0.292969
0.451172 0.474609
-0.448242 -0.422852
0.432617 0.304688
-0.450195 0.266602
0.283203 0.355469
-0.410156 -0.464844
0.450195 0.397461
0.370117 -0.436523
-0.297852 -0.491211
-0.485352 -0.378906
0.284180 -0.372070
-0.411133 -0.262695
0.440430 0.359375
-0.364258 0.339844
-0.288086 -0.295898
-0.416016 -0.250977
0.274414 0.277344
-0.284180 0.257812
0.476562 0.438477
0.299805 0.419922
-0.416016 -0.361328
0.338867 -0.467773
-0.353516 -0.331055
0.275391 -0.309570
0.250000 0.356445
0.360352 -0.353516
0.306641 -0.351562
0.275391 -0.405273
0.402344 0.377930
0.463867 0.373047
-0.393555 0.402344
-0.486328 0.453125
-0.491211 -0.343750
0.297852 0.451172
-0.356445 -0.440430
0.462891 0.288086
0.307617 -0.417969
-0.282227 0.484375
-0.307617 -0.359375
0.269531 0.455078
-0.417969 0.391602
-0.386719 -0.443359
0.279297 0.332031
0.253906 0.491211
0.281250 -0.458008
0.336914 -0.431641
-0.402344 -0.288086
-0.492188 -0.311523
0.486328 -0.450195
-0.279297 0.289062
0.267578 0.456055
-0.416992 0.376953
-0.284180 0.307617
-0.313477 -0.371094
0.446289 -0.493164
0.278320 0.437500
-0.424805 0.361328
0.457031 -0.366211
0.269531 -0.284180
-0.484375 -0.478516
0.256836 -0.342773
0.350586 -0.309570
-0.352539 0.447266
0.313477 0.499023
0.375977 0.264648
-0.321289 0.456055
0.396484 -0.339844
0.348633 -0.379883
-0.347656 -0.441406
-0.271484 -0.489258
-0.273438 0.453125
-0.379883 0.399414
0.439453 0.378906
0.349609 -0.282227
-0.445312 -0.424805
-0.300781 -0.290039
-0.407227 -0.351562
-0.375000 0.309570
-0.320312 0.414062
-0.424805 -0.387695
-0.318359 0.471680
-0.359375 -0.305664
0.287109 0.445312
-0.399414 0.383789
-0.447266 -0.307617
0.348633 0.477539
0.310547 -0.343750
-0.482422 0.281250
-0.275391 0.426758
-0.479492 -0.299805
-0.378906 0.430664
-0.406250 -0.487305
-0.361328 -0.441406
0.301758 0.301758
-0.421875 0.411133
0.339844 0.433594
-0.255859 -0.288086
0.349609 0.298828
0.408203 0.327148
0.325195 0.460938
0.432617 -0.315430
-0.423828 -0.318359
0.439453 0.286133
-0.413086 -0.295898
0.312500 0.352539
0.474609 -0.470703
-0.330078 -0.457031
-0.364258 0.311523
0.332031 -0.454102
-0.453125 0.347656
-0.310547 -0.269531
-0.452148 -0.451172
-0.259766 0.393555
0.321289 -0.379883
0.439453 -0.437500
-0.341797 -0.422852
0.397461 -0.372070
0.464844 -0.418945
0.313477 -0.495117
0.346680 0.467773
0.422852 0.373047
0.489258 -0.291992
-0.391602 0.416016
0.410156 0.422852
-0.305664 0.387695
-0.449219 0.431641
0.319336 -0.346680
-0.459961 -0.278320
-0.318359 0.289062
0.344727 -0.438477
0.270508 -0.348633
0.384766 0.384766
-0.363281 -0.268555
-0.410156 0.437500
-0.406250 0.467773
-0.290039 -0.448242
-0.388672 -0.430664
-0.384766 0.292969
-0.440430 0.296875
-0.349609 -0.412109
0.333008 0.476562
-0.473633 0.342773
-0.264648 0.457031
-0.443359 0.398438
0.417969 -0.458984
0.482422 -0.416992
-0.498047 0.336914
0.438477 0.467773
0.426758 0.324219
-0.447266 0.317383
0.405273 0.319336
0.493164 -0.382812
0.268555 0.394531
-0.323242 0.396484
0.354492 -0.326172
-0.260742 0.482422
0.443359 0.324219
-0.290039 -0.324219
-0.333984 0.408203
-0.263672 -0.296875
-0.368164 -0.341797
-0.429688 -0.300781
0.447266 -0.397461
0.398438 0.338867
-0.370117 0.348633
0.475586 -0.406250
0.329102 -0.299805
0.406250 -0.497070
-0.376953 -0.336914
0.272461 -0.316406
-0.464844 0.275391
-0.292969 -0.292969
0.304688 -0.443359
0.361328 0.329102
0.298828 0.266602
-0.385742 0.438477
0.344727 -0.484375
-0.281250 0.478516
-0.370117 -0.325195
0.496094 0.441406
-0.305664 0.367188
-0.495117 0.441406
0.412109 -0.260742
-0.440430 -0.273438
-0.263672 -0.438477
0.272461 0.375977
0.355469 -0.423828
-0.268555 0.296875
0.283203 0.420898
0.264648 -0.493164
0.285156 0.283203
-0.375000 -0.409180
0.412109 0.357422
0.310547 -0.455078
0.283203 -0.477539
-0.391602 -0.351562
-0.346680 -0.442383
0.311523 0.341797
-0.341797 -0.438477
0.463867 0.487305
-0.491211 -0.359375
0.322266 0.250977
0.280273 0.290039
-0.358398 -0.288086
0.330078 0.278320
-0.273438 -0.283203
-0.263672 -0.295898
-0.397461 0.322266
-0.473633 0.293945
-0.498047 -0.423828
0.351562 0.357422
0.262695 0.260742
-0.374023 -0.283203
-0.411133 -0.419922
-0.464844 0.280273
-0.474609 -0.334961
-0.325195 0.318359
0.340820 -0.363281
0.484375 0.374023
0.412109 0.344727
0.483398 -0.391602
-0.423828 0.271484
-0.276367 0.264648
0.277344 0.475586
-0.284180 0.301758
-0.277344 0.304688
0.491211 -0.369141
-0.366211 -0.489258
0.319336 0.256836
-0.446289 -0.252930
0.469727 -0.496094
-0.449219 0.316406
0.305664 0.382812
-0.481445 0.419922
0.355469 -0.472656
-0.333008 -0.481445
0.368164 -0.492188
-0.331055 0.290039
0.280273 -0.307617
0.281250 -0.425781
0.343750 -0.274414
-0.323242 -0.482422
-0.429688 -0.459961
-0.456055 -0.439453
-0.475586 -0.291016
0.446289 -0.262695
0.349609 0.332031
-0.256836 -0.321289
0.308594 0.485352
0.320312 -0.458984
0.489258 -0.308594
-0.320312 0.482422
-0.308594 -0.310547
0.379883 -0.306641
0.399414 -0.291016
-0.358398 0.320312
-0.390625 0.278320
0.339844 -0.440430
-0.334961 -0.479492
0.466797 -0.499023
-0.380859 -0.280273
-0.469727 0.250977
-0.474609 0.356445
-0.293945 -0.329102
0.425781 -0.351562
0.485352 0.492188
-0.304688 -0.450195
0.371094 0.419922
0.250977 0.486328
-0.387695 -0.291016
-0.462891 -0.473633
0.285156 -0.402344
-0.449219 -0.461914
0.461914 0.325195
-0.434570 0.252930
-0.477539 0.352539
-0.432617 -0.445312
-0.406250 0.291016
0.306641 -0.339844
0.440430 0.388672
-0.263672 0.257812
-0.475586 0.325195
0.492188 -0.471680
0.310547 0.439453
0.427734 0.344727
0.287109 0.368164
-0.392578 0.350586
-0.461914 0.466797
-0.461914 0.452148
-0.431641 0.266602
0.270508 -0.339844
0.478516 -0.433594
0.417969 -0.405273
0.446289 -0.331055
0.463867 0.319336
0.345703 -0.390625
-0.344727 -0.430664
-0.275391 -0.357422
-0.388672 0.293945
-0.284180 -0.416016
-0.310547 0.331055
0.354492 -0.493164
0.489258 0.378906
-0.375977 -0.331055
0.278320 0.332031
0.455078 0.389648
0.490234 0.403320
0.252930 -0.476562
0.306641 0.337891
0.423828 0.496094
-0.269531 0.403320
-0.279297 0.290039
0.432617 -0.294922
-0.356445 -0.396484
0.492188 0.257812
0.454102 0.321289
-0.411133 -0.373047
0.284180 0.267578
-0.482422 0.299805
-0.334961 -0.373047
0.317383 0.360352
-0.307617 0.256836
-0.351562 0.391602
0.411133 -0.467773
0.454102 0.402344
0.381836 -0.307617
0.299805 0.472656
0.260742 -0.434570
-0.344727 -0.346680
-0.386719 0.420898
0.287109 -0.427734
-0.460938 -0.447266
0.264648 -0.466797
-0.429688 -0.404297
0.493164 0.294922
-0.319336 0.440430
-0.466797 -0.416016
-0.375977 0.482422
0.375000 0.271484
-0.333008 0.333984
-0.331055 -0.479492
-0.296875 0.480469
0.324219 -0.420898
-0.438477 0.252930
-0.253906 0.270508
-0.259766 0.363281
0.359375 -0.369141
-0.365234 -0.393555
0.444336 0.466797
-0.269531 -0.258789
-0.326172 -0.460938
-0.407227 0.390625
-0.358398 0.417969
0.369141 -0.262695
-0.485352 0.434570
0.383789 -0.403320
0.343750 -0.457031
0.291016 0.386719
0.418945 0.267578
-0.384766 0.346680
0.462891 0.281250
0.403320 0.252930
0.283203 -0.428711
-0.447266 -0.255859
0.437500 0.460938
0.306641 0.258789
0.280273 -0.302734
-0.284180 0.438477
-0.306641 -0.356445
0.316406 -0.253906
-0.377930 -0.487305
-0.428711 0.419922
0.457031 0.437500
-0.425781 -0.253906
-0.338867 -0.424805
0.315430 -0.476562
0.400391 0.276367
0.253906 0.466797
0.343750 0.272461
0.252930 -0.348633
-0.359375 -0.332031
0.362305 -0.491211
0.495117 0.427734
0.268555 -0.276367
-0.421875 0.412109
-0.369141 0.290039
0.461914 0.380859
0.389648 0.333008
-0.424805 0.289062
-0.496094 -0.305664
-0.413086 -0.468750
0.452148 -0.362305
0.489258 -0.287109
-0.280273 0.438477
-0.464844 0.353516
0.344727 0.450195
-0.460938 0.354492
0.487305 -0.344727
0.458984 0.380859
0.363281 -0.434570
-0.483398 -0.261719
0.250000 -0.298828
-0.489258 -0.342773
-0.353516 0.293945
0.348633 0.299805
-0.446289 -0.327148
-0.306641 -0.341797
-0.288086 -0.277344
0.496094 0.416016
0.499023 -0.347656
-0.434570 -0.319336
-0.416016 -0.314453
-0.299805 0.408203
0.291016 -0.331055
0.276367 -0.299805
-0.486328 0.462891
-0.430664 -0.493164
0.385742 0.370117
0.455078 -0.299805
0.297852 -0.309570
-0.485352 0.288086
-0.276367 0.428711
0.440430 0.468750
-0.315430 0.494141
-0.477539 -0.421875
-0.434570 -0.347656
0.352539 0.356445
0.376953 0.337891
0.279297 0.332031
0.410156 0.321289
-0.489258 -0.481445
-0.368164 -0.403320
-0.368164 0.468750
-0.478516 -0.259766
-0.305664 -0.387695
0.448242 0.340820
0.395508 -0.308594
-0.464844 -0.486328
-0.252930 0.467773
0.353516 0.345703
-0.493164 0.259766
-0.335938 -0.466797
-0.475586 -0.270508
0.276367 0.314453
-0.482422 -0.255859
-0.497070 -0.307617
-0.312500 0.463867
-0.473633 0.325195
0.434570 -0.257812
0.416992 0.310547
0.336914 -0.263672
0.351562 0.493164
0.400391 -0.437500
-0.467773 0.283203
0.493164 -0.344727
-0.396484 0.350586
-0.277344 0.385742
0.315430 0.446289
0.419922 0.390625
0.486328 0.451172
-0.258789 0.382812
0.250000 -0.334961
0.291992 -0.344727
0.406250 -0.313477
-0.455078 0.310547
-0.398438 -0.366211
-0.297852 -0.342773
0.409180 0.323242
-0.475586 -0.426758
0.283203 0.397461
-0.479492 -0.480469
-0.282227 0.262695
0.281250 0.251953
0.312500 -0.403320
-0.409180 -0.329102
0.356445 -0.483398
0.364258 -0.396484
0.357422 0.427734
0.271484 -0.295898
0.376953 0.398438
0.365234 -0.470703
0.380859 0.317383
0.322266 -0.294922
-0.330078 0.438477
0.348633 -0.488281
0.381836 0.321289
-0.367188 -0.456055
0.375977 -0.484375
-0.373047 -0.482422
-0.277344 -0.254883
0.298828 -0.355469
0.386719 -0.292969
0.383789 0.375977
-0.446289 0.472656
-0.465820 -0.286133
0.445312 0.360352
-0.364258 -0.383789
0.333984 -0.475586
0.438477 0.449219
0.333984 0.375977
-0.461914 0.282227
0.442383 0.326172
-0.408203 -0.296875
-0.342773 -0.279297
-0.457031 -0.287109
0.384766 -0.293945
-0.485352 -0.373047
-0.276367 -0.351562
0.385742 0.290039
-0.409180 -0.403320
0.449219 0.280273
-0.486328 -0.352539
0.429688 -0.341797
0.311523 0.471680
-0.497070 -0.298828
-0.252930 -0.398438
0.347656 0.407227
-0.396484 0.486328
-0.376953 0.462891
-0.458984 -0.329102
-0.353516 -0.268555
0.412109 0.348633
0.422852 -0.321289
-0.335938 0.397461
-0.459961 -0.448242
-0.254883 0.402344
0.345703 0.490234
0.383789 -0.480469
-0.340820 -0.389648
0.439453 0.431641
-0.319336 -0.482422
0.404297 -0.489258
-0.385742 -0.472656
-0.471680 -0.319336
0.411133 0.283203
0.401367 0.338867
0.392578 0.336914
-0.306641 -0.402344
0.416992 -0.401367
-0.347656 0.439453
-0.396484 0.484375
0.314453 0.296875
-0.485352 0.423828
0.256836 0.412109
-0.428711 0.291992
-0.383789 -0.269531
0.345703 -0.306641
0.450195 0.429688
0.263672 0.397461
0.402344 -0.407227
-0.397461 -0.384766
-0.485352 0.375977
-0.430664 -0.340820
0.386719 0.432617
-0.397461 0.431641
0.282227 -0.309570
0.418945 -0.471680
-0.377930 0.490234
-0.291992 -0.345703
-0.268555 0.441406
-0.251953 0.393555
-0.486328 -0.250977
-0.416016 0.268555
-0.324219 -0.385742
0.304688 0.393555
0.433594 -0.288086
0.303711 0.401367
-0.448242 -0.386719
0.302734 -0.305664
0.427734 0.385742
0.294922 0.459961
0.292969 0.495117
0.414062 -0.259766
-0.486328 0.499023
-0.362305 -0.253906
0.303711 0.405273
-0.392578 0.469727
-0.422852 0.424805
-0.308594 -0.475586
-0.476562 -0.251953
0.334961 -0.493164
0.356445 0.331055
-0.416992 -0.422852
-0.413086 -0.437500
-0.444336 0.307617
-0.477539 -0.453125
-0.477539 -0.286133
-0.422852 -0.372070
-0.397461 0.295898
0.359375 -0.355469
0.477539 0.254883
0.371094 0.279297
0.405273 0.444336
-0.473633 -0.252930
-0.323242 0.483398
-0.418945 0.447266
-0.462891 0.343750
0.424805 -0.450195
0.469727 -0.428711
-0.412109 0.415039
-0.375977 -0.269531
-0.347656 -0.442383
-0.477539 0.460938
-0.329102 0.293945
-0.413086 0.486328
-0.449219 -0.448242
0.361328 -0.270508
-0.273438 -0.282227
-0.269531 -0.394531
0.353516 0.261719
0.256836 0.412109
-0.414062 0.254883
-0.322266 -0.369141
0.420898 0.268555
0.453125 0.302734
0.423828 -0.459961
-0.358398 -0.439453
-0.429688 -0.382812
-0.255859 -0.286133
0.261719 -0.372070
-0.448242 -0.278320
-0.496094 -0.349609
0.385742 -0.289062
-0.437500 -0.442383
-0.488281 -0.388672
0.323242 -0.430664
0.362305 0.318359
0.424805 -0.354492
-0.387695 -0.289062
-0.355469 -0.302734
0.485352 -0.315430
0.362305 0.489258
-0.420898 0.263672
0.304688 0.476562
0.346680 -0.274414
-0.315430 -0.307617
0.269531 -0.472656
-0.340820 -0.323242
-0.392578 -0.266602
0.471680 0.313477
-0.490234 0.486328
0.475586 0.323242
-0.367188 0.451172
-0.369141 -0.476562
0.280273 -0.456055
0.424805 0.345703
0.477539 -0.380859
-0.433594 0.491211
-0.258789 -0.326172
-0.342773 0.443359
-0.298828 0.492188
0.423828 0.482422
-0.402344 -0.453125
0.479492 -0.331055
-0.458984 0.321289
0.441406 -0.320312
0.323242 -0.378906
-0.375977 -0.265625
0.419922 0.302734
0.388672 -0.278320
-0.291016 -0.293945
-0.389648 -0.467773
0.301758 -0.495117
-0.398438 0.456055
0.268555 0.490234
-0.298828 0.378906
0.389648 0.252930
-0.389648 0.419922
0.481445 -0.458008
0.451172 0.470703
-0.332031 0.491211
0.360352 -0.468750
0.386719 0.276367
0.353516 -0.434570
0.286133 -0.392578
-0.471680 -0.497070
-0.491211 0.393555
-0.425781 0.377930
0.292969 -0.271484
0.429688 0.472656
-0.361328 0.280273
0.284180 -0.298828
-0.294922 0.487305
-0.474609 0.358398
0.451172 0.389648
-0.416016 -0.267578
0.424805 0.254883
-0.484375 0.421875
0.470703 -0.423828
-0.475586 -0.364258
-0.496094 0.342773
-0.470703 -0.439453
0.378906 0.416016
-0.287109 0.309570
-0.255859 -0.327148
0.411133 0.311523
-0.334961 0.479492
-0.471680 0.378906
-0.350586 0.418945
-0.402344 -0.418945
-0.378906 -0.415039
0.412109 0.406250
-0.287109 -0.386719
-0.409180 -0.414062
-0.319336 -0.485352
0.268555 0.319336
-0.442383 -0.273438
-0.480469 -0.483398
-0.397461 -0.297852
0.447266 -0.443359
0.413086 -0.291016
0.303711 0.419922
0.496094 0.387695
0.328125 0.440430
0.438477 -0.489258
0.404297 0.299805
-0.306641 -0.259766
0.492188 0.251953
0.393555 -0.439453
-0.331055 0.436523
0.458008 0.451172
0.494141 -0.457031
-0.357422 -0.280273
0.276367 0.423828
-0.451172 0.298828
-0.279297 -0.343750
-0.486328 -0.296875
0.266602 0.426758
-0.381836 -0.325195
0.351562 0.463867
0.498047 0.471680
-0.329102 -0.342773
0.456055 -0.415039
0.404297 0.331055
0.288086 -0.417969
-0.266602 -0.432617
-0.417969 -0.385742
0.378906 0.291992
-0.335938 -0.474609
-0.275391 0.263672
-0.324219 0.369141
0.000000 0.448242
-0.274414 -0.486328
0.355469 -0.360352
0.351562 0.377930
-0.459961 -0.413086
0.463867 -0.250977
0.272461 -0.276367
0.284180 0.465820
0.250977 -0.488281
-0.321289 -0.342773
-0.337891 0.250000
-0.333008 -0.402344
0.377930 -0.398438
-0.260742 -0.411133
0.438477 0.448242
-0.477539 -0.307617
0.275391 -0.422852
-0.314453 0.487305
-0.476562 -0.453125
0.352539 0.398438
-0.390625 0.497070
-0.316406 -0.464844
-0.269531 -0.499023
-0.364258 0.345703
-0.338867 0.466797
0.311523 0.256836
-0.264648 0.438477
-0.338867 0.364258
-0.282227 -0.435547
-0.304688 -0.402344
-0.362305 0.318359
-0.282227 -0.333008
-0.439453 0.492188
0.494141 0.468750
-0.376953 0.315430
-0.384766 -0.492188
-0.453125 0.440430
-0.284180 0.264648
-0.282227 0.421875
-0.443359 0.307617
0.284180 -0.328125
0.388672 0.343750
-0.371094 0.264648
0.351562 -0.257812
0.397461 0.328125
-0.427734 0.480469
-0.305664 -0.355469
0.475586 0.305664
0.393555 0.448242
-0.289062 0.290039
0.407227 0.291992
0.467773 0.343750
-0.383789 -0.285156
0.328125 -0.388672
-0.448242 0.344727
-0.321289 -0.451172
0.294922 0.410156
-0.421875 0.372070
0.418945 -0.459961
0.360352 0.427734
-0.308594 -0.406250
-0.379883 0.411133
-0.374023 -0.372070
-0.405273 -0.257812
0.334961 -0.495117
0.356445 0.277344
-0.475586 -0.495117
-0.425781 0.411133
0.350586 -0.323242
-0.497070 0.494141
-0.298828 -0.438477
-0.280273 0.383789
0.390625 0.266602
-0.495117 0.289062
-0.421875 0.256836
-0.356445 0.484375
-0.352539 -0.381836
0.297852 0.301758
-0.398438 0.398438
0.460938 -0.275391
0.467773 -0.474609
0.414062 0.250000
-0.477539 -0.340820
0.436523 -0.418945
-0.440430 -0.267578
0.429688 -0.426758
0.283203 0.292969
0.482422 -0.253906
0.291016 -0.366211
0.256836 -0.464844
0.480469 -0.414062
0.497070 0.343750
-0.416016 -0.289062
0.277344 0.309570
0.434570 -0.482422
-0.454102 -0.380859
0.400391 -0.321289
0.326172 -0.481445
0.348633 -0.358398
0.390625 -0.406250
0.326172 0.345703
-0.488281 0.250000
-0.437500 -0.313477
0.356445 -0.315430
-0.257812 -0.293945
0.383789 -0.458008
0.395508 0.377930
-0.452148 0.301758
-0.403320 -0.259766
0.442383 0.333008
-0.410156 0.472656
0.406250 0.410156
0.264648 0.436523
0.497070 0.384766
0.347656 -0.482422
-0.391602 -0.445312
-0.494141 -0.464844
0.361328 -0.330078
0.451172 0.324219
0.316406 0.367188
-0.488281 0.484375
0.393555 -0.268555
0.491211 -0.334961
0.263672 -0.474609
-0.447266 -0.375977
0.385742 -0.488281
-0.319336 -0.315430
-0.314453 -0.303711
-0.285156 -0.422852
0.291992 -0.356445
0.261719 -0.466797
-0.400391 0.438477
-0.273438 0.373047
0.301758 -0.281250
-0.488281 -0.286133
0.424805 -0.422852
0.388672 0.274414
0.256836 -0.478516
0.337891 -0.343750
0.444336 -0.455078
-0.407227 0.337891
0.411133 -0.270508
0.467773 -0.498047
-0.387695 -0.303711
0.426758 -0.315430
-0.463867 -0.417969
-0.265625 -0.386719
-0.291992 -0.415039
0.391602 0.486328
0.369141 -0.473633
0.455078 0.294922
0.328125 -0.283203
-0.309570 -0.314453
0.406250 0.320312
0.399414 -0.257812
-0.271484 0.260742
-0.370117 0.413086
-0.465820 -0.389648
0.359375 -0.295898
-0.497070 -0.254883
-0.395508 -0.356445
-0.484375 0.480469
0.304688 0.363281
-0.385742 -0.296875
-0.323242 -0.441406
0.308594 0.462891
-0.361328 0.435547
0.259766 0.303711
0.253906 -0.368164
-0.267578 -0.473633
-0.458984 0.492188
-0.411133 0.440430
0.353516 0.431641
0.481445 -0.478516
0.414062 0.499023
0.257812 0.294922
0.471680 -0.352539
0.480469 -0.391602
0.412109 -0.433594
0.333984 0.367188
-0.467773 0.325195
-0.422852 -0.357422
-0.430664 0.433594
-0.461914 0.473633
0.439453 0.332031
-0.410156 -0.466797
-0.474609 -0.342773
0.334961 -0.285156
-0.275391 -0.465820
-0.309570 -0.426758
0.338867 -0.475586
0.364258 0.414062
0.276367 -0.307617
-0.363281 -0.268555
0.392578 -0.310547
-0.279297 -0.480469
-0.320312 -0.421875
0.341797 0.419922
0.403320 -0.481445
-0.431641 0.479492
-0.366211 0.312500
0.291016 -0.274414
-0.485352 -0.335938
-0.388672 -0.412109
0.476562 0.415039
0.308594 -0.383789
0.486328 0.348633
0.395508 0.290039
0.291016 -0.420898
-0.343750 -0.396484
0.482422 0.374023
0.460938 0.469727
-0.383789 -0.336914
0.481445 0.392578
0.444336 0.346680
0.342773 -0.307617
-0.254883 0.398438
-0.386719 0.481445
-0.432617 -0.376953
0.400391 0.425781
-0.382812 0.320312
-0.303711 -0.255859
0.361328 0.468750
-0.491211 -0.273438
0.309570 0.414062
-0.332031 0.474609
0.315430 0.445312
-0.419922 0.394531
-0.389648 0.481445
-0.414062 0.400391
-0.355469 -0.493164
0.435547 -0.401367
-0.295898 -0.274414
0.291016 -0.332031
-0.358398 0.322266
-0.482422 0.464844
0.429688 -0.444336
0.420898 0.292969
-0.384766 0.312500
0.450195 -0.356445
-0.349609 -0.391602
0.263672 -0.416992
0.423828 0.405273
0.437500 0.338867
-0.292969 0.488281
0.455078 -0.474609
-0.394531 -0.485352
-0.488281 0.301758
0.466797 -0.268555
-0.478516 -0.352539
-0.404297 -0.269531
-0.382812 0.306641
0.467773 0.477539
0.266602 0.340820
-0.452148 -0.263672
-0.449219 -0.419922
-0.342773 0.375977
0.497070 -0.337891
-0.260742 0.438477
-0.270508 -0.288086
-0.278320 -0.305664
-0.398438 -0.408203
-0.425781 0.316406
0.318359 -0.474609
-0.488281 -0.342773
0.463867 0.272461
-0.317383 0.495117
-0.311523 0.421875
-0.440430 0.499023
-0.277344 -0.291992
-0.392578 -0.472656
-0.273438 -0.309570
-0.305664 -0.261719
0.379883 0.436523
-0.410156 0.406250
0.488281 0.292969
-0.254883 -0.335938
-0.252930 -0.333008
0.451172 0.290039
-0.308594 -0.393555
0.340820 -0.448242
-0.265625 0.390625
-0.442383 0.443359
-0.445312 -0.353516
0.307617 -0.412109
0.493164 0.458008
0.390625 0.400391
0.480469 -0.251953
-0.349609 -0.481445
0.387695 -0.377930
-0.294922 0.352539
-0.418945 -0.272461
-0.360352 -0.483398
0.324219 -0.442383
0.280273 -0.258789
-0.449219 -0.497070
0.480469 0.265625
0.415039 0.337891
0.271484 -0.416992
0.377930 -0.315430
-0.413086 0.264648
0.491211 0.393555
-0.357422 -0.496094
0.400391 -0.358398
0.438477 0.346680
0.455078 0.428711
-0.291016 0.498047
-0.288086 -0.471680
-0.457031 0.427734
0.477539 0.315430
0.257812 0.405273
0.404297 0.286133
0.478516 0.457031
-0.454102 0.444336
0.274414 -0.399414
-0.345703 -0.392578
-0.455078 -0.393555
0.342773 -0.438477
0.257812 0.411133
-0.337891 0.377930
0.494141 -0.342773
0.477539 -0.442383
-0.373047 -0.254883
0.420898 -0.424805
0.365234 -0.375977
-0.436523 -0.267578
-0.275391 0.448242
0.341797 -0.352539
0.409180 -0.413086
-0.371094 -0.466797
0.416992 0.363281
-0.283203 0.354492
-0.394531 -0.254883
0.381836 0.252930
0.278320 -0.372070
-0.475586 -0.418945
0.275391 -0.311523
0.313477 -0.298828
0.382812 -0.324219
-0.416992 -0.385742
0.290039 0.391602
-0.353516 0.345703
-0.326172 0.463867
-0.455078 0.393555
0.366211 0.420898
-0.374023 0.418945
0.444336 0.416992
-0.265625 -0.269531
0.462891 0.366211
-0.343750 0.497070
0.394531 -0.410156
0.335938 0.492188
0.266602 0.483398
0.280273 -0.455078
0.296875 -0.449219
0.410156 0.259766
0.275391 -0.432617
-0.496094 0.430664
-0.254883 0.478516
0.275391 0.450195
0.469727 -0.469727
0.460938 0.407227
-0.496094 0.488281
-0.288086 0.408203
-0.414062 -0.290039
0.422852 -0.431641
0.445312 -0.338867
-0.473633 0.470703
0.472656 0.390625
-0.342773 0.267578
-0.410156 0.309570
0.450195 0.495117
-0.449219 -0.456055
-0.375000 -0.493164
-0.273438 0.446289
0.383789 0.358398
0.363281 0.289062
-0.482422 0.296875
-0.362305 0.482422
0.488281 0.427734
-0.282227 -0.427734
-0.349609 0.481445
0.418945 -0.362305
-0.383789 0.490234
0.422852 -0.437500
-0.315430 -0.461914
0.379883 -0.424805
-0.414062 -0.333984
-0.378906 0.270508
-0.292969 0.336914
-0.446289 0.251953
0.307617 0.278320
-0.288086 0.378906
-0.357422 0.378906
0.291016 0.484375
-0.257812 -0.304688
0.374023 0.303711
-0.482422 0.495117
0.450195 -0.258789
-0.291992 -0.355469
-0.329102 0.457031
-0.437500 -0.481445
-0.316406 -0.353516
-0.461914 0.491211
0.263672 -0.251953
-0.339844 0.424805
0.313477 -0.291992
-0.431641 0.486328
-0.292969 0.284180
-0.358398 0.437500
0.302734 0.259766
0.483398 0.487305
0.343750 0.307617
0.415039 -0.390625
0.324219 -0.374023
0.492188 -0.356445
0.292969 0.335938
0.452148 0.364258
0.416992 -0.497070
0.360352 -0.449219
-0.470703 -0.465820
-0.393555 -0.484375
-0.261719 -0.441406
0.274414 0.374023
-0.440430 0.294922
0.282227 -0.252930
0.413086 0.253906
-0.437500 0.444336
-0.310547 -0.456055
0.445312 -0.435547
0.473633 0.376953
-0.253906 0.314453
0.387695 0.266602
0.477539 -0.280273
0.391602 0.305664
0.444336 0.296875
-0.257812 -0.259766
0.375977 -0.402344
-0.290039 0.477539
-0.380859 0.454102
-0.493164 -0.496094
0.291992 -0.424805
0.259766 -0.410156
-0.336914 -0.425781
-0.251953 -0.471680
0.418945 0.346680
0.479492 -0.494141
0.331055 -0.398438
-0.418945 -0.379883
-0.277344 -0.274414
0.322266 0.392578
-0.481445 -0.454102
-0.499023 -0.465820
-0.487305 0.402344
0.259766 -0.431641
0.383789 0.353516
0.308594 0.310547
0.360352 -0.319336
0.378906 -0.426758
0.304688 0.253906
-0.372070 0.327148
0.359375 -0.318359
-0.428711 0.456055
-0.306641 -0.434570
-0.483398 -0.427734
-0.269531 -0.488281
0.317383 0.283203
-0.354492 0.482422
-0.323242 -0.364258
0.269531 0.401367
-0.433594 0.362305
0.432617 0.317383
-0.250977 0.418945
-0.362305 0.317383
-0.293945 -0.313477
0.343750 -0.274414
-0.287109 -0.434570
-0.498047 -0.460938
-0.372070 -0.400391
0.370117 0.385742
0.366211 -0.395508
-0.491211 -0.299805
0.387695 -0.324219
-0.276367 -0.341797
0.413086 0.320312
-0.388672 0.309570
0.458008 0.321289
-0.282227 -0.291016
-0.365234 0.336914
-0.264648 -0.271484
-0.425781 -0.406250
0.473633 -0.399414
-0.340820 0.420898
0.290039 -0.372070
-0.325195 -0.260742
0.477539 0.357422
0.323242 -0.498047
-0.478516 0.407227
0.439453 0.449219
0.489258 0.492188
-0.370117 0.419922
-0.287109 -0.416992
0.408203 0.339844
0.278320 -0.494141
0.294922 0.377930
-0.275391 -0.350586
-0.286133 -0.361328
-0.279297 0.356445
0.396484 -0.374023
0.379883 0.403320
0.388672 -0.393555
-0.275391 0.394531
-0.395508 0.355469
-0.301758 -0.259766
0.278320 -0.337891
-0.488281 0.270508
-0.483398 0.318359
0.460938 0.422852
-0.457031 -0.262695
-0.262695 0.305664
-0.415039 -0.340820
-0.362305 0.309570
0.255859 0.343750
0.449219 0.336914
-0.372070 0.468750
-0.360352 -0.441406
-0.409180 0.362305
0.400391 -0.472656
0.450195 -0.439453
0.425781 0.298828
-0.390625 -0.449219
-0.300781 -0.353516
-0.458984 0.457031
0.454102 0.269531
-0.365234 0.265625
0.303711 0.322266
0.380859 -0.397461
0.469727 0.429688
-0.270508 0.411133
0.359375 0.253906
0.332031 0.291016
-0.354492 -0.466797
0.254883 -0.400391
0.384766 0.401367
-0.375977 0.315430
-0.446289 -0.325195
-0.465820 -0.466797
0.294922 -0.359375
0.439453 0.329102
0.499023 0.306641
-0.396484 -0.393555
0.273438 0.386719
-0.416992 0.435547
-0.324219 -0.277344
-0.439453 -0.276367
0.487305 -0.312500
0.255859 0.491211
-0.313477 -0.495117
0.000000 0.337891
-0.360352 0.283203
0.414062 -0.375000
0.393555 0.451172
-0.444336 -0.292969
0.375977 -0.359375
-0.276367 0.484375
-0.384766 0.459961
-0.479492 0.371094
-0.470703 0.447266
-0.383789 -0.310547
-0.330078 0.392578
-0.425781 0.343750
-0.295898 -0.416992
0.425781 -0.481445
0.263672 0.396484
-0.404297 -0.471680
-0.285156 -0.446289
-0.370117 0.297852
-0.284180 -0.295898
-0.428711 0.348633
0.358398 0.400391
-0.319336 -0.473633
-0.466797 0.396484
-0.397461 -0.401367
-0.463867 -0.431641
0.427734 -0.298828
0.330078 -0.363281
0.495117 -0.488281
-0.282227 0.253906
-0.362305 0.380859
-0.413086 0.372070
0.458008 -0.449219
-0.253906 -0.287109
-0.392578 0.449219
0.251953 -0.497070
0.381836 0.414062
0.493164 -0.457031
0.368164 -0.385742
-0.305664 -0.471680
-0.284180 0.259766
0.350586 0.433594
0.488281 -0.388672
0.494141 -0.354492
0.446289 -0.350586
-0.427734 0.380859
0.461914 -0.362305
-0.422852 0.336914
-0.345703 -0.284180
0.455078 0.375000
-0.297852 0.496094
-0.304688 0.408203
-0.319336 -0.459961
0.365234 -0.442383
-0.380859 0.460938
0.250000 -0.495117
0.375977 0.253906
-0.390625 0.342773
0.291992 0.366211
0.458984 -0.399414
0.446289 0.358398
-0.353516 -0.488281
-0.256836 0.407227
0.367188 0.440430
0.397461 0.263672
-0.351562 0.275391
0.296875 -0.337891
-0.299805 0.470703
-0.434570 -0.457031
0.398438 0.299805
-0.461914 0.334961
-0.436523 -0.276367
-0.254883 0.412109
-0.460938 -0.288086
0.356445 -0.284180
0.485352 -0.326172
0.416016 0.418945
-0.343750 -0.438477
-0.402344 0.357422
0.300781 -0.426758
-0.450195 0.362305
-0.280273 0.262695
0.295898 0.474609
0.380859 -0.262695
-0.472656 0.416992
0.351562 0.493164
-0.496094 -0.441406
-0.291016 0.319336
-0.363281 0.491211
0.450195 -0.424805
-0.276367 -0.285156
0.292969 -0.466797
-0.328125 0.291992
-0.346680 0.313477
0.416992 -0.285156
0.431641 0.367188
-0.376953 -0.388672
-0.351562 0.305664
-0.374023 0.266602
0.314453 -0.254883
0.458984 0.338867
0.317383 -0.270508
-0.329102 -0.490234
0.470703 -0.329102
-0.490234 -0.317383
-0.259766 -0.415039
0.457031 -0.275391
-0.435547 0.335938
0.430664 -0.383789
-0.474609 0.415039
0.365234 0.257812
-0.473633 -0.302734
0.275391 -0.460938
0.499023 0.490234
-0.261719 -0.325195
-0.463867 -0.478516
-0.348633 -0.337891
-0.271484 0.466797
0.463867 -0.379883
0.344727 0.400391
0.472656 -0.396484
0.392578 -0.490234
-0.353516 0.407227
0.440430 -0.266602
0.306641 -0.287109
0.495117 0.382812
0.380859 0.322266
-0.439453 -0.318359
0.316406 -0.394531
0.422852 -0.483398
-0.390625 -0.359375
-0.454102 -0.410156
0.292969 0.421875
0.349609 -0.471680
-0.417969 0.375977
-0.461914 0.370117
0.283203 0.302734
0.475586 -0.266602
0.402344 -0.265625
-0.474609 0.366211
0.312500 -0.419922
-0.378906 -0.397461
-0.326172 0.295898
-0.279297 -0.320312
-0.299805 -0.302734
-0.342773 -0.295898
-0.263672 0.412109
0.299805 0.461914
0.468750 0.333008
0.283203 -0.391602
0.499023 0.319336
0.468750 -0.314453
0.345703 0.256836
-0.355469 0.260742
0.359375 0.478516
0.381836 0.370117
0.359375 0.398438
0.299805 0.323242
-0.271484 -0.376953
0.406250 0.291016
-0.466797 -0.367188
-0.474609 0.491211
-0.358398 -0.460938
-0.280273 -0.354492
-0.333008 0.288086
0.467773 0.265625
0.459961 -0.454102
0.263672 -0.305664
-0.285156 0.375000
-0.358398 -0.289062
-0.324219 -0.282227
-0.462891 0.372070
0.257812 -0.474609
0.261719 -0.335938
0.304688 0.302734
-0.275391 0.361328
-0.431641 -0.340820
0.434570 0.429688
0.369141 0.376953
-0.315430 -0.363281
0.270508 0.363281
-0.322266 0.426758
0.485352 -0.292969
0.264648 0.487305
-0.406250 0.495117
0.291016 0.320312
-0.465820 0.335938
0.475586 0.492188
-0.285156 -0.499023
-0.424805 -0.389648
0.431641 0.387695
0.498047 0.474609
-0.293945 0.453125
0.381836 -0.309570
0.488281 -0.411133
-0.463867 0.427734
-0.438477 0.308594
-0.477539 0.385742
0.369141 -0.491211
-0.479492 0.395508
0.331055 0.381836
-0.492188 0.445312
-0.359375 -0.478516
-0.355469 0.339844
0.337891 -0.458008
-0.359375 -0.487305
0.415039 0.485352
0.254883 0.460938
0.497070 -0.376953
0.446289 -0.437500
-0.409180 -0.362305
-0.422852 0.499023
-0.278320 -0.439453
0.448242 0.303711
-0.324219 -0.291016
0.292969 0.493164
0.427734 -0.265625
0.290039 -0.443359
-0.278320 0.266602
0.452148 -0.481445
-0.367188 -0.453125
-0.300781 -0.406250
0.333984 0.259766
-0.260742 0.389648
-0.360352 -0.294922
0.294922 0.451172
0.291992 0.293945
-0.427734 0.325195
0.329102 -0.271484
-0.263672 -0.291016
-0.252930 -0.375000
-0.445312 -0.404297
-0.468750 -0.322266
-0.278320 -0.256836
-0.469727 0.369141
0.267578 -0.374023
-0.499023 -0.406250
0.325195 0.438477
-0.460938 0.425781
0.402344 -0.427734
0.480469 -0.335938
-0.319336 0.376953
-0.269531 -0.367188
-0.256836 0.375000
0.362305 -0.392578
-0.494141 0.497070
-0.303711 -0.374023
0.489258 0.263672
0.437500 0.267578
0.473633 -0.290039
0.342773 0.429688
0.419922 -0.251953
-0.253906 0.438477
0.429688 -0.499023
-0.342773 0.256836
0.409180 -0.434570
-0.484375 0.397461
0.441406 0.481445
-0.430664 -0.467773
0.277344 -0.394531
-0.302734 -0.331055
-0.291016 0.429688
0.409180 -0.365234
0.490234 0.295898
-0.409180 0.491211
0.303711 0.282227
0.457031 0.356445
-0.299805 0.464844
-0.432617 -0.481445
0.258789 -0.397461
-0.415039 -0.420898
-0.366211 -0.335938
0.388672 -0.269531
-0.497070 -0.478516
0.493164 -0.321289
0.319336 0.467773
-0.391602 -0.436523
-0.362305 -0.361328
-0.452148 -0.368164
-0.337891 -0.263672
-0.416016 0.263672
-0.447266 0.398438
-0.302734 0.359375
0.359375 0.349609
-0.435547 0.452148
0.395508 0.431641
0.495117 0.274414
-0.337891 0.408203
0.390625 0.418945
0.375000 0.369141
-0.287109 -0.441406
0.477539 0.406250
0.269531 -0.375977
0.415039 -0.380859
-0.455078 -0.349609
0.323242 0.370117
-0.341797 0.428711
-0.350586 -0.383789
0.407227 0.456055
-0.388672 0.466797
-0.264648 -0.466797
0.257812 -0.455078
0.333008 0.278320
0.290039 -0.420898
0.462891 -0.353516
-0.346680 -0.482422
0.458984 0.466797
0.319336 0.356445
0.250977 0.361328
-0.495117 -0.264648
-0.392578 0.278320
0.499023 -0.275391
-0.295898 0.262695
-0.391602 -0.387695
0.457031 0.465820
-0.371094 0.371094
0.473633 -0.260742
-0.398438 0.363281
0.318359 -0.417969
-0.474609 -0.300781
-0.304688 -0.471680
-0.478516 -0.426758
0.489258 -0.499023
0.374023 -0.254883
-0.476562 0.465820
-0.295898 -0.280273
-0.283203 -0.341797
0.427734 -0.431641
0.259766 0.469727
-0.469727 -0.324219
-0.259766 -0.485352
-0.454102 -0.385742
-0.424805 -0.273438
-0.482422 -0.321289
0.443359 -0.270508
-0.413086 -0.464844
0.324219 -0.390625
-0.252930 0.263672
-0.416992 -0.437500
-0.368164 0.492188
0.454102 0.308594
-0.354492 -0.330078
-0.374023 0.489258
-0.442383 0.414062
-0.489258 -0.316406
-0.399414 -0.282227
-0.327148 -0.466797
0.458984 -0.265625
-0.268555 0.328125
0.430664 -0.352539
0.472656 0.322266
0.404297 -0.406250
-0.264648 0.363281
-0.316406 0.429688
-0.458008 0.361328
-0.458008 -0.490234
0.311523 0.440430
0.298828 -0.447266
0.364258 -0.477539
-0.450195 -0.485352
0.293945 0.468750
-0.407227 0.264648
-0.306641 0.254883
0.423828 0.266602
-0.465820 -0.438477
-0.396484 0.292969
0.447266 -0.486328
-0.382812 -0.374023
0.463867 -0.306641
0.272461 -0.466797
-0.306641 0.408203
-0.481445 -0.297852
0.259766 -0.411133
0.469727 -0.299805
-0.269531 -0.434570
0.274414 0.366211
-0.407227 0.319336
0.363281 0.458984
0.265625 -0.279297
0.458008 -0.265625
0.471680 -0.379883
-0.365234 -0.492188
-0.322266 -0.485352
-0.422852 -0.376953
-0.307617 0.434570
-0.460938 -0.350586
0.385742 -0.480469
0.432617 0.466797
0.363281 -0.333984
0.298828 0.313477
0.300781 0.480469
0.313477 -0.291992
-0.462891 -0.342773
0.356445 -0.438477
0.375977 0.274414
-0.460938 -0.342773
0.433594 0.377930
0.459961 -0.449219
0.251953 -0.412109
0.346680 0.320312
0.251953 0.348633
-0.405273 0.473633
0.495117 0.317383
-0.380859 -0.309570
-0.416992 0.260742
0.263672 0.458984
0.421875 -0.316406
0.458984 -0.480469
0.410156 0.335938
-0.397461 0.450195
-0.464844 -0.435547
-0.393555 -0.456055
-0.294922 0.390625
0.347656 -0.452148
-0.470703 -0.446289
-0.302734 -0.307617
-0.376953 -0.372070
-0.360352 0.316406
0.415039 -0.271484
0.371094 0.255859
0.281250 -0.359375
-0.321289 -0.429688
-0.283203 -0.354492
-0.285156 -0.476562
-0.361328 -0.362305
-0.281250 -0.378906
0.275391 -0.456055
-0.439453 0.396484
0.471680 0.391602
0.404297 0.491211
-0.357422 0.284180
-0.384766 0.459961
0.432617 0.396484
0.455078 -0.392578
-0.432617 0.483398
0.445312 -0.465820
-0.285156 0.255859
-0.308594 0.451172
-0.421875 0.391602
0.295898 -0.314453
0.301758 0.276367
0.405273 -0.315430
-0.346680 0.472656
0.261719 -0.291992
0.315430 0.293945
-0.427734 -0.257812
0.497070 -0.291992
0.294922 -0.416992
0.458008 -0.293945
0.412109 0.392578
0.395508 -0.382812
-0.442383 0.392578
-0.458008 -0.266602
0.287109 0.269531
-0.325195 -0.496094
-0.372070 -0.289062
-0.375977 0.392578
0.449219 0.372070
0.250977 0.413086
-0.466797 0.466797
-0.281250 -0.309570
-0.371094 -0.472656
0.274414 0.307617
-0.359375 0.264648
-0.375977 -0.461914
0.465820 0.333984
0.366211 0.470703
0.386719 -0.313477
0.319336 0.382812
0.287109 -0.438477
0.448242 -0.382812
0.346680 -0.450195
0.479492 -0.441406
-0.273438 -0.471680
-0.329102 -0.268555
-0.342773 -0.350586
-0.438477 0.354492
-0.310547 0.442383
0.426758 -0.378906
0.271484 0.450195
-0.497070 0.303711
-0.340820 -0.288086
0.469727 -0.311523
-0.430664 0.265625
-0.499023 -0.308594
0.348633 -0.269531
-0.385742 0.419922
0.299805 0.394531
0.391602 0.275391
-0.303711 -0.381836
-0.460938 -0.398438
0.376953 -0.272461
-0.376953 -0.260742
-0.296875 0.448242
-0.318359 -0.258789
-0.485352 0.327148
0.318359 0.345703
-0.380859 0.424805
-0.280273 -0.280273
-0.294922 0.473633
0.438477 0.325195
0.463867 -0.453125
-0.339844 -0.341797
-0.455078 -0.323242
-0.468750 0.474609
0.402344 -0.276367
-0.491211 0.499023
0.397461 -0.336914
-0.421875 0.475586
0.455078 0.374023
-0.461914 0.313477
0.408203 0.325195
0.440430 0.433594
-0.441406 0.486328
-0.345703 0.320312
0.355469 -0.357422
0.384766 -0.367188
0.461914 -0.352539
0.349609 -0.369141
0.352539 -0.426758
-0.282227 -0.482422
0.477539 -0.458984
0.251953 -0.292969
0.385742 0.412109
-0.495117 0.376953
-0.431641 0.416992
0.270508 -0.459961
-0.297852 -0.384766
0.386719 0.268555
0.277344 -0.470703
0.333984 -0.452148
-0.458984 -0.401367
0.487305 -0.358398
-0.492188 -0.461914
-0.284180 -0.308594
-0.298828 -0.498047
0.418945 -0.307617
-0.359375 0.385742
0.466797 0.311523
0.465820 0.421875
0.375000 0.434570
0.000000 -0.360352
0.426758 -0.322266
0.357422 -0.386719
0.325195 0.480469
-0.338867 0.300781
0.341797 0.266602
-0.257812 -0.338867
0.295898 -0.444336
-0.398438 -0.409180
-0.430664 0.250000
0.284180 -0.376953
0.250977 -0.278320
-0.307617 -0.308594
0.373047 -0.296875
-0.271484 -0.369141
-0.438477 0.318359
-0.457031 0.472656
0.326172 -0.462891
-0.455078 0.473633
-0.428711 -0.370117
-0.318359 -0.331055
0.287109 -0.354492
0.404297 -0.359375
0.256836 0.263672
-0.419922 -0.456055
0.491211 0.267578
-0.499023 0.337891
0.479492 0.254883
-0.476562 -0.492188
-0.283203 -0.422852
-0.280273 0.470703
0.334961 0.381836
0.328125 -0.286133
-0.437500 0.484375
-0.351562 -0.405273
-0.411133 -0.293945
0.396484 -0.383789
0.299805 -0.343750
0.430664 0.338867
-0.286133 0.330078
-0.383789 -0.495117
0.336914 0.263672
0.466797 0.291992
-0.482422 0.370117
-0.390625 -0.498047
0.265625 0.435547
0.450195 0.366211
0.365234 -0.346680
0.320312 -0.471680
-0.496094 0.438477
0.259766 -0.381836
0.490234 -0.371094
0.447266 -0.257812
-0.465820 -0.421875
-0.313477 -0.449219
0.411133 0.000000
-0.282227 0.446289
-0.263672 0.310547
-0.496094 0.371094
0.426758 -0.421875
-0.489258 0.456055
0.309570 -0.417969
0.389648 -0.267578
-0.281250 0.344727
0.321289 0.447266
0.290039 0.375977
-0.315430 0.426758
-0.462891 -0.252930
-0.435547 0.266602
-0.331055 0.492188
0.496094 -0.436523
0.490234 -0.299805
-0.270508 -0.290039
-0.408203 -0.463867
-0.352539 -0.294922
0.416992 0.316406
0.375977 0.273438
-0.336914 -0.374023
0.470703 0.477539
0.362305 0.344727
0.467773 0.372070
0.336914 0.325195
0.438477 -0.355469
-0.361328 0.338867
-0.437500 -0.476562
0.405273 0.287109
-0.351562 -0.343750
0.492188 -0.464844
0.332031 -0.497070
-0.419922 -0.377930
-0.355469 -0.335938
0.347656 0.455078
0.436523 0.472656
-0.333984 0.484375
-0.416016 -0.498047
-0.340820 -0.274414
-0.265625 -0.431641
0.331055 0.372070
-0.253906 -0.361328
0.352539 -0.385742
0.343750 0.463867
0.467773 -0.346680
0.389648 -0.398438
0.354492 0.288086
-0.458008 0.400391
-0.350586 0.304688
0.451172 0.362305
-0.275391 0.291016
-0.488281 -0.311523
-0.321289 0.374023
-0.416992 -0.301758
0.374023 -0.266602
0.428711 -0.331055
-0.265625 -0.345703
-0.455078 -0.480469
0.384766 -0.291016
0.393555 -0.341797
-0.395508 -0.412109
0.428711 -0.338867
0.415039 0.424805
-0.289062 0.345703
-0.477539 0.375977
-0.265625 -0.345703
-0.296875 -0.446289
-0.492188 -0.326172
-0.414062 0.319336
0.283203 0.452148
-0.333008 0.300781
-0.302734 -0.324219
0.280273 0.367188
0.484375 -0.362305
-0.410156 -0.306641
0.286133 0.291992
-0.412109 0.392578
0.436523 -0.407227
0.408203 -0.411133
-0.472656 -0.352539
-0.303711 -0.317383
0.373047 -0.362305
-0.411133 0.399414
0.414062 0.298828
0.295898 -0.350586
0.458008 -0.361328
-0.402344 -0.466797
-0.479492 0.457031
0.476562 0.257812
0.422852 -0.413086
0.471680 -0.436523
-0.321289 -0.329102
-0.288086 -0.328125
-0.458008 -0.357422
0.469727 -0.395508
-0.485352 0.481445
0.439453 -0.375977
0.456055 -0.347656
0.332031 0.416016
0.308594 -0.449219
-0.257812 0.497070
0.344727 -0.372070
-0.374023 -0.278320
-0.285156 -0.252930
-0.393555 -0.370117
0.430664 -0.296875
-0.319336 -0.252930
0.318359 -0.287109
0.295898 0.337891
0.336914 -0.447266
-0.369141 0.473633
-0.465820 0.393555
0.296875 -0.343750
0.286133 0.280273
-0.464844 -0.378906
0.353516 -0.465820
0.377930 0.300781
-0.360352 0.281250
-0.393555 0.333984
0.435547 -0.350586
-0.276367 0.340820
0.288086 -0.435547
-0.481445 -0.400391
-0.465820 0.458984
-0.318359 -0.395508
0.374023 -0.446289
0.322266 0.380859
0.280273 0.293945
-0.415039 0.290039
0.372070 0.345703
0.447266 0.459961
0.297852 0.470703
-0.317383 0.301758
-0.498047 0.451172
0.294922 -0.483398
-0.331055 -0.367188
-0.342773 0.303711
0.487305 0.491211
0.431641 0.410156
-0.256836 -0.438477
-0.265625 0.493164
-0.332031 0.370117
0.374023 -0.312500
0.286133 0.460938
0.391602 -0.409180
0.438477 0.415039
0.464844 0.310547
0.475586 -0.300781
-0.341797 -0.451172
-0.452148 0.485352
0.344727 -0.401367
-0.257812 -0.465820
-0.493164 0.486328
-0.268555 -0.453125
-0.481445 0.392578
0.449219 0.294922
0.342773 0.328125
-0.309570 -0.279297
-0.486328 0.436523
0.418945 -0.460938
-0.417969 -0.324219
0.416992 0.297852
-0.365234 0.477539
0.308594 -0.324219
0.331055 0.393555
0.359375 -0.280273
0.307617 -0.413086
0.314453 -0.441406
-0.349609 0.409180
0.433594 -0.465820
-0.476562 -0.305664
-0.261719 -0.452148
0.419922 -0.262695
0.378906 0.312500
0.367188 0.350586
0.383789 -0.458008
0.292969 -0.278320
0.452148 -0.458008
-0.348633 -0.301758
0.301758 0.472656
0.250000 0.492188
0.476562 0.484375
-0.364258 -0.332031
0.383789 0.276367
-0.264648 -0.349609
-0.280273 0.000000
0.339844 0.390625
0.287109 0.328125
0.401367 -0.343750
-0.372070 0.346680
0.458984 0.331055
-0.281250 0.349609
0.435547 0.456055
0.400391 0.443359
0.357422 -0.363281
-0.450195 0.281250
0.486328 0.306641
0.400391 -0.397461
-0.324219 -0.291992
0.282227 -0.374023
-0.317383 0.339844
0.423828 -0.264648
-0.488281 0.486328
0.355469 0.258789
-0.254883 0.323242
0.295898 -0.482422
-0.288086 0.458984
0.299805 -0.291016
-0.308594 -0.337891
0.325195 -0.464844
-0.254883 0.388672
-0.271484 0.409180
-0.363281 -0.396484
-0.405273 0.388672
-0.324219 0.254883
-0.322266 0.413086
-0.310547 -0.335938
-0.407227 0.269531
-0.271484 0.416992
0.290039 -0.419922
0.435547 0.282227
-0.299805 -0.489258
0.448242 0.497070
0.339844 -0.266602
-0.480469 -0.320312
-0.493164 -0.404297
0.453125 0.479492
-0.396484 0.281250
0.321289 0.451172
0.482422 -0.351562
0.281250 -0.465820
-0.423828 0.311523
-0.275391 0.363281
0.485352 0.376953
0.328125 -0.453125
-0.477539 -0.347656
0.477539 0.379883
-0.379883 -0.497070
0.387695 0.383789
0.384766 0.405273
-0.350586 0.401367
0.430664 -0.355469
0.270508 0.363281
-0.474609 0.438477
-0.318359 -0.272461
0.447266 -0.319336
-0.463867 0.450195
0.316406 0.359375
-0.470703 -0.265625
-0.430664 -0.427734
0.300781 -0.329102
-0.428711 0.450195
0.400391 0.269531
0.294922 -0.335938
-0.352539 -0.258789
0.319336 -0.427734
-0.414062 0.274414
0.296875 0.442383
-0.366211 0.423828
0.430664 -0.459961
0.383789 -0.388672
0.335938 0.276367
0.383789 -0.410156
-0.422852 0.464844
-0.379883 -0.375000
-0.476562 -0.385742
0.279297 -0.488281
-0.459961 -0.433594
0.257812 0.409180
0.426758 -0.343750
-0.253906 0.370117
0.361328 0.451172
-0.393555 0.300781
-0.485352 0.494141
-0.372070 0.475586
0.339844 0.363281
-0.381836 -0.411133
0.454102 -0.280273
-0.334961 -0.282227
0.369141 0.402344
0.286133 0.442383
-0.261719 -0.498047
-0.449219 -0.274414
-0.379883 -0.290039
-0.374023 -0.438477
-0.324219 -0.366211
-0.402344 -0.250977
-0.431641 -0.376953
0.261719 -0.461914
-0.293945 -0.455078
0.487305 0.261719
0.362305 0.300781
-0.402344 0.447266
-0.431641 0.285156
-0.381836 0.278320
-0.458984 0.313477
-0.410156 -0.355469
0.316406 0.478516
-0.454102 0.393555
-0.413086 -0.290039
-0.395508 0.291992
-0.333984 -0.255859
-0.484375 -0.461914
0.330078 -0.458984
0.375977 -0.401367
-0.298828 -0.416992
-0.407227 0.456055
-0.307617 0.363281
-0.440430 0.282227
0.408203 -0.260742
0.382812 0.396484
0.277344 -0.292969
0.368164 -0.254883
-0.431641 -0.472656
0.347656 -0.469727
0.302734 -0.491211
0.316406 0.472656
0.481445 -0.375977
-0.287109 -0.422852
0.374023 -0.480469
-0.452148 -0.351562
-0.457031 0.338867
0.475586 -0.338867
-0.390625 -0.320312
0.261719 0.493164
-0.337891 0.343750
0.494141 0.376953
-0.401367 0.458008
-0.270508 0.314453
-0.482422 0.375000
-0.315430 -0.422852
-0.285156 -0.332031
0.409180 0.279297
-0.334961 0.406250
0.299805 0.384766
0.263672 -0.254883
-0.351562 0.408203
0.486328 0.286133
0.314453 0.410156
0.478516 0.493164
0.489258 0.282227
0.480469 0.349609
0.386719 -0.297852
0.360352 0.310547
-0.442383 0.474609
0.398438 0.490234
0.434570 0.408203
0.357422 0.368164
-0.448242 -0.306641
-0.276367 -0.288086
0.285156 -0.340820
0.398438 0.267578
0.322266 -0.345703
0.495117 -0.361328
0.435547 -0.335938
0.252930 -0.332031
-0.451172 -0.340820
0.474609 0.000000
0.394531 -0.463867
0.253906 0.375000
-0.491211 0.404297
-0.343750 -0.415039
-0.375000 0.325195
0.351562 0.403320
0.438477 -0.499023
-0.376953 -0.342773
-0.422852 0.279297
-0.487305 -0.492188
0.486328 -0.283203
-0.255859 0.353516
0.317383 0.316406
0.469727 -0.317383
0.270508 0.435547
-0.285156 -0.466797
-0.250977 -0.278320
0.309570 -0.372070
-0.486328 0.335938
0.446289 -0.389648
0.430664 -0.440430
0.400391 -0.313477
0.286133 0.291016
0.291992 0.349609
0.479492 0.302734
-0.323242 0.250977
0.333984 0.480469
-0.379883 -0.370117
-0.418945 -0.311523
0.252930 -0.366211
-0.492188 -0.270508
-0.263672 -0.324219
-0.419922 0.283203
0.388672 0.414062
0.273438 -0.441406
-0.364258 0.263672
-0.325195 0.272461
0.297852 -0.250977
0.334961 0.459961
-0.382812 0.388672
-0.300781 0.467773
0.299805 -0.350586
0.330078 0.386719
-0.279297 0.409180
-0.498047 -0.468750
0.312500 -0.265625
-0.362305 0.462891
-0.468750 -0.350586
0.416016 0.421875
-0.307617 0.446289
0.267578 0.412109
0.302734 0.480469
0.329102 -0.444336
0.420898 -0.262695
0.348633 -0.293945
0.448242 0.366211
0.336914 -0.308594
-0.377930 -0.275391
-0.288086 0.428711
0.354492 0.375000
0.499023 -0.473633
0.442383 0.317383
-0.439453 0.363281
-0.445312 -0.333984
-0.315430 -0.479492
0.257812 0.302734
-0.256836 0.294922
-0.263672 0.441406
-0.485352 0.430664
-0.267578 0.416016
-0.384766 -0.465820
-0.403320 0.365234
0.394531 -0.429688
-0.275391 0.365234
0.492188 -0.343750
-0.459961 0.452148
-0.357422 0.284180
-0.473633 0.329102
-0.298828 0.462891
-0.277344 0.431641
-0.290039 -0.359375
0.454102 0.430664
-0.273438 -0.340820
0.434570 -0.431641
0.499023 0.347656
0.283203 -0.332031
0.445312 0.253906
0.332031 0.461914
0.272461 0.382812
-0.478516 0.323242
0.455078 -0.326172
-0.492188 0.310547
-0.349609 0.345703
-0.469727 0.335938
-0.493164 -0.403320
0.412109 -0.356445
-0.283203 -0.475586
0.491211 -0.358398
-0.486328 -0.490234
-0.389648 -0.474609
-0.298828 -0.313477
-0.292969 0.491211
-0.328125 0.478516
0.387695 -0.274414
0.266602 -0.416016
0.261719 -0.276367
-0.338867 -0.361328
-0.300781 0.358398
0.389648 -0.320312
-0.491211 -0.480469
0.448242 0.406250
0.459961 0.490234
0.327148 -0.407227
0.411133 -0.381836
-0.325195 0.408203
-0.316406 -0.282227
-0.315430 0.257812
-0.273438 -0.498047
-0.345703 -0.374023
0.456055 -0.283203
-0.423828 0.310547
-0.465820 -0.446289
0.442383 0.264648
0.265625 -0.250977
0.374023 -0.311523
-0.400391 -0.319336
-0.480469 0.337891
-0.334961 -0.346680
-0.438477 0.446289
-0.406250 0.407227
-0.445312 0.470703
0.287109 0.294922
-0.335938 0.300781
-0.350586 0.433594
0.272461 0.419922
-0.308594 0.486328
0.293945 0.377930
0.260742 -0.330078
0.403320 0.321289
-0.429688 0.375977
0.268555 -0.300781
-0.470703 -0.263672
-0.261719 -0.357422
0.287109 0.307617
0.338867 0.367188
0.255859 0.422852
0.270508 0.366211
0.263672 -0.352539
-0.497070 0.484375
0.367188 -0.363281
0.430664 0.387695
-0.291992 -0.418945
0.414062 0.282227
-0.300781 0.297852
0.423828 -0.371094
-0.313477 0.376953
0.382812 0.471680
-0.390625 -0.280273
-0.353516 0.373047
-0.453125 -0.381836
0.477539 0.314453
0.447266 0.449219
-0.288086 0.321289
-0.330078 0.407227
-0.289062 0.409180
0.361328 -0.421875
-0.442383 0.362305
-0.417969 -0.461914
0.328125 -0.301758
0.444336 -0.474609
-0.343750 -0.433594
0.400391 -0.370117
-0.322266 -0.303711
-0.264648 0.282227
0.308594 0.391602
-0.375977 -0.256836
-0.307617 0.428711
-0.443359 -0.366211
-0.456055 -0.384766
0.268555 0.450195
0.449219 -0.397461
-0.305664 0.344727
-0.395508 0.481445
0.351562 0.384766
0.326172 0.481445
0.426758 0.312500
-0.474609 -0.434570
-0.291992 0.256836
0.262695 0.489258
0.391602 -0.306641
0.311523 0.360352
-0.337891 0.333008
-0.400391 -0.469727
0.306641 0.495117
-0.294922 -0.418945
-0.461914 0.391602
-0.476562 -0.475586
-0.480469 -0.363281
-0.454102 -0.315430
-0.487305 -0.356445
-0.402344 -0.333984
0.412109 0.483398
-0.266602 -0.387695
0.313477 -0.379883
0.393555 0.401367
-0.352539 0.337891
0.268555 0.250977
0.263672 -0.469727
-0.290039 -0.382812
0.256836 0.415039
0.405273 -0.389648
-0.335938 -0.406250
0.390625 -0.439453
-0.427734 0.275391
0.379883 -0.279297
-0.475586 0.329102
-0.271484 0.466797
-0.497070 -0.269531
0.250000 -0.250977
-0.362305 0.325195
0.476562 0.408203
-0.342773 -0.281250
0.313477 0.335938
0.494141 0.469727
0.436523 0.370117
0.302734 -0.355469
-0.371094 -0.354492
-0.454102 -0.344727
-0.344727 -0.468750
-0.323242 -0.304688
-0.371094 -0.360352
0.306641 0.445312
-0.293945 0.276367
-0.361328 -0.385742
0.324219 -0.427734
0.306641 -0.280273
-0.434570 0.418945
-0.338867 0.456055
-0.394531 -0.305664
0.376953 0.279297
-0.411133 -0.353516
-0.326172 0.303711
-0.364258 -0.315430
0.291016 0.421875
-0.428711 -0.317383
-0.258789 0.450195
0.336914 0.297852
-0.259766 0.492188
0.412109 -0.330078
-0.408203 -0.440430
0.473633 -0.268555
-0.337891 0.394531
0.362305 0.270508
0.487305 0.288086
0.325195 -0.291992
0.399414 -0.423828
0.374023 0.485352
0.439453 0.375977
0.455078 0.281250
-0.279297 0.477539
-0.459961 -0.308594
0.260742 -0.288086
-0.426758 0.356445
-0.333008 0.458008
-0.369141 0.399414
0.472656 0.362305
0.493164 0.433594
0.251953 -0.319336
-0.282227 -0.270508
-0.451172 -0.432617
-0.321289 -0.432617
-0.492188 0.472656
0.398438 -0.394531
-0.499023 -0.286133
0.393555 -0.457031
0.366211 -0.347656
-0.388672 -0.333984
0.315430 0.267578
0.429688 0.279297
0.387695 0.326172
-0.458008 0.399414
-0.272461 -0.318359
0.447266 0.437500
0.339844 -0.348633
-0.368164 0.494141
0.342773 0.266602
0.395508 0.262695
-0.389648 -0.428711
-0.331055 0.404297
-0.402344 -0.461914
-0.472656 -0.366211
0.467773 -0.484375
0.482422 -0.358398
-0.427734 -0.476562
-0.478516 0.336914
-0.333008 -0.428711
-0.274414 0.282227
-0.361328 -0.453125
-0.321289 -0.441406
0.397461 -0.375000
0.250977 -0.311523
0.454102 0.474609
-0.274414 -0.408203
-0.423828 0.469727
-0.412109 0.458984
0.304688 0.434570
-0.289062 0.268555
0.479492 0.378906
-0.498047 -0.415039
0.285156 -0.498047
0.488281 -0.395508
-0.271484 -0.340820
-0.341797 0.338867
0.323242 0.354492
0.297852 -0.333008
-0.391602 -0.340820
0.373047 0.371094
-0.445312 0.397461
0.446289 -0.341797
-0.265625 0.253906
0.458008 -0.472656
-0.466797 0.358398
-0.432617 -0.278320
-0.434570 0.298828
-0.334961 0.392578
0.291016 0.340820
0.491211 0.460938
0.258789 -0.450195
-0.282227 -0.456055
-0.264648 0.365234
-0.305664 -0.314453
0.365234 -0.446289
0.440430 -0.474609
0.400391 0.358398
0.356445 0.367188
0.375000 -0.496094
0.478516 -0.454102
-0.469727 -0.371094
0.496094 0.317383
-0.400391 -0.429688
-0.385742 0.389648
-0.485352 0.298828
-0.284180 -0.409180
0.402344 -0.305664
-0.322266 -0.453125
-0.334961 -0.291016
-0.472656 -0.405273
0.275391 0.352539
-0.453125 -0.431641
0.333008 0.297852
0.277344 0.429688
0.251953 0.292969
-0.251953 -0.368164
0.376953 0.436523
-0.331055 0.438477
-0.333008 -0.266602
-0.357422 0.331055
0.466797 -0.250977
0.373047 0.482422
0.267578 -0.464844
-0.289062 -0.319336
-0.262695 0.384766
-0.270508 0.427734
-0.345703 0.340820
0.434570 0.344727
0.282227 0.272461
-0.444336 0.363281
-0.424805 -0.314453
0.265625 -0.418945
0.493164 0.335938
-0.467773 -0.479492
-0.434570 -0.430664
-0.310547 0.401367
-0.255859 -0.317383
-0.306641 0.428711
0.421875 -0.492188
0.389648 0.455078
0.414062 0.254883
-0.489258 0.272461
-0.472656 -0.454102
0.493164 -0.370117
0.260742 0.457031
-0.438477 0.487305
-0.479492 -0.263672
0.425781 0.370117
-0.367188 0.250000
0.303711 -0.445312
0.301758 -0.399414
0.346680 -0.283203
-0.471680 -0.291992
0.434570 -0.472656
0.394531 -0.458984
-0.317383 -0.437500
0.493164 -0.449219
0.349609 0.272461
-0.365234 -0.263672
0.259766 -0.372070
0.370117 -0.354492
-0.313477 0.428711
-0.279297 0.496094
-0.477539 -0.345703
0.387695 0.468750
0.476562 -0.414062
-0.404297 -0.406250
0.348633 0.321289
-0.412109 -0.449219
0.375977 -0.317383
-0.325195 -0.446289
0.458984 0.373047
-0.392578 0.372070
0.000000 -0.375000
0.423828 0.423828
0.422852 0.472656
0.296875 -0.255859
0.346680 -0.383789
0.272461 -0.494141
-0.250977 0.268555
-0.317383 -0.350586
0.315430 -0.286133
0.374023 -0.444336
-0.416992 -0.311523
0.276367 -0.446289
0.319336 -0.398438
-0.286133 0.458008
0.486328 0.436523
-0.273438 -0.316406
0.491211 -0.416992
-0.444336 0.363281
0.315430 -0.272461
0.311523 0.281250
0.483398 0.284180
-0.268555 0.296875
-0.304688 -0.270508
0.281250 0.316406
0.361328 -0.407227
0.279297 -0.262695
-0.416016 -0.278320
-0.463867 -0.323242
-0.408203 0.295898
0.424805 -0.340820
0.428711 0.482422
-0.342773 0.319336
-0.377930 0.452148
0.400391 -0.449219
0.422852 0.387695
0.274414 0.400391
-0.442383 0.474609
-0.385742 0.396484
0.352539 -0.270508
0.281250 0.361328
0.425781 0.433594
-0.337891 -0.370117
-0.466797 0.254883
0.390625 0.496094
-0.457031 -0.416992
-0.321289 -0.448242
0.349609 0.421875
-0.461914 0.478516
0.468750 -0.404297
-0.460938 -0.277344
0.375977 0.375977
-0.372070 0.360352
-0.443359 -0.470703
0.400391 0.321289
-0.393555 -0.354492
-0.383789 -0.458008
-0.405273 0.000000
-0.416016 0.467773
0.263672 -0.448242
0.453125 -0.292969
-0.454102 -0.416992
0.309570 -0.473633
-0.288086 0.342773
0.348633 -0.271484
0.378906 0.429688
0.265625 0.361328
0.457031 -0.455078
0.401367 -0.458984
0.491211 -0.402344
-0.471680 -0.418945
-0.254883 -0.470703
-0.441406 0.485352
-0.271484 -0.390625
0.319336 -0.271484
0.254883 0.303711
0.420898 -0.378906
0.498047 -0.276367
-0.387695 0.461914
0.375977 -0.485352
0.401367 -0.496094
0.472656 0.424805
-0.416016 -0.310547
-0.407227 -0.323242
-0.287109 0.436523
0.393555 -0.366211
0.398438 -0.323242
0.452148 -0.382812
-0.288086 -0.315430
0.458984 -0.363281
0.350586 -0.370117
-0.367188 -0.365234
-0.420898 -0.333008
0.318359 -0.264648
0.342773 -0.267578
-0.400391 0.385742
0.344727 -0.392578
-0.354492 -0.392578
-0.292969 -0.330078
0.361328 0.485352
0.262695 -0.340820
0.321289 0.395508
0.371094 -0.395508
0.311523 0.320312
-0.480469 0.499023
-0.305664 -0.489258
0.375000 -0.367188
-0.323242 -0.404297
0.295898 0.389648
0.451172 -0.346680
-0.282227 -0.295898
-0.457031 -0.414062
-0.334961 -0.293945
-0.434570 -0.442383
-0.439453 -0.489258
0.488281 -0.388672
0.338867 0.438477
0.353516 0.445312
0.269531 0.348633
0.304688 -0.266602
0.259766 -0.342773
-0.386719 -0.288086
0.295898 0.440430
0.309570 -0.330078
-0.471680 0.453125
0.363281 0.318359
0.413086 -0.267578
0.258789 0.420898
-0.318359 0.336914
-0.325195 0.410156
0.282227 -0.337891
0.348633 -0.374023
0.315430 -0.378906
-0.404297 -0.347656
0.375000 0.388672
0.310547 -0.371094
-0.454102 0.252930
-0.331055 0.280273
-0.267578 0.498047
-0.394531 0.267578
0.317383 -0.363281
-0.455078 0.375977
-0.431641 -0.333008
-0.296875 0.379883
-0.447266 0.404297
-0.312500 0.356445
-0.282227 0.313477
0.464844 -0.467773
-0.347656 -0.330078
-0.326172 -0.312500
0.432617 -0.304688
-0.390625 0.458984
0.329102 -0.250977
-0.411133 0.305664
-0.489258 0.492188
0.287109 -0.269531
0.291016 0.337891
-0.490234 0.273438
0.282227 0.351562
-0.271484 -0.369141
0.271484 -0.323242
-0.408203 -0.360352
0.427734 0.400391
-0.493164 0.260742
0.394531 -0.332031
-0.261719 -0.471680
-0.353516 -0.268555
0.377930 0.357422
0.392578 0.473633
0.372070 0.437500
-0.329102 0.354492
-0.276367 0.330078
-0.337891 -0.427734
0.295898 0.267578
-0.383789 -0.381836
-0.414062 -0.480469
-0.334961 0.292969
-0.348633 -0.439453
-0.321289 -0.403320
0.294922 -0.328125
-0.326172 0.311523
0.464844 0.456055
-0.316406 0.451172
-0.309570 -0.366211
0.360352 -0.376953
0.293945 0.375000
0.461914 0.255859
0.433594 0.265625
-0.268555 0.470703
0.463867 0.416992
-0.410156 0.292969
0.424805 -0.426758
0.399414 0.256836
0.399414 0.470703
0.453125 0.321289
0.297852 -0.444336
-0.292969 0.417969
-0.452148 -0.442383
-0.332031 0.301758
-0.479492 0.281250
-0.309570 0.260742
0.399414 0.376953
0.344727 -0.390625
-0.414062 -0.331055
0.383789 0.282227
-0.402344 -0.416016
-0.313477 -0.304688
0.293945 0.498047
0.474609 0.441406
-0.353516 0.281250
0.440430 -0.266602
-0.369141 -0.366211
0.298828 0.416992
-0.289062 -0.276367
-0.310547 -0.276367
-0.257812 0.471680
-0.326172 0.317383
-0.489258 0.251953
0.490234 -0.427734
0.495117 -0.400391
-0.410156 0.373047
0.303711 0.438477
0.347656 -0.364258
-0.361328 -0.319336
-0.271484 -0.414062
0.473633 0.453125
-0.457031 -0.263672
-0.440430 -0.445312
0.336914 0.361328
-0.302734 -0.350586
0.295898 -0.351562
-0.375000 -0.445312
0.443359 -0.408203
-0.279297 0.366211
0.282227 -0.458008
-0.375977 -0.453125
0.408203 -0.273438
-0.285156 0.453125
0.479492 0.415039
0.304688 -0.312500
0.332031 0.296875
-0.263672 -0.493164
0.374023 0.474609
0.496094 0.398438
0.298828 0.415039
0.275391 0.336914
0.497070 0.498047
0.337891 -0.438477
0.461914 -0.252930
0.397461 -0.358398
0.312500 -0.339844
-0.413086 0.429688
0.480469 0.443359
0.485352 0.404297
0.445312 0.330078
-0.464844 0.262695
0.294922 -0.454102
-0.434570 -0.487305
0.257812 0.334961
-0.496094 -0.325195
-0.256836 0.365234
-0.264648 -0.410156
0.262695 -0.309570
0.449219 -0.297852
-0.467773 0.317383
-0.318359 -0.448242
0.386719 0.309570
-0.355469 -0.401367
-0.461914 -0.258789
0.291992 0.376953
-0.427734 -0.332031
0.470703 0.333008
0.459961 -0.324219
0.361328 -0.400391
-0.270508 0.444336
0.291992 0.321289
0.319336 -0.389648
0.392578 -0.481445
-0.474609 -0.367188
0.423828 0.368164
0.291992 -0.299805
0.487305 -0.373047
-0.480469 -0.385742
-0.294922 0.331055
0.393555 0.455078
0.336914 0.256836
-0.354492 -0.293945
-0.345703 -0.498047
-0.490234 0.394531
0.301758 0.449219
-0.466797 -0.323242
-0.281250 -0.292969
0.259766 -0.329102
-0.416016 -0.461914
-0.324219 -0.274414
-0.373047 -0.372070
-0.287109 -0.336914
-0.498047 0.451172
0.437500 0.441406
0.328125 0.335938
0.450195 -0.462891
0.344727 -0.264648
0.414062 -0.282227
-0.478516 -0.445312
0.458984 0.276367
0.333984 0.298828
-0.372070 -0.357422
0.291016 -0.369141
0.381836 -0.318359
-0.327148 0.366211
-0.432617 0.362305
0.322266 -0.269531
-0.393555 0.339844
-0.313477 -0.336914
-0.422852 0.401367
-0.282227 0.251953
-0.305664 -0.444336
-0.436523 0.309570
-0.414062 0.464844
0.412109 0.456055
-0.339844 0.263672
-0.316406 0.438477
-0.321289 -0.300781
-0.334961 0.321289
-0.407227 0.396484
-0.457031 -0.471680
-0.485352 0.425781
-0.331055 -0.393555
-0.383789 -0.269531
0.277344 0.458008
-0.412109 0.344727
-0.269531 -0.354492
-0.301758 -0.301758
0.265625 0.281250
0.332031 -0.294922
-0.440430 0.349609
0.301758 -0.333984
0.344727 -0.284180
-0.433594 0.443359
-0.354492 0.434570
0.382812 -0.316406
-0.396484 0.351562
0.293945 0.293945
-0.271484 0.364258
-0.276367 -0.295898
0.279297 -0.416992
0.328125 0.365234
0.368164 -0.484375
-0.378906 0.268555
-0.254883 0.255859
0.281250 -0.315430
-0.401367 -0.441406
0.408203 -0.339844
-0.412109 -0.469727
0.379883 -0.285156
-0.317383 -0.442383
0.328125 -0.467773
0.285156 0.469727
-0.360352 0.335938
0.458984 0.291016
-0.253906 0.496094
0.476562 0.341797
0.368164 0.298828
0.283203 0.288086
-0.291992 -0.313477
0.321289 -0.356445
-0.474609 -0.355469
-0.437500 -0.413086
0.338867 0.290039
0.456055 0.338867
0.418945 -0.404297
0.377930 -0.290039
-0.407227 -0.455078
-0.455078 0.321289
-0.250977 0.413086
-0.283203 0.356445
0.336914 -0.291992
0.422852 -0.407227
0.487305 -0.276367
0.275391 0.321289
0.289062 0.491211
0.335938 -0.339844
-0.382812 0.317383
0.379883 -0.382812
0.290039 0.467773
0.265625 -0.349609
-0.303711 0.410156
0.481445 0.335938
0.423828 0.445312
0.359375 -0.351562
0.279297 0.378906
0.255859 -0.291016
0.484375 0.310547
0.447266 -0.252930
-0.320312 0.459961
0.292969 0.400391
0.282227 0.336914
-0.345703 0.325195
-0.429688 0.427734
0.382812 -0.487305
0.292969 0.469727
-0.392578 -0.469727
0.432617 -0.275391
0.390625 0.312500
-0.343750 -0.429688
-0.268555 0.498047
0.351562 -0.421875
-0.268555 -0.326172
-0.486328 -0.360352
-0.349609 0.273438
-0.352539 -0.429688
0.433594 -0.257812
-0.311523 0.496094
-0.333984 0.462891
0.358398 -0.308594
0.296875 0.315430
-0.283203 0.442383
0.343750 -0.401367
-0.437500 0.347656
-0.348633 0.446289
-0.288086 0.377930
-0.312500 -0.277344
-0.456055 0.349609
-0.305664 0.260742
-0.414062 0.399414
0.408203 -0.306641
0.303711 0.359375
0.440430 0.492188
-0.402344 0.359375
0.282227 -0.295898
0.417969 0.318359
0.250000 -0.251953
0.263672 0.397461
-0.387695 -0.470703
-0.270508 0.330078
0.457031 0.473633
-0.403320 0.439453
0.276367 0.479492
0.396484 -0.477539
-0.404297 -0.345703
-0.302734 -0.338867
0.368164 -0.417969
0.273438 0.374023
-0.290039 -0.272461
-0.315430 0.432617
0.438477 0.481445
-0.356445 -0.490234
0.264648 -0.289062
0.475586 -0.283203
0.323242 -0.449219
0.289062 0.464844
-0.347656 -0.441406
0.403320 0.445312
-0.430664 -0.271484
0.412109 0.419922
0.284180 -0.276367
-0.319336 0.364258
0.454102 -0.426758
0.392578 0.403320
0.282227 0.452148
-0.291992 0.339844
-0.404297 -0.464844
0.393555 0.458008
0.265625 0.287109
-0.273438 -0.354492
-0.338867 0.447266
0.307617 0.286133
-0.272461 0.296875
0.309570 -0.294922
-0.335938 -0.263672
-0.446289 0.356445
-0.494141 -0.487305
-0.295898 0.313477
0.360352 0.350586
-0.291992 0.477539
0.348633 -0.399414
-0.484375 0.323242
-0.264648 0.406250
0.484375 0.348633
-0.425781 -0.262695
-0.272461 0.298828
-0.418945 -0.443359
-0.438477 -0.427734
0.323242 -0.287109
-0.420898 -0.358398
-0.322266 -0.425781
-0.255859 -0.362305
0.408203 -0.250977
0.273438 -0.319336
-0.443359 -0.343750
0.475586 0.371094
-0.251953 -0.460938
-0.460938 -0.260742
0.363281 0.445312
-0.302734 0.360352
0.409180 -0.497070
-0.471680 -0.342773
0.316406 0.272461
-0.460938 0.342773
-0.272461 0.262695
-0.435547 0.296875
0.254883 -0.382812
0.367188 -0.437500
-0.465820 0.338867
-0.270508 -0.492188
0.284180 0.284180
-0.333984 -0.401367
0.468750 -0.438477
0.296875 -0.435547
-0.491211 0.302734
0.270508 -0.337891
0.389648 -0.296875
-0.489258 -0.429688
0.369141 -0.458008
0.439453 0.358398
0.376953 0.329102
-0.300781 0.331055
-0.438477 -0.455078
0.268555 0.421875
0.326172 0.365234
-0.252930 -0.298828
-0.440430 -0.414062
0.457031 0.418945
-0.354492 0.390625
0.393555 0.391602
-0.274414 0.438477
0.406250 0.416016
-0.467773 -0.361328
0.394531 0.252930
-0.482422 0.368164
-0.328125 -0.376953
0.355469 -0.274414
-0.492188 -0.480469
0.286133 0.343750
0.255859 0.000000
-0.373047 -0.404297
0.338867 -0.464844
-0.328125 0.465820
-0.260742 0.331055
-0.436523 -0.318359
-0.480469 0.430664
-0.410156 -0.387695
0.264648 0.276367
0.252930 0.290039
-0.264648 0.288086
0.312500 0.306641
0.357422 0.383789
0.398438 -0.302734
-0.402344 0.256836
-0.357422 0.301758
-0.405273 -0.429688
-0.326172 0.473633
0.353516 -0.349609
-0.315430 0.382812
-0.385742 -0.421875
-0.344727 -0.482422
0.449219 -0.491211
-0.298828 0.392578
0.469727 0.390625
0.364258 0.316406
0.423828 -0.373047
-0.420898 0.470703
0.328125 -0.372070
0.387695 0.416992
-0.337891 -0.448242
0.368164 -0.487305
-0.485352 0.402344
-0.394531 -0.375977
0.476562 -0.443359
0.431641 0.351562
0.394531 -0.357422
-0.497070 0.412109
-0.454102 -0.429688
-0.316406 -0.349609
-0.395508 0.395508
-0.420898 -0.443359
-0.311523 -0.415039
0.414062 -0.473633
-0.373047 -0.413086
0.353516 0.486328
0.481445 -0.465820
-0.279297 0.376953
-0.295898 0.254883
0.458984 0.350586
-0.273438 -0.370117
-0.474609 0.439453
-0.397461 0.253906
0.333984 0.306641
0.257812 -0.324219
-0.318359 -0.437500
-0.286133 0.423828
-0.493164 -0.468750
-0.409180 0.349609
-0.310547 -0.305664
-0.493164 -0.267578
0.473633 0.440430
0.420898 0.449219
0.486328 -0.402344
0.313477 0.378906
-0.332031 -0.363281
0.459961 -0.387695
0.346680 0.272461
0.472656 0.377930
-0.471680 -0.424805
-0.382812 -0.495117
0.367188 -0.390625
0.303711 -0.403320
-0.341797 0.437500
-0.468750 0.469727
-0.451172 0.250977
0.431641 0.279297
-0.423828 -0.260742
0.434570 -0.342773
0.468750 -0.318359
0.453125 -0.479492
-0.434570 -0.352539
0.369141 -0.384766
-0.447266 -0.473633
0.450195 -0.273438
-0.387695 -0.481445
-0.253906 0.352539
0.434570 -0.424805
0.339844 -0.468750
0.439453 -0.346680
-0.255859 0.365234
0.412109 -0.473633
-0.421875 -0.316406
-0.362305 0.276367
-0.442383 -0.361328
-0.499023 0.443359
-0.303711 0.414062
0.384766 -0.274414
0.481445 -0.383789
-0.426758 0.435547
-0.309570 0.253906
0.259766 0.369141
0.348633 -0.367188
-0.401367 -0.447266
0.250977 0.333008
-0.343750 -0.261719
0.300781 0.322266
0.469727 0.406250
0.332031 -0.353516
0.281250 0.372070
0.415039 0.490234
0.435547 0.000000
-0.425781 0.289062
0.253906 0.392578
-0.337891 0.458984
-0.387695 0.286133
-0.439453 -0.346680
0.295898 0.289062
-0.283203 0.375000
-0.399414 0.435547
0.422852 -0.398438
-0.486328 0.429688
-0.391602 0.494141
-0.312500 0.330078
0.291016 -0.391602
0.280273 0.279297
-0.283203 0.425781
-0.350586 0.274414
-0.417969 0.366211
-0.296875 0.352539
-0.389648 0.355469
-0.354492 0.421875
-0.361328 0.363281
-0.308594 0.370117
-0.271484 -0.272461
-0.295898 0.422852
-0.291992 0.430664
-0.385742 -0.356445
0.409180 0.401367
0.302734 0.291992
0.263672 0.252930
-0.444336 -0.321289
0.257812 0.276367
-0.456055 0.492188
-0.326172 0.358398
-0.341797 0.486328
0.362305 0.385742
0.423828 -0.261719
-0.287109 -0.435547
-0.433594 -0.369141
0.347656 0.454102
-0.302734 -0.479492
0.414062 0.402344
0.458984 0.479492
0.282227 0.430664
0.328125 0.342773
0.268555 -0.494141
-0.323242 -0.320312
0.419922 0.490234
-0.458008 -0.313477
0.265625 0.469727
0.445312 0.357422
0.288086 0.495117
0.470703 -0.311523
0.284180 -0.323242
-0.309570 -0.476562
-0.376953 0.436523
0.390625 -0.463867
0.313477 -0.407227
0.447266 -0.288086
-0.357422 0.338867
-0.451172 -0.416016
-0.464844 -0.465820
0.361328 0.325195
-0.329102 -0.368164
-0.408203 -0.306641
-0.265625 0.397461
0.287109 -0.292969
-0.402344 0.497070
-0.416992 0.277344
-0.438477 0.364258
0.480469 0.428711
-0.309570 -0.326172
-0.381836 -0.416016
-0.361328 -0.428711
0.376953 0.298828
-0.259766 -0.254883
-0.476562 -0.323242
-0.493164 -0.250977
0.475586 -0.416992
-0.436523 0.384766
-0.335938 -0.347656
0.416992 0.332031
0.307617 0.455078
0.333984 -0.427734
0.332031 -0.432617
0.467773 -0.464844
-0.498047 -0.343750
0.270508 0.282227
-0.263672 -0.417969
-0.417969 0.397461
0.445312 0.375000
-0.337891 -0.358398
-0.416016 0.333008
0.333984 0.302734
-0.464844 0.354492
-0.263672 -0.452148
0.252930 -0.488281
-0.387695 0.454102
-0.474609 -0.294922
0.375977 0.268555
-0.439453 -0.327148
-0.366211 0.335938
0.468750 0.445312
-0.328125 0.496094
-0.372070 0.253906
0.296875 -0.375000
-0.253906 0.257812
0.331055 0.382812
0.336914 0.320312
0.378906 -0.411133
-0.296875 0.468750
0.416992 -0.459961
0.375977 -0.480469
-0.419922 0.438477
0.361328 -0.264648
0.439453 -0.499023
0.385742 0.263672
0.405273 -0.342773
-0.256836 0.464844
0.287109 -0.335938
-0.302734 -0.372070
0.400391 0.297852
0.274414 0.442383
-0.495117 -0.306641
-0.338867 0.462891
-0.282227 -0.254883
0.291016 -0.315430
0.415039 0.392578
-0.424805 -0.267578
-0.459961 0.450195
-0.367188 -0.492188
-0.424805 -0.448242
-0.300781 -0.433594
0.334961 -0.367188
0.336914 0.314453
-0.405273 0.254883
0.371094 -0.464844
0.465820 0.453125
0.420898 -0.396484
0.279297 -0.336914
-0.291016 -0.363281
-0.366211 -0.350586
0.257812 -0.308594
-0.372070 0.258789
0.415039 -0.491211
-0.326172 -0.352539
-0.445312 -0.337891
-0.327148 -0.429688
-0.333984 0.360352
-0.310547 -0.362305
0.409180 -0.476562
-0.338867 0.354492
-0.398438 -0.386719
-0.468750 -0.378906
0.475586 -0.403320
-0.416992 0.250000
0.406250 0.274414
-0.376953 0.423828
-0.285156 -0.391602
-0.461914 0.406250
0.483398 -0.484375
-0.375977 -0.319336
-0.257812 -0.482422
0.453125 -0.426758
-0.277344 0.479492
0.443359 0.288086
0.266602 -0.450195
-0.363281 -0.337891
0.363281 0.304688
-0.405273 0.321289
-0.373047 0.455078
-0.316406 0.279297
0.453125 0.363281
0.392578 0.430664
0.416992 0.482422
-0.284180 -0.279297
0.391602 -0.281250
0.493164 -0.307617
-0.291992 -0.425781
0.476562 0.443359
-0.419922 0.313477
0.285156 0.443359
0.367188 0.282227
0.258789 0.000000
-0.345703 0.355469
-0.385742 -0.430664
0.462891 0.394531
-0.317383 0.444336
0.320312 0.443359
0.359375 0.275391
0.269531 0.291992
0.315430 -0.293945
0.274414 0.395508
0.345703 0.318359
0.364258 -0.489258
-0.361328 0.433594
-0.277344 0.305664
-0.387695 -0.294922
0.314453 -0.462891
0.349609 0.302734
0.497070 0.317383
-0.490234 0.369141
0.468750 0.308594
-0.482422 0.303711
0.256836 -0.387695
-0.347656 0.306641
0.328125 0.445312
-0.421875 0.481445
0.291016 -0.378906
-0.291992 -0.316406
-0.481445 -0.313477
-0.330078 -0.340820
0.410156 0.454102
-0.464844 0.417969
0.362305 -0.436523
0.318359 -0.375000
0.435547 -0.455078
-0.337891 -0.279297
-0.471680 0.271484
0.464844 0.284180
0.280273 -0.480469
-0.388672 -0.387695
0.292969 0.278320
0.330078 0.284180
-0.377930 0.281250
-0.436523 0.408203
0.381836 -0.360352
-0.362305 -0.391602
-0.328125 0.312500
0.372070 -0.333984
0.411133 -0.462891
-0.339844 -0.362305
-0.460938 -0.299805
0.412109 -0.387695
0.424805 -0.464844
-0.368164 -0.320312
-0.314453 0.372070
0.287109 -0.473633
-0.483398 -0.440430
0.485352 0.467773
0.473633 -0.436523
0.361328 -0.396484
-0.441406 -0.411133
0.444336 -0.368164
0.314453 0.489258
-0.345703 0.279297
-0.488281 -0.434570
0.456055 -0.372070
0.399414 -0.252930
-0.437500 -0.472656
0.336914 -0.465820
0.466797 -0.348633
-0.461914 0.428711
0.440430 -0.378906
0.497070 0.485352
-0.458984 -0.494141
-0.424805 0.458984
-0.491211 0.372070
-0.444336 0.430664
0.330078 0.449219
0.415039 -0.353516
-0.375977 0.327148
0.363281 -0.314453
0.372070 -0.499023
-0.367188 0.457031
0.376953 0.439453
0.346680 0.379883
0.250000 -0.272461
-0.322266 -0.494141
-0.457031 -0.285156
0.382812 -0.317383
-0.416992 0.486328
-0.323242 0.266602
0.375000 0.311523
0.274414 -0.255859
0.368164 -0.351562
0.325195 -0.499023
-0.265625 -0.378906
0.310547 0.363281
-0.339844 0.280273
0.375977 0.403320
-0.419922 0.317383
0.429688 0.365234
-0.400391 0.302734
-0.281250 0.471680
0.280273 0.365234
0.469727 -0.293945
0.281250 -0.385742
-0.444336 -0.412109
0.288086 -0.492188
-0.481445 0.286133
0.471680 -0.317383
-0.328125 0.324219
-0.350586 -0.282227
0.350586 0.494141
-0.338867 -0.395508
0.292969 0.465820
0.355469 -0.381836
0.462891 0.462891
0.469727 -0.358398
-0.452148 0.250977
-0.456055 0.372070
-0.297852 -0.458008
0.392578 -0.285156
-0.489258 0.329102
-0.458984 -0.458984
0.488281 0.493164
0.384766 0.373047
0.351562 0.444336
-0.257812 0.412109
-0.373047 0.405273
0.296875 -0.269531
-0.430664 0.329102
0.350586 0.292969
-0.279297 0.324219
-0.348633 0.372070
0.324219 0.322266
0.441406 0.279297
-0.327148 -0.393555
0.259766 -0.273438
0.363281 -0.297852
0.383789 0.484375
0.281250 0.482422
-0.307617 0.408203
-0.462891 -0.258789
-0.399414 -0.255859
0.430664 0.350586
-0.419922 -0.467773
0.414062 0.481445
-0.327148 0.286133
0.376953 0.281250
0.267578 0.492188
0.483398 -0.280273
0.287109 0.372070
-0.375977 -0.255859
0.310547 -0.292969
0.460938 -0.277344
-0.470703 0.401367
0.396484 -0.450195
0.311523 0.344727
-0.325195 -0.347656
-0.480469 0.494141
-0.295898 -0.485352
-0.394531 -0.498047
-0.441406 -0.284180
0.388672 -0.466797
-0.498047 0.343750
0.281250 0.365234
-0.267578 -0.468750
-0.390625 -0.323242
0.444336 -0.270508
-0.440430 0.332031
-0.329102 -0.289062
-0.347656 0.349609
-0.272461 -0.329102
0.498047 -0.396484
0.482422 -0.333984
-0.493164 -0.312500
-0.465820 -0.486328
-0.444336 -0.253906
0.260742 -0.369141
-0.470703 0.459961
-0.433594 -0.295898
0.491211 -0.276367
-0.450195 0.400391
-0.355469 0.463867
-0.327148 0.267578
-0.393555 0.393555
0.387695 0.293945
0.385742 0.376953
-0.429688 -0.497070
0.341797 0.476562
0.453125 0.330078
0.281250 -0.412109
-0.339844 0.390625
-0.299805 0.492188
0.299805 -0.371094
-0.416992 0.488281
0.438477 -0.268555
-0.471680 -0.333984
-0.307617 -0.475586
0.342773 -0.254883
0.496094 0.493164
-0.361328 0.299805
-0.472656 0.400391
0.325195 -0.474609
-0.383789 0.379883
0.269531 -0.380859
0.351562 -0.256836
0.271484 -0.296875
0.467773 -0.379883
0.391602 -0.418945
0.477539 0.417969
-0.498047 -0.469727
0.384766 0.477539
0.364258 -0.343750
-0.313477 -0.343750
0.364258 0.273438
-0.250977 0.469727
0.427734 -0.422852
-0.471680 0.265625
-0.471680 0.326172
0.457031 0.317383
-0.457031 -0.443359
-0.281250 -0.439453
-0.380859 0.284180
0.490234 -0.393555
-0.429688 0.474609
-0.378906 -0.489258
-0.303711 0.488281
-0.428711 -0.329102
0.303711 -0.470703
0.333008 -0.397461
-0.420898 -0.455078
0.415039 -0.310547
0.332031 0.370117
0.355469 0.428711
-0.489258 0.306641
-0.417969 -0.490234
0.260742 -0.318359
0.366211 0.491211
-0.326172 0.322266
0.412109 -0.317383
0.263672 -0.251953
-0.419922 -0.278320
-0.459961 0.259766
-0.439453 -0.278320
0.487305 0.485352
-0.293945 -0.275391
-0.431641 0.298828
-0.373047 -0.421875
0.294922 0.438477
0.493164 -0.265625
0.251953 0.483398
0.378906 0.332031
0.357422 0.250000
0.379883 0.299805
0.000000 -0.448242
-0.437500 -0.387695
-0.417969 -0.404297
-0.271484 -0.325195
0.366211 -0.265625
0.314453 -0.280273
0.392578 -0.410156
-0.346680 0.439453
-0.374023 -0.485352
-0.334961 0.486328
0.346680 -0.338867
0.453125 0.332031
-0.309570 0.365234
-0.365234 0.338867
-0.397461 0.390625
-0.379883 0.304688
0.368164 0.450195
0.422852 -0.413086
-0.275391 0.331055
0.460938 0.294922
0.469727 0.291016
-0.304688 0.433594
0.333008 0.279297
0.297852 -0.282227
0.254883 0.415039
0.458008 -0.301758
-0.396484 -0.468750
0.267578 -0.326172
-0.273438 0.456055
-0.466797 0.262695
-0.396484 -0.405273
-0.280273 0.378906
0.264648 -0.265625
-0.379883 -0.270508
0.474609 0.380859
-0.299805 0.313477
-0.393555 0.304688
0.459961 0.311523
0.458008 0.354492
-0.467773 -0.414062
-0.330078 0.465820
-0.416992 0.426758
0.267578 -0.337891
0.494141 -0.481445
-0.279297 -0.250977
-0.342773 -0.482422
0.301758 -0.276367
-0.415039 0.452148
0.382812 0.367188
0.431641 -0.407227
-0.298828 0.291016
0.387695 0.266602
0.492188 -0.361328
0.267578 0.482422
0.250977 0.484375
-0.474609 -0.375000
0.295898 0.372070
0.265625 0.311523
-0.375000 0.284180
-0.287109 0.429688
0.495117 -0.270508
0.489258 -0.303711
0.474609 -0.496094
0.395508 -0.494141
-0.371094 -0.449219
0.282227 -0.340820
0.361328 -0.273438
0.491211 0.493164
0.304688 -0.348633
-0.327148 0.253906
-0.464844 -0.294922
-0.280273 0.467773
0.270508 -0.416016
0.379883 0.425781
-0.448242 -0.257812
-0.473633 0.274414
0.333984 0.376953
0.410156 -0.426758
-0.262695 -0.468750
-0.395508 -0.422852
-0.378906 -0.269531
-0.254883 0.337891
0.497070 0.464844
-0.499023 -0.361328
-0.317383 -0.307617
-0.369141 -0.385742
0.466797 0.418945
0.329102 0.306641
0.439453 0.293945
0.449219 0.271484
-0.494141 -0.499023
-0.435547 -0.275391
0.478516 -0.337891
-0.303711 -0.400391
-0.461914 0.266602
0.439453 0.259766
-0.314453 -0.406250
-0.458008 0.472656
-0.265625 0.405273
0.430664 -0.345703
-0.275391 -0.397461
0.493164 -0.269531
-0.462891 0.398438
0.341797 0.385742
0.362305 0.433594
-0.355469 0.279297
-0.466797 -0.357422
0.474609 0.257812
-0.364258 -0.453125
-0.473633 0.408203
-0.335938 -0.460938
0.399414 -0.299805
0.362305 -0.429688
-0.456055 0.333984
0.288086 -0.438477
0.319336 0.291992
0.491211 -0.283203
-0.487305 0.450195
-0.422852 0.279297
-0.478516 -0.497070
0.307617 -0.320312
0.285156 0.308594
0.265625 0.362305
0.432617 -0.344727
0.470703 0.487305
0.474609 0.310547
-0.262695 -0.454102
0.259766 -0.400391
0.400391 0.331055
0.268555 -0.378906
0.457031 -0.434570
-0.275391 -0.388672
-0.496094 0.360352
0.336914 0.299805
0.250000 -0.432617
0.401367 -0.486328
0.256836 0.450195
0.339844 -0.347656
0.420898 0.478516
-0.364258 -0.496094
-0.389648 0.430664
-0.483398 0.298828
-0.286133 0.348633
-0.434570 -0.286133
0.259766 0.291016
0.383789 0.465820
-0.373047 -0.333008
-0.266602 0.477539
-0.254883 0.352539
-0.483398 0.485352
-0.442383 -0.365234
0.291992 0.326172
0.399414 0.405273
0.422852 -0.471680
0.301758 0.421875
0.304688 -0.304688
-0.358398 0.315430
-0.477539 -0.456055
0.388672 0.379883
-0.361328 0.354492
-0.386719 -0.393555
-0.294922 0.426758
0.269531 -0.269531
0.452148 -0.442383
-0.342773 -0.496094
0.495117 0.393555
0.335938 -0.280273
0.274414 0.403320
-0.362305 0.446289
0.301758 -0.412109
0.297852 -0.256836
-0.316406 0.422852
-0.386719 -0.426758
0.263672 0.397461
0.391602 0.436523
-0.426758 0.387695
0.343750 -0.324219
-0.302734 0.495117
0.441406 -0.258789
-0.488281 0.325195
-0.356445 -0.384766
-0.379883 -0.410156
0.257812 0.429688
-0.294922 0.262695
-0.415039 -0.281250
0.387695 0.409180
0.383789 -0.391602
-0.458984 -0.310547
-0.464844 -0.372070
0.410156 0.389648
-0.312500 -0.316406
-0.264648 -0.266602
-0.457031 -0.361328
0.470703 -0.411133
0.286133 0.298828
-0.433594 -0.442383
-0.429688 0.483398
-0.367188 0.320312
0.331055 -0.262695
-0.288086 0.478516
-0.434570 -0.391602
-0.256836 -0.496094
-0.377930 0.302734
-0.333008 0.299805
0.376953 0.396484
-0.471680 -0.269531
-0.422852 -0.346680
0.266602 0.366211
-0.484375 0.377930
0.289062 -0.442383
-0.467773 -0.379883
0.295898 0.337891
0.263672 0.395508
-0.324219 -0.489258
0.400391 0.484375
-0.300781 -0.323242
-0.386719 -0.254883
-0.421875 0.308594
-0.340820 -0.273438
0.376953 0.362305
-0.429688 0.286133
-0.415039 0.310547
-0.300781 -0.254883
-0.419922 0.316406
0.278320 -0.480469
-0.440430 -0.319336
0.496094 -0.458008
0.399414 -0.447266
-0.491211 -0.371094
0.290039 0.263672
-0.353516 0.377930
0.340820 -0.459961
0.475586 0.499023
0.251953 -0.307617
-0.271484 0.398438
-0.491211 0.292969
-0.493164 -0.301758
0.444336 -0.299805
-0.473633 -0.275391
0.366211 -0.332031
-0.443359 0.429688
0.340820 -0.333984
-0.420898 -0.485352
-0.397461 0.393555
-0.445312 0.456055
0.413086 0.366211
-0.415039 0.493164
-0.412109 0.305664
-0.392578 0.483398
0.270508 0.454102
-0.351562 0.455078
0.423828 0.309570
-0.458008 -0.476562
0.369141 -0.352539
0.368164 -0.273438
-0.416992 -0.439453
0.287109 -0.281250
0.338867 -0.348633
0.265625 -0.391602
-0.346680 0.358398
-0.390625 -0.358398
0.382812 0.282227
-0.431641 0.273438
-0.336914 0.264648
-0.323242 -0.445312
0.290039 0.321289
0.325195 -0.351562
-0.493164 0.437500
0.487305 -0.352539
-0.479492 -0.416992
0.369141 0.251953
0.466797 -0.312500
-0.380859 -0.262695
0.408203 -0.294922
-0.368164 -0.491211
0.324219 -0.252930
0.342773 0.439453
0.434570 -0.345703
0.286133 -0.473633
-0.438477 0.261719
-0.436523 0.309570
-0.386719 0.451172
-0.251953 0.348633
-0.333008 -0.496094
-0.380859 0.447266
0.458984 -0.385742
-0.488281 -0.331055
-0.473633 0.297852
0.411133 -0.420898
-0.447266 0.325195
0.333984 -0.479492
0.409180 -0.333984
0.384766 -0.400391
-0.297852 0.307617
0.260742 0.430664
-0.446289 -0.299805
0.356445 -0.412109
-0.305664 0.432617
0.494141 -0.457031
0.334961 -0.356445
-0.326172 0.291992
-0.358398 -0.469727
-0.388672 -0.288086
-0.458984 -0.306641
-0.267578 -0.419922
0.423828 0.437500
-0.381836 -0.435547
-0.272461 -0.474609
0.328125 0.360352
-0.282227 -0.254883
0.352539 -0.470703
-0.317383 -0.465820
0.355469 0.471680
-0.367188 0.281250
-0.272461 0.335938
0.466797 0.292969
0.347656 -0.457031
0.426758 0.299805
0.323242 0.484375
-0.433594 -0.266602
0.365234 0.318359
0.320312 0.399414
0.315430 -0.322266
-0.378906 -0.458984
-0.275391 0.455078
0.413086 -0.350586
0.257812 -0.267578
0.264648 0.273438
-0.427734 0.285156
-0.321289 0.443359
-0.303711 0.449219
-0.458008 -0.304688
0.297852 -0.446289
-0.432617 -0.429688
-0.366211 0.455078
0.430664 0.330078
0.300781 -0.385742
-0.307617 0.498047
0.341797 -0.483398
0.456055 -0.267578
-0.412109 -0.392578
-0.383789 0.382812
-0.491211 0.320312
0.390625 0.484375
-0.270508 -0.405273
-0.271484 0.297852
-0.265625 -0.278320
-0.439453 0.398438
-0.354492 -0.331055
-0.282227 -0.331055
0.369141 0.460938
-0.263672 0.449219
-0.258789 -0.469727
-0.365234 0.449219
-0.299805 0.352539
-0.380859 0.424805
0.391602 -0.463867
-0.444336 0.489258
0.472656 0.436523
0.422852 0.285156
0.260742 -0.291016
0.329102 -0.352539
0.262695 -0.390625
-0.450195 0.252930
0.467773 -0.272461
0.430664 -0.396484
-0.309570 -0.292969
0.358398 -0.384766
-0.398438 0.371094
0.395508 0.398438
0.479492 -0.424805
-0.475586 -0.252930
-0.427734 0.448242
0.357422 -0.309570
0.353516 -0.404297
0.000000 0.350586
0.309570 -0.321289
-0.324219 -0.268555
0.288086 -0.315430
-0.441406 0.416992
0.307617 -0.441406
-0.344727 -0.438477
-0.406250 0.263672
0.445312 0.403320
-0.494141 -0.316406
0.366211 0.421875
0.352539 -0.308594
-0.392578 -0.367188
-0.475586 -0.455078
-0.454102 0.386719
-0.308594 -0.324219
-0.469727 0.409180
-0.268555 0.296875
-0.390625 -0.288086
0.403320 -0.361328
-0.340820 0.350586
-0.334961 0.485352
-0.257812 0.408203
0.413086 -0.430664
0.418945 0.444336
0.290039 0.255859
-0.411133 -0.474609
-0.417969 0.326172
0.327148 0.322266
-0.394531 -0.479492
-0.456055 -0.338867
0.361328 0.423828
-0.301758 -0.254883
-0.407227 -0.402344
-0.376953 -0.313477
0.286133 0.279297
0.446289 0.321289
-0.497070 0.322266
0.436523 -0.309570
0.315430 0.429688
0.474609 0.425781
0.000000 -0.378906
0.255859 -0.357422
-0.487305 -0.280273
-0.333984 0.357422
-0.365234 -0.439453
-0.325195 0.273438
-0.424805 0.455078
0.461914 -0.302734
-0.331055 0.359375
0.355469 -0.321289
-0.298828 -0.469727
-0.458984 0.398438
-0.254883 0.374023
0.384766 -0.365234
0.305664 -0.482422
-0.417969 -0.413086
0.394531 -0.450195
-0.294922 -0.360352
-0.421875 -0.270508
-0.370117 -0.414062
0.390625 0.340820
-0.344727 -0.333984
0.380859 0.250977
-0.448242 -0.342773
0.450195 -0.399414
-0.403320 -0.356445
0.499023 0.434570
-0.415039 0.458008
0.277344 0.442383
-0.368164 -0.353516
-0.274414 0.374023
0.482422 -0.276367
0.440430 -0.439453
0.423828 0.309570
0.294922 0.333008
-0.251953 -0.337891
-0.387695 -0.466797
-0.393555 0.458984
-0.338867 -0.340820
0.470703 -0.426758
-0.365234 -0.415039
0.281250 0.465820
-0.384766 -0.348633
-0.254883 -0.319336
0.442383 0.315430
-0.380859 0.311523
0.250000 0.404297
-0.307617 -0.314453
0.318359 0.408203
-0.451172 0.376953
0.268555 -0.377930
-0.424805 -0.457031
-0.499023 0.298828
-0.456055 0.452148
-0.363281 0.396484
0.497070 0.448242
-0.368164 0.313477
0.495117 0.458008
-0.427734 0.455078
-0.290039 -0.450195
-0.451172 0.277344
-0.311523 0.393555
0.392578 0.383789
-0.499023 0.377930
0.417969 -0.404297
0.364258 0.496094
-0.310547 0.305664
-0.314453 0.490234
-0.281250 0.292969
0.382812 -0.374023
0.361328 -0.456055
-0.318359 0.338867
-0.437500 -0.465820
0.472656 0.365234
0.478516 -0.258789
-0.306641 0.356445
0.362305 -0.395508
-0.421875 0.338867
-0.499023 0.454102
0.471680 0.259766
0.340820 0.362305
0.302734 0.250000
0.333008 -0.287109
-0.320312 -0.429688
0.388672 -0.339844
0.437500 -0.361328
-0.272461 -0.445312
0.349609 0.356445
0.258789 -0.265625
-0.405273 0.359375
-0.472656 -0.479492
0.432617 -0.305664
-0.388672 -0.436523
0.427734 0.270508
0.258789 -0.376953
0.439453 0.345703
0.399414 -0.305664
0.444336 -0.348633
-0.439453 0.286133
-0.319336 -0.344727
-0.406250 -0.458984
0.418945 0.332031
0.460938 -0.256836
-0.402344 -0.332031
0.262695 -0.354492
0.392578 -0.455078
0.499023 0.418945
-0.314453 0.461914
0.486328 0.413086
0.272461 0.494141
-0.311523 0.268555
-0.486328 -0.295898
-0.383789 0.317383
-0.479492 -0.356445
0.321289 -0.413086
0.335938 0.421875
0.378906 -0.435547
0.438477 -0.277344
-0.373047 0.294922
0.297852 0.495117
0.329102 -0.261719
-0.455078 0.453125
0.260742 -0.316406
-0.261719 0.363281
-0.363281 0.407227
-0.452148 0.492188
-0.356445 -0.368164
-0.421875 0.458984
-0.275391 -0.299805
0.409180 -0.401367
-0.351562 0.295898
0.314453 0.350586
-0.250977 0.354492
-0.494141 -0.490234
-0.376953 0.262695
-0.405273 -0.387695
0.420898 -0.270508
0.378906 -0.453125
0.261719 -0.325195
0.395508 0.406250
-0.327148 0.289062
-0.414062 0.429688
0.317383 0.323242
0.290039 0.287109
-0.328125 -0.445312
-0.364258 0.319336
-0.337891 -0.293945
0.310547 -0.273438
-0.328125 -0.472656
-0.473633 -0.426758
-0.314453 -0.435547
0.406250 0.350586
-0.285156 -0.424805
0.370117 -0.282227
-0.458008 0.374023
0.488281 0.403320
-0.333008 0.293945
-0.380859 -0.351562
-0.261719 0.321289
-0.422852 0.422852
-0.387695 0.332031
0.375977 -0.462891
-0.432617 -0.266602
-0.458984 -0.359375
-0.424805 -0.311523
0.307617 0.468750
0.384766 0.485352
0.423828 -0.404297
-0.403320 0.474609
-0.356445 0.288086
-0.275391 0.376953
0.369141 0.472656
-0.346680 -0.348633
0.277344 -0.328125
0.269531 0.469727
-0.355469 -0.346680
0.413086 -0.271484
0.454102 0.414062
-0.342773 0.405273
-0.252930 0.487305
0.344727 0.437500
-0.446289 0.436523
-0.373047 -0.319336
-0.387695 0.287109
-0.335938 0.369141
0.471680 -0.490234
-0.481445 0.396484
0.417969 -0.462891
-0.376953 -0.417969
-0.410156 -0.297852
-0.387695 0.481445
0.467773 0.320312
-0.347656 -0.317383
0.339844 -0.458984
0.307617 0.371094
-0.309570 0.465820
0.332031 0.368164
0.366211 0.391602
-0.344727 -0.331055
-0.288086 0.419922
-0.275391 0.441406
0.274414 -0.437500
-0.280273 0.265625
-0.467773 0.323242
-0.466797 0.297852
0.481445 -0.376953
0.299805 0.434570
0.297852 0.320312
-0.381836 0.372070
-0.344727 0.438477
0.483398 0.395508
-0.339844 -0.417969
0.347656 -0.437500
-0.252930 0.432617
-0.451172 0.338867
-0.267578 -0.458008
0.298828 -0.380859
-0.377930 -0.441406
-0.290039 0.430664
-0.362305 0.362305
0.298828 -0.495117
0.280273 0.494141
-0.292969 0.275391
-0.340820 -0.393555
0.310547 -0.280273
-0.331055 -0.442383
-0.265625 0.358398
0.466797 -0.356445
-0.338867 -0.403320
-0.403320 0.335938
-0.277344 0.445312
0.459961 0.258789
-0.383789 -0.431641
-0.266602 -0.462891
0.457031 0.457031
-0.318359 0.490234
0.296875 0.400391
-0.291992 -0.440430
-0.460938 0.318359
0.346680 -0.315430
0.440430 0.389648
0.296875 0.279297
-0.305664 0.260742
0.444336 0.265625
-0.495117 -0.459961
-0.288086 -0.442383
0.427734 -0.390625
0.453125 -0.271484
-0.382812 -0.299805
0.473633 0.468750
-0.485352 -0.470703
-0.365234 0.349609
0.364258 -0.327148
0.387695 -0.261719
0.340820 -0.256836
0.431641 -0.385742
0.429688 0.287109
-0.394531 0.412109
-0.414062 -0.282227
0.450195 0.364258
-0.426758 0.452148
0.289062 -0.264648
-0.250977 0.321289
-0.455078 -0.335938
0.455078 -0.333008
0.358398 0.253906
-0.479492 0.445312
0.492188 0.385742
0.298828 -0.496094
0.339844 -0.367188
0.491211 -0.403320
0.258789 -0.487305
0.409180 -0.438477
0.309570 -0.303711
-0.284180 0.462891
0.365234 -0.334961
-0.481445 0.386719
0.423828 -0.316406
-0.388672 0.437500
0.339844 0.333984
0.491211 0.362305
-0.450195 -0.279297
-0.298828 -0.377930
0.269531 0.347656
0.362305 -0.432617
0.483398 -0.476562
-0.293945 0.295898
0.445312 -0.450195
-0.275391 -0.396484
0.270508 0.301758
0.477539 0.346680
-0.405273 -0.306641
0.457031 0.387695
-0.389648 0.397461
0.270508 -0.319336
-0.282227 -0.440430
0.301758 0.423828
0.360352 -0.370117
0.367188 -0.405273
-0.490234 0.291992
0.273438 -0.469727
-0.363281 0.371094
-0.462891 -0.378906
0.380859 0.451172
0.428711 -0.455078
0.000000 0.328125
0.350586 0.335938
-0.434570 0.284180
0.464844 0.492188
-0.261719 -0.446289
0.323242 -0.358398
0.331055 -0.279297
-0.331055 -0.270508
0.250977 -0.330078
0.416016 -0.485352
0.277344 -0.421875
-0.286133 -0.450195
-0.484375 0.314453
0.372070 -0.276367
-0.268555 0.495117
0.287109 0.260742
-0.343750 0.301758
0.399414 -0.482422
-0.270508 -0.427734
-0.422852 -0.269531
-0.401367 -0.494141
-0.300781 0.279297
-0.394531 -0.252930
-0.409180 0.401367
0.329102 0.458984
0.331055 -0.351562
-0.339844 0.371094
0.326172 0.276367
-0.265625 -0.325195
0.433594 -0.381836
0.432617 -0.483398
0.276367 0.369141
-0.452148 -0.316406
0.275391 -0.408203
-0.438477 -0.498047
0.291992 -0.377930
0.380859 0.289062
-0.335938 0.417969
-0.259766 -0.373047
0.273438 0.301758
0.351562 -0.454102
-0.319336 0.383789
0.269531 -0.361328
-0.287109 0.353516
0.305664 0.451172
0.280273 -0.310547
-0.302734 0.405273
-0.416016 -0.271484
-0.368164 0.360352
-0.283203 0.379883
-0.440430 0.317383
-0.430664 -0.318359
-0.328125 -0.381836
0.320312 0.250000
-0.291016 0.401367
-0.366211 -0.463867
-0.275391 0.408203
-0.378906 -0.277344
-0.259766 -0.344727
0.438477 0.414062
-0.359375 0.322266
0.308594 -0.311523
-0.490234 -0.395508
-0.392578 0.440430
-0.489258 -0.349609
-0.456055 0.315430
-0.253906 -0.429688
0.328125 0.416016
0.457031 0.386719
-0.393555 0.334961
0.257812 -0.333984
0.300781 0.453125
-0.498047 0.453125
0.391602 0.285156
-0.268555 0.000000
-0.471680 -0.414062
-0.451172 -0.353516
0.250000 -0.267578
-0.372070 -0.386719
0.456055 0.349609
0.439453 0.300781
-0.332031 0.455078
-0.333984 -0.381836
0.449219 0.321289
-0.380859 -0.332031
0.296875 -0.399414
0.406250 -0.428711
-0.385742 -0.359375
0.386719 -0.480469
0.320312 0.309570
0.424805 -0.444336
0.468750 0.488281
-0.260742 0.463867
-0.330078 0.307617
-0.417969 0.483398
0.450195 -0.459961
0.319336 0.489258
-0.417969 0.467773
0.386719 -0.379883
0.273438 0.388672
0.442383 -0.284180
0.000000 0.338867
0.446289 0.324219
-0.375977 0.432617
-0.272461 0.372070
0.318359 -0.351562
-0.475586 -0.489258
-0.294922 -0.267578
0.318359 0.491211
0.471680 0.265625
-0.321289 0.324219
-0.379883 0.341797
-0.299805 0.322266
0.368164 -0.358398
-0.499023 -0.458984
-0.396484 -0.399414
-0.392578 0.462891
-0.335938 -0.287109
0.446289 -0.315430
-0.407227 0.401367
-0.474609 -0.290039
0.386719 0.274414
0.259766 0.357422
-0.352539 0.420898
0.291016 -0.372070
0.395508 0.327148
0.495117 0.297852
-0.291016 0.324219
0.280273 0.336914
-0.307617 0.382812
-0.375977 -0.347656
-0.296875 0.431641
-0.307617 -0.477539
-0.429688 -0.250977
-0.254883 0.465820
0.492188 0.365234
0.427734 -0.341797
-0.391602 0.276367
0.383789 0.392578
-0.336914 -0.348633
-0.439453 0.449219
-0.484375 -0.421875
0.383789 -0.378906
-0.333008 0.298828
0.406250 0.499023
0.307617 -0.287109
0.395508 -0.471680
0.295898 0.347656
-0.325195 -0.312500
0.334961 0.343750
0.457031 -0.459961
-0.495117 0.380859
-0.270508 0.273438
-0.344727 0.360352
-0.329102 -0.281250
-0.416992 -0.490234
0.429688 -0.285156
-0.256836 0.472656
0.468750 -0.433594
-0.338867 0.321289
-0.425781 -0.295898
-0.447266 0.272461
0.476562 -0.453125
-0.432617 0.308594
0.432617 0.427734
0.414062 0.259766
0.468750 0.329102
-0.474609 0.250977
0.376953 -0.458984
0.282227 0.349609
0.420898 -0.257812
-0.303711 -0.423828
-0.402344 0.359375
0.324219 0.333008
-0.350586 0.459961
-0.436523 -0.310547
0.426758 0.278320
0.351562 0.316406
-0.446289 0.393555
-0.335938 0.265625
-0.260742 0.397461
-0.404297 -0.373047
0.440430 0.312500
-0.339844 -0.483398
0.460938 0.375977
0.333008 -0.316406
0.456055 -0.325195
0.255859 0.423828
-0.335938 -0.498047
0.341797 0.346680
-0.401367 -0.317383
0.460938 0.440430
0.256836 0.476562
-0.286133 -0.279297
0.335938 -0.443359
-0.307617 -0.338867
0.267578 0.426758
-0.493164 0.441406
0.305664 -0.475586
-0.276367 0.463867
-0.275391 -0.375000
-0.263672 0.421875
-0.378906 -0.467773
0.473633 -0.383789
-0.374023 0.437500
-0.285156 -0.430664
0.260742 -0.328125
-0.349609 0.355469
-0.495117 0.485352
-0.261719 0.475586
-0.445312 0.330078
-0.278320 0.430664
-0.410156 -0.472656
-0.391602 -0.431641
0.271484 -0.446289
-0.256836 -0.380859
-0.442383 -0.438477
-0.495117 -0.263672
0.287109 -0.364258
-0.475586 -0.289062
0.378906 -0.358398
-0.302734 0.423828
0.354492 0.416992
-0.361328 0.458984
0.259766 0.416992
-0.394531 -0.310547
0.468750 0.310547
0.279297 -0.497070
-0.324219 0.390625
-0.301758 -0.261719
0.319336 -0.458008
0.457031 0.252930
0.498047 0.390625
-0.259766 0.420898
0.345703 -0.389648
-0.458984 0.255859
-0.282227 0.270508
0.379883 -0.299805
0.373047 0.463867
-0.355469 -0.483398
0.259766 0.317383
-0.416992 -0.412109
0.354492 0.401367
0.356445 0.296875
0.392578 0.385742
0.409180 -0.449219
-0.296875 -0.312500
0.314453 0.376953
-0.268555 -0.253906
-0.372070 0.384766
-0.286133 0.385742
-0.380859 0.292969
0.333984 -0.339844
-0.310547 -0.444336
-0.418945 0.412109
-0.403320 -0.463867
0.389648 -0.339844
-0.472656 -0.486328
-0.483398 0.311523
0.404297 -0.275391
-0.491211 -0.436523
-0.289062 0.470703
0.450195 -0.256836
0.475586 -0.255859
-0.405273 -0.306641
0.440430 -0.346680
0.330078 -0.302734
0.316406 0.353516
0.318359 0.325195
0.387695 -0.485352
-0.480469 0.416992
-0.363281 0.265625
-0.315430 0.349609
0.376953 0.426758
0.282227 -0.449219
0.333008 -0.309570
-0.311523 -0.345703
0.409180 0.332031
0.361328 -0.484375
0.309570 0.350586
-0.429688 -0.276367
-0.463867 0.370117
-0.341797 -0.415039
-0.351562 0.464844
-0.337891 0.459961
-0.425781 0.467773
0.000000 -0.311523
-0.385742 -0.300781
0.327148 -0.281250
-0.341797 0.403320
0.499023 0.437500
-0.484375 -0.408203
0.495117 -0.432617
-0.355469 0.333984
-0.489258 0.367188
0.400391 0.435547
0.291016 0.261719
0.359375 0.295898
-0.314453 0.391602
-0.406250 -0.357422
0.250977 0.439453
-0.318359 -0.324219
-0.390625 0.489258
-0.407227 -0.428711
-0.351562 -0.469727
0.482422 -0.361328
-0.458984 -0.407227
0.287109 0.315430
0.392578 0.391602
0.395508 -0.456055
-0.252930 -0.287109
-0.461914 0.478516
-0.463867 -0.338867
0.438477 0.309570
0.420898 0.267578
-0.407227 0.398438
0.373047 0.317383
0.481445 0.262695
-0.293945 -0.361328
0.344727 0.356445
-0.372070 0.476562
-0.451172 0.444336
0.305664 0.442383
0.441406 -0.256836
-0.260742 0.397461
0.473633 0.396484
-0.309570 -0.475586
-0.271484 -0.297852
-0.264648 -0.297852
0.390625 0.405273
0.397461 -0.334961
-0.455078 -0.266602
-0.287109 0.327148
-0.420898 -0.278320
0.423828 -0.490234
0.355469 0.275391
0.394531 -0.317383
-0.359375 -0.250977
-0.288086 -0.281250
-0.265625 -0.250977
0.294922 -0.467773
-0.470703 -0.306641
-0.263672 0.329102
-0.314453 -0.428711
0.465820 -0.400391
0.417969 -0.304688
-0.327148 0.343750
0.310547 -0.359375
0.352539 0.383789
0.416992 0.415039
-0.332031 -0.467773
0.318359 0.288086
-0.275391 -0.302734
-0.371094 -0.402344
-0.295898 0.455078
0.381836 -0.303711
-0.283203 0.424805
-0.453125 -0.395508
-0.446289 -0.294922
0.333984 0.292969
0.454102 0.495117
0.307617 0.409180
0.327148 0.365234
-0.288086 -0.391602
0.274414 -0.419922
0.273438 -0.432617
-0.379883 -0.312500
-0.360352 -0.402344
-0.458008 -0.495117
0.466797 -0.346680
0.250000 0.494141
-0.438477 0.443359
-0.438477 0.382812
0.347656 -0.335938
-0.416992 0.289062
0.311523 0.317383
-0.426758 0.458984
0.433594 0.393555
0.463867 -0.402344
-0.467773 -0.386719
0.358398 -0.312500
0.261719 0.275391
-0.266602 -0.486328
0.437500 -0.351562
0.421875 -0.483398
-0.301758 -0.302734
0.337891 0.478516
0.411133 0.339844
0.282227 0.393555
-0.411133 0.276367
-0.460938 0.271484
0.463867 0.333984
0.346680 0.493164
0.254883 -0.388672
-0.290039 -0.287109
-0.484375 -0.374023
0.382812 -0.339844
0.332031 -0.499023
-0.266602 -0.397461
-0.461914 -0.370117
-0.415039 -0.426758
0.449219 -0.373047
0.483398 0.360352
-0.467773 -0.273438
-0.267578 -0.374023
0.262695 -0.288086
0.410156 0.394531
0.350586 0.277344
0.444336 -0.470703
0.318359 -0.354492
-0.283203 -0.311523
0.366211 -0.388672
-0.475586 -0.370117
0.269531 -0.427734
-0.379883 -0.398438
0.480469 0.470703
0.401367 0.445312
0.435547 0.455078
-0.277344 0.391602
0.482422 0.438477
-0.336914 0.425781
-0.301758 -0.391602
0.459961 0.459961
-0.259766 0.323242
-0.312500 0.428711
0.253906 -0.307617
-0.342773 0.306641
-0.250977 -0.477539
0.359375 0.408203
-0.302734 -0.314453
-0.331055 -0.288086
-0.484375 0.341797
0.390625 0.333984
0.454102 0.315430
-0.382812 -0.367188
0.284180 0.300781
-0.275391 0.321289
-0.439453 0.470703
-0.277344 0.320312
-0.386719 0.389648
-0.457031 0.480469
0.280273 -0.431641
-0.270508 -0.347656
0.292969 0.306641
0.361328 0.486328
-0.427734 0.404297
0.425781 -0.310547
-0.397461 -0.340820
-0.281250 0.369141
0.391602 0.456055
0.250000 0.447266
0.418945 -0.367188
0.462891 -0.482422
0.349609 -0.330078
-0.494141 0.384766
-0.338867 -0.363281
-0.373047 0.405273
-0.298828 -0.293945
-0.345703 -0.381836
-0.416016 0.404297
0.402344 -0.462891
-0.312500 -0.340820
-0.290039 0.346680
0.414062 -0.423828
-0.296875 -0.388672
-0.280273 -0.256836
-0.269531 -0.497070
0.331055 -0.254883
0.327148 0.400391
0.402344 0.445312
0.394531 -0.383789
0.285156 0.465820
-0.294922 0.352539
0.404297 -0.345703
-0.324219 0.398438
-0.330078 -0.253906
0.252930 0.411133
-0.326172 -0.250977
-0.381836 -0.452148
0.332031 0.494141
0.306641 -0.449219
0.496094 -0.339844
-0.311523 0.273438
0.422852 0.438477
-0.339844 -0.462891
0.391602 0.405273
-0.258789 -0.466797
-0.401367 -0.477539
-0.309570 0.403320
0.366211 -0.418945
-0.437500 0.494141
-0.437500 0.256836
-0.417969 -0.362305
0.496094 0.336914
-0.484375 -0.286133
0.450195 -0.448242
-0.358398 -0.394531
0.362305 0.307617
0.279297 -0.463867
-0.439453 -0.490234
-0.293945 -0.327148
0.325195 -0.479492
-0.322266 -0.292969
0.425781 -0.307617
-0.356445 -0.434570
-0.352539 0.269531
-0.395508 -0.290039
-0.269531 0.351562
0.458008 0.428711
0.456055 0.456055
-0.456055 0.320312
-0.426758 -0.368164
0.469727 -0.375000
-0.451172 0.403320
-0.320312 0.374023
-0.430664 -0.254883
-0.393555 -0.267578
-0.451172 -0.365234
-0.395508 0.267578
0.300781 -0.394531
0.276367 0.277344
0.396484 -0.377930
-0.382812 -0.342773
-0.394531 0.438477
0.346680 -0.326172
-0.309570 -0.494141
-0.382812 0.395508
-0.284180 0.360352
-0.299805 0.387695
0.370117 0.282227
-0.407227 -0.325195
-0.263672 0.424805
0.401367 0.321289
-0.258789 0.453125
-0.300781 0.394531
0.469727 -0.368164
0.446289 0.409180
0.344727 -0.343750
0.438477 -0.250977
-0.420898 0.417969
-0.388672 0.442383
-0.326172 0.252930
0.422852 -0.475586
-0.396484 -0.395508
0.389648 -0.396484
-0.271484 0.396484
-0.258789 -0.372070
0.309570 0.318359
-0.469727 -0.276367
0.419922 -0.447266
0.410156 0.326172
0.389648 0.384766
-0.338867 0.258789
0.311523 -0.492188
0.429688 -0.294922
-0.494141 -0.317383
-0.483398 0.484375
-0.286133 0.331055
0.422852 0.346680
-0.325195 0.471680
-0.253906 0.409180
-0.390625 0.314453
0.374023 -0.267578
0.497070 -0.308594
0.329102 0.403320
0.436523 0.375000
0.460938 0.353516
-0.272461 -0.279297
-0.423828 -0.447266
-0.296875 0.429688
0.475586 -0.451172
-0.299805 -0.382812
-0.277344 -0.271484
0.457031 -0.258789
0.350586 -0.444336
-0.421875 0.315430
-0.376953 0.373047
-0.413086 -0.276367
0.263672 0.288086
0.468750 0.297852
-0.464844 -0.495117
0.478516 -0.270508
0.346680 0.322266
0.363281 -0.263672
0.494141 0.451172
-0.491211 0.292969
0.485352 -0.391602
0.435547 -0.401367
0.289062 0.284180
0.383789 0.350586
-0.284180 0.400391
-0.328125 -0.271484
-0.476562 0.492188
0.319336 0.427734
-0.295898 0.402344
0.354492 0.386719
0.280273 0.351562
-0.427734 0.292969
0.337891 -0.366211
0.384766 0.271484
0.368164 -0.460938
0.306641 -0.416992
0.390625 -0.481445
0.448242 0.496094
-0.325195 0.439453
0.310547 0.394531
0.297852 -0.316406
-0.474609 -0.453125
-0.399414 -0.306641
-0.449219 0.346680
-0.484375 0.483398
-0.252930 -0.301758
-0.401367 0.448242
-0.424805 -0.390625
0.477539 -0.256836
-0.406250 0.408203
0.299805 0.334961
0.258789 0.406250
-0.354492 -0.284180
0.436523 -0.329102
-0.264648 -0.336914
0.392578 0.476562
-0.347656 0.262695
0.419922 0.348633
-0.347656 0.334961
-0.386719 -0.481445
-0.461914 -0.251953
-0.301758 0.464844
0.419922 0.476562
-0.314453 -0.410156
-0.417969 -0.338867
-0.499023 0.470703
-0.462891 0.284180
-0.385742 0.482422
-0.269531 0.443359
-0.443359 0.476562
-0.272461 -0.397461
-0.382812 -0.433594
-0.391602 -0.449219
0.348633 0.454102
-0.372070 -0.296875
0.423828 -0.399414
-0.362305 -0.283203
-0.278320 0.411133
-0.425781 0.298828
0.433594 -0.487305
-0.257812 0.452148
0.329102 -0.474609
0.478516 0.264648
-0.291992 -0.348633
-0.354492 -0.250977
0.428711 0.257812
0.303711 -0.415039
0.308594 0.000000
0.266602 -0.485352
-0.487305 0.425781
-0.375977 -0.487305
0.483398 0.362305
-0.295898 -0.287109
0.291016 0.252930
0.288086 0.458008
-0.312500 -0.476562
0.321289 -0.264648
-0.488281 0.380859
-0.330078 -0.417969
0.458984 0.370117
0.418945 0.484375
-0.367188 0.353516
-0.483398 -0.382812
-0.370117 0.481445
-0.497070 -0.323242
0.327148 -0.431641
0.386719 0.411133
0.381836 -0.304688
-0.351562 0.366211
0.341797 -0.299805
-0.310547 -0.323242
-0.347656 -0.365234
0.455078 -0.314453
-0.307617 -0.412109
0.305664 0.470703
0.375977 -0.290039
-0.403320 0.305664
-0.291992 -0.407227
0.315430 0.388672
-0.424805 -0.417969
0.465820 -0.386719
0.416016 0.428711
0.309570 0.473633
0.292969 -0.394531
0.407227 -0.388672
0.270508 0.454102
0.301758 0.356445
0.366211 -0.274414
-0.444336 -0.467773
-0.273438 0.439453
-0.271484 -0.401367
-0.450195 0.361328
0.253906 -0.326172
-0.342773 0.298828
-0.451172 0.262695
0.479492 -0.258789
-0.422852 0.455078
-0.384766 0.294922
0.433594 -0.293945
0.477539 -0.283203
0.439453 -0.314453
0.433594 -0.292969
-0.452148 -0.420898
-0.294922 -0.456055
0.304688 -0.442383
-0.320312 0.469727
0.429688 -0.441406
-0.339844 -0.367188
0.485352 0.356445
0.442383 0.286133
0.465820 0.288086
-0.490234 0.262695
-0.467773 0.389648
0.470703 -0.300781
0.450195 -0.458008
0.281250 0.270508
-0.272461 -0.366211
-0.349609 -0.355469
-0.250977 -0.395508
0.381836 -0.295898
-0.338867 -0.398438
0.330078 0.457031
-0.450195 0.376953
0.469727 0.449219
0.409180 0.422852
0.487305 0.359375
-0.289062 -0.309570
-0.328125 0.321289
0.299805 -0.343750
-0.259766 0.415039
-0.300781 0.346680
-0.362305 -0.375000
0.277344 0.303711
-0.301758 0.445312
-0.373047 0.375000
0.442383 -0.313477
0.355469 -0.444336
-0.334961 0.419922
0.376953 -0.492188
0.330078 0.352539
-0.329102 0.250000
-0.323242 0.319336
0.328125 0.375000
0.305664 0.456055
-0.375977 -0.449219
0.392578 0.457031
-0.333008 0.415039
-0.435547 0.255859
-0.381836 0.347656
0.318359 0.278320
0.297852 -0.489258
0.270508 0.340820
0.390625 0.368164
0.382812 -0.378906
0.347656 0.334961
-0.323242 0.000000
0.433594 -0.483398
0.356445 0.457031
0.260742 0.426758
-0.412109 -0.425781
-0.481445 0.423828
-0.392578 -0.416016
0.489258 0.470703
-0.333984 0.255859
0.304688 -0.276367
-0.289062 0.305664
0.280273 0.310547
-0.413086 0.381836
-0.455078 -0.458008
0.394531 -0.435547
-0.453125 -0.326172
-0.466797 -0.329102
0.389648 -0.291992
0.331055 -0.446289
0.348633 -0.388672
-0.469727 0.449219
0.274414 -0.321289
0.274414 0.294922
0.452148 -0.333008
-0.368164 0.334961
0.411133 -0.306641
-0.461914 -0.318359
0.487305 0.256836
0.446289 0.392578
0.370117 -0.366211
0.320312 0.495117
-0.291992 0.265625
-0.494141 0.255859
0.250000 -0.386719
0.369141 0.386719
0.333008 0.373047
0.481445 -0.276367
0.452148 0.275391
0.495117 0.333008
0.486328 -0.411133
-0.261719 0.320312
-0.461914 0.324219
0.422852 -0.447266
-0.264648 -0.493164
-0.260742 0.324219
-0.311523 0.255859
0.492188 0.401367
-0.286133 0.285156
0.290039 0.267578
0.252930 0.327148
-0.300781 -0.278320
0.349609 0.337891
-0.374023 0.407227
0.389648 -0.270508
-0.418945 -0.318359
-0.326172 -0.251953
0.347656 -0.343750
0.309570 0.486328
0.447266 -0.441406
-0.266602 0.401367
-0.306641 0.492188
-0.399414 -0.426758
0.452148 -0.486328
-0.405273 0.334961
-0.335938 0.333008
-0.342773 -0.251953
-0.491211 0.320312
0.436523 0.307617
0.483398 0.373047
-0.303711 -0.392578
-0.443359 -0.432617
-0.254883 -0.412109
0.407227 0.403320
0.370117 0.357422
-0.341797 0.328125
-0.405273 0.458984
0.372070 -0.416992
0.475586 0.308594
0.454102 0.305664
-0.471680 0.448242
0.496094 -0.302734
-0.253906 -0.419922
0.450195 0.433594
-0.472656 0.267578
0.411133 0.367188
0.253906 -0.466797
-0.344727 0.458984
-0.422852 0.480469
0.451172 -0.259766
0.392578 0.417969
-0.439453 0.486328
0.327148 0.377930
-0.325195 -0.352539
0.458984 -0.263672
0.462891 0.491211
0.343750 -0.414062
-0.263672 -0.277344
0.327148 0.331055
-0.367188 0.304688
0.456055 0.380859
-0.399414 0.498047
-0.280273 -0.313477
0.321289 -0.432617
-0.302734 -0.272461
-0.400391 0.464844
-0.431641 0.453125
-0.379883 -0.353516
0.337891 -0.462891
0.335938 -0.395508
0.467773 -0.311523
-0.345703 -0.473633
-0.484375 -0.357422
0.422852 0.388672
-0.269531 0.314453
-0.371094 -0.328125
0.454102 0.491211
-0.420898 -0.256836
-0.475586 0.298828
-0.288086 0.346680
0.280273 -0.437500
-0.441406 0.487305
-0.384766 -0.446289
0.264648 0.416992
0.433594 0.494141
0.426758 -0.259766
-0.303711 -0.451172
0.414062 -0.387695
-0.332031 0.436523
-0.320312 0.291992
0.309570 -0.353516
0.471680 0.261719
-0.349609 -0.378906
-0.288086 0.448242
0.370117 -0.341797
-0.306641 0.490234
-0.351562 -0.353516
-0.380859 0.340820
0.274414 -0.384766
0.381836 0.396484
0.317383 0.487305
0.353516 -0.291992
-0.393555 0.257812
0.338867 -0.310547
-0.425781 -0.277344
-0.284180 -0.353516
0.441406 0.250977
-0.344727 0.294922
-0.424805 0.472656
-0.302734 0.324219
-0.266602 -0.392578
0.342773 0.436523
0.276367 -0.430664
-0.340820 -0.330078
0.307617 0.335938
0.322266 -0.321289
-0.407227 0.434570
0.360352 -0.471680
0.439453 0.310547
-0.260742 0.441406
-0.344727 -0.320312
0.328125 0.283203
-0.472656 0.354492
-0.367188 0.486328
-0.344727 0.428711
-0.427734 0.451172
0.366211 -0.458984
0.450195 0.365234
0.281250 0.353516
-0.358398 -0.258789
-0.495117 -0.279297
0.395508 0.345703
0.260742 0.430664
-0.475586 -0.411133
-0.294922 0.255859
-0.368164 0.292969
0.480469 0.418945
0.397461 -0.349609
0.490234 0.488281
0.322266 -0.460938
-0.286133 -0.449219
-0.291016 0.273438
0.290039 0.414062
-0.485352 -0.301758
0.433594 0.449219
-0.382812 0.435547
-0.326172 -0.421875
0.373047 0.473633
-0.279297 0.254883
0.262695 -0.356445
-0.310547 -0.302734
-0.250977 0.414062
0.267578 0.481445
0.390625 0.312500
0.278320 0.489258
-0.400391 -0.349609
0.477539 -0.418945
0.313477 -0.393555
0.302734 -0.270508
-0.252930 -0.400391
-0.349609 -0.263672
-0.280273 0.251953
-0.348633 -0.476562
0.486328 -0.368164
0.270508 0.362305
0.324219 0.315430
0.451172 0.293945
-0.469727 -0.287109
0.383789 0.336914
0.362305 0.453125
0.362305 0.498047
0.300781 -0.489258
-0.432617 0.441406
0.431641 -0.370117
0.474609 -0.449219
-0.431641 0.474609
0.497070 -0.474609
-0.328125 0.307617
0.293945 0.472656
0.429688 0.379883
-0.392578 0.389648
0.294922 -0.407227
0.323242 0.258789
-0.372070 0.341797
0.342773 0.384766
0.450195 0.371094
-0.262695 0.460938
-0.273438 0.300781
-0.496094 -0.269531
0.440430 0.392578
-0.349609 0.492188
-0.387695 0.472656
-0.312500 -0.444336
0.281250 0.333984
0.483398 -0.348633
0.355469 0.271484
0.326172 -0.346680
-0.400391 0.333008
0.410156 0.360352
0.406250 -0.302734
0.308594 0.456055
0.380859 0.484375
0.418945 -0.372070
-0.365234 -0.304688
-0.293945 -0.268555
-0.442383 0.307617
0.447266 -0.275391
-0.279297 0.484375
-0.415039 0.497070
0.439453 -0.317383
-0.377930 -0.414062
0.379883 0.350586
0.419922 -0.352539
0.495117 0.259766
-0.408203 0.420898
0.437500 0.413086
-0.407227 0.307617
0.465820 0.327148
0.451172 -0.446289
-0.252930 0.359375
0.491211 0.404297
0.333008 -0.341797
0.255859 0.473633
0.449219 -0.358398
-0.300781 0.448242
-0.372070 0.321289
-0.359375 -0.390625
-0.421875 -0.345703
0.280273 -0.452148
-0.423828 0.462891
-0.479492 0.318359
-0.492188 0.371094
-0.344727 -0.369141
-0.399414 -0.451172
0.396484 -0.401367
-0.255859 0.451172
-0.422852 0.387695
-0.344727 -0.406250
-0.260742 -0.482422
-0.437500 0.319336
-0.309570 0.437500
0.409180 0.335938
0.488281 0.357422
0.487305 -0.288086
-0.302734 -0.290039
0.273438 0.400391
-0.376953 0.483398
-0.388672 -0.310547
-0.394531 -0.457031
0.270508 0.419922
0.343750 0.427734
0.267578 -0.378906
-0.423828 -0.498047
-0.252930 -0.370117
0.336914 -0.307617
-0.461914 -0.364258
0.366211 0.424805
0.436523 0.425781
-0.359375 0.274414
-0.394531 -0.454102
0.360352 -0.332031
0.352539 0.397461
-0.403320 0.404297
0.457031 -0.266602
-0.300781 -0.408203
-0.458008 0.326172
0.404297 -0.491211
0.421875 -0.488281
-0.498047 -0.251953
-0.332031 -0.347656
0.258789 0.385742
-0.439453 0.449219
-0.317383 0.296875
0.445312 0.413086
-0.404297 -0.395508
0.390625 -0.332031
0.355469 -0.363281
0.416992 -0.352539
0.416016 -0.377930
0.460938 -0.392578
0.341797 0.256836
-0.427734 0.268555
-0.287109 -0.382812
0.271484 0.257812
0.266602 0.302734
0.313477 0.410156
0.490234 -0.458008
-0.469727 0.361328
-0.255859 0.371094
0.259766 -0.267578
0.375977 0.400391
0.261719 -0.414062
-0.331055 -0.491211
0.403320 -0.291016
0.327148 -0.267578
0.251953 -0.339844
-0.411133 0.444336
-0.398438 0.369141
0.428711 0.330078
0.338867 0.486328
-0.321289 -0.472656
0.413086 -0.477539
0.289062 -0.339844
-0.444336 -0.283203
0.304688 0.396484
0.288086 0.438477
-0.473633 -0.482422
-0.398438 0.295898
-0.315430 0.359375
-0.413086 -0.491211
0.349609 0.386719
-0.331055 0.479492
-0.358398 0.492188
0.456055 0.364258
-0.267578 -0.468750
-0.386719 0.316406
0.447266 0.458008
-0.463867 0.473633
-0.313477 0.292969
0.457031 -0.400391
0.265625 -0.450195
-0.474609 -0.298828
-0.385742 -0.383789
0.250000 0.289062
-0.314453 0.441406
-0.421875 0.340820
0.275391 0.290039
0.264648 0.399414
0.350586 -0.333008
-0.451172 -0.391602
0.331055 0.409180
-0.460938 0.359375
-0.322266 0.314453
-0.416016 -0.382812
0.486328 -0.452148
0.264648 0.339844
-0.324219 0.437500
-0.448242 0.309570
-0.267578 -0.337891
-0.491211 -0.452148
0.351562 -0.312500
0.321289 0.365234
-0.327148 -0.296875
0.297852 0.492188
-0.284180 -0.333008
0.378906 -0.427734
0.451172 0.456055
-0.473633 -0.282227
0.376953 0.494141
0.295898 -0.328125
0.269531 -0.412109
-0.279297 -0.494141
-0.265625 -0.404297
-0.464844 -0.331055
0.497070 0.424805
-0.356445 -0.453125
0.261719 -0.289062
-0.400391 -0.387695
0.381836 0.440430
-0.256836 -0.423828
0.383789 -0.383789
-0.468750 0.346680
0.346680 0.468750
0.442383 0.489258
0.447266 -0.425781
-0.251953 -0.274414
0.384766 -0.370117
0.278320 0.412109
0.289062 0.492188
-0.273438 0.299805
-0.455078 0.478516
0.376953 0.251953
0.395508 0.303711
-0.469727 0.476562
-0.485352 0.371094
0.282227 -0.291992
-0.348633 -0.426758
-0.325195 -0.364258
0.291992 -0.450195
-0.382812 0.259766
-0.309570 0.313477
0.349609 -0.269531
0.459961 0.446289
-0.399414 -0.388672
0.333984 -0.479492
0.465820 0.343750
-0.458984 -0.295898
0.394531 -0.376953
-0.373047 0.437500
-0.432617 -0.280273
0.458984 0.420898
0.309570 -0.309570
0.462891 -0.477539
-0.431641 0.264648
-0.413086 -0.393555
0.342773 -0.390625
0.307617 -0.353516
0.347656 -0.489258
0.391602 0.363281
-0.437500 0.402344
-0.486328 -0.491211
-0.323242 -0.443359
-0.331055 0.284180
0.342773 -0.389648
-0.267578 0.264648
0.000000 0.472656
0.375000 -0.433594
0.430664 -0.435547
0.411133 0.378906
-0.447266 -0.329102
-0.446289 0.348633
0.368164 -0.388672
0.396484 -0.308594
0.325195 0.251953
0.353516 0.262695
0.250000 0.321289
-0.379883 -0.289062
0.370117 0.313477
-0.362305 -0.291016
0.328125 -0.341797
0.383789 -0.382812
0.456055 -0.267578
-0.303711 0.343750
0.461914 -0.384766
-0.261719 0.488281
-0.442383 0.415039
-0.461914 0.292969
0.409180 0.329102
0.456055 -0.254883
-0.298828 -0.489258
0.289062 -0.419922
0.459961 -0.347656
-0.407227 0.312500
-0.357422 -0.396484
-0.318359 0.269531
0.419922 -0.298828
-0.347656 -0.494141
0.394531 0.362305
-0.370117 0.339844
0.429688 0.372070
0.333008 -0.374023
-0.403320 -0.330078
0.408203 0.260742
-0.363281 0.320312
0.379883 0.282227
-0.269531 -0.289062
0.419922 0.305664
-0.301758 0.416992
-0.477539 0.427734
-0.324219 -0.462891
-0.443359 -0.433594
-0.354492 -0.332031
-0.491211 -0.378906
-0.385742 -0.405273
-0.342773 -0.302734
-0.426758 -0.397461
-0.265625 0.496094
0.269531 -0.271484
-0.440430 0.377930
-0.313477 -0.367188
0.463867 0.458984
-0.498047 -0.359375
-0.263672 0.485352
-0.314453 0.381836
-0.354492 -0.398438
-0.261719 0.337891
-0.459961 -0.499023
0.496094 0.477539
0.321289 0.333984
-0.251953 -0.471680
-0.467773 -0.384766
0.338867 0.318359
-0.371094 -0.267578
0.262695 0.499023
0.405273 -0.427734
-0.346680 0.307617
0.400391 -0.389648
0.443359 0.458984
-0.496094 -0.280273
0.349609 -0.446289
0.348633 0.307617
-0.315430 0.349609
0.437500 0.280273
0.421875 -0.458008
0.357422 -0.305664
0.265625 -0.373047
0.282227 0.344727
0.389648 0.274414
0.352539 0.399414
0.349609 -0.492188
0.387695 -0.418945
-0.406250 0.378906
0.279297 0.252930
0.317383 -0.311523
0.263672 -0.337891
0.331055 -0.316406
-0.333984 0.449219
0.454102 -0.466797
-0.426758 0.417969
0.334961 0.265625
0.280273 0.432617
0.473633 -0.274414
-0.291992 -0.306641
-0.406250 0.466797
0.386719 0.490234
0.386719 0.399414
0.467773 0.441406
-0.474609 0.370117
-0.409180 -0.420898
-0.278320 -0.278320
0.327148 -0.476562
0.482422 0.262695
0.279297 0.361328
-0.426758 0.463867
0.297852 -0.270508
-0.392578 -0.454102
-0.344727 0.457031
-0.489258 -0.475586
0.383789 -0.476562
-0.465820 -0.368164
0.366211 0.428711
0.319336 0.433594
-0.366211 0.000000
0.426758 0.300781
-0.276367 0.465820
-0.409180 0.317383
0.281250 -0.433594
0.364258 -0.474609
-0.478516 0.305664
-0.345703 0.335938
0.485352 0.336914
-0.425781 0.269531
0.444336 0.359375
0.356445 -0.411133
-0.341797 0.250000
-0.496094 0.251953
-0.431641 -0.432617
-0.323242 0.488281
0.394531 0.404297
-0.264648 -0.320312
0.461914 0.465820
-0.305664 -0.399414
0.484375 -0.389648
0.250000 0.449219
0.371094 0.474609
0.395508 0.462891
-0.468750 -0.333008
-0.470703 0.319336
-0.492188 0.406250
0.323242 0.355469
-0.347656 0.345703
-0.494141 -0.451172
0.424805 -0.311523
-0.424805 -0.441406
0.283203 -0.392578
0.352539 -0.492188
0.492188 0.312500
-0.360352 -0.434570
-0.429688 -0.470703
-0.375977 0.250977
0.456055 0.492188
-0.420898 0.271484
0.355469 0.449219
-0.272461 -0.433594
-0.396484 -0.452148
-0.440430 -0.375000
0.259766 0.334961
0.253906 0.488281
-0.488281 -0.494141
-0.284180 0.257812
0.357422 0.369141
-0.360352 0.281250
0.397461 0.420898
0.367188 -0.427734
0.445312 0.250977
-0.318359 0.393555
-0.446289 0.410156
-0.422852 0.307617
0.402344 -0.279297
0.386719 0.376953
0.390625 0.411133
-0.448242 -0.433594
-0.349609 0.299805
-0.325195 0.275391
-0.445312 -0.339844
0.386719 0.313477
-0.302734 0.250977
0.417969 0.484375
-0.341797 0.382812
-0.343750 0.347656
0.289062 0.257812
0.328125 -0.420898
-0.410156 -0.291016
0.343750 -0.264648
-0.360352 0.321289
-0.316406 -0.391602
0.423828 0.305664
-0.380859 -0.285156
0.263672 0.374023
0.404297 0.360352
0.428711 -0.276367
0.461914 -0.426758
0.406250 -0.378906
0.470703 -0.403320
-0.343750 0.471680
-0.379883 0.487305
-0.444336 -0.412109
-0.319336 0.252930
-0.364258 0.302734
0.420898 0.334961
-0.444336 0.394531
0.255859 -0.389648
-0.341797 -0.282227
0.419922 0.475586
0.317383 -0.250977
0.291016 0.435547
-0.344727 -0.302734
0.401367 -0.498047
-0.387695 -0.347656
-0.458008 -0.411133
-0.332031 -0.359375
-0.291016 0.452148
0.470703 0.333984
-0.432617 -0.397461
