0.619141 -1.615234
-1.101562 1.630859
0.184570 -2.028320
0.114258 -1.002930
-0.791016 0.059570
2.371094 -0.899414
-1.355469 -0.360352
-0.228516 -1.456055
-0.307617 -1.297852
3.467773 -3.331055
-0.098633 -0.040039
1.583008 2.407227
0.129883 0.539062
1.293945 -0.835938
1.583008 1.742188
-2.920898 0.488281
0.596680 -1.592773
-0.444336 -0.014648
1.277344 -0.419922
-0.808594 1.925781
-2.162109 -0.607422
-2.390625 0.015625
-1.863281 -1.460938
0.369141 0.865234
-3.759766 1.555664
-0.716797 0.797852
1.287109 0.352539
0.017578 0.680664
0.811523 -2.145508
1.159180 2.877930
0.280273 3.225586
0.334961 -1.571289
0.136719 1.955078
0.052734 -0.697266
0.000977 4.071289
-0.178711 0.584961
-0.669922 0.306641
1.628906 2.425781
0.730469 -0.396484
-1.958984 -2.574219
1.556641 0.362305
0.394531 -1.086914
-0.758789 -0.462891
1.483398 -1.667969
2.355469 1.439453
0.960938 -1.337891
0.013672 -0.656250
0.314453 2.949219
0.789062 -2.196289
2.111328 -1.770508
-1.967773 0.162109
0.872070 -1.222656
2.366211 -0.041016
-2.440430 -1.244141
-2.080078 1.239258
-1.048828 0.116211
0.442383 -0.078125
0.075195 0.240234
-0.634766 -1.000977
2.648438 0.776367
0.958984 -1.700195
2.703125 -0.225586
-1.375000 1.112305
1.048828 1.118164
1.984375 -0.427734
-0.044922 1.406250
-0.451172 3.541016
-1.304688 1.304688
-0.613281 -0.008789
-0.259766 -2.038086
-0.210938 0.897461
1.673828 0.790039
-1.603516 1.854492
-2.121094 -3.622070
0.252930 -1.701172
0.217773 0.179688
0.195312 -2.244141
-1.007812 1.160156
-2.475586 1.276367
1.002930 2.268555
0.029297 1.286133
-0.695312 -0.018555
-1.266602 1.919922
-0.344727 2.972656
0.266602 0.086914
-3.889648 -0.051758
-1.156250 1.109375
1.353516 -0.800781
-0.611328 2.693359
-0.960938 1.824219
-0.669922 -1.939453
1.902344 -0.179688
-2.733398 -0.028320
2.045898 -0.666992
0.530273 0.299805
0.997070 -2.401367
1.598633 -3.674805
0.879883 -0.399414
2.765625 0.501953
0.111328 -1.912109
-1.498047 -0.099609
-0.037109 -0.335938
1.981445 0.313477
-0.243164 0.211914
0.426758 0.826172
0.649414 -0.207031
-0.849609 1.043945
-0.617188 -1.729492
2.800781 2.283203
-1.617188 1.265625
-0.825195 -2.567383
0.422852 -0.110352
2.748047 0.446289
0.410156 -1.598633
-2.171875 -0.016602
-0.576172 1.450195
1.543945 -1.009766
-0.358398 1.132812
-1.240234 0.461914
-1.027344 0.165039
-1.762695 -0.732422
1.008789 -0.154297
1.468750 0.571289
0.238281 0.569336
-2.176758 1.376953
-1.790039 2.603516
-1.233398 -2.140625
-1.202148 3.980469
1.404297 -1.707031
0.115234 -0.466797
1.094727 1.575195
-0.055664 0.368164
-0.833008 0.079102
1.170898 0.237305
2.046875 -0.949219
1.794922 0.863281
1.493164 0.127930
-1.688477 -0.916992
-0.688477 -0.293945
2.899414 1.387695
0.291992 -1.353516
-2.172852 -4.369141
-1.065430 -2.101562
0.297852 2.226562
1.373047 -2.131836
-0.281250 2.637695
-1.254883 0.476562
0.041992 -0.849609
0.079102 1.014648
2.641602 0.719727
3.273438 0.447266
-0.548828 -1.759766
-1.753906 -1.186523
1.607422 -0.651367
-1.086914 0.818359
-1.606445 4.035156
-0.521484 1.661133
0.441406 1.225586
1.279297 0.442383
0.906250 -0.399414
0.829102 1.561523
-1.059570 -3.133789
-2.535156 -2.107422
-0.429688 1.089844
0.324219 -2.022461
0.804688 -1.010742
0.199219 0.610352
0.835938 -0.370117
0.945312 1.544922
1.998047 -0.869141
-0.913086 -2.041992
-1.311523 0.698242
0.435547 -0.207031
-2.156250 1.148438
-0.893555 -1.256836
-3.459961 0.084961
-0.166992 -0.364258
0.004883 -0.643555
-0.074219 -0.478516
0.392578 2.005859
-3.365234 2.388672
-1.267578 -1.779297
0.521484 -2.123047
-2.095703 1.994141
-1.584961 0.139648
-0.780273 0.907227
0.531250 -1.611328
-1.134766 -3.251953
-0.127930 0.896484
1.850586 -0.951172
1.869141 -1.483398
1.271484 -1.192383
0.307617 -0.276367
-2.366211 -0.245117
-0.683594 -1.425781
1.863281 1.193359
-0.770508 0.302734
0.983398 0.953125
-1.464844 2.575195
1.021484 2.293945
-0.315430 -0.283203
0.120117 0.533203
2.503906 2.370117
0.148438 -0.108398
-0.650391 0.127930
-1.246094 -2.209961
-0.123047 -0.670898
5.015625 0.506836
0.062500 1.836914
0.052734 1.204102
2.811523 0.244141
0.346680 -3.042969
0.232422 0.325195
-1.751953 1.180664
-1.623047 0.319336
0.705078 -1.778320
1.937500 0.940430
2.318359 1.868164
0.246094 2.223633
0.822266 -1.774414
-3.002930 1.466797
1.672852 1.322266
1.528320 -0.427734
0.184570 1.216797
2.265625 -0.638672
-0.523438 0.353516
-1.912109 -0.257812
-3.298828 -0.394531
0.794922 -0.928711
0.166016 -2.125977
0.534180 -1.826172
-4.870117 -0.990234
-2.173828 0.639648
2.476562 1.385742
0.899414 -0.279297
-1.209961 1.605469
-0.699219 -0.031250
0.474609 -1.630859
0.406250 -0.062500
-1.111328 -1.189453
-1.016602 1.057617
-0.358398 2.340820
1.331055 1.768555
-2.713867 0.942383
-0.488281 -0.810547
-1.058594 0.980469
3.231445 -2.127930
0.721680 2.211914
-3.549805 0.801758
-0.586914 -0.149414
1.385742 0.727539
-0.463867 -1.645508
0.259766 0.255859
0.480469 0.099609
-1.840820 -0.272461
-1.754883 0.534180
-0.361328 -0.437500
0.257812 -0.679688
1.717773 1.030273
-1.543945 0.770508
1.865234 0.867188
2.880859 -1.093750
0.693359 -0.775391
0.908203 1.326172
-1.513672 -0.904297
0.324219 1.552734
-1.772461 1.182617
-0.975586 1.508789
3.319336 -3.339844
-0.991211 1.808594
0.513672 1.989258
-0.185547 2.069336
2.530273 -0.618164
1.549805 -0.571289
-1.073242 -1.774414
-0.924805 -0.102539
1.239258 -1.069336
0.411133 -0.579102
0.556641 -0.978516
1.718750 -1.150391
-4.327148 0.336914
1.557617 -1.864258
0.133789 -2.081055
0.799805 0.725586
1.583008 0.190430
-2.030273 0.813477
1.908203 -0.843750
2.195312 2.988281
-3.153320 -1.092773
0.250977 3.809570
0.642578 1.556641
-0.998047 1.625000
-2.562500 -1.206055
0.513672 -0.295898
-0.057617 1.175781
-1.315430 0.173828
1.332031 -3.366211
-0.810547 -2.079102
0.802734 0.284180
-1.894531 1.153320
-1.805664 2.398438
1.604492 0.466797
0.365234 0.264648
0.070312 -0.305664
0.637695 4.898438
-0.428711 -1.882812
-2.959961 -0.265625
-3.405273 0.761719
0.027344 -0.003906
1.425781 -1.193359
-0.405273 -0.338867
-1.286133 -1.381836
0.358398 0.041016
-0.780273 2.369141
0.679688 -0.471680
-0.054688 0.959961
-0.833984 -1.122070
0.423828 0.772461
0.267578 -0.172852
0.572266 2.420898
0.828125 1.487305
-0.761719 1.481445
-0.202148 0.951172
-0.286133 2.607422
4.051758 -0.819336
-1.106445 0.682617
1.639648 1.514648
2.340820 -1.557617
1.220703 0.762695
3.189453 0.055664
-1.621094 0.477539
-1.953125 -0.506836
1.745117 -0.203125
-1.680664 0.623047
-0.396484 -1.926758
0.644531 2.225586
-1.274414 -2.307617
-0.026367 2.059570
0.101562 1.919922
1.718750 0.968750
2.285156 3.395508
1.943359 -0.120117
-0.291992 1.734375
1.586914 -1.056641
1.250977 -1.254883
1.418945 1.489258
0.878906 0.505859
0.115234 -0.150391
-0.541016 1.248047
-2.464844 0.943359
1.239258 -1.522461
-0.288086 -1.040039
1.508789 -1.609375
-0.997070 -0.005859
-0.874023 0.835938
-0.028320 1.154297
1.180664 -0.256836
-2.077148 -2.120117
0.434570 -1.768555
1.485352 -0.491211
0.089844 2.225586
-0.324219 0.344727
0.387695 -0.822266
-3.118164 1.498047
-2.991211 0.394531
-1.491211 -2.949219
-0.153320 -0.974609
2.030273 0.501953
0.232422 1.343750
2.044922 1.419922
-0.450195 0.907227
0.325195 -0.538086
0.774414 1.505859
-0.411133 -0.996094
-0.948242 1.021484
3.448242 2.421875
-0.619141 1.908203
1.580078 -0.998047
-0.925781 -0.636719
-2.742188 -2.593750
0.993164 1.062500
-0.227539 0.587891
1.174805 -0.039062
0.782227 1.482422
1.318359 -1.302734
-1.175781 -0.007812
1.058594 -2.162109
2.642578 0.699219
-1.052734 1.542969
-0.144531 1.986328
-2.068359 0.513672
-0.242188 -0.433594
0.696289 1.957031
-1.170898 -0.193359
-1.775391 -0.598633
-0.976562 -4.313477
0.776367 -2.811523
-2.799805 0.092773
-0.227539 0.426758
0.235352 -1.379883
0.581055 0.949219
2.063477 -1.148438
-2.171875 -0.674805
2.285156 0.674805
1.575195 1.969727
-0.354492 -0.702148
0.965820 -0.497070
1.188477 -0.547852
-1.837891 -0.934570
0.933594 -0.973633
-1.141602 -2.072266
-2.110352 -2.335938
0.931641 0.346680
4.302734 0.512695
-0.071289 0.474609
-1.916992 -2.302734
-0.808594 -1.004883
-0.515625 -1.356445
-0.464844 0.079102
-0.890625 -2.811523
1.681641 1.320312
-0.261719 1.001953
-0.339844 -1.269531
1.888672 -1.376953
1.046875 -2.791016
0.582031 0.306641
-0.359375 -0.943359
1.542969 2.541016
1.833984 0.694336
-0.416016 1.293945
0.385742 1.431641
0.766602 -3.876953
0.201172 2.089844
-1.691406 0.507812
1.364258 0.295898
0.477539 -1.456055
0.072266 -0.044922
-1.888672 1.335938
0.319336 -2.655273
0.200195 1.239258
1.487305 3.047852
0.987305 1.979492
-1.992188 -0.265625
-0.431641 1.316406
-1.789062 2.837891
-1.070312 -2.029297
-2.738281 -0.126953
-0.378906 -0.482422
-2.950195 -0.629883
-1.233398 0.600586
1.494141 -0.816406
-0.255859 0.052734
1.891602 0.471680
3.430664 0.290039
1.457031 1.033203
-2.728516 -1.095703
1.804688 1.290039
1.136719 0.409180
2.872070 2.343750
0.069336 -0.511719
0.349609 0.387695
-0.171875 2.034180
-0.458984 -1.069336
-0.058594 2.006836
2.029297 -0.650391
-1.427734 -0.449219
1.604492 -2.553711
-1.229492 0.508789
0.285156 -0.632812
0.341797 0.966797
4.816406 -3.333984
1.021484 -0.957031
-0.666992 0.448242
1.870117 0.057617
1.109375 0.056641
0.363281 -0.171875
-0.315430 -0.285156
-1.262695 -0.162109
-1.688477 0.568359
0.817383 -0.769531
0.324219 1.909180
-1.052734 -0.485352
-0.627930 -0.218750
-0.581055 -1.271484
1.120117 1.708008
1.774414 0.887695
0.878906 0.283203
-0.375000 2.910156
3.598633 -0.533203
1.163086 -0.757812
-2.385742 2.439453
0.377930 -1.546875
1.471680 -0.489258
-1.286133 2.079102
0.337891 -1.537109
3.230469 0.478516
1.490234 0.810547
0.123047 2.630859
0.982422 2.394531
0.048828 1.007812
-0.785156 -0.914062
-0.294922 1.062500
2.534180 0.165039
0.838867 -0.465820
-3.744141 0.672852
1.734375 0.387695
2.295898 0.390625
0.182617 0.650391
2.523438 -0.488281
-0.101562 -1.074219
-0.070312 -1.849609
-2.023438 0.646484
-0.548828 0.196289
1.310547 -2.448242
-2.886719 2.493164
-0.488281 0.657227
-0.525391 0.272461
-0.964844 1.303711
-3.590820 4.150391
1.694336 0.363281
0.382812 -0.384766
-1.140625 0.494141
0.230469 0.642578
0.695312 2.076172
0.903320 -1.500000
-0.057617 -0.320312
-1.405273 -0.701172
-0.092773 0.326172
2.510742 -1.429688
-0.256836 1.410156
-1.560547 1.776367
-1.322266 -1.522461
-0.879883 1.242188
3.327148 -0.765625
-1.178711 1.248047
-1.459961 -1.310547
0.184570 1.074219
2.647461 -0.771484
0.715820 0.828125
2.627930 -0.416016
0.031250 0.984375
0.669922 1.693359
-1.326172 0.937500
1.484375 2.970703
-1.643555 -1.178711
1.641602 2.858398
0.140625 -1.052734
-0.099609 -0.724609
-0.520508 0.140625
-0.940430 0.304688
-2.500000 -2.133789
-2.707031 2.395508
-0.946289 -1.808594
1.098633 -0.992188
0.851562 1.047852
1.863281 -1.540039
1.131836 0.041016
0.708008 0.158203
-1.277344 1.178711
-3.625000 -3.444336
0.530273 -0.792969
0.725586 2.039062
-1.092773 -0.789062
-0.963867 -0.644531
0.883789 -0.873047
0.688477 1.951172
-2.778320 -2.443359
1.834961 0.232422
1.442383 1.326172
-0.907227 1.214844
-0.393555 1.404297
0.416992 1.785156
-1.606445 2.981445
0.688477 -0.512695
-3.192383 -1.809570
-2.241211 -0.479492
-0.032227 0.864258
1.715820 -0.903320
-0.092773 2.266602
1.456055 0.522461
-2.344727 1.269531
-0.303711 -0.304688
0.335938 1.043945
-0.523438 0.772461
0.381836 -2.174805
0.872070 -0.655273
-2.937500 1.750000
1.296875 1.818359
-0.714844 -1.584961
-0.308594 0.387695
0.195312 1.065430
-4.132812 -0.200195
1.967773 -1.193359
0.340820 2.177734
-0.175781 1.323242
0.003906 0.079102
-2.389648 -0.475586
1.065430 0.170898
-1.579102 -2.024414
-0.709961 -1.338867
-2.209961 -3.667969
1.897461 -1.375000
-0.513672 2.268555
-2.814453 -0.569336
-0.017578 -1.249023
-2.275391 0.202148
0.733398 -1.421875
-1.260742 -0.781250
-0.784180 -0.083008
0.317383 -1.577148
-0.660156 -1.421875
0.548828 0.332031
-0.162109 -0.470703
-2.500000 -0.660156
-1.646484 0.015625
-1.937500 -1.462891
-0.822266 -0.967773
-0.070312 -1.043945
2.785156 3.661133
1.255859 -1.219727
0.010742 1.074219
0.643555 0.746094
-3.479492 1.048828
-1.041992 -3.111328
2.756836 1.454102
1.372070 -3.518555
-1.369141 -1.763672
-0.548828 2.582031
1.808594 1.344727
1.324219 1.731445
-0.779297 2.651367
0.349609 0.202148
-0.350586 -0.010742
-0.854492 1.065430
-0.083984 1.951172
1.609375 -0.017578
-1.119141 0.136719
-0.183594 -0.294922
-0.257812 -0.574219
1.529297 -2.224609
-0.468750 -0.437500
0.726562 0.990234
-1.122070 1.002930
1.063477 -0.360352
1.239258 -1.430664
-0.379883 -1.643555
1.694336 -0.485352
-1.846680 -2.670898
-2.616211 -2.618164
-1.598633 2.038086
-0.062500 2.355469
0.507812 1.498047
-1.088867 -0.008789
1.364258 0.416992
-1.387695 -2.866211
-2.149414 -0.588867
-0.166016 1.242188
-0.396484 -0.398438
-0.234375 -1.919922
0.250000 0.810547
0.347656 -2.041016
0.968750 -0.968750
-1.586914 -2.901367
-0.518555 0.719727
-0.532227 0.457031
3.760742 -1.388672
0.064453 -1.788086
-0.089844 -1.061523
0.997070 1.342773
1.389648 3.313477
-1.477539 1.875977
1.598633 -2.711914
1.342773 -0.113281
2.221680 -0.541016
1.462891 0.672852
1.367188 2.391602
0.013672 3.559570
1.287109 -4.694336
-0.419922 -1.405273
-1.216797 -0.526367
-1.387695 0.776367
-0.401367 1.946289
0.844727 -0.739258
0.541992 0.782227
-0.992188 1.994141
-0.546875 3.451172
1.011719 -0.847656
-0.132812 -0.601562
-2.380859 2.250977
-0.687500 0.202148
0.662109 -0.522461
2.277344 -1.805664
0.432617 -1.138672
2.170898 1.300781
1.519531 1.942383
1.400391 -2.049805
0.338867 -0.955078
-1.497070 2.554688
0.318359 2.946289
-1.410156 -0.690430
1.736328 1.727539
0.021484 -0.346680
0.000000 0.702148
1.546875 1.741211
-1.916992 -0.027344
2.090820 -1.517578
-0.966797 -0.297852
3.839844 -1.481445
0.217773 -0.352539
0.813477 -0.190430
-0.489258 2.170898
1.708008 0.422852
-0.516602 0.760742
-0.336914 -0.495117
0.310547 -1.386719
0.550781 -4.457031
1.546875 -0.593750
-0.214844 -1.312500
-1.767578 0.875000
0.880859 0.683594
0.542969 3.567383
-0.214844 0.936523
-1.241211 1.050781
-1.586914 -2.824219
-0.349609 0.889648
1.720703 -0.540039
-0.263672 -1.006836
2.173828 -2.526367
-0.959961 -1.136719
0.836914 -1.371094
-1.670898 -0.792969
-1.491211 0.691406
-2.211914 -1.774414
-0.112305 -1.495117
-1.583008 1.368164
0.754883 -2.282227
-1.321289 -0.085938
1.112305 -0.283203
3.017578 0.225586
2.355469 -0.040039
-1.246094 1.707031
0.673828 1.726562
-0.934570 -0.862305
1.588867 3.663086
1.814453 -3.198242
-1.052734 0.596680
-1.073242 0.271484
0.522461 2.056641
-1.355469 1.275391
1.390625 1.273438
-0.461914 -1.405273
0.981445 -0.487305
1.541992 -3.721680
-0.206055 2.458008
0.494141 -0.070312
0.529297 1.685547
0.727539 0.965820
2.260742 -0.653320
1.182617 0.573242
-0.081055 -0.666992
2.236328 1.666992
-0.267578 2.217773
-2.451172 1.083008
-2.669922 1.368164
-0.212891 0.058594
-0.308594 -0.845703
-0.187500 -0.191406
2.345703 1.505859
0.557617 -1.707031
-0.436523 -1.679688
1.361328 1.864258
-1.708984 -2.844727
1.888672 -3.756836
-0.031250 -0.678711
2.415039 1.076172
2.504883 -0.003906
1.390625 -0.208984
1.000000 -0.515625
0.618164 -1.086914
-0.055664 1.995117
1.180664 0.792969
-1.911133 0.509766
-2.606445 -1.544922
-0.499023 0.011719
-2.458984 1.966797
-0.869141 0.929688
-0.694336 2.731445
0.502930 0.168945
0.816406 -0.146484
-1.980469 -2.064453
-0.632812 2.859375
-0.613281 -1.269531
2.055664 -2.700195
-0.014648 -0.575195
-1.204102 -0.473633
-1.942383 -0.059570
1.772461 0.801758
-1.137695 -0.741211
1.452148 0.801758
-1.895508 1.860352
-1.841797 -0.807617
1.728516 -1.055664
1.502930 2.242188
-1.483398 -0.464844
1.056641 0.291016
0.658203 2.292969
-0.745117 2.809570
-0.985352 0.954102
-1.723633 -0.883789
-2.594727 -1.389648
2.251953 0.113281
-0.941406 -0.542969
-0.530273 0.202148
0.661133 1.745117
0.448242 -1.950195
-2.805664 1.737305
-0.532227 0.720703
0.573242 -1.996094
-2.365234 -1.405273
0.199219 2.559570
-0.009766 1.007812
0.298828 0.529297
1.999023 2.579102
1.118164 1.313477
0.975586 0.142578
1.000977 2.068359
-0.148438 -0.522461
1.777344 -1.243164
-2.026367 1.055664
1.434570 -1.014648
3.147461 1.004883
0.432617 -1.897461
1.397461 -0.798828
-1.610352 -2.248047
-2.624023 -1.509766
-0.588867 -0.955078
-1.543945 2.359375
-0.100586 -1.113281
-0.894531 0.081055
-0.152344 -0.811523
-0.483398 1.688477
0.887695 -2.385742
-0.772461 -0.116211
-0.557617 -2.616211
0.694336 -1.730469
-2.145508 -0.089844
1.588867 2.611328
-0.250977 2.513672
2.253906 -0.869141
-2.099609 0.832031
0.908203 2.132812
-0.492188 1.294922
0.633789 0.495117
0.079102 0.811523
-1.584961 0.024414
0.020508 2.168945
-3.241211 -0.731445
-1.397461 3.190430
-1.241211 1.577148
-0.374023 -1.434570
0.140625 -0.133789
-2.228516 1.502930
-0.108398 -2.294922
0.735352 -2.519531
-1.785156 -1.597656
-1.669922 -1.605469
2.913086 1.225586
-0.653320 -0.881836
-0.823242 -0.317383
1.983398 1.622070
0.614258 1.829102
-1.391602 -0.875977
-0.906250 0.617188
-0.796875 1.033203
-0.213867 1.920898
-0.133789 1.920898
-0.455078 -0.306641
-2.033203 1.375000
1.401367 -2.663086
-1.909180 0.825195
-1.166016 -0.723633
-1.103516 1.077148
1.072266 -0.026367
1.787109 -3.186523
3.210938 -1.890625
1.283203 -0.269531
1.172852 2.168945
0.786133 -3.313477
-0.123047 0.573242
-2.816406 0.870117
0.797852 -1.535156
-1.823242 0.255859
-1.484375 0.007812
1.726562 -1.095703
1.721680 0.424805
1.375977 0.350586
-0.461914 -1.113281
-0.676758 1.527344
0.559570 -1.423828
-1.799805 -1.306641
-0.633789 -0.275391
0.145508 -4.218750
3.825195 0.488281
-0.504883 0.712891
0.447266 -0.996094
0.851562 1.560547
0.277344 -0.992188
-1.212891 -0.005859
1.045898 -1.242188
2.899414 -0.181641
1.051758 -0.087891
0.620117 1.773438
1.129883 -0.253906
0.336914 -3.105469
1.063477 -0.757812
1.430664 0.054688
2.402344 0.904297
0.601562 -3.005859
0.974609 1.439453
-1.025391 -3.169922
-1.199219 -1.835938
-0.193359 -1.234375
3.184570 0.600586
1.461914 -0.897461
0.757812 0.644531
-1.480469 2.392578
-1.954102 0.688477
-1.424805 -0.428711
0.291992 2.234375
0.155273 0.314453
1.753906 -1.831055
-2.154297 1.204102
1.043945 0.532227
-2.268555 1.067383
0.372070 1.463867
1.125977 -0.094727
-1.528320 0.345703
-2.364258 -0.947266
0.077148 -1.800781
-1.114258 -1.304688
-0.578125 3.702148
-0.591797 1.198242
-1.079102 0.652344
2.487305 -2.408203
-0.922852 0.621094
-1.989258 0.935547
1.814453 -1.436523
1.800781 0.454102
-3.753906 -1.524414
2.367188 1.737305
1.419922 0.981445
0.216797 -0.182617
2.708984 -1.284180
-0.894531 -0.125977
1.892578 0.389648
2.429688 0.524414
0.329102 0.916016
-0.758789 3.984375
0.663086 0.726562
0.469727 0.513672
2.911133 2.037109
1.110352 3.902344
-1.570312 0.627930
0.658203 -0.903320
-1.004883 2.162109
-0.666992 -1.824219
0.208008 0.902344
-2.192383 -1.056641
1.412109 0.010742
0.250000 0.463867
-0.420898 0.990234
1.571289 -0.281250
1.390625 -1.537109
0.591797 1.960938
1.585938 1.742188
-0.208984 -1.529297
1.600586 -0.505859
1.692383 -0.636719
-1.225586 -0.435547
-1.223633 1.445312
0.501953 0.512695
-1.792969 0.043945
1.805664 -2.035156
-0.514648 1.853516
-1.484375 -2.150391
-2.308594 0.177734
0.941406 -2.242188
-3.703125 -1.503906
-0.876953 0.273438
-0.292969 -0.544922
0.050781 1.884766
1.380859 -0.648438
0.825195 -0.121094
0.469727 0.457031
-0.475586 1.574219
-0.987305 0.800781
2.021484 0.986328
-0.476562 -0.517578
0.131836 0.360352
-1.016602 2.647461
2.585938 0.278320
-2.517578 -1.651367
0.114258 -0.103516
0.172852 -0.796875
3.832031 -2.029297
1.373047 1.291016
-0.329102 3.872070
0.600586 0.342773
0.135742 -1.048828
-1.333008 2.330078
0.866211 2.865234
0.729492 -1.529297
-2.244141 -0.621094
-1.107422 0.287109
2.174805 0.432617
0.973633 -2.723633
0.291016 1.033203
0.062500 -0.019531
-2.082031 1.414062
-0.365234 -1.966797
-0.512695 1.199219
-1.799805 3.031250
0.216797 0.245117
-0.833984 2.036133
-1.538086 1.343750
0.508789 1.125000
0.975586 1.640625
-2.711914 0.757812
-0.006836 -0.801758
0.815430 0.543945
-0.477539 -0.758789
2.520508 0.981445
1.368164 -0.045898
-0.461914 -0.504883
2.780273 1.803711
-1.252930 -1.838867
1.454102 3.737305
0.440430 0.803711
1.007812 -2.128906
0.203125 -1.990234
-3.388672 -1.926758
-0.285156 -0.510742
-2.462891 1.598633
1.539062 -1.532227
0.224609 -0.228516
-0.406250 0.523438
2.113281 -1.257812
1.349609 -1.900391
1.972656 -0.182617
3.632812 0.157227
0.519531 -0.633789
0.160156 0.202148
-2.154297 0.991211
1.927734 0.401367
-0.187500 -2.526367
0.054688 0.684570
-3.746094 0.517578
0.511719 0.568359
-0.279297 2.945312
-0.146484 1.902344
-2.618164 -0.930664
-0.897461 -0.157227
-1.416016 2.521484
1.474609 -0.652344
1.924805 0.941406
0.547852 -1.093750
-2.529297 3.088867
-0.134766 0.829102
-1.110352 -0.254883
1.151367 -1.344727
-0.151367 -1.733398
0.840820 -0.448242
0.948242 0.947266
0.618164 -3.494141
1.218750 -1.116211
3.078125 1.370117
-0.390625 1.750977
-1.013672 -1.563477
1.289062 1.727539
0.201172 0.870117
-1.586914 0.814453
0.071289 -0.054688
1.399414 -0.142578
1.459961 -3.589844
0.467773 -0.178711
0.245117 -1.385742
-0.788086 -0.735352
0.528320 -0.891602
-0.875000 -4.504883
0.257812 0.444336
-2.298828 -1.881836
-0.916016 -0.323242
0.272461 -0.217773
-0.323242 1.940430
0.721680 -2.465820
2.684570 1.786133
0.807617 -0.699219
0.936523 0.480469
0.596680 0.339844
0.881836 0.148438
0.247070 1.579102
3.145508 0.163086
-0.806641 -2.470703
0.277344 0.357422
1.587891 -2.834961
-1.343750 1.526367
0.851562 0.346680
2.724609 0.622070
-2.574219 1.032227
-0.080078 0.073242
0.667969 -1.272461
-0.193359 -0.383789
-0.975586 1.375977
-3.975586 -0.065430
-1.524414 0.342773
0.288086 0.768555
-0.023438 0.158203
0.169922 -0.744141
-1.897461 1.489258
1.770508 2.143555
1.511719 -1.153320
0.035156 -0.098633
-1.654297 1.278320
-0.138672 0.012695
0.218750 -0.828125
0.363281 -1.242188
0.158203 -3.292969
-1.822266 -0.750000
2.323242 -0.146484
1.758789 -0.537109
2.083984 -2.422852
-2.736328 1.532227
1.695312 -1.533203
-0.468750 0.722656
-0.278320 2.426758
1.043945 1.770508
0.452148 -0.195312
0.614258 3.210938
0.371094 1.612305
-2.148438 -4.342773
-1.401367 -1.556641
0.854492 0.345703
-0.648438 -0.895508
1.312500 -3.643555
0.143555 0.971680
-0.333008 1.743164
1.382812 0.087891
1.248047 0.416016
1.369141 -0.279297
1.156250 -0.087891
0.428711 -1.196289
-0.114258 -1.420898
-3.160156 -1.330078
-1.882812 -1.392578
-0.896484 -1.943359
2.052734 -0.650391
1.420898 -0.500000
0.333008 0.777344
-0.236328 1.526367
1.337891 -1.381836
1.717773 -1.343750
1.456055 0.812500
-1.461914 -1.828125
1.471680 2.093750
1.439453 -0.087891
2.210938 0.193359
-0.340820 -1.254883
-0.680664 1.407227
1.970703 -0.046875
0.769531 1.222656
-1.778320 -1.690430
-0.668945 2.905273
2.703125 1.528320
0.582031 -0.538086
1.904297 0.307617
1.404297 1.006836
-1.917969 -1.124023
-2.250000 2.161133
-0.017578 0.416992
0.185547 -0.532227
0.240234 0.662109
-0.703125 -1.544922
0.526367 2.118164
3.346680 -1.774414
-0.461914 -1.954102
-1.209961 1.208008
-1.098633 -0.426758
-0.959961 2.629883
1.494141 3.082031
1.349609 -0.564453
0.073242 1.807617
-0.124023 1.456055
1.076172 -0.609375
-3.007812 -0.429688
3.338867 0.016602
1.819336 0.725586
3.755859 0.631836
-0.822266 0.307617
-0.402344 -0.045898
0.726562 0.083008
0.581055 -0.798828
-1.598633 0.707031
-0.169922 -1.444336
-1.960938 -1.678711
-0.533203 -0.652344
0.755859 -3.886719
-2.103516 0.820312
-1.228516 0.472656
-2.365234 0.408203
-0.246094 -1.000000
-2.085938 -1.382812
1.912109 -1.001953
-0.416016 -1.190430
0.417969 2.069336
-0.875000 0.909180
3.103516 1.352539
0.537109 -1.936523
1.830078 2.362305
-2.313477 -0.541016
-0.807617 0.283203
-0.358398 0.147461
-2.422852 0.256836
1.361328 1.732422
1.767578 -1.039062
-2.598633 -0.948242
-0.448242 0.463867
-1.668945 1.004883
-0.971680 -0.696289
0.202148 1.011719
0.043945 2.023438
2.197266 0.426758
-2.048828 2.834961
0.708008 -0.368164
-2.202148 -1.674805
1.644531 -2.015625
-3.142578 0.324219
1.628906 0.699219
2.007812 0.248047
-1.026367 0.420898
0.006836 1.342773
1.775391 2.331055
1.890625 -1.305664
-1.958008 1.050781
1.139648 0.958984
-0.120117 1.578125
-0.981445 -0.441406
0.757812 1.202148
2.152344 0.461914
-0.231445 1.302734
1.022461 3.232422
-1.612305 1.832031
2.887695 0.250000
-0.376953 -1.350586
-2.359375 1.036133
0.067383 -0.537109
-0.178711 0.339844
-1.374023 0.117188
1.936523 0.322266
1.565430 -0.271484
1.055664 -0.570312
2.699219 -1.361328
1.468750 0.103516
0.904297 1.574219
-2.537109 -1.335938
0.778320 -2.166016
-0.766602 -0.765625
2.092773 0.712891
0.649414 -4.132812
2.445312 2.543945
2.457031 -1.336914
0.366211 -2.355469
-1.858398 0.457031
1.444336 0.861328
0.311523 1.279297
0.268555 0.171875
-2.368164 0.140625
-1.016602 -0.916992
-0.887695 0.454102
-0.100586 0.356445
0.637695 -2.706055
3.160156 1.355469
-0.853516 -3.027344
-2.049805 -1.174805
-0.499023 -0.528320
2.027344 -1.694336
1.322266 -0.200195
2.509766 -2.645508
0.972656 0.610352
-2.345703 -0.152344
-1.748047 0.072266
-0.006836 2.057617
0.706055 -1.450195
1.017578 0.134766
-2.003906 -0.015625
0.513672 -1.019531
2.648438 0.662109
-0.775391 1.887695
1.994141 2.086914
0.121094 0.872070
0.800781 0.875977
0.235352 0.169922
3.163086 -0.185547
-1.419922 1.901367
0.904297 -2.213867
-0.443359 1.375977
-0.019531 -0.975586
0.475586 0.548828
0.362305 1.816406
-0.810547 -1.751953
3.160156 1.343750
-0.914062 -2.164062
-2.224609 -0.373047
1.143555 0.309570
2.489258 -3.764648
0.800781 -1.945312
-1.093750 -0.619141
-0.277344 0.709961
2.126953 0.713867
-2.411133 -2.060547
-2.426758 0.621094
0.730469 -0.641602
-1.345703 -0.973633
-2.883789 0.398438
0.811523 1.322266
-0.213867 -1.734375
-3.221680 1.294922
0.505859 0.268555
-1.246094 1.573242
0.976562 -0.616211
0.861328 2.043945
-0.836914 1.082031
2.178711 0.794922
1.183594 0.795898
0.314453 -2.770508
0.364258 1.380859
0.809570 -2.492188
-0.358398 0.910156
-1.635742 1.402344
1.391602 -0.527344
0.364258 -2.296875
-0.811523 -1.821289
-1.211914 0.184570
1.977539 -2.573242
0.088867 -2.633789
3.645508 -3.253906
0.825195 -1.826172
-0.113281 -2.344727
1.478516 -0.083008
-0.666016 -0.340820
-1.197266 -1.276367
0.946289 0.119141
0.225586 1.845703
0.749023 -0.768555
1.356445 0.448242
-1.362305 0.295898
-0.676758 -0.127930
1.483398 1.839844
-1.288086 0.933594
-0.828125 1.461914
0.589844 -3.590820
-0.035156 1.404297
-1.390625 -0.240234
-0.843750 1.970703
0.164062 0.056641
1.918945 -1.251953
-0.344727 3.339844
-1.625977 2.230469
2.446289 -0.146484
-0.584961 0.291016
-0.612305 -0.417969
4.132812 0.180664
3.626953 0.059570
1.535156 -0.519531
-1.664062 0.462891
0.588867 1.889648
-0.831055 -1.610352
0.101562 1.748047
1.435547 1.451172
-0.858398 0.737305
-0.405273 2.016602
-0.346680 1.227539
-0.055664 -2.489258
-1.780273 0.358398
1.549805 1.188477
-1.539062 -0.129883
-0.759766 -1.831055
0.382812 4.676758
-0.474609 0.522461
1.964844 0.491211
-2.121094 -1.696289
-1.343750 -2.522461
-1.390625 -0.034180
-0.884766 -1.458984
0.029297 -1.609375
2.034180 0.661133
-0.870117 -3.393555
1.824219 0.963867
1.175781 -2.043945
0.785156 0.069336
1.886719 1.581055
-1.279297 -0.082031
-0.261719 -1.050781
0.854492 1.477539
0.225586 -0.200195
-3.160156 -0.165039
-1.195312 -0.313477
0.093750 -1.241211
2.722656 2.747070
-1.565430 -0.587891
-1.893555 -2.279297
-0.993164 1.443359
0.127930 -2.376953
-1.897461 -0.971680
1.489258 -1.795898
-1.063477 -1.077148
-1.739258 0.762695
0.598633 0.508789
-0.362305 1.284180
-2.193359 0.257812
-1.351562 1.730469
-0.402344 -0.011719
2.125000 -3.474609
0.028320 2.538086
2.002930 -2.106445
1.860352 1.372070
0.395508 0.090820
0.737305 2.784180
-0.547852 -1.125977
-0.748047 -1.043945
-1.091797 1.317383
0.444336 0.718750
-2.456055 -3.761719
0.409180 -1.108398
1.780273 1.717773
-3.882812 1.513672
-0.884766 0.958984
-0.078125 0.025391
-0.144531 0.000000
-1.112305 1.229492
-1.618164 1.061523
1.575195 0.312500
1.616211 3.138672
-0.086914 0.384766
-0.045898 3.160156
1.166992 0.460938
1.338867 0.166016
-1.710938 -0.399414
2.419922 -0.844727
1.027344 2.476562
0.261719 0.289062
-0.470703 -2.048828
-0.748047 2.263672
-2.383789 -2.717773
1.375977 -2.600586
1.953125 0.376953
-0.539062 0.441406
-0.367188 -1.509766
0.986328 -2.980469
0.207031 2.953125
-0.501953 -1.705078
-0.274414 0.982422
-0.301758 0.908203
1.192383 -0.660156
-1.182617 2.042969
1.499023 -0.585938
-2.756836 0.994141
1.852539 1.031250
2.385742 -1.017578
2.500000 -0.845703
1.376953 -1.351562
1.080078 -0.488281
-1.070312 -2.482422
-1.041992 2.041992
0.241211 0.864258
0.301758 0.696289
1.948242 -3.418945
0.683594 -0.884766
-0.978516 -0.455078
2.391602 -0.026367
-1.842773 2.159180
0.710938 -0.600586
0.134766 -2.836914
-1.115234 -0.815430
0.761719 -1.407227
0.532227 0.513672
1.172852 -1.160156
0.925781 0.083008
2.919922 1.219727
1.354492 -0.520508
0.596680 0.329102
-0.125000 -1.191406
-1.845703 1.316406
0.477539 1.372070
0.686523 -2.842773
0.814453 -0.500000
-0.826172 1.802734
1.367188 1.029297
2.541016 -3.171875
-2.523438 -1.410156
-0.431641 -2.779297
-1.205078 1.884766
-1.386719 -1.222656
-2.037109 0.050781
-1.890625 -1.392578
1.505859 -0.313477
0.775391 -0.446289
-0.388672 -0.502930
-0.017578 0.813477
1.974609 -1.434570
2.599609 -2.475586
-0.295898 -0.335938
-0.723633 -1.472656
0.832031 -0.299805
-1.169922 0.731445
2.563477 1.869141
-1.522461 1.046875
1.109375 -3.187500
-0.195312 0.703125
-0.195312 -1.892578
-1.007812 1.544922
0.964844 2.424805
0.994141 -2.317383
0.184570 1.464844
1.290039 1.869141
0.443359 -0.465820
-0.691406 -1.598633
-1.016602 -1.867188
-1.809570 -0.041016
-0.407227 0.429688
-1.192383 -3.279297
1.830078 -0.342773
1.859375 -0.491211
1.621094 -1.857422
0.617188 1.107422
-2.302734 -0.343750
2.380859 -2.363281
-0.345703 -0.169922
0.484375 3.353516
-2.723633 -0.086914
-0.067383 -0.202148
0.866211 0.899414
-1.381836 -1.237305
-2.396484 -0.251953
-0.365234 -2.445312
-2.050781 -0.066406
2.087891 0.164062
-1.149414 -0.186523
0.565430 -0.403320
-1.038086 -1.231445
-1.090820 -4.245117
0.983398 -1.165039
0.512695 0.434570
0.883789 1.410156
0.467773 -3.271484
0.069336 1.046875
1.278320 0.892578
-0.262695 -0.130859
-0.166992 0.992188
2.784180 -1.503906
0.040039 1.626953
-1.446289 -2.783203
-1.069336 -0.970703
-1.050781 -0.971680
0.714844 -1.407227
0.584961 0.186523
-0.112305 -3.520508
3.072266 1.300781
-0.630859 1.279297
-0.168945 -0.944336
1.663086 -0.565430
0.739258 1.069336
0.680664 0.467773
1.991211 -2.614258
0.813477 2.739258
-0.182617 1.252930
0.760742 -1.405273
-1.680664 -1.962891
-2.249023 0.888672
1.394531 -0.319336
0.039062 1.721680
0.752930 1.042969
1.774414 3.617188
0.046875 0.147461
0.453125 2.454102
-0.952148 1.027344
0.793945 0.626953
-0.533203 -0.317383
0.500000 1.327148
2.148438 1.583984
3.841797 2.466797
2.319336 0.864258
-3.145508 -3.086914
-0.610352 -0.988281
1.745117 1.035156
1.135742 1.238281
0.596680 -1.460938
-1.546875 -0.900391
0.646484 1.060547
-1.922852 -0.227539
0.588867 0.250977
-0.034180 2.454102
0.084961 -0.557617
-1.068359 -2.408203
-1.408203 1.269531
-2.264648 -0.369141
2.186523 -0.398438
-1.250977 0.587891
-1.495117 0.609375
-2.799805 -0.226562
-0.204102 -3.191406
1.164062 -2.540039
-0.566406 -0.737305
2.668945 0.564453
-0.637695 -2.304688
1.362305 1.708984
-0.206055 0.371094
2.383789 -2.645508
-0.241211 2.032227
-0.183594 -0.501953
0.822266 -0.896484
1.037109 -0.660156
0.355469 -2.074219
-4.100586 -0.204102
-0.416992 0.622070
0.783203 1.600586
0.453125 -0.747070
0.139648 -1.099609
-1.364258 -0.066406
-1.458984 0.932617
3.257812 0.245117
1.081055 -1.205078
2.479492 0.121094
-2.012695 -1.886719
-2.465820 1.039062
0.293945 -0.392578
0.547852 2.130859
1.305664 -1.095703
-1.104492 0.832031
-1.839844 0.959961
-0.646484 -1.227539
-0.734375 2.218750
-0.103516 2.031250
-0.487305 -1.461914
-2.206055 3.133789
-0.155273 -0.037109
2.817383 -1.101562
0.326172 1.545898
-0.644531 -0.629883
1.820312 -1.013672
-1.863281 -0.894531
1.551758 0.116211
-1.872070 -1.336914
-1.200195 -1.955078
-2.649414 1.197266
1.211914 -0.541016
1.790039 -1.025391
-1.724609 -1.303711
1.427734 1.989258
-1.105469 -1.844727
0.714844 -1.887695
-1.680664 2.463867
-1.866211 0.305664
-2.022461 -0.299805
-0.215820 -0.735352
-1.174805 -0.886719
0.790039 0.875000
2.264648 -0.763672
-1.579102 0.998047
1.041992 2.916992
-1.018555 0.463867
0.539062 -1.408203
0.066406 -1.773438
3.958984 -0.355469
-0.589844 -1.640625
1.260742 -0.243164
2.256836 1.942383
-0.941406 -0.320312
0.472656 -0.697266
-1.258789 -1.381836
0.735352 -3.284180
-1.207031 -1.497070
-2.783203 -1.999023
0.615234 1.163086
-2.210938 2.442383
-0.538086 -0.075195
0.170898 0.815430
0.357422 0.691406
-0.376953 -2.501953
-0.616211 2.672852
0.579102 0.053711
-1.236328 -0.031250
-1.187500 0.425781
1.850586 3.683594
-1.581055 -0.511719
1.376953 1.147461
1.166016 -0.463867
-2.087891 2.040039
1.134766 2.114258
-3.716797 -2.391602
-0.912109 0.803711
-2.475586 2.527344
2.235352 0.394531
0.086914 1.341797
-0.307617 -0.501953
-0.905273 -0.200195
-1.465820 0.954102
-0.041992 -1.809570
0.018555 1.196289
1.258789 1.767578
1.653320 -0.164062
0.464844 0.252930
0.298828 -1.153320
-0.774414 0.990234
-2.227539 -0.632812
0.941406 -1.739258
-0.822266 -0.118164
0.023438 2.369141
2.189453 -1.859375
-2.472656 -0.007812
2.134766 -1.923828
-0.926758 1.088867
1.161133 1.440430
-0.611328 0.595703
-0.189453 -1.425781
-0.665039 0.895508
1.252930 -0.174805
2.950195 0.901367
2.125977 -0.415039
-2.329102 -0.015625
-2.149414 1.402344
-3.221680 -0.660156
1.418945 -1.015625
0.034180 -0.928711
-1.247070 -3.961914
-1.093750 -0.302734
2.380859 -1.529297
-2.032227 -1.580078
1.543945 -0.222656
-0.157227 1.611328
0.008789 0.917969
0.157227 1.678711
-1.366211 -1.481445
1.870117 -0.245117
0.186523 -0.256836
-0.950195 -0.465820
-0.409180 -2.127930
-0.032227 -1.458008
1.172852 -1.081055
0.213867 -1.958984
3.057617 3.253906
2.083984 -0.559570
0.218750 -1.004883
1.111328 -0.032227
-0.310547 3.432617
-1.273438 -2.190430
0.210938 -1.038086
1.241211 -0.736328
-2.657227 0.507812
0.203125 -0.030273
0.490234 0.790039
-1.459961 2.025391
1.217773 -2.587891
-0.304688 1.565430
-0.207031 -1.518555
-0.808594 0.864258
0.287109 1.811523
-0.378906 2.043945
0.755859 1.127930
-0.874023 -1.271484
1.827148 -0.472656
-0.133789 -1.083984
2.094727 -0.199219
2.463867 -0.662109
3.053711 1.068359
-0.383789 1.937500
-2.118164 -0.292969
0.193359 0.225586
-1.548828 -1.834961
-1.364258 1.621094
-0.854492 -0.015625
1.541016 0.213867
0.650391 -3.362305
1.362305 2.986328
-1.206055 -0.310547
0.174805 1.309570
0.543945 -0.903320
-2.459961 -2.397461
0.956055 0.049805
-1.245117 -0.447266
-0.579102 -2.300781
-0.944336 0.048828
-3.090820 -0.710938
2.443359 -3.238281
0.015625 -1.718750
-2.030273 -0.588867
-0.413086 -0.770508
-2.665039 -0.329102
-0.122070 0.727539
1.216797 0.697266
0.085938 -0.462891
-0.321289 -0.125000
2.563477 -2.716797
0.206055 0.376953
0.551758 -1.167969
1.352539 2.489258
1.112305 -0.499023
-1.464844 0.171875
1.687500 0.345703
0.088867 1.643555
-3.364258 -0.596680
0.875000 1.126953
-0.525391 0.521484
-1.223633 0.195312
-0.442383 -0.273438
-0.768555 3.052734
0.235352 0.103516
-1.241211 -0.005859
-3.553711 2.517578
2.674805 -0.916016
-1.274414 1.248047
1.507812 -0.032227
-1.472656 -1.036133
0.134766 -2.268555
2.568359 -0.530273
2.813477 0.263672
0.530273 0.677734
-1.464844 -1.008789
1.171875 0.165039
0.182617 1.430664
3.176758 0.584961
-0.258789 0.129883
0.567383 -1.399414
1.056641 0.905273
0.250000 2.266602
1.234375 1.965820
-0.162109 1.276367
0.508789 1.528320
-0.524414 0.227539
-4.523438 -1.728516
0.894531 -0.210938
0.165039 2.377930
2.424805 -2.252930
-0.870117 -0.805664
-1.961914 0.465820
-1.659180 -1.440430
-0.258789 -1.291992
-1.041016 -2.742188
-1.474609 -1.001953
-0.900391 -1.866211
-1.183594 1.766602
1.741211 -0.625000
1.010742 0.755859
-0.170898 0.296875
-1.942383 -0.511719
-0.675781 -1.325195
2.394531 1.438477
-2.423828 0.129883
0.539062 0.752930
1.335938 -0.559570
-0.076172 2.227539
0.121094 1.235352
3.177734 -0.965820
-0.748047 -1.051758
-1.605469 -1.916992
-1.490234 -1.707031
0.808594 -2.220703
0.154297 -0.093750
2.328125 -1.349609
0.007812 -1.054688
2.466797 0.160156
-1.145508 0.180664
1.206055 1.440430
-0.148438 2.014648
2.097656 -1.655273
-2.163086 -1.064453
0.698242 0.755859
0.608398 -1.099609
2.198242 -0.277344
-1.462891 0.370117
-2.078125 0.979492
-2.045898 -1.939453
1.122070 1.240234
0.422852 3.119141
0.641602 -1.291016
-1.110352 -1.937500
-0.424805 -2.486328
-1.774414 -1.564453
-1.467773 0.636719
0.666016 0.933594
0.826172 1.664062
-2.193359 -2.621094
0.720703 0.855469
-0.704102 0.331055
-0.889648 0.590820
0.211914 -0.670898
-4.641602 -0.817383
0.121094 -1.473633
-1.138672 0.278320
-1.701172 -1.604492
0.734375 -0.715820
1.109375 -3.611328
-1.251953 -0.347656
1.671875 1.837891
2.181641 -1.878906
3.075195 3.137695
2.440430 3.356445
-1.068359 1.478516
-1.154297 -1.667969
0.166016 -1.478516
0.718750 1.230469
0.982422 -1.031250
0.660156 0.845703
-2.416016 1.250977
2.144531 0.592773
-0.623047 2.368164
0.675781 -0.586914
-0.689453 0.834961
0.732422 -2.354492
-1.774414 0.115234
1.817383 -1.470703
1.010742 -0.227539
-0.831055 -0.932617
0.383789 -2.067383
-0.567383 -0.014648
0.606445 1.523438
-0.557617 -2.806641
-1.990234 -2.467773
2.312500 0.016602
0.476562 -0.560547
1.458984 -2.812500
-0.291016 0.478516
-1.871094 0.390625
-0.685547 -1.679688
0.058594 0.763672
-3.566406 2.011719
-1.412109 1.275391
1.269531 1.837891
-0.269531 1.443359
0.349609 0.949219
0.845703 -0.875000
0.835938 0.405273
1.857422 0.995117
-1.448242 -0.740234
1.731445 -3.242188
1.110352 -3.640625
-0.061523 -1.464844
1.745117 -2.060547
-2.450195 0.205078
0.588867 0.413086
0.323242 0.483398
-2.026367 0.643555
1.817383 -1.458008
1.034180 -0.773438
0.850586 -1.875000
3.002930 1.730469
1.436523 -0.945312
0.081055 0.308594
1.530273 -3.908203
-1.453125 0.057617
-0.384766 0.459961
-1.725586 1.284180
0.416992 0.573242
-1.722656 -0.923828
0.855469 -1.761719
3.464844 -1.045898
-0.136719 1.333008
0.025391 -0.079102
-0.279297 0.393555
-1.634766 -0.804688
2.748047 -0.740234
-0.965820 1.975586
-0.924805 -0.422852
0.400391 0.019531
1.201172 1.298828
-0.282227 -1.004883
-1.088867 0.350586
-0.158203 1.638672
0.535156 1.306641
-0.561523 0.784180
0.754883 -2.889648
3.071289 -3.406250
1.622070 0.460938
0.991211 0.138672
-0.118164 -2.919922
0.180664 0.881836
-1.844727 0.983398
0.611328 -1.609375
1.111328 0.498047
1.189453 0.346680
0.269531 1.387695
-1.287109 -1.161133
-0.378906 -0.045898
0.120117 -4.124023
2.665039 -0.624023
3.488281 -0.388672
-1.355469 0.132812
0.248047 -1.492188
2.482422 0.830078
-2.471680 0.993164
-0.000977 -0.901367
-0.711914 -0.701172
-2.721680 -0.546875
-1.583008 -1.322266
1.407227 -0.375000
0.385742 3.261719
1.600586 -0.011719
-0.629883 1.123047
2.565430 -1.958984
-1.176758 -0.656250
3.006836 -0.345703
-1.574219 -0.241211
-3.044922 -2.202148
0.190430 0.126953
-0.282227 -1.009766
-1.409180 -0.763672
-1.303711 -1.923828
-0.133789 0.828125
1.356445 -0.691406
-1.365234 -0.456055
0.326172 0.760742
1.780273 1.501953
1.196289 -0.044922
-2.263672 -0.686523
-0.646484 -0.563477
-1.023438 1.909180
2.748047 -0.122070
4.069336 -1.226562
0.006836 -0.091797
0.909180 2.095703
0.463867 2.027344
-0.679688 1.016602
-0.248047 0.473633
-2.029297 -2.765625
-1.896484 0.687500
-2.556641 -2.316406
0.224609 -2.292969
0.591797 -1.046875
0.632812 3.998047
1.228516 -2.017578
-2.777344 -1.132812
0.480469 0.203125
1.208984 -1.488281
0.450195 0.649414
-1.116211 0.307617
-0.935547 1.540039
1.943359 0.370117
0.131836 0.669922
-1.077148 -1.251953
-0.472656 -0.352539
1.742188 2.241211
0.515625 -1.688477
-2.042969 -3.227539
0.848633 3.046875
-0.315430 -0.720703
1.468750 -0.313477
-1.791016 1.077148
0.153320 2.158203
-2.641602 1.601562
1.092773 1.667969
-1.374023 -0.330078
-0.895508 1.133789
1.030273 -0.092773
-2.159180 -0.651367
0.153320 -0.475586
-0.161133 0.085938
-1.499023 -1.378906
3.539062 -1.379883
1.390625 0.254883
-0.141602 1.737305
4.836914 -0.563477
0.207031 -1.867188
-1.781250 2.650391
0.762695 -1.728516
0.006836 -1.320312
0.309570 -1.703125
-0.329102 -1.548828
-0.225586 1.225586
0.856445 -1.571289
1.479492 0.475586
-1.422852 -0.426758
1.088867 2.426758
-0.905273 -2.541992
-3.804688 0.316406
-2.617188 1.970703
-1.845703 -2.465820
0.351562 1.555664
0.859375 -1.313477
0.486328 0.520508
-0.265625 0.101562
-0.121094 0.208984
-0.936523 1.360352
-0.731445 0.711914
2.497070 2.024414
-0.557617 0.825195
0.688477 -0.899414
-0.807617 1.104492
-0.672852 1.440430
-4.247070 0.403320
1.152344 -2.392578
0.791016 1.216797
3.373047 -0.894531
-2.609375 -2.437500
2.272461 0.553711
0.831055 -3.221680
-0.881836 -0.567383
-1.696289 -0.375977
-0.300781 0.191406
0.027344 0.873047
-1.179688 0.658203
-1.410156 0.576172
0.382812 -0.277344
-0.222656 -0.648438
-0.515625 3.255859
-0.806641 -1.398438
1.599609 -2.808594
2.972656 0.798828
1.519531 0.786133
1.746094 -0.291992
1.302734 -0.364258
-1.951172 0.819336
-1.484375 3.269531
-0.978516 0.826172
-1.044922 0.675781
0.210938 1.048828
0.253906 0.938477
-0.248047 -1.579102
2.396484 1.719727
-0.394531 -1.278320
1.861328 -0.616211
2.134766 1.696289
0.716797 1.276367
0.294922 -0.977539
-0.243164 1.589844
0.057617 1.580078
0.042969 -2.081055
-0.298828 1.954102
0.729492 -1.343750
0.739258 0.220703
-2.420898 2.794922
-2.086914 -1.218750
1.185547 -0.128906
1.435547 -1.660156
0.494141 2.970703
0.087891 -1.291016
0.642578 -5.282227
0.812500 0.831055
1.180664 0.558594
0.610352 -2.310547
1.563477 0.262695
-1.366211 0.028320
0.889648 0.000977
3.045898 -0.116211
0.164062 -2.559570
-1.166016 -0.485352
0.973633 -0.380859
0.286133 0.347656
-0.724609 -1.209961
-0.365234 -0.864258
-0.875977 1.392578
1.168945 3.587891
-1.625000 -2.997070
-0.560547 0.151367
0.666992 0.744141
0.780273 -1.390625
0.051758 -2.343750
1.166992 1.792969
0.093750 -2.364258
-1.503906 -0.850586
0.112305 -0.223633
1.657227 0.477539
-1.075195 -2.686523
-1.756836 -1.383789
-0.351562 0.250977
-2.808594 1.467773
-3.452148 0.625000
0.702148 0.855469
-0.009766 0.890625
-1.757812 0.804688
-1.135742 -1.461914
-0.338867 -0.416992
1.392578 0.367188
-1.726562 -1.128906
1.774414 -1.372070
0.583008 1.247070
0.083008 -1.983398
0.778320 -0.346680
-1.489258 0.502930
-0.020508 -1.004883
-1.277344 -0.375977
-1.138672 -4.905273
-3.537109 -0.588867
-0.144531 2.991211
0.794922 0.381836
-0.556641 -0.569336
-2.553711 2.142578
2.120117 0.916016
1.780273 -0.107422
-0.434570 1.355469
-0.730469 -0.905273
-0.373047 2.348633
-1.444336 2.064453
0.348633 0.660156
1.476562 -0.829102
-0.548828 0.924805
-0.194336 -1.777344
-0.637695 -1.312500
-2.671875 -0.924805
-3.777344 1.006836
-0.538086 0.371094
1.262695 -0.324219
1.592773 -0.740234
-1.493164 0.416016
1.381836 0.476562
1.666992 -0.404297
2.119141 -1.336914
0.738281 2.127930
0.333008 3.821289
0.903320 -0.143555
0.040039 -3.805664
1.458008 -1.793945
-1.207031 -1.967773
-0.972656 0.756836
-1.997070 -0.431641
0.770508 -1.177734
1.048828 -1.886719
-0.076172 -1.314453
-1.014648 -0.405273
-1.309570 0.883789
0.874023 0.774414
1.708008 -0.463867
1.130859 -0.931641
-1.220703 -1.851562
-0.489258 0.467773
1.782227 1.069336
3.701172 -1.521484
1.400391 1.847656
1.278320 1.872070
-1.938477 -0.961914
2.137695 -0.235352
-1.875977 -2.655273
-0.015625 -0.756836
-3.347656 -0.897461
0.804688 3.842773
3.019531 1.124023
-0.199219 -0.247070
-0.074219 1.799805
-0.197266 1.901367
-0.107422 -0.883789
-0.038086 -1.542969
2.571289 -0.029297
1.609375 1.065430
1.017578 -2.360352
1.309570 0.758789
-1.807617 1.540039
0.905273 0.510742
-0.610352 1.034180
-1.428711 -1.727539
0.166992 0.571289
-3.270508 0.723633
-1.635742 -1.055664
0.364258 -2.842773
-0.073242 4.237305
0.953125 -0.781250
-1.072266 -0.734375
-1.174805 2.078125
-1.135742 2.468750
0.051758 -0.722656
-0.370117 -1.011719
0.462891 2.068359
1.849609 -1.021484
1.923828 1.566406
-0.998047 0.402344
-0.012695 3.085938
0.692383 0.240234
-1.561523 -0.074219
1.573242 -2.853516
-0.944336 -0.617188
1.012695 0.041016
1.316406 0.032227
-1.201172 -0.112305
2.456055 -0.400391
2.465820 0.898438
0.086914 -1.722656
0.366211 1.068359
-0.530273 2.067383
-2.043945 0.643555
3.258789 0.016602
-0.688477 3.135742
-1.708008 -2.048828
2.950195 -0.250000
0.110352 1.654297
-1.981445 0.039062
1.159180 1.328125
0.694336 -0.087891
-1.800781 2.049805
0.857422 1.569336
2.403320 -2.289062
-0.260742 0.853516
-0.042969 -0.223633
1.423828 -1.176758
2.013672 0.228516
2.160156 -0.906250
0.072266 3.576172
-0.117188 -0.148438
0.404297 -2.003906
0.166016 -1.250000
0.925781 -2.380859
-0.953125 -1.576172
-1.091797 -3.932617
-2.455078 1.374023
-3.030273 1.888672
0.397461 0.994141
-1.950195 -1.189453
1.749023 -1.097656
0.488281 -1.122070
-0.142578 3.116211
0.504883 0.964844
-0.499023 1.242188
0.186523 -0.416016
-0.493164 -1.794922
-2.367188 -0.762695
0.558594 -0.125977
-0.433594 -1.983398
-0.472656 -2.393555
-0.158203 -0.832031
-0.197266 0.445312
1.548828 -0.744141
1.146484 0.744141
-2.092773 -2.207031
-0.327148 -0.525391
-0.574219 1.229492
0.583984 1.920898
-0.760742 0.518555
-1.930664 -1.729492
0.844727 3.680664
-1.383789 -2.512695
1.660156 2.052734
1.351562 0.279297
1.208984 0.050781
2.810547 -0.113281
-0.068359 1.570312
1.310547 -3.216797
-1.086914 0.727539
-0.213867 -2.452148
1.320312 -1.857422
1.908203 -0.986328
-2.504883 1.526367
-0.524414 -2.452148
-1.500977 -2.061523
-0.112305 1.415039
0.142578 -1.031250
0.873047 -1.341797
0.032227 0.210938
2.270508 1.599609
-2.462891 -1.569336
-0.234375 3.075195
-3.000000 0.156250
-2.957031 -1.902344
1.080078 -0.507812
-1.037109 -0.492188
0.250000 2.315430
-0.132812 -1.690430
0.165039 1.845703
0.038086 -0.392578
-0.723633 1.400391
0.270508 0.566406
1.202148 -0.830078
-1.084961 2.261719
0.184570 1.341797
1.536133 -0.509766
0.225586 0.349609
1.245117 1.478516
0.109375 0.696289
1.720703 1.208008
1.368164 -3.228516
0.997070 -1.296875
1.542969 -1.670898
0.523438 -1.727539
-2.063477 -3.931641
0.293945 0.240234
0.856445 -0.231445
1.239258 0.262695
-2.386719 2.187500
-0.099609 -2.648438
1.918945 0.961914
0.370117 0.586914
1.955078 -1.978516
-1.888672 0.394531
-0.347656 -1.413086
0.763672 0.323242
0.128906 0.391602
3.216797 1.600586
-2.510742 -0.566406
-1.629883 -1.689453
-2.860352 1.640625
3.465820 0.259766
0.891602 -1.130859
0.383789 -2.193359
0.579102 -1.054688
1.454102 -1.800781
0.911133 -1.047852
0.495117 2.034180
-0.587891 2.642578
-0.779297 2.132812
4.790039 -2.000977
-0.206055 -0.147461
1.005859 -0.148438
0.609375 2.000000
0.191406 0.302734
-0.876953 -0.662109
-1.864258 1.166992
1.725586 -1.577148
-1.279297 0.650391
-0.681641 1.640625
1.208008 0.458008
1.569336 -2.245117
0.717773 0.075195
1.133789 0.983398
-2.733398 -2.083008
-1.567383 0.497070
-0.493164 -0.375977
-2.366211 0.709961
0.492188 -2.019531
-0.636719 1.369141
0.828125 0.375000
1.630859 -2.238281
1.977539 -2.618164
-1.659180 -0.901367
-1.271484 0.992188
1.222656 -2.037109
-2.333984 -0.707031
0.589844 1.716797
0.266602 1.967773
-3.487305 0.575195
0.701172 2.048828
-0.890625 0.787109
1.011719 -1.779297
0.867188 0.724609
-0.210938 0.521484
1.914062 1.267578
-2.553711 -1.380859
0.116211 0.685547
-1.746094 0.012695
1.796875 1.401367
-2.312500 0.783203
-2.109375 -1.070312
0.161133 0.071289
1.788086 0.770508
2.361328 -0.858398
2.347656 1.952148
0.902344 -0.256836
-2.384766 1.819336
0.265625 1.006836
-1.667969 0.270508
1.360352 0.765625
3.463867 0.691406
1.879883 0.636719
-1.096680 0.675781
0.038086 0.646484
1.190430 0.521484
0.696289 0.757812
-2.317383 -2.886719
0.070312 -1.416992
-1.593750 0.143555
-3.319336 0.974609
1.866211 2.263672
1.539062 2.694336
-0.203125 1.383789
0.138672 -0.016602
-0.046875 -2.053711
-1.140625 0.688477
1.009766 0.967773
1.480469 0.049805
0.908203 -4.448242
-0.048828 1.649414
-0.003906 -0.391602
0.956055 1.604492
-0.612305 0.809570
-0.247070 -1.256836
2.145508 1.295898
3.280273 -0.265625
0.291992 -1.347656
-2.200195 1.117188
2.022461 0.796875
-1.135742 2.391602
-1.711914 -0.901367
0.472656 -0.326172
-0.972656 -1.996094
-0.741211 -1.376953
2.506836 -2.193359
-2.367188 0.610352
-0.488281 -0.278320
1.438477 -1.051758
1.290039 -1.006836
2.365234 1.054688
0.664062 -2.539062
2.083984 2.560547
-0.654297 -0.740234
0.859375 0.707031
0.648438 0.859375
1.016602 1.851562
3.575195 -0.294922
0.445312 -0.038086
-2.076172 1.868164
-0.434570 0.478516
0.206055 -1.990234
1.096680 1.705078
1.229492 -3.044922
0.659180 0.952148
0.180664 0.305664
-1.665039 0.622070
-1.717773 1.073242
-2.598633 -3.545898
-2.250977 0.233398
0.396484 -0.328125
0.535156 2.871094
-0.469727 -1.311523
1.659180 1.034180
-0.572266 -0.738281
1.707031 1.136719
-1.007812 -1.096680
-1.597656 -0.458008
1.012695 -0.138672
-4.176758 -1.361328
-0.610352 -1.480469
0.944336 0.990234
-1.449219 -0.307617
0.529297 -0.905273
-0.094727 -1.193359
-0.778320 -2.785156
-0.902344 -0.286133
0.544922 -0.352539
-0.035156 -1.671875
-1.208984 0.251953
-3.705078 1.078125
-0.839844 3.603516
-0.247070 0.083984
-0.801758 0.421875
-1.281250 0.536133
1.978516 2.051758
-0.187500 2.921875
-0.763672 -0.380859
-0.253906 2.449219
0.876953 -2.177734
-0.843750 0.379883
-1.005859 2.350586
1.136719 -0.965820
0.029297 4.477539
-0.524414 -1.230469
0.600586 1.951172
-0.599609 0.211914
0.574219 -2.225586
-1.819336 -1.651367
0.483398 -1.049805
2.062500 -0.939453
1.984375 0.171875
0.143555 1.099609
-0.145508 -0.716797
0.284180 1.630859
2.030273 0.845703
1.079102 2.306641
0.282227 -0.710938
0.193359 -2.166992
0.855469 -0.315430
-1.705078 -4.540039
1.662109 -1.713867
3.532227 0.773438
-0.165039 -0.175781
-1.803711 0.298828
0.665039 -0.390625
-0.667969 1.749023
1.552734 0.534180
-2.254883 0.497070
0.334961 -0.833008
0.615234 -1.310547
0.699219 -1.576172
0.973633 1.593750
-1.686523 2.667969
0.950195 1.316406
-1.120117 0.558594
0.311523 -0.418945
0.885742 0.659180
-1.258789 -1.497070
-0.461914 1.311523
-1.458008 0.691406
0.028320 1.972656
3.472656 0.481445
1.062500 -0.125977
0.393555 -3.779297
2.032227 0.820312
0.020508 1.308594
0.526367 -1.439453
-0.974609 2.135742
0.808594 0.135742
-1.415039 0.693359
0.459961 -0.589844
0.083008 0.667969
-1.500977 -1.863281
2.992188 -0.379883
-1.625000 -0.682617
1.621094 -2.394531
-1.832031 -1.603516
0.213867 -0.069336
-2.866211 -1.983398
-2.913086 0.732422
-1.637695 0.240234
-0.226562 0.438477
1.890625 -1.817383
-2.211914 0.187500
-0.510742 -0.162109
-2.721680 3.654297
-1.040039 2.042969
1.172852 1.570312
-1.258789 -0.542969
2.433594 0.295898
-2.148438 -0.034180
2.058594 -1.249023
-1.763672 -0.674805
1.608398 2.255859
-1.727539 -0.417969
-0.348633 -0.640625
0.938477 -1.656250
-1.410156 1.860352
0.699219 -0.383789
-0.319336 0.890625
-1.420898 0.914062
-3.791992 1.417969
-1.264648 -0.234375
-0.785156 2.091797
0.777344 0.412109
-1.923828 0.769531
1.623047 -0.683594
-1.314453 -0.687500
3.564453 1.906250
0.525391 0.443359
-0.208984 -1.806641
0.666016 1.693359
0.605469 -0.585938
-2.650391 -1.775391
-1.281250 0.687500
1.016602 -2.748047
-2.200195 -1.484375
0.055664 -0.824219
1.643555 -1.123047
1.269531 -1.145508
0.341797 -0.024414
-0.411133 -1.017578
-1.333008 1.722656
-3.811523 -0.454102
-0.090820 1.899414
-1.122070 -0.692383
1.684570 1.958008
-0.961914 0.367188
-0.086914 -0.113281
-1.129883 -2.046875
-0.286133 -1.769531
-1.020508 -0.848633
1.374023 3.778320
-0.498047 0.632812
0.546875 -0.816406
0.791016 3.338867
0.777344 -0.741211
1.142578 1.979492
3.468750 -0.569336
0.489258 -0.746094
1.340820 -0.750000
-0.928711 0.248047
1.891602 0.666016
-2.401367 1.731445
-2.811523 -0.026367
0.743164 -2.266602
1.028320 1.354492
2.105469 -1.141602
0.525391 -1.643555
-1.777344 -1.004883
1.306641 0.989258
-1.174805 -0.461914
3.834961 0.866211
0.232422 1.193359
-0.802734 2.320312
-1.416992 1.800781
3.590820 1.039062
-0.885742 -0.226562
-1.975586 -1.699219
0.252930 1.670898
-0.399414 1.051758
-0.478516 1.638672
1.078125 1.056641
-0.663086 1.004883
-3.518555 2.385742
-2.099609 1.964844
-0.218750 -1.894531
-0.351562 -0.735352
1.037109 0.577148
-1.229492 2.162109
-0.405273 1.136719
0.462891 0.531250
1.232422 -0.181641
-0.999023 0.518555
1.862305 -0.735352
-1.291992 -2.626953
-2.272461 0.791016
-0.313477 -1.255859
1.163086 3.763672
-3.526367 1.103516
-0.049805 -0.982422
-0.784180 1.744141
0.825195 -1.169922
-0.291992 -1.283203
-1.268555 -0.220703
-0.229492 1.119141
-1.706055 -0.052734
-1.313477 2.132812
-1.250977 -3.224609
-0.808594 0.868164
0.251953 0.247070
2.560547 0.765625
0.892578 -0.398438
-1.470703 -3.427734
1.138672 -2.044922
2.192383 -1.461914
2.168945 1.393555
0.342773 1.540039
0.803711 1.465820
0.851562 2.499023
0.867188 0.475586
-1.085938 -1.018555
-0.722656 1.129883
-1.553711 1.992188
-0.549805 0.255859
-2.646484 -3.401367
1.363281 0.661133
0.731445 -1.581055
3.573242 1.903320
-0.800781 1.095703
0.503906 -1.011719
-0.945312 -1.430664
2.855469 -0.342773
-0.028320 0.548828
1.575195 -1.677734
-0.108398 -1.311523
1.428711 0.170898
-2.194336 -0.534180
-2.403320 -0.727539
-1.093750 -1.831055
-3.962891 1.397461
0.521484 0.086914
-1.347656 -0.118164
0.199219 -0.698242
1.939453 0.200195
0.526367 -0.218750
-2.629883 0.298828
0.979492 2.336914
-2.266602 0.954102
-0.227539 -0.022461
-1.000977 -0.299805
-2.906250 0.628906
-0.052734 1.119141
-0.042969 -1.845703
-0.599609 -2.917969
-1.162109 2.486328
-0.228516 -0.351562
0.610352 2.631836
0.495117 2.264648
-0.807617 0.305664
0.946289 1.438477
2.661133 -2.249023
-1.553711 1.250977
-0.225586 1.345703
0.024414 -1.068359
0.926758 1.527344
-1.569336 1.410156
2.477539 4.142578
2.202148 0.095703
-1.195312 -0.682617
2.894531 -0.411133
0.858398 1.155273
-0.575195 0.430664
-0.638672 -1.011719
-1.886719 0.375000
0.829102 -1.373047
2.139648 0.628906
-0.260742 0.871094
0.995117 0.126953
-0.881836 -0.513672
-0.553711 -0.271484
-2.381836 -0.091797
0.231445 0.251953
-1.294922 -2.300781
-0.673828 -0.777344
1.121094 -2.365234
-3.019531 -0.591797
3.554688 2.443359
1.097656 -1.095703
-1.617188 -1.189453
-2.429688 2.064453
-0.311523 -1.195312
0.176758 -0.144531
-1.145508 -1.978516
0.752930 -0.240234
-1.932617 0.014648
0.731445 -0.006836
0.521484 -1.185547
0.261719 1.029297
0.514648 2.103516
0.383789 3.281250
-2.549805 0.992188
-3.239258 0.947266
1.802734 -1.295898
-0.359375 2.159180
0.607422 -1.915039
-1.468750 0.825195
-1.069336 0.702148
0.336914 -0.137695
-0.504883 1.561523
1.858398 -2.469727
1.546875 -2.927734
2.095703 0.369141
-1.676758 -1.545898
1.381836 2.053711
-0.116211 2.275391
0.178711 0.957031
1.635742 1.458984
1.047852 -1.554688
1.902344 1.560547
-1.667969 -0.750000
-1.446289 0.504883
1.250977 -0.768555
-1.197266 -0.169922
-0.328125 0.871094
0.439453 1.708984
2.296875 3.828125
-0.640625 1.162109
-1.736328 1.001953
4.690430 3.024414
-1.547852 -1.375977
-0.860352 0.210938
-1.805664 0.843750
-1.874023 0.755859
-0.948242 1.462891
2.451172 -0.583984
1.376953 -0.005859
-0.425781 -1.042969
-0.082031 1.132812
0.692383 -0.335938
0.049805 1.158203
-2.270508 -0.947266
-1.174805 0.664062
2.683594 -0.319336
-0.041016 2.034180
1.320312 -2.258789
1.326172 1.043945
1.625977 -0.376953
-0.116211 -0.183594
0.169922 0.168945
-1.824219 0.024414
0.153320 -1.674805
-0.321289 1.821289
1.593750 2.384766
1.339844 1.003906
-2.435547 0.470703
0.093750 -1.708984
-2.375977 2.795898
1.663086 1.336914
-1.416992 1.376953
0.401367 1.111328
3.876953 0.788086
-2.126953 2.622070
-0.526367 2.906250
0.905273 -0.916016
0.452148 1.103516
-0.604492 -2.988281
0.441406 1.577148
-0.195312 1.198242
1.029297 1.018555
1.447266 -0.168945
1.485352 -1.807617
1.350586 -2.639648
-0.023438 1.160156
1.406250 0.935547
0.972656 -2.600586
2.312500 2.379883
-0.949219 -2.610352
0.937500 -0.336914
0.187500 -0.625977
-0.441406 0.916992
2.718750 -1.965820
0.621094 -1.743164
1.020508 -0.392578
-0.397461 -0.001953
2.024414 0.183594
-1.116211 2.894531
-2.580078 -0.290039
-1.021484 -1.237305
-1.866211 -0.794922
2.655273 -0.525391
1.165039 -3.254883
2.422852 -0.018555
0.013672 1.236328
-0.105469 -1.029297
1.779297 -1.219727
1.619141 1.163086
-0.638672 -0.856445
1.119141 -2.137695
1.457031 -0.730469
-1.935547 -0.945312
1.940430 1.208008
2.077148 -1.875977
-0.933594 1.136719
-1.228516 2.982422
-2.453125 -1.556641
0.517578 1.179688
1.333984 -1.690430
-1.052734 0.061523
-1.047852 -2.466797
1.094727 0.845703
0.423828 -2.320312
-0.279297 0.855469
0.449219 0.728516
-0.531250 -2.162109
-1.416992 0.721680
-1.762695 0.768555
-2.433594 -0.798828
-1.292969 2.789062
2.142578 -0.881836
1.783203 0.403320
0.109375 -0.366211
-3.609375 -1.393555
-1.460938 4.345703
-0.384766 0.267578
3.038086 1.481445
1.897461 -0.403320
-0.041016 0.377930
-0.185547 0.288086
-2.451172 -1.125977
-0.232422 1.389648
2.179688 1.269531
-1.345703 -0.544922
-0.876953 0.015625
2.570312 -1.646484
0.935547 -1.529297
-0.566406 0.312500
0.673828 0.730469
1.781250 0.048828
0.201172 1.000977
-0.861328 -0.764648
-0.542969 -0.709961
0.667969 0.528320
1.505859 0.997070
1.580078 -4.073242
-2.322266 3.040039
-0.345703 0.364258
-0.972656 1.191406
0.863281 -1.904297
1.311523 1.749023
-1.014648 -1.602539
-0.908203 1.197266
-1.478516 2.072266
-0.574219 -0.134766
-1.871094 2.341797
2.628906 0.277344
0.750000 1.621094
0.886719 -1.839844
-0.742188 2.945312
3.518555 2.057617
1.358398 1.846680
0.959961 -1.758789
-2.344727 1.030273
1.788086 1.373047
0.313477 -0.449219
-0.711914 1.691406
1.040039 0.826172
-1.002930 -2.278320
-1.514648 -1.229492
0.951172 -0.130859
-0.925781 -0.494141
3.000977 0.560547
1.166992 1.560547
0.509766 -0.211914
-0.966797 -1.346680
1.990234 0.250977
-2.044922 2.952148
0.692383 1.138672
3.135742 1.029297
0.334961 1.424805
1.506836 1.409180
1.106445 0.895508
-3.362305 0.305664
0.648438 -0.944336
-0.416016 -2.116211
-1.778320 -1.009766
1.459961 1.125000
-1.625000 -1.386719
1.613281 1.701172
1.502930 -2.112305
1.344727 1.454102
0.500000 0.444336
0.583984 -2.026367
0.837891 0.143555
0.781250 2.250977
-2.957031 -0.043945
-0.080078 0.168945
-2.236328 -2.323242
1.277344 -3.614258
-0.307617 0.483398
2.237305 -1.719727
0.638672 -0.449219
-0.126953 1.080078
3.166016 3.569336
-1.679688 -1.809570
-0.456055 -1.845703
-0.936523 0.152344
1.102539 2.387695
-0.012695 1.743164
-1.191406 1.171875
-0.156250 0.064453
-2.782227 2.460938
-1.288086 1.281250
-0.783203 -0.791992
0.876953 -0.149414
0.168945 -1.026367
-2.000977 -0.157227
-0.440430 -0.208008
-0.571289 -1.377930
-2.806641 0.444336
-1.505859 1.166992
0.316406 0.291992
1.039062 4.553711
-1.886719 1.218750
-0.345703 -0.273438
1.063477 0.610352
-0.483398 -0.602539
-0.149414 0.077148
-0.311523 -0.754883
-1.753906 -0.628906
2.203125 -1.857422
-1.141602 -1.843750
0.528320 1.966797
-1.090820 0.464844
1.825195 2.318359
0.125977 -0.876953
-0.131836 -0.220703
-0.502930 2.507812
-1.862305 -1.031250
1.232422 -0.716797
-1.326172 0.166016
-1.212891 -1.507812
-0.720703 -2.496094
1.380859 -1.552734
-1.029297 -1.794922
0.648438 1.085938
-0.753906 -0.523438
-0.920898 -0.779297
-1.311523 1.966797
0.446289 -1.447266
1.188477 3.021484
1.021484 -0.642578
-0.833984 1.171875
0.768555 1.002930
-0.784180 2.690430
-3.410156 1.242188
-1.283203 3.000000
1.196289 -0.213867
-2.436523 -1.293945
1.842773 0.737305
0.327148 -1.549805
0.898438 1.402344
0.076172 0.296875
0.779297 -1.698242
-1.212891 1.725586
-1.674805 -2.175781
-0.833008 1.285156
0.809570 0.796875
0.604492 -0.509766
-2.192383 -1.523438
0.129883 -1.466797
-1.049805 -0.377930
1.809570 0.288086
-2.125000 1.763672
1.435547 1.037109
1.648438 0.494141
1.855469 0.111328
1.304688 0.597656
-1.789062 -0.417969
0.163086 1.750000
1.442383 -2.113281
-0.382812 -2.096680
1.929688 -3.141602
0.787109 -1.058594
1.408203 -0.123047
0.295898 -4.358398
1.743164 1.297852
-1.631836 -2.299805
-1.297852 -1.643555
-0.142578 1.253906
0.529297 -0.033203
-0.355469 0.041992
-1.027344 0.942383
-1.495117 1.138672
-2.907227 -2.279297
1.092773 -1.854492
-0.241211 1.336914
-0.083984 0.685547
-1.017578 0.691406
2.142578 -0.319336
0.302734 -3.026367
-0.085938 -0.811523
-0.085938 0.790039
1.682617 -1.644531
-1.653320 -1.089844
2.401367 0.455078
1.233398 0.583984
-0.429688 1.815430
-1.263672 -1.274414
0.129883 -0.376953
-1.358398 -3.156250
-1.760742 0.798828
1.006836 0.519531
-0.379883 0.015625
4.040039 1.548828
-0.077148 2.274414
-0.495117 -1.073242
-0.159180 -0.668945
0.000977 -0.688477
1.176758 2.420898
-2.743164 3.713867
0.875000 -0.937500
0.843750 0.501953
-2.125000 -1.578125
-0.367188 2.109375
1.326172 1.871094
-2.876953 0.804688
-1.306641 -1.385742
-1.115234 0.856445
-0.623047 -1.559570
-0.267578 -1.102539
0.558594 -2.136719
-2.751953 0.884766
-0.746094 4.265625
2.365234 1.169922
-1.005859 2.198242
1.095703 1.067383
1.028320 0.806641
-0.731445 -0.720703
-0.421875 -1.277344
1.433594 0.929688
0.066406 -1.781250
-1.894531 -0.480469
-0.982422 1.506836
-3.216797 0.862305
-1.847656 1.124023
-0.789062 -0.516602
0.854492 -0.050781
-0.258789 1.490234
0.832031 2.202148
1.865234 -0.329102
-0.459961 0.625000
2.245117 2.617188
0.742188 0.071289
1.273438 -0.165039
0.418945 0.850586
1.543945 0.598633
-1.142578 -2.232422
2.285156 -2.740234
-1.525391 -1.791016
-1.556641 2.654297
-0.392578 -1.031250
-0.146484 3.902344
-0.506836 -0.572266
2.713867 0.882812
-4.239258 -0.164062
-0.139648 3.615234
1.511719 0.681641
0.800781 0.974609
0.333984 1.160156
-0.794922 0.156250
-0.685547 -0.564453
-0.726562 -0.367188
2.423828 0.794922
-0.933594 -0.445312
0.479492 0.543945
1.467773 -0.077148
3.131836 1.360352
1.331055 -2.401367
-0.983398 -0.453125
0.395508 1.714844
2.213867 -0.126953
0.709961 1.814453
-0.921875 1.284180
-0.595703 -1.170898
-2.375000 -1.577148
-0.107422 -1.805664
2.329102 0.057617
-2.528320 2.262695
0.997070 -0.670898
1.635742 1.499023
1.529297 2.322266
-3.150391 0.750000
2.643555 0.290039
2.301758 1.024414
-0.636719 -0.043945
0.994141 1.127930
0.875977 0.019531
-0.725586 2.064453
2.253906 -0.358398
3.822266 -1.446289
-0.156250 -2.374023
-0.228516 0.471680
1.724609 2.235352
-1.734375 1.524414
0.555664 -2.091797
-0.030273 0.937500
1.723633 1.157227
-0.440430 2.219727
0.247070 1.616211
-0.358398 -2.012695
-0.667969 -1.340820
-0.759766 1.762695
2.419922 2.975586
-0.589844 0.176758
0.077148 1.904297
-1.166992 1.597656
1.731445 -2.339844
-0.247070 2.404297
0.168945 0.823242
-0.041992 -0.059570
0.190430 -0.735352
0.350586 -3.305664
-3.050781 2.308594
-2.406250 0.078125
-0.302734 1.322266
-0.216797 -0.181641
-0.394531 2.039062
-1.640625 0.765625
0.535156 -0.554688
-2.023438 -2.046875
-1.509766 0.697266
0.273438 2.925781
-2.683594 -1.000000
1.458984 3.810547
0.686523 -1.005859
0.038086 0.017578
-0.700195 2.759766
1.217773 0.673828
-0.451172 -2.035156
0.632812 -2.298828
-1.240234 1.068359
0.988281 -0.351562
2.235352 2.364258
-0.426758 1.286133
1.392578 -3.369141
0.337891 -0.304688
-2.562500 -0.037109
1.000000 3.195312
-0.434570 0.327148
-1.416992 1.307617
-0.554688 -0.924805
1.726562 -0.879883
-0.711914 0.521484
2.114258 1.990234
-0.579102 -0.309570
1.909180 -1.959961
-0.337891 1.404297
1.980469 0.759766
-0.847656 0.765625
-0.400391 0.464844
-0.825195 2.233398
-1.153320 -0.784180
0.948242 -1.755859
0.786133 0.453125
0.569336 -2.332031
0.696289 0.166016
0.945312 1.885742
-1.802734 -2.315430
1.406250 2.530273
2.466797 0.336914
-0.935547 1.458008
-0.367188 -2.573242
2.780273 1.490234
-0.282227 2.023438
0.154297 0.753906
-3.335938 3.943359
1.562500 1.460938
1.369141 0.814453
0.032227 -1.199219
-1.583008 1.035156
-0.634766 0.795898
2.412109 -1.092773
0.721680 0.261719
-0.499023 -1.207031
-0.207031 0.225586
-3.113281 -2.690430
-1.720703 -1.430664
0.972656 1.534180
-2.079102 0.660156
-0.504883 1.474609
0.924805 0.217773
-3.510742 -1.125977
1.236328 -1.484375
-0.236328 -3.205078
1.358398 -1.976562
-2.987305 0.144531
1.828125 0.467773
-0.488281 1.067383
2.847656 1.294922
0.753906 0.201172
-0.529297 0.607422
-0.498047 1.982422
-0.445312 -0.996094
2.265625 -2.294922
1.297852 1.549805
0.338867 -0.497070
3.020508 -2.086914
1.293945 -0.606445
-1.124023 1.096680
-0.116211 -1.040039
-0.965820 1.711914
1.272461 -0.430664
0.892578 2.880859
1.718750 -1.244141
-0.586914 1.473633
-1.032227 -0.008789
-0.111328 0.517578
0.121094 -2.107422
-1.686523 -3.305664
0.215820 -1.196289
-0.067383 -3.061523
1.155273 0.879883
-1.633789 -1.518555
1.307617 1.647461
0.156250 2.908203
0.591797 0.123047
1.154297 1.540039
0.894531 3.237305
-0.505859 -0.274414
-0.246094 -1.428711
-3.279297 0.128906
1.414062 -0.320312
-1.448242 -2.391602
-1.999023 -0.526367
1.711914 -0.941406
-0.774414 0.728516
-1.362305 1.849609
-0.352539 1.597656
1.761719 -0.071289
0.250000 1.286133
0.758789 -1.339844
-1.247070 0.082031
-0.536133 -1.715820
-1.063477 2.959961
1.989258 -1.485352
-0.084961 0.299805
-2.206055 -4.570312
2.092773 -0.814453
-0.743164 0.074219
0.657227 -0.615234
1.085938 0.220703
0.361328 0.156250
0.960938 -0.410156
3.912109 -0.099609
-0.106445 -0.358398
3.340820 2.448242
-1.629883 -1.950195
-1.780273 0.641602
-2.423828 -0.902344
-2.427734 1.183594
-0.875000 0.550781
-0.882812 -1.066406
1.510742 -0.300781
-1.659180 -2.126953
1.547852 0.044922
0.682617 -1.265625
-2.624023 0.341797
0.184570 -0.464844
1.699219 -0.030273
-2.271484 -2.291992
0.311523 -0.119141
0.309570 0.283203
3.158203 -0.221680
-2.646484 -0.391602
-0.259766 -0.165039
0.347656 -0.362305
0.347656 3.295898
-0.443359 3.309570
0.412109 0.993164
2.667969 -2.170898
0.182617 -1.593750
-1.387695 -0.560547
1.333008 -0.296875
2.137695 1.437500
1.301758 2.197266
-1.491211 -0.685547
0.940430 -2.212891
-1.127930 -1.072266
0.314453 -0.448242
-0.490234 0.788086
2.081055 -0.879883
1.946289 -0.688477
-0.091797 1.349609
1.650391 3.132812
-0.851562 -0.077148
1.320312 2.653320
1.488281 0.208008
-2.437500 -0.823242
1.767578 -0.241211
-0.664062 1.088867
1.085938 -0.309570
-0.935547 2.954102
-0.406250 -2.134766
-1.744141 1.035156
1.009766 0.074219
1.054688 1.982422
-0.834961 2.390625
2.592773 2.335938
-1.589844 1.303711
-0.542969 0.094727
0.169922 -0.059570
-0.523438 -0.555664
1.528320 2.621094
2.188477 1.166016
2.107422 0.785156
-0.369141 -2.527344
1.900391 1.093750
-0.650391 -2.937500
-0.561523 0.500000
-0.321289 -0.757812
1.929688 1.545898
-0.156250 -1.502930
-0.031250 0.193359
-2.892578 -1.220703
1.000977 -3.520508
1.469727 -1.819336
1.311523 0.300781
0.059570 0.347656
1.033203 2.284180
1.345703 0.297852
3.096680 -3.609375
-0.430664 1.304688
0.022461 0.310547
-0.157227 -0.228516
-1.961914 1.957031
-0.631836 -1.794922
1.247070 2.671875
-0.762695 0.138672
0.204102 -2.186523
-0.422852 1.934570
-0.333984 -2.615234
-2.634766 0.175781
-0.323242 -0.761719
-1.014648 -1.437500
0.170898 -0.359375
2.186523 1.636719
-0.475586 -1.861328
0.428711 -1.185547
-0.902344 -2.500977
0.898438 -0.541992
-1.683594 1.869141
1.542969 -0.945312
0.149414 0.653320
-3.403320 1.208008
-0.331055 2.037109
2.000977 -2.384766
-0.620117 -0.951172
1.829102 -1.658203
-1.372070 -3.013672
1.059570 -1.234375
-1.489258 0.242188
-0.670898 1.658203
-0.508789 -0.433594
-1.750977 0.201172
0.857422 -2.614258
-1.296875 0.006836
0.581055 -0.751953
-0.569336 0.443359
-2.185547 2.198242
-0.724609 0.512695
0.999023 -2.943359
-1.469727 -0.769531
-3.130859 0.008789
0.789062 0.450195
2.318359 2.664062
-0.437500 2.416016
-1.740234 0.498047
-0.542969 0.308594
1.259766 -1.254883
-0.507812 1.124023
1.850586 1.503906
-1.942383 -1.490234
-1.496094 0.982422
0.248047 -0.986328
-0.084961 0.504883
-0.858398 -0.641602
-3.288086 -0.375000
1.461914 -2.390625
3.315430 -0.564453
1.717773 3.619141
1.593750 -0.494141
1.330078 1.636719
0.359375 0.080078
2.302734 1.503906
0.765625 1.196289
-0.718750 -0.557617
0.943359 0.268555
-0.908203 1.499023
0.644531 4.324219
-2.277344 1.908203
0.639648 -1.717773
0.543945 1.547852
0.575195 0.858398
-0.186523 -1.768555
0.078125 0.195312
-0.087891 2.281250
1.559570 -0.496094
-3.405273 0.251953
-0.421875 -0.375977
0.107422 -2.282227
-1.129883 2.703125
0.887695 0.351562
-0.958984 -0.297852
-1.177734 0.325195
0.430664 0.421875
3.069336 -0.722656
-0.332031 -0.776367
-1.648438 1.885742
-1.901367 1.703125
-1.129883 -1.248047
2.879883 0.437500
0.311523 -0.412109
0.513672 0.256836
-0.134766 2.801758
0.717773 0.222656
-0.397461 2.671875
1.720703 1.291992
0.943359 -0.983398
1.416992 1.451172
1.270508 -1.505859
-0.835938 1.773438
-0.976562 -0.242188
-0.328125 2.037109
1.417969 -0.822266
-0.569336 -1.926758
0.291992 -1.155273
1.459961 0.512695
-1.178711 -0.520508
-0.045898 -2.013672
-1.926758 2.810547
0.724609 0.389648
3.751953 -0.963867
0.853516 3.416992
-0.365234 1.198242
1.269531 2.018555
1.582031 -0.375977
0.024414 0.770508
-1.202148 1.002930
-1.166016 -1.570312
-0.894531 3.226562
-0.094727 -5.436523
1.530273 0.506836
1.947266 2.871094
-0.019531 -1.191406
2.099609 0.053711
1.820312 1.583008
0.517578 0.952148
-0.839844 0.247070
1.099609 0.809570
2.677734 0.073242
-0.547852 -0.531250
0.407227 1.101562
-0.935547 2.174805
0.115234 -2.848633
0.839844 0.598633
2.269531 -0.659180
0.141602 1.070312
1.762695 0.437500
0.911133 0.238281
0.872070 -1.863281
-2.871094 -0.918945
-2.056641 0.717773
1.666992 -0.041016
-0.411133 0.984375
0.686523 -1.987305
-0.458008 -2.225586
1.692383 -3.157227
0.383789 1.545898
0.719727 1.623047
-4.293945 -1.654297
1.361328 -1.249023
0.775391 0.819336
2.103516 -0.620117
0.832031 0.446289
3.809570 -0.132812
-0.311523 0.517578
-1.009766 0.664062
-0.333984 -1.593750
-1.382812 3.142578
-0.234375 0.662109
0.535156 1.715820
0.812500 2.118164
-0.695312 -1.372070
2.761719 0.303711
0.782227 2.123047
-0.715820 -0.763672
-1.416016 0.086914
-2.017578 -1.024414
1.304688 1.533203
2.015625 0.087891
-1.423828 -0.298828
1.158203 -1.697266
-1.971680 0.327148
1.729492 -1.424805
0.161133 -0.225586
0.151367 -0.504883
1.764648 0.090820
-1.690430 -2.944336
3.548828 0.027344
1.396484 0.388672
0.438477 -1.440430
1.577148 -1.536133
0.682617 0.813477
1.243164 -0.895508
1.892578 -1.384766
0.962891 -0.134766
-0.310547 -1.738281
0.466797 -0.738281
-0.610352 1.349609
2.850586 1.500000
-1.865234 2.237305
-2.601562 -1.516602
0.611328 -3.397461
0.472656 0.708008
3.002930 1.353516
-0.891602 -1.742188
-2.259766 -0.803711
0.804688 -0.827148
1.340820 -2.369141
0.418945 1.015625
-2.536133 0.880859
1.868164 -3.878906
3.104492 0.417969
3.293945 -0.169922
2.178711 -0.439453
0.125977 -0.976562
0.741211 -0.333984
-0.565430 1.753906
-0.707031 -0.113281
-1.683594 -1.664062
0.972656 0.023438
-0.585938 0.937500
0.116211 2.666016
0.194336 -0.986328
-2.764648 0.742188
0.372070 1.011719
-0.584961 1.960938
-0.852539 1.818359
-0.885742 -0.394531
-0.969727 -0.138672
-2.397461 -2.300781
2.803711 2.273438
1.345703 2.819336
0.794922 -0.377930
-2.603516 -2.134766
-1.314453 -0.718750
0.834961 -1.573242
0.567383 1.114258
-3.625977 0.485352
-3.032227 -2.381836
0.047852 2.352539
-0.038086 -0.596680
0.719727 -0.187500
0.608398 -0.414062
1.248047 -0.137695
-3.220703 0.622070
-1.271484 -0.674805
-1.671875 1.362305
0.054688 3.493164
-0.802734 -0.438477
2.319336 1.530273
-1.684570 1.530273
0.797852 0.418945
2.290039 0.301758
1.682617 2.034180
0.340820 0.645508
1.456055 0.661133
0.047852 -0.512695
0.612305 2.773438
-0.176758 -1.306641
0.513672 -0.047852
2.203125 1.643555
-0.114258 1.595703
0.166992 0.583984
0.868164 -1.271484
-2.807617 -3.994141
0.100586 1.385742
2.352539 1.184570
-0.508789 0.086914
0.825195 0.147461
-0.394531 1.075195
0.541016 -0.768555
0.143555 0.375000
-0.512695 -0.927734
1.264648 1.857422
-4.584961 1.710938
-1.483398 -0.173828
-1.657227 -2.734375
0.494141 1.260742
2.468750 0.260742
0.387695 2.111328
-1.045898 -0.750000
0.404297 1.031250
0.324219 0.912109
-2.072266 0.843750
-1.960938 1.318359
-1.432617 -2.254883
1.293945 -1.975586
0.285156 -1.302734
-0.361328 -1.537109
-2.405273 0.259766
-0.745117 0.039062
0.673828 2.215820
2.441406 -1.940430
0.737305 3.154297
0.717773 0.199219
1.310547 -0.520508
0.457031 -0.258789
-1.404297 -0.814453
3.339844 1.796875
1.628906 -1.892578
-0.005859 -1.054688
-0.128906 0.048828
-0.187500 0.662109
1.564453 -3.169922
-1.634766 -0.037109
0.968750 -0.959961
0.785156 -0.786133
1.065430 -1.380859
-2.916992 -0.173828
-0.953125 -1.631836
-5.292969 0.612305
-0.629883 -1.550781
0.094727 -0.503906
-0.688477 -0.502930
1.434570 0.551758
-0.279297 0.224609
-1.041016 2.644531
-0.301758 -0.118164
-3.166992 -0.200195
0.158203 -0.025391
3.021484 -0.125000
0.129883 -3.388672
0.051758 1.416016
0.274414 -1.621094
0.333008 -1.488281
1.066406 1.129883
2.365234 0.022461
-2.210938 2.549805
1.400391 -0.823242
2.652344 -0.522461
0.986328 -0.875977
-1.945312 -2.016602
0.654297 0.528320
-0.901367 1.994141
0.563477 1.072266
-3.747070 0.835938
0.971680 -3.988281
0.103516 3.279297
-2.173828 0.925781
-1.067383 0.217773
-0.788086 0.690430
-0.542969 -1.795898
-0.419922 1.584961
0.044922 -0.684570
0.710938 -1.729492
-0.296875 1.164062
2.392578 1.380859
-1.314453 0.394531
-0.378906 0.013672
-0.498047 -1.965820
-1.757812 -0.868164
-1.483398 -2.384766
0.075195 -0.332031
-2.943359 0.489258
-1.255859 -0.088867
0.707031 1.745117
0.718750 -0.934570
-0.966797 -0.176758
2.054688 -1.391602
-0.647461 0.951172
-1.377930 -2.039062
0.604492 1.355469
-3.303711 -0.041016
-0.372070 2.707031
2.711914 -1.224609
-2.780273 -1.000000
-0.418945 0.115234
-0.860352 -2.980469
-2.311523 -0.345703
-1.305664 1.059570
-0.106445 0.124023
0.300781 0.619141
0.798828 1.255859
-0.746094 2.014648
-0.166016 0.528320
-0.261719 0.223633
1.958984 0.959961
-0.893555 5.013672
-0.348633 -0.177734
2.169922 -2.188477
-0.791016 0.329102
-1.583984 -1.212891
-3.193359 -1.826172
0.791016 -1.251953
0.666016 -2.228516
0.208008 -1.500000
-2.120117 1.662109
-3.125000 0.975586
1.951172 -0.567383
-0.916992 -0.696289
-1.190430 2.776367
2.258789 0.502930
-0.854492 0.877930
-0.715820 -0.335938
-1.297852 -2.019531
0.307617 -0.355469
1.643555 -1.449219
-0.843750 -1.850586
0.634766 1.446289
-0.336914 0.505859
0.377930 1.828125
-2.504883 1.268555
0.602539 -2.342773
-0.286133 1.110352
0.551758 -2.403320
-1.186523 -0.571289
-1.620117 2.120117
0.487305 1.012695
-0.731445 2.918945
-1.133789 -2.191406
-1.733398 -1.443359
1.725586 2.769531
-1.737305 0.583984
0.863281 0.225586
-1.199219 2.583008
-0.073242 0.496094
0.178711 -0.871094
-0.964844 3.703125
2.378906 0.367188
1.644531 -1.541016
-1.578125 -0.392578
1.007812 -1.704102
3.482422 -1.010742
-0.494141 -1.100586
2.078125 0.549805
-1.257812 0.381836
1.755859 2.250977
-0.064453 0.153320
-0.699219 0.190430
-0.151367 0.027344
-1.483398 0.224609
0.763672 2.422852
0.425781 0.477539
0.927734 -1.744141
-2.095703 -1.068359
0.902344 -1.966797
-0.015625 2.751953
-0.344727 -1.181641
1.870117 1.255859
1.834961 -1.082031
-0.329102 1.152344
2.998047 -0.522461
1.269531 -0.491211
0.352539 -2.162109
-0.768555 -2.871094
-2.719727 -0.061523
-0.491211 1.518555
0.354492 -0.016602
-0.514648 1.676758
-0.602539 0.202148
1.756836 -0.333008
0.803711 -2.575195
0.577148 -0.270508
1.268555 -3.193359
-2.520508 1.083984
-0.608398 -0.210938
-1.995117 0.984375
-2.621094 0.112305
0.429688 1.405273
-0.564453 -0.682617
0.291016 -3.858398
2.217773 0.223633
-0.997070 -0.391602
1.378906 -1.109375
0.205078 1.531250
-1.027344 0.276367
2.201172 3.436523
1.770508 1.220703
0.446289 2.253906
-0.974609 -4.623047
0.695312 -1.443359
0.608398 1.565430
-0.551758 1.711914
0.035156 0.516602
-0.423828 0.317383
-0.684570 2.525391
-0.086914 -0.953125
0.088867 1.511719
-4.784180 0.132812
1.013672 -2.159180
-0.044922 -0.153320
1.620117 1.226562
-0.930664 -0.910156
1.600586 0.251953
1.436523 -0.205078
-1.396484 -1.491211
-2.654297 1.690430
0.666992 0.222656
-2.354492 2.324219
-0.498047 2.217773
-0.587891 -0.237305
0.790039 0.792969
0.131836 -0.199219
0.199219 1.816406
0.869141 -0.755859
-0.056641 1.037109
-1.410156 -0.066406
-2.243164 0.100586
-0.264648 0.163086
-1.015625 -2.457031
-1.480469 4.623047
-2.166016 -0.536133
-2.007812 -0.883789
1.235352 1.007812
0.879883 0.595703
0.671875 -2.341797
-0.109375 1.085938
-0.563477 -0.106445
2.575195 1.202148
-0.776367 0.027344
0.692383 0.083984
-1.656250 -0.815430
1.470703 -2.413086
1.686523 0.183594
-1.299805 0.972656
-0.009766 0.875977
-1.716797 1.249023
2.110352 1.247070
0.399414 -2.596680
-1.422852 -3.241211
2.073242 -0.928711
2.386719 2.058594
0.472656 1.097656
-0.835938 -1.818359
1.113281 -0.806641
1.716797 -2.098633
0.906250 -2.202148
3.394531 1.485352
-0.048828 0.112305
1.744141 0.995117
-1.580078 0.581055
0.271484 1.329102
-0.275391 -0.108398
-1.286133 2.437500
1.073242 0.814453
-0.478516 1.469727
0.960938 -2.159180
0.960938 0.855469
-1.501953 2.615234
1.148438 -0.636719
-1.041016 0.166016
0.610352 -2.424805
0.731445 2.026367
-0.218750 0.146484
0.900391 -0.177734
0.952148 -1.448242
-2.327148 1.583008
-1.187500 -0.119141
-0.476562 0.875000
1.230469 -0.164062
-2.283203 -0.068359
-2.146484 3.507812
-3.191406 0.095703
0.291992 -0.153320
2.159180 -0.893555
-1.552734 1.375000
-0.957031 3.261719
-2.790039 0.060547
-1.604492 1.419922
0.675781 -0.135742
-0.328125 1.518555
-2.818359 0.242188
1.384766 -1.828125
-0.191406 -0.466797
-1.855469 -0.513672
-1.260742 -2.712891
0.852539 -2.101562
-0.101562 0.762695
0.029297 -2.104492
0.964844 -0.701172
-0.730469 2.583984
-0.566406 0.865234
0.640625 -2.103516
0.184570 -1.260742
1.110352 0.120117
-3.234375 -1.650391
2.123047 0.001953
0.940430 -2.505859
-1.161133 2.517578
0.282227 -2.765625
0.208008 -0.917969
0.618164 1.087891
0.688477 1.496094
-0.433594 0.006836
-0.525391 0.315430
-0.626953 -2.700195
-3.589844 -1.856445
0.532227 2.078125
-1.565430 -1.013672
0.095703 -0.125977
-1.392578 3.270508
-2.282227 -2.203125
1.118164 2.578125
0.530273 1.571289
-0.461914 -0.053711
-1.366211 -1.514648
-1.022461 -2.545898
0.487305 -1.545898
0.741211 -2.752930
-0.731445 -1.227539
-0.067383 -0.950195
-0.821289 -1.000977
1.749023 1.450195
0.490234 -1.685547
-2.113281 0.755859
-1.126953 -1.894531
-0.392578 0.521484
0.223633 2.915039
0.514648 2.055664
1.653320 3.670898
-1.428711 -1.141602
-1.125977 0.170898
1.096680 0.014648
-1.792969 -2.696289
-2.449219 2.094727
-1.608398 2.080078
-0.020508 1.134766
1.636719 -2.637695
-0.427734 -0.334961
-0.957031 -0.065430
-0.197266 -0.934570
0.814453 -1.562500
1.833984 3.007812
0.962891 -1.093750
-0.826172 -0.261719
-0.026367 0.494141
0.073242 1.142578
-0.011719 0.086914
3.242188 -1.735352
-4.355469 -0.242188
0.574219 0.828125
0.017578 1.416016
-0.470703 -0.888672
1.176758 2.265625
0.165039 3.365234
1.968750 -0.209961
-0.259766 0.946289
-1.896484 -0.239258
1.507812 -1.122070
2.110352 -1.027344
0.450195 -1.072266
-2.630859 2.920898
0.964844 -0.481445
-2.610352 1.242188
0.651367 -0.501953
-0.126953 -0.276367
-0.988281 1.387695
0.944336 2.812500
3.866211 0.037109
0.059570 0.878906
-0.004883 -0.779297
0.301758 1.669922
2.010742 1.128906
-2.708008 0.328125
-0.147461 3.783203
-1.651367 -0.679688
-1.793945 1.923828
1.839844 -2.474609
0.039062 2.003906
-1.493164 0.249023
0.551758 0.385742
-0.478516 -1.098633
-0.429688 0.817383
0.599609 -1.395508
0.574219 1.778320
1.473633 1.532227
1.416992 -0.819336
-1.839844 0.318359
-0.996094 -1.078125
0.806641 1.787109
1.585938 -0.140625
-0.648438 -0.853516
0.298828 -0.953125
1.780273 1.206055
-2.293945 0.291992
-1.950195 1.268555
-1.110352 -1.926758
-1.735352 2.027344
1.422852 -0.523438
0.011719 1.364258
0.105469 -0.399414
3.178711 2.630859
2.077148 1.333984
0.471680 -2.423828
0.448242 2.341797
-1.543945 0.637695
-0.557617 -1.747070
-1.694336 1.161133
0.092773 0.088867
-0.255859 0.460938
-2.798828 -0.523438
-0.050781 -2.361328
-0.605469 1.517578
1.385742 0.751953
-1.317383 2.326172
1.686523 -1.529297
0.920898 -1.552734
-1.121094 2.105469
-1.287109 1.175781
-2.465820 0.612305
1.674805 1.122070
1.415039 1.276367
1.133789 0.110352
2.384766 1.064453
0.945312 0.857422
0.747070 -1.179688
-0.694336 2.623047
0.765625 2.366211
-0.841797 -0.985352
-1.552734 1.212891
3.115234 2.496094
-0.838867 -1.534180
2.487305 -2.545898
-0.256836 -0.081055
-0.891602 0.137695
0.914062 0.736328
-1.773438 -1.085938
-0.760742 -2.544922
1.389648 0.080078
0.275391 2.551758
-0.287109 -0.844727
0.786133 -1.810547
2.819336 -1.574219
1.567383 -3.439453
-0.231445 0.742188
0.629883 -1.739258
0.522461 1.096680
-0.769531 1.250000
-0.625000 -0.310547
0.504883 -2.021484
0.303711 -0.656250
-0.180664 2.869141
-0.823242 0.121094
-0.644531 1.310547
-0.572266 0.294922
1.153320 0.840820
-3.241211 0.291992
-3.051758 1.790039
-1.540039 0.247070
1.989258 2.700195
-0.749023 -0.479492
-3.321289 -1.067383
-0.704102 -0.793945
0.375977 -2.260742
0.309570 1.067383
2.043945 0.679688
1.024414 0.716797
0.072266 1.534180
-0.832031 0.217773
-0.930664 -1.643555
-1.030273 -1.590820
0.198242 1.125977
0.434570 1.569336
-0.218750 0.515625
-2.531250 -2.201172
-2.584961 -0.907227
-0.122070 -3.653320
2.701172 0.325195
-0.849609 0.983398
0.965820 -3.232422
-2.559570 2.431641
0.291016 1.291016
-1.601562 0.488281
0.041016 0.345703
0.832031 -1.546875
-1.442383 0.979492
1.243164 -0.936523
0.590820 1.112305
-0.891602 -1.206055
0.885742 -2.076172
2.045898 -0.898438
-1.873047 2.391602
-0.988281 0.852539
-0.027344 0.890625
0.476562 1.935547
-0.432617 1.819336
0.881836 1.268555
-4.028320 -1.106445
0.790039 0.602539
-0.756836 -0.243164
-2.375977 1.688477
0.377930 1.436523
-0.532227 -0.096680
-0.990234 -1.998047
-2.363281 0.267578
-2.738281 -0.855469
-0.015625 -0.369141
1.430664 -0.485352
-1.981445 1.428711
-0.808594 -2.199219
2.443359 -1.062500
2.397461 -0.385742
-1.110352 -2.239258
1.143555 -1.314453
-1.092773 -1.644531
-2.184570 1.750000
-1.303711 -0.212891
1.951172 -2.134766
1.369141 -0.423828
1.134766 1.498047
-1.119141 1.794922
1.082031 2.155273
-0.087891 -0.999023
0.796875 1.940430
0.076172 -3.112305
-1.570312 3.664062
-1.462891 0.587891
0.343750 1.705078
-0.630859 0.078125
1.801758 -1.384766
0.536133 1.492188
0.337891 -1.235352
-0.230469 0.963867
-1.412109 -0.224609
2.166016 2.218750
0.147461 -2.190430
3.192383 0.684570
-1.115234 1.740234
1.085938 0.015625
-0.548828 0.544922
-2.386719 -1.351562
1.196289 0.250977
0.178711 -1.625977
1.909180 -0.301758
3.219727 -1.698242
-1.442383 -2.220703
0.784180 -1.015625
0.607422 -1.086914
-0.621094 1.385742
-0.531250 -0.943359
0.582031 2.484375
-0.272461 1.627930
3.444336 -0.262695
-0.708008 1.213867
-1.319336 1.963867
1.072266 -1.109375
2.615234 0.447266
2.727539 1.826172
0.047852 -2.222656
-2.199219 -1.196289
2.177734 -1.594727
-0.826172 0.207031
-1.394531 1.849609
-0.849609 0.029297
0.339844 0.507812
0.639648 1.462891
0.842773 0.013672
-1.950195 0.662109
-0.016602 0.759766
-1.652344 -1.987305
1.449219 -1.002930
-1.734375 0.284180
1.125000 -0.723633
2.252930 -0.373047
2.356445 -1.763672
-2.417969 -0.229492
1.566406 -4.083008
2.544922 1.372070
-0.169922 0.094727
1.433594 0.063477
-1.472656 -0.764648
1.036133 0.631836
2.668945 0.450195
1.296875 1.121094
-0.826172 2.054688
0.520508 1.384766
-0.278320 -1.539062
0.805664 -1.955078
2.030273 -0.886719
-0.640625 3.444336
-0.927734 1.571289
2.330078 2.243164
-0.894531 -1.516602
0.501953 0.114258
-0.427734 0.153320
-0.419922 1.784180
0.939453 -2.110352
-0.542969 1.582031
0.279297 -0.058594
-0.850586 -0.299805
-2.124023 -1.567383
0.208008 1.767578
-0.104492 -0.486328
-0.594727 -1.175781
-2.731445 -0.402344
2.016602 -2.450195
-0.354492 -0.211914
2.786133 -2.159180
-1.022461 -0.807617
-1.422852 -0.528320
1.676758 1.372070
-0.323242 -1.385742
-3.833008 -0.997070
3.082031 1.689453
-0.095703 -2.871094
1.285156 -2.392578
-1.048828 0.187500
0.141602 -0.598633
-0.963867 0.506836
2.809570 -1.106445
1.758789 -2.235352
-2.281250 1.098633
-0.828125 0.874023
0.409180 -0.472656
-0.526367 0.835938
0.086914 -0.114258
3.057617 -0.379883
-0.037109 -2.609375
-0.193359 -0.240234
0.470703 -3.279297
-2.240234 -0.839844
0.889648 -0.958008
0.750977 -1.364258
0.016602 -2.058594
-1.756836 0.376953
-0.503906 1.807617
1.669922 -0.657227
-2.047852 -0.278320
2.055664 -0.657227
-2.240234 1.578125
-1.505859 1.951172
1.517578 -0.648438
-2.326172 -0.820312
-1.615234 -0.882812
-0.462891 -0.765625
-1.957031 0.308594
0.574219 0.173828
-2.366211 -1.797852
1.139648 -0.926758
2.301758 0.274414
-2.151367 0.834961
1.425781 0.781250
1.705078 0.429688
-3.005859 -1.059570
-0.208984 -4.166992
0.172852 0.195312
-0.731445 1.109375
-1.573242 -0.516602
-0.741211 -2.026367
0.703125 -1.375000
-1.646484 1.386719
0.613281 1.462891
3.062500 -2.177734
1.205078 -3.191406
-2.017578 1.308594
-1.050781 0.320312
-0.300781 -0.443359
-2.784180 -3.008789
0.897461 0.135742
0.709961 1.347656
1.506836 1.910156
1.678711 -1.552734
3.112305 -1.982422
1.166016 -0.013672
-0.396484 -0.703125
-0.188477 -0.182617
-0.702148 1.676758
2.345703 0.074219
0.957031 -1.255859
-0.722656 1.544922
1.123047 -2.851562
0.577148 -1.453125
0.965820 -1.335938
-0.259766 -1.112305
2.037109 1.311523
1.640625 -0.440430
-1.949219 1.612305
-2.879883 -2.476562
0.149414 -2.222656
-0.989258 -0.609375
1.379883 1.039062
1.216797 1.795898
0.970703 0.911133
0.303711 0.895508
1.471680 -2.411133
-0.966797 3.125000
-3.062500 -1.609375
1.970703 -1.511719
0.664062 1.212891
1.566406 0.736328
-1.791016 -1.015625
-0.928711 1.161133
-0.004883 1.502930
-1.903320 -0.495117
-2.729492 1.084961
0.707031 -0.336914
1.210938 0.795898
0.351562 1.163086
-1.371094 1.280273
-0.083984 -0.426758
-0.166016 -0.006836
-0.346680 0.250000
-0.223633 -0.152344
0.977539 -0.223633
-1.254883 -2.825195
-1.167969 -0.876953
0.921875 -3.132812
-1.097656 -2.243164
-0.179688 -0.624023
0.176758 2.277344
-1.153320 3.609375
-0.233398 -2.461914
-0.879883 1.098633
-3.375977 0.762695
1.399414 -2.989258
2.484375 3.106445
-2.230469 3.108398
0.313477 0.623047
-0.000977 -0.677734
1.343750 2.520508
-1.744141 1.024414
0.870117 -3.037109
-0.481445 -0.656250
0.239258 0.325195
1.465820 -1.827148
1.032227 -1.963867
0.524414 0.161133
-0.541992 1.132812
1.678711 -0.146484
-0.604492 0.845703
2.135742 0.175781
-0.812500 0.891602
-0.509766 3.577148
0.697266 -0.551758
-2.531250 2.110352
1.282227 2.208984
-1.209961 -2.125000
-0.417969 -0.114258
-2.263672 0.077148
2.186523 -2.193359
1.631836 -0.796875
-1.480469 -1.645508
-1.017578 1.862305
-0.479492 -0.100586
-0.247070 2.704102
0.564453 -1.193359
0.404297 0.628906
1.078125 -0.818359
-0.275391 1.048828
1.481445 -2.573242
-2.956055 -0.969727
-0.817383 -0.578125
-1.260742 -2.263672
1.458008 -0.082031
-0.247070 0.345703
1.708008 -0.663086
-1.745117 -0.983398
-1.504883 -1.600586
1.811523 0.790039
1.119141 2.283203
-0.226562 1.228516
1.920898 0.856445
2.874023 -1.520508
-1.912109 -1.883789
1.701172 1.157227
-0.149414 -0.738281
0.079102 -4.121094
3.428711 0.375977
1.524414 -0.014648
2.123047 -0.410156
-0.408203 -0.095703
-0.187500 2.341797
-2.505859 -1.128906
0.779297 0.371094
2.355469 -0.998047
1.788086 -0.433594
-1.241211 -0.132812
-0.136719 0.879883
-1.335938 0.459961
0.015625 0.702148
1.136719 0.557617
0.978516 1.157227
-2.060547 -0.041992
-1.252930 0.251953
-1.778320 0.037109
-2.326172 4.356445
-1.177734 -1.395508
-0.304688 0.092773
-1.636719 -0.551758
1.958984 1.790039
2.169922 -0.041992
-0.159180 -0.543945
-2.485352 -0.155273
0.997070 -0.895508
-1.883789 1.758789
0.545898 1.831055
-0.747070 -0.112305
2.542969 0.314453
0.486328 -1.416016
0.745117 -1.411133
3.012695 -3.049805
1.741211 -1.000977
-2.545898 -1.041992
-1.145508 0.005859
1.172852 -1.792969
-0.184570 -0.304688
0.008789 -1.314453
-0.267578 0.426758
2.072266 3.530273
-0.567383 -1.730469
-1.323242 1.132812
1.227539 0.758789
-0.225586 -1.706055
-0.762695 -0.059570
2.565430 1.049805
0.275391 -1.207031
-3.154297 -2.103516
-1.702148 -1.319336
1.182617 -2.901367
0.513672 0.239258
-0.867188 0.663086
-1.060547 -1.553711
-0.812500 0.092773
-4.402344 -0.600586
-0.107422 -0.331055
1.157227 2.503906
0.844727 -0.865234
-0.505859 -1.875000
0.925781 2.419922
-2.275391 0.234375
-0.949219 -0.333984
2.049805 -0.889648
2.803711 -0.760742
0.637695 2.133789
-1.631836 -0.413086
0.936523 -0.737305
3.192383 2.723633
1.779297 -0.146484
0.388672 0.921875
-0.510742 1.494141
-0.936523 0.718750
0.603516 -1.356445
0.097656 1.694336
-1.851562 0.436523
-1.076172 -0.086914
0.692383 0.400391
-0.198242 -0.265625
1.895508 -0.575195
1.854492 -0.315430
-0.721680 0.567383
-0.852539 0.518555
-2.785156 0.417969
-1.046875 -0.621094
0.964844 -3.306641
-3.355469 1.005859
-1.020508 1.506836
3.260742 -2.047852
0.368164 -2.151367
-1.342773 -0.077148
0.361328 -1.916016
-1.001953 0.416016
0.320312 -2.855469
-1.832031 -1.937500
-0.547852 0.507812
-2.842773 3.048828
-0.112305 -1.568359
0.514648 -1.261719
-1.027344 -0.242188
2.529297 2.662109
-2.437500 -1.931641
1.478516 2.097656
0.889648 -1.313477
-0.270508 -1.315430
0.380859 0.892578
-1.402344 -1.169922
0.695312 0.320312
2.363281 -1.427734
-1.709961 -0.334961
-0.985352 -4.045898
1.771484 1.490234
-3.539062 -1.193359
1.596680 0.342773
-0.012695 -1.077148
1.184570 -0.676758
1.387695 0.038086
0.514648 -1.262695
-0.141602 -1.141602
2.093750 0.046875
0.134766 0.701172
0.310547 2.138672
-0.242188 -0.398438
0.575195 -0.211914
0.752930 -1.471680
-1.221680 0.668945
-0.301758 -2.790039
-0.698242 3.038086
0.108398 -0.127930
-0.063477 0.659180
0.692383 -0.983398
1.309570 0.799805
-3.829102 -0.844727
1.486328 -3.302734
-1.638672 -3.085938
-1.699219 -0.285156
1.671875 -0.808594
-0.119141 -0.025391
-2.416016 0.869141
-0.690430 -1.505859
1.381836 -3.072266
-3.035156 0.858398
1.582031 0.637695
-0.479492 -1.103516
1.418945 -1.892578
1.629883 0.142578
-1.432617 0.544922
0.288086 -2.207031
1.088867 1.822266
-1.578125 -0.698242
0.228516 -1.592773
-0.087891 1.471680
1.412109 0.756836
1.388672 -0.323242
2.365234 1.317383
-2.425781 -0.670898
-0.527344 2.413086
-0.971680 2.933594
2.018555 -0.953125
-0.019531 0.572266
-1.357422 -0.412109
-1.465820 1.749023
-0.594727 0.860352
2.011719 -1.972656
0.583984 -3.048828
0.134766 1.345703
0.675781 0.867188
-0.170898 0.232422
-2.290039 2.511719
0.883789 1.664062
-1.141602 -1.154297
1.416992 -0.950195
-1.749023 0.633789
-1.848633 1.604492
2.379883 1.235352
-0.657227 1.064453
-1.084961 3.914062
-1.713867 -1.089844
-2.762695 -0.177734
1.082031 0.963867
1.673828 0.598633
-1.560547 0.168945
2.589844 -1.637695
0.242188 0.896484
-0.017578 -2.007812
-2.037109 -0.408203
-0.074219 1.707031
-0.228516 0.792969
-1.560547 0.732422
-0.989258 -0.930664
2.512695 -0.489258
-2.640625 -0.080078
1.269531 -1.871094
0.352539 1.788086
1.237305 0.565430
-1.335938 -2.981445
-0.001953 0.596680
-1.897461 -2.843750
-3.237305 0.205078
-1.336914 0.340820
0.657227 -2.586914
0.971680 1.247070
-0.659180 1.362305
-0.056641 -0.432617
1.755859 1.850586
0.786133 -2.972656
0.784180 1.675781
-0.254883 2.539062
0.801758 3.431641
-2.717773 -0.246094
-0.481445 1.009766
0.548828 -0.808594
-0.095703 2.625000
0.796875 -0.595703
1.703125 -0.455078
1.658203 0.042969
-0.578125 -1.441406
2.481445 0.612305
0.336914 0.911133
-0.389648 1.758789
-0.069336 -1.362305
-1.336914 -0.309570
1.545898 -2.961914
-0.258789 -1.092773
2.059570 -0.573242
3.470703 -1.173828
1.341797 -0.550781
-2.350586 -0.806641
0.536133 0.117188
2.728516 0.573242
1.519531 0.526367
1.139648 0.055664
-1.616211 1.237305
-0.608398 -2.467773
-1.934570 0.999023
-1.174805 -1.363281
0.680664 -1.265625
-0.186523 2.255859
3.165039 0.900391
-0.060547 -1.415039
1.255859 0.145508
1.684570 2.121094
0.604492 -0.949219
-3.015625 -1.776367
0.496094 -0.834961
-0.648438 -2.127930
-0.535156 -2.409180
0.352539 -0.150391
1.657227 1.585938
0.148438 -3.213867
0.779297 1.579102
-2.481445 2.324219
-0.772461 -0.218750
0.419922 1.428711
-0.001953 -2.932617
-0.532227 0.082031
1.043945 -1.320312
-0.621094 -0.604492
-2.507812 2.358398
0.199219 -0.114258
1.576172 -0.424805
0.861328 0.166992
0.250000 -0.624023
-2.599609 -4.267578
-1.560547 -0.564453
0.802734 -0.998047
-0.806641 0.228516
1.487305 -1.661133
0.303711 -0.067383
0.665039 -0.088867
1.403320 2.344727
0.506836 -0.252930
0.055664 -2.735352
-0.434570 1.461914
-2.331055 1.858398
2.330078 -0.489258
-1.453125 0.485352
-1.765625 -0.223633
1.439453 -1.944336
0.297852 -1.697266
3.801758 -1.470703
-0.678711 -1.263672
2.305664 0.388672
-1.082031 0.068359
-2.380859 -1.669922
0.725586 4.405273
-0.258789 -0.463867
0.835938 1.115234
0.306641 -1.035156
-0.605469 -3.480469
1.623047 0.646484
-2.554688 -0.125000
0.017578 -0.048828
0.578125 2.675781
-0.404297 -0.248047
-0.438477 -0.061523
-0.356445 0.381836
-1.529297 1.287109
-0.992188 1.208984
-1.136719 0.264648
-1.597656 -1.387695
-2.720703 -0.879883
-1.126953 -1.051758
-1.084961 3.787109
-1.877930 0.773438
4.066406 -0.036133
-1.181641 -1.375977
0.865234 -0.326172
-0.585938 -1.140625
-0.556641 -0.347656
0.750000 -0.970703
-1.774414 0.445312
1.057617 -1.830078
-1.791016 -1.526367
1.277344 0.243164
0.747070 -1.927734
-1.124023 0.927734
1.510742 -1.746094
-0.848633 2.882812
-0.904297 -0.391602
-0.037109 0.436523
0.986328 -0.569336
0.505859 0.450195
-0.020508 -0.812500
0.041992 -0.226562
-5.024414 -0.326172
-1.571289 1.021484
-0.745117 1.943359
-0.608398 1.914062
1.343750 2.891602
0.048828 -0.909180
2.377930 -1.500000
-0.737305 1.423828
0.596680 -1.992188
0.942383 -1.353516
-0.191406 0.151367
-2.814453 1.973633
1.619141 -0.360352
-1.121094 1.704102
-1.167969 -1.291016
-0.380859 1.726562
0.857422 1.812500
3.503906 0.259766
2.197266 2.278320
0.648438 -0.081055
-1.422852 0.966797
1.139648 -0.468750
1.430664 1.429688
3.284180 -1.757812
0.716797 -0.909180
0.603516 1.041992
1.013672 0.247070
-0.373047 1.153320
-2.951172 -1.432617
2.505859 -0.288086
0.382812 -0.627930
2.089844 0.504883
-0.052734 -1.456055
0.572266 -1.709961
0.261719 0.949219
1.267578 -1.351562
-4.315430 -0.432617
-0.815430 -2.938477
0.965820 -0.373047
-0.333008 1.525391
0.552734 -0.299805
1.998047 1.377930
2.355469 -1.194336
-1.558594 0.659180
1.776367 1.267578
-0.459961 1.708984
1.153320 -0.747070
0.715820 -1.538086
-3.769531 0.535156
-1.783203 -1.050781
4.017578 1.110352
-0.841797 -0.731445
0.184570 0.888672
0.245117 1.517578
0.904297 0.223633
-2.371094 -4.075195
0.279297 0.538086
-1.523438 0.454102
1.850586 0.625000
-0.586914 1.279297
0.294922 1.569336
1.152344 0.159180
-2.038086 -1.338867
-2.010742 2.569336
1.119141 1.576172
0.050781 0.111328
1.278320 0.937500
0.176758 0.529297
-1.716797 -0.143555
-1.484375 1.391602
1.551758 -3.262695
1.393555 0.573242
-0.416016 1.314453
-3.091797 -1.921875
-2.241211 0.479492
0.075195 0.838867
2.004883 0.977539
-0.409180 0.868164
0.863281 -1.424805
-2.373047 -0.774414
-1.201172 -2.508789
0.453125 -2.491211
-0.083984 1.064453
-3.009766 -2.017578
0.628906 -0.470703
-1.128906 1.775391
-2.408203 2.040039
-0.814453 0.125977
1.138672 0.231445
-0.861328 1.555664
-1.780273 -0.810547
0.084961 1.107422
-1.179688 -1.416992
-1.402344 -1.965820
0.297852 0.066406
-1.024414 -0.208984
-3.135742 2.943359
4.393555 2.976562
0.398438 -0.691406
0.322266 2.041016
-0.277344 -1.300781
-0.326172 0.005859
0.072266 1.907227
-1.773438 -0.778320
-0.375000 -1.510742
0.041016 -2.809570
-1.333984 -0.024414
-0.195312 -1.536133
2.030273 -0.199219
-3.450195 -1.462891
-3.419922 2.038086
1.052734 1.428711
-0.781250 -0.702148
-1.019531 0.040039
0.006836 -0.727539
1.725586 0.989258
0.732422 -3.009766
0.988281 -1.095703
-0.079102 0.466797
0.237305 0.007812
0.226562 1.790039
-0.029297 1.782227
2.416992 3.838867
-0.284180 0.499023
-1.699219 -0.101562
0.429688 -1.591797
-0.388672 -0.865234
-3.064453 -1.691406
0.118164 -0.040039
-2.676758 -0.598633
-0.969727 1.396484
0.340820 1.244141
2.576172 1.327148
-1.462891 -0.967773
-0.050781 2.733398
-1.556641 1.631836
-1.377930 -1.162109
-0.217773 0.144531
-0.012695 -1.257812
-1.899414 -3.164062
-0.635742 2.410156
-0.842773 -1.585938
-1.117188 -0.009766
0.632812 1.025391
0.738281 1.462891
-0.914062 -1.767578
-0.596680 1.206055
-0.057617 2.249023
-0.178711 2.887695
0.086914 0.583008
-1.172852 0.090820
-0.434570 -0.268555
0.985352 1.836914
0.844727 1.575195
-0.511719 -2.764648
1.640625 -0.467773
0.347656 -1.344727
-1.730469 0.526367
0.541016 0.007812
2.511719 -0.380859
-0.937500 -0.968750
0.115234 0.818359
-0.696289 -3.633789
2.256836 -1.502930
-3.099609 0.066406
3.386719 -0.628906
0.615234 3.795898
2.326172 -1.045898
-0.493164 0.990234
-2.491211 -0.619141
1.037109 0.938477
-2.982422 0.551758
-0.160156 1.944336
1.835938 -0.266602
0.750000 1.127930
1.265625 1.877930
0.621094 1.325195
-1.621094 -0.311523
2.337891 -1.065430
1.570312 -1.286133
2.582031 1.036133
-0.181641 -1.247070
0.741211 -1.507812
-0.549805 -1.552734
-1.645508 1.001953
1.133789 -0.632812
-1.853516 0.230469
-2.480469 1.111328
-1.433594 2.681641
-0.220703 -0.074219
0.269531 3.545898
-1.781250 0.706055
-0.376953 -2.444336
1.912109 1.493164
-0.986328 0.823242
0.263672 1.733398
0.376953 0.106445
1.056641 0.043945
0.003906 -3.815430
-2.339844 1.848633
-0.283203 2.071289
0.083984 -1.159180
-0.368164 -0.081055
-2.881836 2.000977
-1.585938 -1.716797
0.871094 -0.007812
0.794922 -2.711914
0.845703 -2.491211
1.364258 -0.318359
0.596680 -0.236328
0.683594 0.272461
0.367188 0.618164
-1.668945 -0.425781
-2.264648 -0.031250
-2.412109 0.759766
0.675781 -2.193359
0.766602 -0.592773
0.715820 2.100586
1.257812 0.066406
2.857422 -4.253906
1.690430 -1.331055
-0.540039 -0.700195
0.177734 -2.214844
-0.265625 -0.341797
0.509766 -0.033203
-0.320312 2.371094
-1.475586 1.375000
-1.131836 -1.332031
1.299805 0.171875
0.893555 -1.253906
1.540039 -2.018555
-1.278320 0.967773
-2.811523 -0.793945
-0.110352 -0.545898
3.129883 -0.332031
1.418945 -0.052734
-1.953125 -1.368164
0.556641 -1.645508
2.315430 -1.000977
-1.081055 0.879883
1.008789 1.315430
-2.375977 -0.331055
-2.986328 -2.119141
-1.265625 0.863281
-0.275391 1.480469
-1.296875 0.419922
2.297852 -1.519531
1.022461 -0.025391
0.661133 -0.322266
-0.532227 1.210938
-2.322266 -1.090820
2.177734 3.014648
0.826172 -1.971680
2.470703 0.602539
-1.250000 -3.100586
-1.021484 0.161133
-0.104492 -0.796875
-0.397461 -1.841797
3.603516 1.391602
0.291016 0.938477
0.337891 -1.452148
-1.279297 -1.053711
0.654297 0.269531
0.796875 -2.027344
-1.639648 1.020508
-0.194336 0.666992
-0.093750 -2.841797
-1.078125 -1.822266
1.677734 -0.214844
0.197266 -1.585938
-0.033203 1.209961
-0.507812 -0.012695
4.264648 3.267578
-1.184570 -1.082031
1.525391 -0.992188
0.419922 -2.492188
0.648438 0.726562
1.390625 -0.398438
-0.701172 0.239258
0.769531 1.104492
0.972656 1.438477
-3.240234 0.135742
0.587891 0.969727
-1.326172 -3.538086
1.998047 1.063477
2.017578 -1.084961
-1.044922 1.053711
0.386719 1.575195
-1.550781 1.110352
-1.646484 -1.032227
-0.433594 1.662109
-2.289062 1.738281
-0.606445 -0.608398
0.653320 1.247070
-0.718750 0.144531
-2.335938 0.517578
-1.827148 -0.864258
1.198242 0.913086
0.420898 1.723633
3.536133 0.094727
-1.324219 0.052734
-0.316406 -1.777344
1.065430 0.564453
0.336914 2.044922
-0.027344 0.264648
-0.992188 0.442383
-1.161133 1.658203
2.362305 0.591797
4.135742 -1.007812
-0.293945 0.527344
0.526367 -1.376953
0.698242 -1.644531
-0.857422 -2.682617
-0.527344 0.309570
0.734375 1.962891
-0.021484 -0.884766
0.346680 -4.165039
0.225586 2.547852
0.295898 -0.249023
0.143555 1.833008
1.614258 -2.485352
1.540039 -2.946289
1.316406 0.819336
1.416016 -0.506836
-0.138672 -0.204102
0.609375 2.254883
-0.657227 0.685547
0.100586 -0.742188
0.560547 1.180664
-0.554688 -4.370117
-1.492188 2.750000
-0.189453 -0.935547
0.302734 -4.068359
1.000000 -0.335938
0.641602 -0.795898
1.561523 -2.041992
2.386719 0.060547
1.542969 -1.078125
-0.117188 -0.238281
-0.783203 2.052734
-0.369141 0.044922
1.125000 0.316406
-0.094727 3.712891
1.592773 2.373047
-0.391602 2.433594
1.475586 -2.324219
1.092773 0.705078
0.481445 -1.082031
-0.670898 0.162109
1.881836 0.054688
-0.710938 -1.930664
0.679688 -2.321289
2.144531 -0.026367
-1.765625 0.524414
0.406250 0.490234
-0.714844 -0.664062
-1.694336 0.233398
1.084961 3.483398
-0.728516 0.977539
-1.603516 0.850586
-1.536133 0.279297
-1.077148 -1.248047
-0.640625 3.191406
-0.080078 -0.101562
-1.098633 -2.043945
2.049805 -0.420898
-1.963867 3.041992
1.491211 -0.088867
-1.791992 1.534180
-1.172852 -1.100586
3.144531 0.841797
-0.871094 -0.158203
1.580078 0.291016
-0.931641 1.841797
1.367188 2.106445
0.230469 -0.670898
1.306641 -0.081055
4.142578 -1.834961
-3.286133 -1.212891
1.518555 0.023438
1.212891 1.959961
-0.027344 -1.102539
0.397461 1.449219
1.049805 2.068359
1.259766 -1.360352
0.429688 0.346680
-0.304688 -0.267578
0.166016 1.255859
-1.094727 0.184570
-3.305664 1.151367
0.000000 0.611328
-0.675781 -0.548828
-1.185547 1.552734
1.009766 2.220703
-0.230469 -1.162109
-1.550781 -0.458984
1.234375 -0.080078
0.328125 -1.447266
-1.569336 -0.415039
1.920898 -0.778320
1.931641 1.849609
0.126953 -0.128906
-0.385742 1.234375
5.440430 2.781250
-1.373047 1.012695
-0.943359 1.393555
-1.657227 2.379883
-0.102539 0.366211
-1.328125 -1.107422
-2.638672 0.720703
0.657227 0.838867
-1.612305 2.551758
2.777344 0.136719
-1.037109 0.539062
0.816406 -1.484375
-2.775391 -0.404297
-0.019531 0.101562
-1.302734 2.197266
-1.689453 0.032227
1.076172 0.168945
1.220703 -0.397461
2.228516 -0.346680
-1.044922 -0.330078
-1.828125 0.716797
0.553711 0.133789
2.065430 -0.028320
0.640625 -0.408203
1.869141 -0.156250
-1.892578 0.156250
-0.730469 -0.380859
3.138672 -0.864258
-0.644531 -1.913086
-1.406250 -1.344727
5.326172 -0.795898
0.769531 -0.001953
-0.761719 -0.187500
0.018555 -0.981445
-0.217773 0.936523
3.256836 1.619141
-3.129883 -0.851562
-2.853516 0.981445
-0.011719 0.778320
0.712891 2.368164
0.695312 1.745117
0.714844 -0.034180
0.412109 0.084961
0.840820 -0.195312
2.786133 1.001953
0.613281 0.333008
1.599609 -1.670898
1.359375 -0.831055
1.800781 1.643555
-2.434570 -0.058594
-1.006836 -1.058594
0.566406 -1.260742
0.214844 0.799805
1.120117 0.140625
-1.014648 -0.054688
0.301758 -0.243164
-0.768555 -3.741211
-1.126953 -0.679688
1.777344 -2.496094
0.506836 3.661133
-1.495117 1.833008
1.416016 -1.968750
-3.083984 -0.998047
-0.543945 1.097656
-1.083008 -1.859375
1.032227 0.500000
-2.772461 -2.148438
-1.449219 -0.087891
0.431641 -1.669922
-3.334961 3.311523
1.411133 -1.725586
0.254883 0.198242
0.426758 0.532227
-2.263672 1.205078
-0.140625 -0.841797
3.177734 -0.732422
2.210938 -1.958984
-1.815430 -2.420898
-0.311523 -1.696289
-0.883789 -0.389648
-1.682617 -0.967773
0.568359 1.599609
-1.396484 -0.445312
1.263672 0.906250
-0.259766 3.365234
0.952148 0.198242
2.629883 1.573242
-0.319336 0.677734
1.973633 1.181641
1.090820 -2.013672
-2.459961 0.998047
2.654297 -0.781250
-0.291016 1.417969
-2.072266 0.363281
-0.353516 -0.613281
-0.408203 -0.527344
-0.353516 2.759766
0.208008 0.198242
0.256836 -1.786133
1.137695 0.847656
-1.635742 -0.935547
0.164062 1.006836
-0.998047 -0.852539
0.166016 2.167969
-0.917969 0.822266
3.103516 0.261719
-2.699219 -3.279297
-3.591797 0.673828
-1.240234 -0.218750
-0.446289 1.331055
-0.995117 -0.727539
-1.100586 1.018555
-1.336914 1.952148
0.304688 1.439453
2.121094 2.082031
2.977539 2.250977
1.526367 -1.934570
-0.016602 1.940430
-1.612305 0.297852
-0.772461 0.024414
-2.967773 0.700195
0.086914 1.752930
-0.514648 -0.110352
-1.460938 3.000977
1.117188 -1.618164
0.209961 -0.474609
1.086914 -0.759766
-3.180664 -0.623047
-1.159180 -0.601562
-0.518555 1.449219
-1.606445 -0.544922
-0.540039 1.006836
-2.049805 1.510742
1.085938 0.195312
-1.367188 -1.666016
0.703125 2.284180
1.777344 -3.637695
0.318359 1.534180
-0.529297 -0.258789
-0.358398 -0.032227
1.219727 0.122070
3.066406 -1.128906
2.041016 -2.382812
1.662109 -1.941406
-2.070312 0.148438
0.159180 0.647461
0.627930 -2.307617
-1.358398 -1.628906
0.354492 0.048828
1.651367 -3.019531
3.118164 -1.439453
-0.694336 1.442383
-2.592773 -1.086914
-0.310547 0.312500
0.027344 -0.140625
0.810547 -1.037109
1.429688 1.417969
-1.572266 -1.048828
2.457031 -0.023438
1.708008 0.578125
1.083008 -1.291016
-2.222656 -0.629883
2.033203 0.784180
0.442383 -0.018555
1.961914 0.823242
-3.134766 0.500000
0.187500 -0.726562
-0.573242 -1.870117
0.325195 -0.684570
-1.378906 -2.085938
1.388672 -1.285156
-0.134766 -1.104492
1.957031 0.854492
1.615234 0.938477
-0.675781 2.569336
-0.717773 2.391602
1.631836 -1.575195
2.010742 -2.122070
-0.655273 -1.991211
-0.323242 2.342773
-1.495117 -2.018555
1.396484 0.951172
-0.296875 1.787109
3.125977 -1.210938
1.266602 0.716797
0.714844 1.516602
0.607422 1.422852
1.973633 0.205078
2.379883 -0.849609
-3.090820 0.148438
1.959961 -0.132812
0.172852 -0.100586
-1.260742 -1.856445
-0.845703 1.058594
-0.632812 1.582031
-0.984375 -1.651367
1.195312 0.163086
-0.563477 -2.957031
1.028320 -1.097656
-1.698242 -1.303711
0.139648 1.442383
0.654297 -0.167969
0.658203 -0.423828
0.492188 0.271484
-0.931641 1.316406
-0.761719 -4.691406
-1.951172 -0.302734
0.509766 0.502930
-1.531250 0.868164
-2.054688 2.594727
-0.763672 -2.247070
-0.982422 0.755859
-0.240234 -1.982422
0.158203 0.976562
0.521484 0.921875
0.363281 -1.769531
0.322266 0.697266
-0.724609 2.394531
-0.636719 -0.064453
-2.673828 1.276367
0.339844 1.467773
1.641602 1.626953
0.680664 1.476562
0.612305 1.035156
-3.307617 1.130859
1.141602 -1.117188
-3.930664 -0.892578
1.612305 -2.298828
-0.077148 -0.316406
-1.758789 -2.046875
0.040039 -0.841797
-0.882812 -0.717773
0.802734 -0.811523
-0.004883 1.701172
-0.043945 -0.703125
-2.447266 1.247070
-0.431641 -1.897461
-1.574219 -2.348633
1.425781 -0.922852
-2.293945 -1.838867
-2.221680 3.708008
0.654297 -0.554688
0.419922 1.021484
0.095703 0.195312
1.400391 0.308594
-2.132812 3.677734
0.945312 -0.591797
-1.553711 0.623047
0.499023 -1.255859
-0.882812 2.083008
2.792969 0.631836
0.003906 0.844727
0.494141 -1.291992
-0.694336 -0.648438
0.360352 -2.677734
0.719727 -0.954102
0.047852 2.524414
3.322266 0.500000
2.250000 0.531250
1.151367 0.125000
-0.077148 0.039062
0.714844 -0.647461
0.093750 0.975586
-1.686523 -2.196289
-2.750977 -0.604492
2.637695 2.778320
-0.465820 -1.008789
2.126953 -1.092773
-2.078125 2.934570
-1.008789 0.517578
0.858398 0.859375
0.435547 1.308594
2.630859 0.109375
-0.011719 1.136719
2.894531 0.750000
-1.163086 -1.750000
1.209961 0.015625
-1.035156 2.680664
0.843750 -0.329102
0.026367 -0.534180
1.534180 0.106445
1.862305 0.670898
2.522461 -0.204102
3.118164 -0.356445
1.411133 0.499023
-1.569336 0.522461
-0.448242 1.342773
-3.445312 1.017578
1.464844 1.367188
1.415039 -1.149414
-2.000977 1.553711
1.572266 0.704102
0.982422 0.887695
-1.201172 -0.131836
-1.435547 -1.202148
0.149414 -0.779297
-1.403320 -3.144531
0.448242 -0.527344
1.778320 -2.373047
1.605469 -0.516602
-1.177734 1.170898
3.116211 -0.556641
-1.188477 3.417969
1.116211 0.466797
-0.649414 -0.978516
0.411133 -0.384766
1.969727 -1.720703
0.672852 0.000977
-0.532227 -0.202148
1.888672 -0.386719
-1.896484 1.158203
-3.050781 -0.493164
2.958984 0.790039
0.798828 -0.231445
-0.472656 0.192383
0.735352 0.946289
0.002930 -1.227539
1.922852 -3.983398
3.104492 -1.040039
-0.541992 1.044922
-1.149414 1.080078
0.138672 -2.854492
1.822266 0.178711
-1.693359 0.024414
1.382812 1.383789
-3.575195 2.123047
0.823242 2.054688
-0.940430 -3.103516
-2.213867 0.939453
0.665039 0.160156
-0.307617 1.195312
-1.102539 -0.474609
0.368164 -0.714844
0.258789 2.798828
-0.418945 0.859375
-0.929688 0.586914
2.730469 -2.112305
-0.945312 -1.973633
-1.101562 0.811523
0.031250 -1.461914
1.451172 0.301758
-2.921875 -2.899414
-1.408203 -1.698242
-2.340820 0.963867
-0.301758 -0.674805
-2.095703 0.115234
2.070312 -0.541016
-0.211914 -1.284180
-1.043945 -0.438477
0.095703 0.824219
1.863281 -1.320312
0.535156 1.121094
-2.308594 1.769531
-0.796875 -0.775391
1.929688 1.220703
3.774414 -0.328125
-0.596680 -1.308594
-2.469727 1.746094
-0.743164 0.195312
-0.014648 -0.599609
-1.752930 0.847656
1.011719 0.133789
0.814453 -0.217773
0.559570 -1.095703
0.764648 -2.757812
2.034180 -1.025391
-2.456055 -1.546875
-0.442383 -0.393555
-1.936523 1.659180
-2.860352 -0.370117
-1.604492 -1.043945
1.846680 1.942383
0.952148 -0.809570
0.462891 -1.236328
-0.316406 0.541016
-2.121094 -3.101562
-0.597656 -1.589844
-1.929688 -1.300781
1.507812 -0.011719
-1.281250 0.676758
-0.679688 0.063477
-1.828125 -0.149414
-0.164062 0.182617
3.046875 0.097656
-1.820312 -2.769531
-2.796875 0.763672
-1.234375 1.111328
-0.582031 2.232422
1.322266 -1.046875
1.558594 -0.142578
1.728516 1.144531
-0.397461 1.072266
-1.311523 1.978516
-1.282227 1.808594
0.163086 -1.648438
-0.849609 1.186523
-2.625000 0.663086
0.877930 -2.617188
-2.911133 1.099609
-1.158203 -1.615234
-1.857422 2.865234
1.531250 -0.546875
1.042969 -0.964844
2.042969 -2.195312
0.740234 0.621094
0.491211 3.231445
0.256836 -1.688477
-1.246094 -3.095703
0.304688 -1.818359
2.046875 0.935547
1.339844 -2.275391
3.035156 -0.077148
-0.638672 -1.473633
-0.625000 -0.766602
-1.208984 -0.510742
-1.064453 1.685547
1.115234 2.292969
1.426758 0.397461
-1.188477 -0.571289
-1.343750 3.792969
-2.572266 -1.166016
-0.556641 -4.410156
0.617188 0.845703
0.840820 0.481445
0.547852 0.514648
1.277344 -1.804688
-0.513672 0.269531
2.458984 -1.301758
1.519531 0.706055
1.407227 -2.138672
1.223633 -1.023438
-1.555664 1.134766
0.264648 -1.353516
0.762695 -1.677734
-0.006836 -0.369141
0.055664 -3.290039
-0.897461 1.743164
0.097656 0.126953
1.681641 1.056641
-1.480469 1.638672
0.548828 -0.257812
0.267578 2.220703
0.390625 2.656250
1.146484 -1.569336
0.177734 2.418945
2.234375 0.092773
-0.562500 1.534180
0.046875 -3.755859
-0.242188 -0.736328
1.281250 -0.214844
2.050781 0.585938
0.918945 -1.558594
1.991211 -1.005859
-1.874023 1.056641
-1.696289 2.238281
-2.269531 1.701172
-0.830078 -1.863281
-3.207031 -0.460938
0.939453 0.658203
1.629883 -0.673828
0.584961 -1.087891
0.822266 0.172852
0.994141 -1.602539
0.720703 1.690430
-1.955078 -3.196289
0.437500 -1.559570
-1.832031 -0.352539
0.808594 1.242188
-2.179688 2.718750
0.210938 0.578125
-1.660156 -2.292969
-1.037109 -1.917969
-0.287109 -3.130859
-1.627930 0.536133
-0.735352 1.180664
0.744141 0.632812
-1.101562 -0.685547
2.218750 -0.246094
-1.771484 0.478516
1.541992 0.089844
-1.588867 3.021484
-1.047852 1.369141
1.325195 1.703125
3.642578 0.755859
0.306641 -0.419922
1.537109 -1.107422
-2.845703 1.755859
1.331055 3.551758
-0.127930 -0.235352
-0.584961 1.477539
1.616211 1.256836
0.656250 -0.514648
-0.837891 1.124023
0.306641 -1.776367
-0.621094 -1.297852
0.182617 -0.301758
-0.393555 -0.075195
0.816406 2.191406
-0.828125 1.220703
0.236328 -0.509766
-1.324219 -1.791016
3.776367 -0.795898
-0.399414 -2.297852
-0.242188 2.060547
-0.494141 -0.521484
-1.825195 -0.719727
0.397461 -0.733398
-0.233398 0.423828
3.061523 -1.779297
-1.929688 1.071289
1.710938 0.081055
3.380859 0.571289
2.033203 -1.743164
0.508789 0.097656
-1.848633 0.542969
-0.243164 1.332031
-2.854492 -0.248047
0.618164 2.214844
-0.454102 -1.658203
-0.019531 -2.073242
-1.312500 1.270508
-2.490234 -1.581055
0.404297 -0.959961
-0.471680 -0.300781
-0.702148 0.220703
2.167969 2.547852
-1.240234 3.434570
2.290039 1.251953
-1.342773 -0.085938
-1.091797 -0.311523
-0.664062 -1.010742
-2.737305 -0.460938
-2.553711 -1.142578
-0.767578 4.133789
2.343750 0.977539
-0.571289 -1.716797
-0.223633 2.613281
-0.533203 0.219727
-0.753906 0.532227
1.331055 1.776367
0.348633 -0.295898
0.077148 0.922852
1.532227 0.405273
-1.872070 1.122070
0.928711 -2.881836
-0.723633 -0.883789
-1.153320 -0.868164
0.184570 -2.249023
-3.704102 0.666992
-2.692383 0.159180
-0.143555 -2.073242
-2.229492 -0.482422
-1.096680 -1.298828
2.139648 -0.199219
0.491211 -1.070312
-1.192383 -1.311523
-1.684570 1.354492
1.074219 -1.750000
-0.642578 1.140625
2.682617 -0.566406
0.071289 -0.279297
-1.434570 1.236328
0.790039 -0.636719
2.323242 0.470703
2.411133 -1.671875
0.018555 1.994141
-1.557617 -1.019531
-0.317383 0.654297
-2.805664 0.113281
-0.966797 -0.833008
0.285156 0.526367
1.830078 1.441406
-1.511719 -0.908203
-2.767578 -0.056641
1.339844 2.257812
-0.982422 0.447266
-0.916016 1.429688
-1.420898 -0.446289
-2.645508 0.553711
2.356445 -0.906250
-2.969727 0.980469
-0.460938 1.842773
0.457031 1.450195
-0.824219 -0.002930
-3.572266 1.135742
0.728516 1.178711
-2.296875 -0.241211
-1.302734 -1.052734
-0.818359 0.320312
-0.465820 0.625977
0.231445 -0.272461
-0.461914 -1.862305
0.875977 -1.657227
0.815430 2.270508
1.790039 0.768555
-3.652344 -0.621094
-1.636719 2.275391
1.061523 -1.592773
-2.729492 0.137695
-0.140625 -2.213867
-1.210938 0.124023
0.012695 -0.550781
1.612305 2.308594
0.613281 0.779297
2.472656 -1.732422
-0.156250 -0.648438
-0.773438 -1.347656
1.436523 -2.686523
-2.489258 -1.186523
-0.719727 0.010742
-1.086914 0.569336
3.208984 -0.544922
0.134766 2.351562
-1.243164 3.389648
1.231445 0.850586
-1.357422 -0.322266
1.173828 -1.986328
-3.177734 -0.392578
-0.259766 1.845703
-1.216797 -1.958984
-2.060547 0.089844
-0.391602 0.434570
0.438477 1.391602
0.325195 -0.237305
-1.977539 0.375977
-1.375000 -1.115234
-0.531250 0.871094
0.756836 2.340820
0.569336 -0.641602
0.804688 -1.001953
-2.298828 -1.107422
1.875000 1.836914
0.023438 3.233398
-1.776367 -0.205078
-0.329102 1.517578
-0.148438 -0.532227
-0.943359 -0.661133
-0.549805 -0.699219
-0.522461 -0.826172
-0.842773 -2.172852
-2.936523 1.879883
2.789062 2.994141
-2.017578 0.712891
0.166016 -1.079102
-0.107422 2.432617
1.390625 0.426758
-0.957031 0.563477
3.245117 0.611328
2.446289 1.033203
0.222656 0.848633
0.050781 0.795898
0.670898 -0.931641
-4.127930 1.130859
0.148438 -0.358398
1.003906 0.112305
3.255859 1.127930
0.804688 -1.963867
-1.037109 -1.293945
-0.164062 1.747070
-0.504883 -0.049805
0.823242 1.729492
0.691406 1.390625
-1.388672 -0.324219
-2.488281 1.049805
2.488281 0.948242
1.248047 -0.444336
-0.876953 2.184570
0.822266 0.485352
1.503906 -4.374023
-0.204102 0.384766
-1.434570 0.417969
-0.853516 -0.481445
-0.396484 0.196289
-3.661133 0.140625
-0.983398 2.996094
1.163086 1.566406
0.081055 2.882812
-0.114258 0.083984
-1.227539 1.529297
0.356445 1.200195
0.258789 0.536133
0.155273 0.049805
-2.329102 -2.149414
-1.707031 -1.762695
1.210938 1.997070
2.313477 -2.410156
1.342773 -0.726562
-0.186523 -0.475586
1.717773 2.336914
-1.130859 0.035156
2.376953 1.552734
-0.523438 -0.214844
1.896484 -0.453125
-1.348633 -1.288086
2.377930 -1.567383
-0.573242 2.024414
3.907227 2.424805
0.158203 -0.623047
0.144531 -0.966797
-0.105469 -0.115234
-1.291016 0.166016
-1.569336 -0.260742
2.418945 -0.340820
0.109375 -2.518555
-1.677734 -1.682617
2.331055 -1.013672
-1.801758 -1.019531
1.120117 0.490234
2.485352 -0.638672
0.671875 2.479492
2.292969 0.684570
0.321289 0.974609
0.629883 0.751953
-1.545898 -0.160156
0.004883 1.738281
0.846680 0.206055
-0.483398 1.639648
-0.195312 -1.583984
3.750000 0.644531
-0.808594 1.831055
-1.734375 1.028320
-1.723633 0.835938
0.973633 -3.562500
0.143555 -0.058594
0.075195 3.464844
1.623047 -0.913086
-1.623047 1.096680
0.140625 -0.679688
-1.873047 -0.154297
1.576172 -3.435547
-0.632812 1.132812
-1.472656 -0.577148
-1.539062 2.149414
-0.019531 -0.047852
-0.078125 -1.129883
-1.644531 1.377930
-1.558594 -0.959961
-0.344727 -3.820312
-0.381836 -1.691406
-1.022461 0.270508
-0.114258 1.014648
0.690430 0.741211
-2.014648 0.969727
-0.772461 1.858398
-1.151367 0.499023
-0.702148 -0.502930
-0.874023 1.571289
0.481445 -1.201172
-2.192383 2.236328
-0.560547 2.336914
-1.009766 -0.516602
-0.595703 1.426758
-1.759766 -2.690430
3.736328 -1.034180
1.751953 -1.276367
0.919922 -0.005859
-0.357422 -1.353516
0.048828 -0.359375
-1.521484 -1.394531
-0.121094 2.151367
-2.699219 0.747070
1.571289 -0.070312
1.971680 0.050781
-0.586914 1.821289
1.405273 -1.131836
1.301758 -2.329102
1.618164 0.877930
1.018555 0.924805
0.465820 2.397461
-2.027344 1.330078
2.476562 0.371094
-0.845703 -1.502930
-0.437500 0.002930
-0.119141 0.491211
1.218750 0.813477
-2.517578 1.090820
0.888672 0.291992
-2.172852 0.187500
-2.854492 -2.453125
-0.306641 1.086914
-1.777344 0.278320
-1.315430 2.634766
-0.295898 -1.535156
1.484375 0.799805
-1.988281 3.520508
1.331055 0.820312
1.727539 -2.074219
-2.261719 1.038086
-2.626953 -0.264648
-0.136719 -0.004883
-1.939453 0.399414
1.550781 2.116211
-2.107422 -0.715820
-0.499023 -0.078125
0.852539 -1.294922
-1.118164 -0.400391
-1.030273 0.224609
1.355469 -1.594727
-2.449219 -0.741211
-0.045898 -1.338867
-1.901367 0.973633
0.145508 -0.438477
4.856445 -2.317383
0.087891 -1.748047
-0.205078 -0.015625
1.678711 0.358398
0.868164 0.663086
-1.089844 -1.324219
1.291016 -0.125000
-0.942383 -1.040039
-1.704102 1.997070
-1.654297 3.347656
1.488281 0.091797
-0.337891 1.000000
-0.058594 -1.205078
-0.311523 1.523438
-0.866211 -0.167969
-2.532227 -1.445312
-2.801758 2.902344
1.020508 -3.845703
2.553711 -0.599609
-0.496094 -1.217773
2.996094 2.909180
-0.788086 -0.190430
0.225586 -1.383789
1.084961 0.075195
-0.467773 -1.051758
-0.833984 1.662109
0.261719 -1.074219
0.673828 0.955078
2.589844 -0.902344
-1.015625 0.462891
0.703125 -0.714844
-0.543945 -1.088867
-3.213867 0.551758
-0.792969 0.626953
0.871094 -0.380859
0.517578 -0.033203
-0.189453 0.951172
-2.232422 2.662109
-0.818359 -0.046875
4.635742 1.323242
-0.819336 1.791992
-1.564453 -0.518555
0.359375 -0.291992
-0.395508 1.277344
-1.536133 2.185547
0.747070 -2.398438
-2.565430 -1.466797
-1.437500 1.508789
-0.326172 -1.225586
-1.795898 -1.070312
1.465820 -0.208984
-2.093750 0.618164
-1.333984 0.583008
-0.254883 1.707031
-0.211914 0.005859
-1.240234 0.268555
-1.167969 -1.731445
2.052734 2.201172
-1.509766 1.201172
3.335938 0.589844
0.410156 2.203125
-0.911133 0.148438
-0.633789 2.402344
1.569336 -0.785156
-2.981445 -0.996094
0.438477 3.699219
0.561523 -0.441406
-2.654297 -0.059570
-1.580078 0.114258
-0.568359 -0.017578
0.556641 1.335938
-1.692383 1.145508
-1.694336 0.434570
-1.363281 1.808594
1.333984 -2.267578
-0.179688 0.441406
-2.462891 2.244141
1.161133 -0.640625
0.944336 0.183594
1.236328 -0.690430
-1.490234 -2.227539
-2.782227 -1.547852
-0.116211 1.563477
-1.491211 -1.364258
1.936523 1.348633
0.266602 -0.355469
-2.157227 1.382812
0.427734 0.260742
-1.904297 -1.717773
0.275391 -1.794922
-0.894531 0.257812
-2.660156 0.347656
-0.408203 0.853516
1.515625 2.744141
-1.029297 3.695312
0.992188 -0.761719
1.435547 0.630859
-0.284180 -0.935547
-1.342773 0.957031
-0.416016 -1.096680
-1.425781 0.590820
0.845703 -0.137695
0.847656 -0.444336
-0.894531 1.983398
1.888672 4.735352
0.350586 -0.333008
1.641602 1.711914
-0.586914 1.155273
2.180664 -3.081055
2.515625 -1.428711
-1.244141 -0.372070
-0.679688 2.538086
1.697266 -0.549805
3.485352 0.301758
0.100586 -0.122070
-0.252930 1.952148
0.686523 -1.850586
0.320312 -1.141602
0.214844 -0.754883
0.673828 1.163086
0.994141 1.256836
0.757812 1.740234
-1.019531 4.812500
-0.489258 -1.700195
-1.749023 1.674805
-0.216797 -0.564453
0.330078 -0.330078
-0.134766 3.103516
2.060547 -1.623047
-1.035156 -3.196289
-1.064453 0.471680
-0.815430 1.484375
1.641602 -1.177734
0.174805 -1.135742
0.260742 0.803711
2.462891 0.400391
1.738281 2.521484
-1.435547 0.789062
0.599609 1.156250
-1.017578 -1.605469
0.244141 3.492188
0.514648 1.244141
1.163086 2.937500
-2.619141 -1.141602
-0.832031 0.815430
-1.050781 1.570312
-2.113281 2.386719
-0.431641 1.199219
1.294922 0.417969
2.737305 1.743164
0.458008 -0.043945
0.043945 -0.583008
0.217773 -0.881836
0.960938 2.578125
-2.763672 -0.607422
-0.156250 -1.417969
-1.439453 -0.244141
-3.122070 -0.297852
-0.327148 0.793945
-0.333008 -2.161133
0.696289 1.997070
0.116211 0.000000
-1.823242 1.763672
0.579102 -1.193359
1.506836 -3.257812
-0.135742 -1.622070
-0.268555 -1.579102
1.313477 -0.760742
-0.811523 1.313477
3.283203 0.182617
0.650391 -2.973633
3.175781 2.063477
-0.628906 -2.401367
-0.014648 1.045898
-1.221680 0.223633
1.636719 2.718750
-0.236328 0.378906
-0.474609 2.343750
1.027344 2.746094
-2.600586 1.500977
0.633789 0.096680
-3.407227 -2.083008
-1.141602 0.645508
-1.406250 -0.837891
-0.025391 2.107422
1.125000 -1.417969
-2.898438 -0.332031
0.132812 0.482422
2.011719 1.744141
0.086914 -0.478516
0.295898 0.957031
0.627930 -0.480469
-0.967773 0.314453
-0.397461 -1.253906
0.661133 -1.513672
1.705078 3.991211
-1.464844 -0.711914
2.143555 1.145508
1.401367 -1.565430
0.905273 -0.122070
2.221680 0.116211
1.016602 -0.939453
-0.948242 2.527344
-0.791016 1.438477
-2.656250 1.028320
-0.933594 1.463867
-0.007812 -0.032227
2.935547 0.655273
0.611328 0.409180
-0.849609 -0.792969
2.302734 1.119141
-1.817383 -1.018555
-2.924805 1.118164
1.541016 -0.247070
0.146484 0.692383
-0.659180 -1.951172
2.487305 1.955078
0.004883 0.824219
2.106445 0.376953
1.826172 1.084961
3.613281 0.272461
-2.216797 0.274414
-0.320312 1.125977
-0.450195 0.509766
2.909180 1.359375
1.347656 0.121094
0.173828 0.294922
2.501953 -0.330078
2.109375 0.898438
0.386719 -0.067383
-0.722656 1.823242
-0.697266 -0.979492
1.037109 -0.409180
0.589844 1.008789
2.314453 -4.137695
0.697266 -0.680664
-0.058594 0.715820
-1.428711 -1.259766
-0.374023 2.734375
0.478516 -3.272461
-0.625000 -1.225586
-1.248047 -0.752930
1.498047 -3.842773
-0.150391 -0.735352
-0.001953 2.924805
-0.113281 2.840820
1.388672 -1.741211
1.352539 0.601562
-1.045898 1.501953
-0.508789 1.843750
-0.868164 3.328125
-0.411133 -0.871094
-1.301758 1.734375
-0.820312 1.913086
-0.447266 -0.184570
-0.684570 -0.380859
-0.997070 -1.386719
-1.712891 -1.785156
0.498047 2.845703
-3.092773 0.461914
-1.403320 -0.991211
1.682617 -1.592773
-0.362305 0.666992
-0.682617 0.897461
-0.930664 0.887695
1.251953 -0.898438
-1.931641 -2.921875
-2.216797 0.810547
0.908203 -0.083984
2.454102 -1.664062
0.641602 -0.080078
-0.669922 0.002930
0.570312 -1.696289
-0.737305 -3.456055
-0.608398 0.510742
0.347656 -2.025391
1.771484 1.951172
-0.830078 0.913086
-0.578125 2.356445
0.156250 -1.807617
1.080078 1.752930
0.823242 -0.149414
0.852539 1.264648
0.308594 3.003906
1.199219 2.306641
3.908203 -0.334961
0.263672 0.368164
0.703125 1.459961
-0.941406 -0.368164
-0.150391 1.612305
-3.091797 0.293945
0.854492 -1.001953
2.379883 2.060547
1.848633 2.628906
1.041992 -1.347656
-0.625000 0.973633
3.136719 -0.086914
-1.722656 1.070312
0.210938 0.705078
0.348633 -1.627930
-2.067383 -0.592773
2.334961 -0.571289
-0.184570 -0.932617
-0.296875 0.091797
2.087891 1.412109
-1.390625 2.190430
0.761719 -1.157227
-0.392578 -0.262695
-0.220703 0.635742
0.233398 1.166016
2.780273 1.542969
-2.066406 1.293945
-1.064453 1.610352
1.097656 -3.021484
0.757812 -1.041016
1.265625 -0.285156
0.000000 1.570312
1.736328 0.222656
-0.160156 -1.027344
-0.584961 -0.067383
2.075195 4.391602
1.461914 -0.597656
-0.311523 -0.699219
-1.215820 -0.101562
2.331055 1.488281
-1.735352 0.336914
1.491211 -1.196289
0.658203 0.869141
2.312500 -0.568359
0.423828 -2.061523
-0.847656 -0.401367
-0.885742 1.648438
-2.120117 1.177734
-0.550781 1.137695
3.613281 0.684570
2.857422 1.342773
-2.529297 2.874023
0.717773 -2.232422
0.397461 -0.691406
-0.931641 0.176758
1.890625 0.418945
-0.659180 -0.985352
0.569336 0.153320
0.567383 -2.278320
-3.098633 0.641602
-1.652344 -1.063477
-2.837891 1.719727
-0.458984 -1.592773
-1.570312 0.854492
-0.602539 0.678711
-0.155273 2.247070
-1.057617 0.235352
2.776367 -3.266602
-1.943359 -0.832031
0.615234 -0.982422
0.633789 -3.709961
0.823242 -0.768555
0.252930 0.981445
1.030273 0.407227
-0.846680 -0.809570
-1.135742 -0.797852
-2.580078 0.679688
0.386719 2.470703
-2.435547 -0.425781
0.796875 0.103516
-2.327148 2.106445
-0.577148 -2.930664
0.820312 -0.986328
-0.076172 -0.751953
-0.472656 1.365234
-0.927734 0.564453
0.166992 -0.575195
1.983398 -0.768555
-0.185547 2.145508
-1.146484 -0.752930
-1.267578 -0.198242
2.537109 -1.116211
-0.682617 -3.646484
-1.274414 0.453125
-3.358398 -2.748047
0.315430 -0.035156
0.937500 0.124023
1.101562 -1.635742
-1.709961 1.425781
-0.231445 1.089844
1.060547 -1.008789
0.982422 -1.897461
-3.155273 1.792969
1.733398 -1.277344
-2.459961 -2.342773
1.313477 -0.877930
1.674805 0.381836
0.217773 -0.840820
-1.270508 -1.208984
1.159180 -2.832031
1.451172 -0.290039
-1.035156 0.772461
-1.385742 -0.627930
0.293945 2.291992
-3.044922 0.765625
-2.062500 0.511719
-0.539062 -0.933594
2.070312 -0.734375
3.841797 -0.402344
-2.568359 -0.984375
0.759766 -1.648438
0.884766 -0.214844
1.126953 -1.859375
0.408203 0.113281
0.693359 -1.145508
-1.544922 0.370117
1.982422 1.483398
1.302734 2.319336
-0.334961 0.270508
0.862305 1.038086
-2.485352 -3.006836
-1.053711 -0.711914
-1.595703 -2.031250
-1.439453 -0.791016
0.844727 0.540039
-1.063477 -0.092773
-0.487305 0.347656
0.327148 -0.285156
-2.021484 1.583008
-1.126953 2.538086
-0.119141 -0.447266
2.107422 -2.435547
-2.175781 -2.361328
-0.078125 -0.037109
-2.358398 -1.335938
1.752930 -0.742188
1.714844 2.340820
-1.359375 -0.961914
-0.048828 -2.041016
1.671875 -0.927734
-2.967773 -1.174805
1.606445 3.706055
0.029297 0.354492
0.197266 0.795898
1.136719 3.272461
-0.632812 1.166992
0.634766 -0.509766
1.552734 -0.195312
1.211914 -0.161133
-0.856445 -2.696289
0.788086 0.921875
0.258789 0.855469
2.775391 1.858398
0.310547 -1.229492
1.022461 -0.824219
-1.866211 -1.001953
-0.920898 0.654297
-0.696289 0.714844
1.660156 -1.036133
1.953125 1.026367
1.892578 0.999023
-2.748047 -0.493164
1.548828 -1.368164
0.240234 -0.311523
0.104492 3.238281
3.305664 1.578125
-0.398438 -0.746094
-0.927734 1.580078
-1.478516 1.275391
3.007812 1.152344
-0.575195 -2.872070
-1.836914 0.633789
-2.326172 0.228516
-2.109375 1.244141
1.358398 1.688477
0.430664 0.493164
-3.191406 3.007812
1.621094 1.611328
-0.336914 -1.083984
0.766602 1.214844
0.141602 0.835938
-0.508789 -1.216797
3.013672 -1.545898
-0.894531 -0.274414
-0.972656 0.727539
-1.123047 1.288086
-0.661133 4.202148
0.983398 -0.377930
-0.517578 0.753906
-1.781250 0.589844
1.625977 -0.885742
0.926758 -0.799805
1.303711 2.272461
-1.286133 -0.196289
-2.083984 -0.060547
0.330078 2.089844
-0.713867 -1.741211
-0.071289 -1.069336
0.059570 -1.397461
-3.381836 0.899414
2.059570 0.594727
-1.073242 -0.518555
-0.687500 -2.336914
0.818359 -2.387695
-2.801758 1.435547
0.151367 0.062500
1.418945 0.452148
0.282227 -0.467773
2.277344 2.498047
-0.708984 0.673828
1.298828 -3.212891
1.990234 2.617188
0.631836 -1.118164
-0.166992 -1.817383
0.434570 -1.056641
0.641602 0.876953
1.524414 -1.458984
0.567383 -0.634766
1.281250 -1.362305
-0.109375 1.243164
-2.501953 -0.526367
0.544922 0.965820
-2.682617 -1.088867
0.715820 -0.127930
0.336914 0.452148
-2.604492 1.749023
-1.057617 -1.347656
1.639648 0.097656
2.531250 2.749023
0.160156 2.946289
0.730469 1.255859
-0.748047 0.021484
-1.741211 1.395508
-1.616211 -1.676758
-2.452148 -2.857422
0.422852 -1.837891
1.053711 1.070312
0.268555 0.601562
-0.062500 -1.293945
-0.593750 -2.399414
-1.433594 -0.209961
1.593750 -0.327148
2.293945 -0.064453
-0.014648 -0.634766
2.948242 -0.755859
1.131836 -2.451172
1.425781 3.450195
-0.978516 -0.604492
0.936523 1.404297
-1.309570 -0.523438
1.287109 -0.437500
0.138672 -3.488281
-0.449219 -0.568359
-0.832031 1.279297
-1.820312 0.690430
-2.750000 -0.549805
1.092773 2.513672
-2.569336 0.740234
-1.769531 -1.550781
1.138672 0.427734
2.599609 3.025391
-2.601562 0.433594
0.563477 -0.247070
1.581055 1.213867
-0.410156 0.208984
-2.148438 1.089844
-0.445312 -0.843750
-0.742188 -0.564453
0.668945 -2.739258
1.112305 0.803711
-3.619141 0.837891
0.703125 3.052734
1.307617 1.038086
2.155273 -1.163086
-1.063477 -1.034180
0.704102 1.870117
0.254883 -0.028320
-3.262695 -0.690430
-1.233398 3.615234
-1.571289 1.117188
0.276367 1.677734
-0.245117 0.546875
0.282227 1.062500
-0.495117 0.082031
-1.913086 -1.240234
-0.041992 0.470703
-3.744141 1.280273
0.859375 0.864258
0.830078 -1.436523
-1.183594 0.049805
-0.644531 -1.691406
1.605469 -0.359375
0.275391 0.972656
1.275391 1.453125
-2.044922 -2.824219
-1.566406 -0.126953
-2.076172 -1.232422
2.738281 -1.664062
2.265625 -0.708008
1.103516 0.592773
0.987305 -1.871094
-0.934570 2.595703
-0.298828 0.517578
-0.392578 -2.019531
1.153320 1.520508
3.565430 0.254883
-1.411133 1.873047
1.180664 -1.134766
-0.345703 -0.997070
-2.099609 0.309570
0.291016 -1.574219
-0.380859 -0.009766
1.569336 -4.096680
1.649414 -0.139648
-0.806641 -1.768555
-1.228516 3.614258
0.044922 1.075195
1.291016 -2.022461
-0.472656 -2.312500
-1.058594 0.853516
1.487305 0.370117
-0.131836 1.284180
0.497070 3.954102
-0.979492 1.674805
-0.431641 2.382812
0.351562 -1.941406
-0.696289 0.719727
-0.823242 -0.983398
-2.093750 0.062500
-2.867188 -0.419922
0.611328 0.634766
-1.257812 2.289062
2.443359 -2.199219
-2.003906 -1.076172
-0.443359 2.526367
-0.167969 0.342773
1.235352 1.623047
-1.041992 1.925781
-1.167969 -1.219727
-0.291016 -2.299805
0.511719 3.200195
-1.869141 -2.290039
-1.417969 0.467773
-0.654297 -1.477539
-1.934570 1.511719
0.291992 1.615234
0.453125 -0.355469
-0.777344 2.265625
0.361328 0.005859
-0.458984 -1.763672
-2.083008 2.226562
3.944336 0.855469
0.026367 2.695312
-1.129883 1.058594
-1.914062 2.179688
-0.988281 2.570312
-0.601562 -2.736328
0.414062 0.916016
-2.897461 0.015625
0.104492 -0.628906
1.091797 -2.168945
-0.810547 -0.499023
0.019531 1.771484
-0.548828 0.687500
-1.023438 -0.099609
-2.712891 0.218750
1.417969 -0.056641
-1.726562 0.824219
0.258789 1.934570
-3.141602 0.633789
-1.975586 0.426758
-1.608398 -1.569336
2.182617 1.409180
-1.637695 -2.637695
-0.259766 0.490234
2.013672 -1.021484
-0.195312 1.869141
1.628906 2.197266
-1.008789 2.392578
0.639648 0.693359
-1.028320 -3.818359
-2.915039 0.681641
-1.886719 0.829102
0.560547 0.686523
-2.861328 -1.891602
1.378906 0.176758
-0.001953 -0.052734
-0.009766 1.078125
0.799805 -0.471680
0.879883 -0.120117
-1.471680 -1.497070
1.106445 0.014648
-1.303711 -0.463867
-0.874023 -3.139648
-3.574219 0.780273
-0.986328 2.432617
-0.475586 0.050781
-1.698242 -3.072266
0.423828 0.592773
-0.826172 1.333008
0.752930 -0.560547
-1.002930 -1.236328
-1.396484 -0.539062
2.494141 0.228516
3.223633 0.567383
-0.922852 2.016602
-0.172852 0.236328
-0.672852 0.126953
-2.038086 -0.087891
-0.764648 2.912109
2.737305 -0.932617
-1.198242 -0.950195
-0.688477 -2.782227
-0.206055 -1.245117
-1.018555 -1.523438
0.288086 0.115234
1.274414 0.242188
0.202148 1.376953
-1.541992 -1.886719
-0.215820 0.304688
-0.261719 0.129883
-1.503906 -2.458008
-0.599609 1.958984
-2.613281 1.921875
-1.808594 0.880859
2.951172 -2.054688
0.242188 -2.240234
1.714844 0.187500
2.518555 -0.116211
1.922852 1.477539
-0.510742 -1.130859
-1.006836 0.238281
0.947266 -2.653320
1.394531 3.487305
0.938477 0.595703
-0.002930 -1.357422
-1.036133 1.634766
-2.641602 1.947266
-0.438477 1.849609
1.770508 0.056641
0.388672 -0.971680
0.544922 2.885742
-1.877930 -3.753906
-3.014648 -0.505859
-1.173828 -0.752930
-0.453125 -0.608398
-1.182617 0.510742
-0.782227 -1.444336
-1.860352 1.999023
2.872070 0.137695
-1.695312 1.874023
1.601562 -2.041992
0.745117 0.470703
-0.577148 -0.900391
-2.673828 -0.762695
0.158203 -0.881836
0.243164 1.017578
1.674805 1.490234
0.920898 -0.214844
-1.165039 2.607422
-1.095703 -1.483398
-1.476562 -0.190430
-1.778320 -2.574219
1.499023 0.634766
-0.158203 -1.278320
-2.699219 -2.887695
0.093750 -2.136719
1.345703 -1.343750
-0.813477 -0.709961
-1.344727 0.967773
0.093750 2.621094
-0.343750 -1.306641
0.749023 1.338867
-1.077148 -0.477539
1.573242 0.017578
-0.518555 -0.322266
0.441406 -1.608398
-2.285156 -1.469727
-1.267578 1.130859
2.607422 0.548828
-0.984375 -0.189453
-0.628906 0.400391
-0.889648 1.727539
0.622070 2.959961
0.439453 -0.632812
3.042969 1.812500
-0.816406 -1.544922
2.177734 1.837891
0.161133 -0.844727
0.856445 0.672852
-0.620117 -1.048828
-2.848633 0.349609
-2.382812 1.577148
-0.515625 2.360352
-0.545898 1.300781
0.235352 0.224609
-0.908203 -4.965820
0.308594 0.538086
-0.785156 -1.376953
0.984375 -1.078125
0.370117 -1.536133
-0.342773 -0.372070
-1.738281 -1.992188
1.779297 0.236328
0.078125 0.462891
0.216797 -1.691406
0.018555 -1.531250
2.065430 1.261719
2.104492 1.277344
2.678711 -0.390625
-2.451172 1.379883
0.011719 -0.194336
1.141602 -0.058594
1.700195 -1.728516
2.216797 -0.933594
0.343750 0.703125
-1.463867 -1.354492
1.555664 -1.422852
-2.002930 2.070312
-0.604492 -2.214844
-0.208008 -3.025391
0.170898 0.396484
-1.951172 2.833008
-3.052734 -0.434570
1.092773 -0.808594
-2.331055 -1.921875
-0.684570 -0.859375
0.440430 0.119141
-0.121094 0.545898
-0.513672 0.885742
1.961914 -2.450195
-2.754883 -0.459961
-1.690430 1.299805
-0.676758 -1.495117
2.585938 -1.881836
-1.744141 -0.795898
1.102539 -0.275391
1.559570 0.042969
-0.606445 -2.315430
0.518555 -2.096680
0.250977 0.030273
-0.694336 -1.434570
-0.410156 -0.410156
-1.519531 0.748047
1.930664 1.536133
-1.297852 -1.014648
0.478516 1.107422
-0.240234 -4.033203
1.744141 -0.041016
1.146484 -0.763672
3.449219 1.353516
0.660156 1.328125
-1.717773 0.567383
0.448242 -0.307617
0.358398 0.028320
1.502930 1.418945
-1.233398 0.485352
2.958008 -1.116211
-0.897461 1.112305
1.202148 -1.096680
0.977539 0.086914
1.311523 -0.301758
0.458008 -0.721680
-0.356445 -0.579102
0.233398 0.469727
-2.471680 0.893555
-0.940430 -4.514648
3.254883 -2.002930
1.170898 -1.022461
-0.059570 0.676758
0.621094 -1.750000
2.623047 -0.246094
1.815430 -1.229492
0.975586 0.334961
-1.009766 0.797852
1.255859 1.084961
0.250977 -0.207031
-0.247070 1.722656
1.581055 -0.105469
-1.459961 1.689453
-1.084961 -0.306641
0.354492 1.925781
-0.768555 0.747070
4.133789 0.958008
-3.112305 1.147461
-0.932617 1.151367
-1.756836 0.115234
1.602539 -2.939453
-1.418945 -0.419922
-1.270508 -3.275391
-0.689453 0.479492
-0.609375 -1.942383
-0.661133 -0.312500
-0.915039 1.322266
-0.880859 -2.503906
0.107422 -1.925781
1.658203 1.945312
-0.826172 -0.886719
-0.423828 0.064453
0.681641 3.371094
-0.618164 -1.514648
-1.041992 1.989258
-0.362305 -0.745117
-0.838867 -0.528320
0.738281 -1.871094
0.068359 0.355469
-0.715820 2.511719
1.182617 -1.941406
-1.049805 -1.314453
1.258789 -1.123047
0.539062 -1.951172
-0.386719 1.011719
-4.208008 -3.168945
-1.745117 1.393555
-0.574219 0.375000
1.359375 2.437500
-0.541016 0.521484
-0.939453 -0.150391
-3.377930 -0.820312
0.022461 -0.855469
-1.527344 -0.891602
1.355469 -0.963867
-0.796875 0.246094
-0.869141 0.333984
1.175781 0.994141
-3.162109 1.480469
1.038086 -2.630859
-0.346680 0.707031
1.250977 -1.453125
-1.778320 -2.513672
-2.329102 -2.189453
0.928711 -1.242188
-0.074219 2.903320
0.990234 0.696289
1.370117 1.781250
-0.086914 -0.281250
-0.045898 -1.275391
-2.049805 0.064453
2.763672 0.583984
-1.666016 -1.429688
-1.528320 0.293945
0.024414 0.747070
-4.320312 1.936523
-1.080078 1.583008
-1.269531 1.291992
0.978516 1.208008
0.471680 -1.164062
-0.807617 -1.677734
-1.657227 -0.398438
1.282227 2.451172
-0.063477 0.314453
2.051758 0.333984
0.875000 -0.315430
0.710938 0.252930
1.065430 0.252930
0.495117 -0.364258
2.567383 2.532227
-0.256836 -2.975586
-1.657227 -0.448242
0.852539 -2.051758
3.020508 0.834961
0.725586 1.649414
-1.446289 -4.173828
-2.334961 -1.757812
0.536133 -2.347656
-0.063477 0.939453
-0.751953 -1.583008
-0.837891 -1.358398
0.905273 1.687500
0.500977 1.402344
-1.388672 -1.150391
0.908203 0.529297
0.621094 -3.564453
-1.503906 -1.107422
-0.381836 -2.267578
0.141602 -0.160156
2.408203 -0.805664
0.273438 0.147461
3.828125 2.813477
-0.781250 -2.541992
2.425781 1.709961
-1.695312 0.862305
-1.390625 0.096680
0.964844 1.782227
-2.268555 -1.058594
-0.825195 -4.179688
0.134766 0.736328
-1.361328 -0.519531
0.018555 1.286133
-1.452148 2.348633
2.150391 1.749023
-0.347656 -3.743164
-1.639648 -1.501953
0.977539 -2.738281
0.386719 0.693359
-1.236328 0.638672
0.954102 -1.204102
0.512695 -0.006836
-1.298828 -2.252930
0.185547 -0.600586
-2.976562 -0.854492
-1.406250 0.305664
-0.267578 -1.059570
-1.623047 1.059570
-1.643555 1.261719
2.963867 1.531250
1.622070 1.076172
-1.868164 -1.437500
-1.741211 2.648438
1.362305 1.177734
0.344727 1.506836
1.805664 -0.358398
-1.212891 0.404297
-1.664062 1.279297
0.571289 -0.378906
-0.458008 -2.855469
-3.529297 -0.999023
0.615234 -2.333008
-1.483398 -0.061523
-0.184570 1.375977
-0.103516 -1.375000
-1.865234 -0.541016
1.770508 1.878906
0.303711 1.119141
-0.815430 0.482422
0.241211 -0.531250
1.576172 -2.323242
-2.662109 -2.280273
-1.326172 -0.827148
2.208984 2.747070
1.155273 -1.141602
-2.733398 -1.344727
0.750000 -0.285156
1.101562 2.205078
2.428711 -2.762695
1.805664 0.524414
0.098633 0.383789
1.256836 -4.567383
-0.083008 -0.896484
-0.006836 0.458984
1.017578 -0.124023
-1.072266 -0.274414
-2.710938 0.747070
-0.343750 1.088867
1.098633 -1.695312
0.217773 -0.218750
0.755859 -1.533203
2.572266 0.578125
2.038086 -2.008789
0.407227 -1.266602
0.041992 -2.717773
-1.418945 1.651367
1.105469 1.117188
0.845703 3.160156
-0.383789 -1.536133
-0.428711 2.030273
0.480469 0.486328
1.113281 2.062500
-1.739258 2.809570
1.288086 0.067383
0.129883 0.518555
1.047852 -0.399414
1.546875 0.333008
-1.812500 -0.446289
2.520508 -2.972656
-0.094727 -0.453125
-0.650391 -0.272461
0.933594 -0.307617
-0.256836 -1.595703
2.735352 -1.636719
1.019531 0.502930
0.800781 1.202148
-0.623047 1.907227
1.423828 -0.088867
1.506836 -1.654297
-0.889648 -1.435547
-2.046875 2.635742
-1.316406 -2.670898
0.584961 -0.781250
-0.668945 2.238281
-1.627930 -1.470703
-2.061523 2.458984
0.201172 1.572266
-1.185547 -1.757812
-1.473633 -2.141602
0.059570 -1.274414
0.764648 1.365234
1.612305 -0.787109
-0.040039 -1.785156
-0.610352 0.746094
1.482422 1.618164
1.451172 2.643555
-0.680664 -0.750000
-2.338867 2.382812
2.300781 2.263672
1.226562 -1.236328
-0.226562 -0.296875
-0.125000 -1.230469
-1.799805 0.757812
-1.577148 3.957031
0.254883 0.921875
-0.327148 0.101562
0.662109 -2.201172
1.158203 0.285156
0.579102 3.422852
2.026367 -1.471680
0.186523 0.996094
-1.346680 -1.095703
1.817383 1.511719
2.092773 -0.986328
0.997070 0.470703
-1.401367 -0.718750
0.402344 0.747070
-3.427734 -0.221680
-0.213867 -0.283203
-0.895508 -0.996094
0.674805 -2.957031
3.497070 -1.654297
0.486328 -0.976562
2.134766 0.472656
-0.496094 0.261719
0.964844 0.187500
-0.792969 0.518555
0.878906 -1.198242
0.446289 -1.519531
1.307617 2.980469
1.848633 2.730469
0.670898 1.929688
-0.554688 0.870117
0.386719 -3.198242
0.382812 -1.560547
1.238281 1.972656
-0.348633 -0.215820
1.313477 -2.817383
-0.412109 0.486328
1.326172 -1.537109
-0.697266 0.736328
-0.185547 0.513672
-1.748047 -1.089844
0.539062 -3.527344
0.889648 -1.764648
-0.430664 -0.290039
-0.585938 -0.698242
-4.337891 -1.637695
0.076172 0.768555
1.679688 -0.366211
-1.183594 1.438477
0.796875 -0.047852
-1.862305 1.259766
-1.168945 0.798828
-1.988281 0.361328
2.914062 0.541016
-0.716797 0.886719
-0.591797 -2.046875
-0.060547 -1.673828
0.847656 -2.392578
-1.920898 0.053711
0.165039 -1.584961
0.121094 -1.674805
2.294922 0.217773
1.474609 0.655273
-1.183594 3.583008
1.604492 -0.111328
0.055664 -3.638672
0.904297 -1.434570
-0.068359 1.395508
-1.104492 0.925781
0.012695 -2.138672
1.125000 0.364258
0.142578 0.364258
-1.387695 2.007812
2.534180 0.519531
-1.036133 2.185547
-0.864258 1.619141
-0.227539 2.302734
1.295898 0.642578
-3.176758 -0.779297
1.147461 0.458984
0.356445 0.059570
1.209961 0.520508
0.167969 0.650391
-1.945312 2.324219
-0.434570 -0.897461
0.768555 -0.051758
0.275391 2.550781
-0.542969 0.855469
0.081055 1.164062
-0.780273 -2.136719
-1.744141 -2.774414
-3.587891 1.235352
0.045898 -1.374023
-0.118164 -0.221680
-1.700195 -1.323242
1.038086 -0.440430
0.063477 1.992188
0.055664 -0.013672
-0.062500 -0.198242
-0.150391 1.586914
0.632812 1.186523
1.705078 2.131836
1.653320 3.109375
-0.377930 1.064453
-2.173828 -3.433594
4.189453 -0.943359
2.018555 2.657227
-0.788086 1.918945
0.997070 0.053711
2.282227 1.272461
-0.416992 0.225586
-1.659180 1.190430
0.367188 0.627930
-0.248047 -1.588867
-0.951172 -0.936523
1.136719 -0.555664
-0.129883 -3.293945
-0.971680 2.434570
1.426758 -0.926758
2.854492 1.356445
0.277344 -2.517578
-0.552734 -0.763672
2.877930 -1.264648
0.553711 -2.637695
-2.445312 -2.277344
2.216797 0.271484
-0.142578 1.564453
-0.574219 0.160156
-0.326172 1.291016
-1.304688 2.060547
2.809570 0.782227
-0.741211 1.838867
1.606445 0.812500
-1.016602 -0.378906
2.294922 2.114258
0.208984 1.069336
-0.388672 -2.523438
-0.048828 -1.986328
1.719727 -0.581055
0.475586 2.762695
0.517578 -0.850586
-0.089844 0.411133
-0.704102 -0.591797
-2.356445 0.269531
-0.742188 1.844727
2.394531 2.668945
-0.603516 1.557617
2.708984 0.475586
-0.597656 0.858398
0.162109 0.379883
-1.710938 1.397461
-0.142578 -2.053711
0.309570 3.083984
1.225586 -1.330078
-2.457031 -1.928711
-1.976562 1.288086
0.572266 1.705078
0.076172 2.345703
-0.414062 0.449219
-3.140625 -2.675781
-0.253906 2.471680
-1.966797 0.649414
-0.251953 0.885742
-1.804688 -0.846680
-1.355469 -0.703125
-1.269531 3.804688
0.017578 -0.419922
-0.029297 0.716797
1.487305 1.688477
0.870117 -2.040039
0.158203 -2.050781
0.746094 -0.105469
0.766602 -2.337891
-0.547852 0.716797
1.894531 0.891602
1.425781 -0.368164
-2.086914 1.644531
-1.370117 -3.884766
0.297852 1.390625
-1.063477 0.541016
0.053711 -1.157227
0.139648 2.690430
0.770508 1.883789
-0.553711 -0.409180
-1.197266 1.244141
0.423828 2.132812
-2.401367 0.567383
-2.528320 -0.795898
-3.962891 -1.342773
-0.751953 -0.329102
1.415039 1.945312
-0.293945 2.488281
2.374023 -0.113281
-0.639648 1.144531
0.384766 1.104492
1.255859 -0.092773
0.934570 -0.575195
1.211914 1.137695
0.929688 -0.128906
2.091797 -0.093750
0.002930 0.000977
-0.329102 0.961914
-2.899414 0.602539
3.491211 -1.147461
0.675781 -2.306641
0.691406 0.839844
0.821289 0.805664
-2.434570 -2.788086
-0.267578 -1.926758
-2.578125 -1.545898
0.345703 -0.266602
2.472656 -0.163086
-0.274414 -0.574219
-0.243164 -2.267578
0.228516 -1.362305
0.308594 0.536133
3.744141 -1.132812
0.041016 1.812500
-0.433594 0.935547
1.882812 2.044922
-1.132812 -0.842773
-2.494141 -0.614258
-0.205078 1.680664
-0.152344 0.096680
-1.455078 2.346680
2.056641 1.489258
2.930664 1.519531
-0.508789 0.390625
0.763672 -0.316406
-0.910156 0.382812
1.633789 2.274414
1.793945 -2.411133
1.083984 -2.846680
0.720703 0.336914
0.083984 1.885742
1.384766 -0.172852
-2.329102 -0.681641
0.909180 -0.552734
-0.485352 0.771484
1.928711 -2.548828
1.190430 1.333008
-1.317383 1.229492
0.636719 0.117188
-0.525391 0.214844
0.161133 -2.297852
-2.086914 1.133789
2.995117 2.129883
2.231445 -0.903320
-0.667969 -1.621094
0.820312 -2.707031
0.375000 -0.251953
1.914062 -2.017578
0.002930 1.800781
1.633789 -1.337891
0.655273 0.785156
0.657227 -0.919922
0.031250 0.324219
-1.269531 -1.041016
0.043945 0.965820
-2.504883 -0.842773
3.157227 -1.011719
0.442383 -0.064453
0.390625 -0.506836
2.435547 -0.741211
-0.687500 3.802734
0.945312 -0.914062
0.149414 -4.575195
0.381836 -1.723633
-0.821289 -2.874023
2.391602 -0.321289
0.901367 0.416992
-2.100586 -0.213867
0.506836 -1.170898
0.561523 0.782227
-0.813477 -2.409180
-0.821289 -0.006836
-0.728516 -0.681641
-1.648438 2.093750
-1.361328 -1.384766
-1.261719 -2.332031
0.288086 -0.621094
1.725586 1.775391
-2.746094 0.661133
1.119141 1.301758
-1.129883 0.169922
-2.086914 1.646484
3.932617 1.876953
-0.489258 2.876953
0.499023 0.679688
-2.909180 -0.552734
-0.397461 -0.021484
1.635742 0.031250
-0.445312 1.130859
0.345703 -0.396484
-0.067383 1.420898
-2.469727 0.915039
-0.552734 -1.051758
0.037109 1.049805
-2.103516 -0.862305
-0.080078 -1.807617
-0.367188 0.200195
-0.585938 0.206055
0.930664 2.865234
0.850586 0.154297
-1.458008 2.464844
-0.422852 0.964844
0.989258 1.574219
0.836914 -0.871094
1.720703 -1.803711
-1.730469 0.979492
0.916016 2.487305
-1.039062 1.075195
0.325195 -0.010742
-1.389648 -1.616211
-0.659180 -1.260742
-4.678711 0.461914
0.896484 -1.645508
-2.376953 1.999023
-0.425781 3.084961
2.777344 -0.575195
2.881836 -0.552734
-1.428711 3.666016
2.224609 -0.342773
2.548828 0.295898
0.705078 -1.002930
0.812500 -1.475586
0.641602 0.976562
0.688477 1.130859
0.541992 -0.230469
0.584961 0.005859
-2.126953 0.067383
-1.683594 0.333008
1.966797 -2.866211
-1.240234 0.176758
-0.462891 0.243164
3.154297 -0.506836
-1.036133 -1.206055
1.430664 -2.026367
0.443359 -1.808594
2.298828 1.876953
-0.896484 0.728516
-0.062500 0.083984
2.676758 -3.209961
0.930664 -0.918945
-1.647461 -0.562500
-0.096680 1.216797
-0.353516 1.135742
-1.355469 -0.293945
-1.487305 -0.567383
0.047852 1.381836
0.504883 0.536133
0.840820 -0.338867
2.000000 1.265625
0.732422 -0.275391
3.455078 2.671875
-0.066406 1.658203
-1.084961 0.153320
2.233398 0.083008
-1.007812 -2.238281
-0.523438 0.833984
1.811523 -1.805664
-2.948242 -1.868164
0.843750 0.945312
-0.371094 2.607422
-0.398438 -1.494141
2.708984 -0.248047
2.155273 -2.329102
1.690430 0.739258
-0.847656 0.654297
4.121094 -1.279297
-1.800781 0.285156
-0.828125 -3.234375
1.329102 1.540039
1.407227 -0.458008
-0.904297 -0.507812
0.269531 0.457031
-1.884766 0.364258
-0.974609 -0.416992
-0.167969 -0.887695
0.777344 0.596680
1.151367 0.494141
0.471680 -1.560547
-1.331055 -2.648438
0.071289 0.527344
2.127930 -0.700195
0.678711 -1.784180
-2.896484 -0.335938
0.234375 0.851562
2.996094 1.226562
-1.974609 -2.097656
0.366211 -1.143555
-0.954102 -1.790039
0.968750 1.546875
1.542969 0.927734
2.393555 0.936523
0.946289 -0.231445
-2.524414 1.905273
1.047852 1.084961
0.224609 -1.218750
-1.666016 1.330078
0.871094 -1.623047
2.255859 -0.375000
-0.201172 -0.490234
1.152344 -1.480469
-0.542969 -3.438477
2.589844 0.790039
-2.424805 0.753906
-2.661133 -0.828125
-0.507812 0.936523
-2.150391 -1.346680
0.550781 -0.305664
-0.189453 -2.491211
-0.258789 0.625000
0.666992 -1.167969
-0.499023 -2.339844
1.340820 -1.046875
-1.257812 0.539062
2.300781 0.892578
1.356445 -1.456055
-2.485352 -3.663086
1.094727 0.102539
0.333008 0.811523
1.626953 2.089844
-3.015625 0.207031
2.727539 -0.760742
0.864258 0.616211
0.462891 -2.648438
1.316406 -0.363281
1.010742 -0.582031
-0.946289 3.830078
0.679688 0.690430
-0.544922 -0.793945
0.615234 -2.565430
0.726562 0.961914
-1.875977 -1.724609
-0.375977 0.097656
-0.087891 -0.149414
-2.417969 -0.536133
-0.327148 -3.585938
0.829102 -2.791016
-1.307617 1.461914
-1.608398 -1.061523
-0.350586 0.063477
0.184570 -0.795898
2.208984 -0.086914
2.419922 -3.778320
0.443359 -1.420898
0.529297 1.883789
-2.258789 0.751953
0.083008 -0.261719
1.571289 -2.582031
-0.336914 -0.615234
0.632812 0.216797
-4.460938 1.757812
0.409180 -1.870117
0.606445 -0.721680
-0.313477 -0.218750
1.920898 0.425781
0.612305 -1.765625
0.178711 1.160156
1.140625 -1.869141
3.500000 -1.349609
-1.035156 -0.470703
1.929688 1.298828
0.819336 1.107422
0.459961 2.203125
-1.660156 -2.444336
-0.345703 2.907227
-2.567383 0.620117
0.413086 0.911133
-0.261719 0.476562
2.365234 1.488281
0.666992 2.018555
-0.557617 1.528320
-0.618164 1.319336
0.387695 -1.854492
0.984375 0.442383
2.017578 -0.743164
-1.070312 -0.256836
0.513672 0.752930
0.871094 0.539062
0.640625 -2.091797
-0.401367 0.469727
2.084961 1.184570
1.685547 1.621094
-1.951172 -2.607422
-0.782227 1.290039
-2.327148 -0.092773
1.983398 -0.368164
2.862305 -3.020508
0.702148 -0.858398
-2.125977 -1.522461
-0.204102 -0.877930
2.184570 -0.805664
-0.987305 1.918945
-3.860352 -0.946289
0.863281 1.281250
1.457031 -0.787109
-0.028320 -1.295898
-0.018555 0.965820
2.755859 0.182617
-1.017578 0.034180
1.105469 1.006836
2.714844 1.237305
-2.116211 3.618164
0.637695 -0.891602
-0.386719 -0.648438
0.958984 1.507812
1.000000 1.798828
-0.769531 0.099609
-0.603516 -1.230469
1.162109 0.000000
0.755859 -1.574219
0.746094 -1.382812
0.264648 -0.249023
-1.797852 -2.934570
-0.370117 1.432617
5.057617 -4.204102
-0.826172 0.150391
-0.755859 -0.191406
0.987305 1.094727
-0.237305 1.709961
2.274414 -0.913086
-0.075195 1.553711
-0.093750 -2.514648
-0.121094 1.120117
1.760742 0.494141
1.446289 -2.099609
-0.170898 0.718750
2.010742 2.972656
1.835938 0.709961
0.035156 -1.338867
1.674805 0.830078
-2.858398 -0.982422
0.283203 3.151367
0.501953 2.325195
-0.586914 0.890625
1.893555 0.218750
-0.020508 0.089844
-0.231445 -1.058594
-1.814453 0.568359
-1.150391 -1.097656
0.782227 -0.209961
-0.145508 2.559570
1.175781 2.166992
1.970703 0.864258
-0.392578 1.747070
0.222656 -1.098633
-0.910156 -1.000000
-2.427734 0.527344
-1.946289 2.881836
-1.325195 -2.584961
0.603516 -1.281250
0.779297 -1.054688
-0.095703 2.750000
-1.806641 -0.394531
-3.598633 0.308594
2.364258 -1.910156
4.642578 0.368164
-0.259766 0.784180
-0.716797 -0.351562
-2.066406 0.011719
0.682617 0.717773
-0.688477 -0.772461
1.958008 -0.784180
0.108398 -1.526367
-0.865234 0.978516
-0.400391 -1.066406
-1.208984 -0.537109
-0.923828 0.464844
-0.916992 -1.081055
-2.668945 -1.416992
1.466797 -1.160156
1.644531 0.326172
2.029297 0.421875
0.960938 3.873047
-0.776367 0.647461
0.614258 -2.481445
-0.610352 -0.709961
0.635742 -0.745117
-1.310547 -2.000000
1.203125 -1.332031
-1.286133 -0.342773
1.588867 1.280273
-1.532227 -4.077148
1.008789 0.391602
-1.101562 -0.146484
1.132812 0.539062
-0.296875 -1.328125
-1.078125 -2.244141
-1.391602 -1.331055
0.383789 -1.362305
1.207031 0.979492
-0.392578 2.166992
1.600586 -0.488281
-0.024414 -1.755859
-2.634766 0.041016
-0.597656 0.462891
0.631836 -0.661133
0.518555 0.938477
1.399414 -1.643555
-4.577148 2.047852
0.743164 -0.696289
-0.319336 0.487305
0.779297 1.195312
-1.591797 -1.480469
0.068359 -0.199219
-0.134766 -0.125000
0.189453 0.044922
-0.246094 0.148438
-2.191406 0.019531
2.494141 -0.150391
-2.077148 -1.781250
-0.016602 -3.294922
0.610352 -1.185547
1.791992 0.320312
-1.357422 1.102539
-0.488281 1.286133
-3.782227 1.375000
-0.825195 -3.521484
0.750977 -1.835938
2.334961 -1.728516
-1.416992 0.523438
-1.239258 -0.603516
0.690430 1.049805
1.327148 -0.147461
0.568359 2.833984
4.292969 -1.646484
-1.174805 -2.338867
-0.131836 0.948242
0.607422 -0.767578
0.402344 -1.478516
1.540039 -0.497070
-2.370117 -1.620117
0.460938 -0.078125
0.837891 -0.613281
-1.452148 0.219727
1.416992 -0.354492
-0.160156 -0.457031
-0.066406 0.001953
-0.610352 -0.240234
-2.549805 0.107422
-2.722656 -0.504883
-0.359375 -0.491211
-1.315430 -0.462891
-2.282227 -3.365234
1.099609 2.702148
-1.041016 -2.225586
1.038086 -2.088867
-1.784180 -1.811523
2.462891 0.535156
0.361328 0.748047
4.471680 1.871094
1.379883 -1.703125
0.009766 0.057617
-0.259766 0.000977
1.000977 0.887695
-0.799805 -1.213867
1.254883 1.407227
-1.139648 -0.791992
0.266602 0.088867
1.799805 -3.196289
-0.990234 -0.386719
1.830078 1.341797
-0.834961 1.549805
0.256836 -1.004883
1.033203 -0.998047
-2.017578 -2.378906
-0.795898 -0.496094
-1.047852 -1.142578
3.278320 -1.724609
-2.454102 0.695312
0.141602 -1.178711
-0.241211 1.108398
0.132812 -3.029297
-0.013672 -0.654297
0.679688 -0.761719
0.162109 2.154297
-0.726562 -1.613281
-0.712891 -2.876953
0.834961 0.392578
0.778320 -0.460938
1.903320 0.244141
2.092773 2.703125
-1.204102 0.375977
1.846680 -1.016602
-0.173828 -1.603516
0.703125 -1.611328
-0.020508 -2.819336
-1.243164 1.038086
-0.849609 0.794922
2.417969 -2.384766
2.897461 -1.758789
2.038086 -0.508789
1.299805 1.124023
0.038086 -2.122070
-1.362305 1.992188
-2.374023 0.253906
1.952148 1.425781
1.452148 -0.804688
-1.822266 0.130859
0.294922 -0.185547
0.830078 -2.376953
0.576172 -0.611328
0.444336 -0.640625
1.055664 0.777344
-0.015625 1.096680
-0.839844 2.090820
0.817383 0.015625
1.922852 1.013672
-0.333984 2.155273
-0.523438 3.116211
2.929688 1.990234
-1.896484 -2.125000
2.660156 0.902344
-1.037109 -1.291016
0.149414 -1.230469
1.012695 -2.007812
-1.032227 0.660156
-0.981445 -0.503906
-0.932617 -1.352539
-0.067383 1.631836
-3.376953 2.628906
-1.134766 1.318359
2.289062 0.760742
-2.353516 0.438477
-0.658203 1.333008
1.289062 -0.000977
-0.304688 0.190430
2.472656 -0.430664
-1.992188 0.008789
0.468750 3.286133
-2.103516 1.183594
0.724609 0.167969
-0.580078 -0.289062
1.396484 -0.976562
-1.462891 0.115234
-0.515625 1.123047
-3.206055 -2.696289
-1.538086 0.684570
-0.708008 1.824219
2.270508 1.380859
2.889648 0.064453
-1.791992 -0.906250
-1.512695 2.552734
-1.471680 -0.123047
-0.609375 -0.629883
1.285156 2.133789
-1.531250 1.133789
-0.343750 -0.020508
-0.129883 -0.023438
1.563477 2.265625
-0.593750 1.321289
0.960938 1.288086
0.006836 -1.406250
0.098633 1.011719
-0.351562 2.184570
-1.757812 -2.291992
-1.226562 0.786133
-2.144531 2.055664
2.445312 -3.573242
0.597656 0.522461
-2.010742 -0.722656
-1.157227 0.234375
0.791992 2.253906
-0.471680 -0.923828
1.497070 2.664062
-1.114258 -1.466797
0.702148 0.595703
-0.874023 1.390625
-0.584961 0.152344
0.288086 0.943359
-1.052734 -0.147461
-3.759766 0.637695
-0.048828 -1.555664
-0.654297 -2.356445
0.120117 0.230469
-0.965820 3.140625
1.278320 0.121094
0.805664 -0.507812
2.177734 0.555664
1.058594 -0.397461
-2.022461 0.974609
-0.784180 -0.875000
0.082031 -0.825195
0.126953 0.782227
-1.000000 1.657227
0.689453 -1.903320
0.451172 0.052734
2.570312 0.894531
0.738281 3.898438
1.119141 1.986328
-0.648438 2.377930
0.867188 -0.614258
0.228516 -2.702148
-0.595703 0.790039
-2.201172 -1.573242
-0.519531 -1.799805
1.989258 2.109375
1.415039 1.353516
-1.630859 -0.194336
1.931641 0.315430
2.366211 -0.072266
-1.639648 -0.044922
1.937500 2.794922
1.082031 0.519531
1.959961 -0.411133
1.102539 3.538086
-0.032227 2.576172
0.100586 -1.472656
-0.185547 -0.286133
-0.101562 0.581055
0.706055 0.125000
-0.493164 -1.488281
-0.780273 1.775391
0.348633 0.021484
0.622070 -1.394531
-1.717773 -1.531250
0.809570 2.304688
0.668945 0.468750
2.756836 -2.588867
-0.834961 1.377930
-0.161133 0.217773
-1.338867 1.333008
4.013672 2.205078
0.812500 1.564453
1.483398 -0.426758
0.772461 2.625977
-0.666016 2.284180
0.867188 0.686523
2.342773 0.171875
-2.133789 -0.568359
-0.589844 0.756836
-0.591797 0.647461
0.399414 -0.253906
2.192383 1.978516
-0.328125 -1.130859
-3.205078 -0.458984
-1.770508 2.559570
-0.450195 2.499023
-1.271484 -1.146484
0.128906 -1.474609
-1.303711 -0.930664
2.274414 1.473633
0.485352 0.419922
0.278320 0.869141
-1.958008 0.501953
0.831055 0.888672
-1.129883 -0.207031
0.959961 -0.082031
-1.290039 0.892578
1.010742 1.146484
0.741211 -2.838867
0.477539 -0.250977
-0.514648 0.965820
-0.825195 -1.118164
0.134766 3.562500
1.990234 1.826172
4.780273 -2.721680
-0.834961 0.911133
0.836914 -1.083984
-2.034180 5.197266
0.989258 0.474609
1.106445 -2.802734
2.036133 -1.250977
1.708008 -1.163086
1.017578 -0.035156
1.515625 0.039062
0.476562 0.422852
-1.675781 -0.454102
1.075195 -2.388672
-0.196289 -0.435547
-0.555664 -1.311523
1.073242 1.104492
-1.236328 -1.162109
0.593750 -1.337891
-3.551758 1.033203
2.149414 0.826172
-0.628906 0.284180
2.046875 1.661133
2.477539 -1.963867
0.879883 1.577148
1.265625 -0.644531
2.412109 -2.437500
-0.195312 0.579102
-2.548828 0.145508
0.198242 -0.687500
2.545898 3.533203
-1.385742 0.903320
-0.211914 0.030273
0.131836 0.411133
0.770508 2.061523
-1.759766 -2.094727
-0.439453 -2.106445
2.367188 1.637695
-0.984375 0.086914
1.312500 1.052734
-1.845703 -1.652344
0.351562 3.128906
-0.541016 -0.044922
0.510742 1.623047
2.116211 -0.164062
1.472656 1.819336
-0.927734 1.690430
-0.678711 -0.645508
0.708008 -0.274414
-0.604492 1.231445
3.004883 -0.041992
0.516602 -0.453125
-1.086914 -0.455078
-1.340820 -0.257812
-1.131836 1.779297
3.938477 0.353516
-1.073242 -1.812500
-0.478516 -3.073242
0.070312 -2.131836
-0.406250 1.229492
-1.199219 1.151367
-1.878906 -0.618164
1.019531 -1.469727
-0.045898 0.039062
0.459961 0.035156
-0.875000 -1.665039
-2.238281 1.805664
1.460938 1.837891
1.429688 2.921875
1.916992 0.295898
1.465820 0.541992
-0.064453 1.705078
-1.582031 -2.091797
1.370117 -1.741211
0.303711 1.088867
0.039062 0.976562
1.111328 -1.888672
-2.894531 1.707031
1.193359 -0.333984
-1.060547 2.021484
-2.392578 -0.947266
1.531250 -0.808594
1.902344 -0.664062
2.628906 1.047852
0.341797 0.674805
-1.171875 -1.495117
0.669922 -0.317383
0.179688 -1.525391
2.544922 -3.242188
-1.623047 1.285156
2.335938 -3.244141
2.086914 0.873047
-0.348633 0.527344
-1.649414 0.421875
-0.846680 0.595703
0.071289 -1.291992
0.641602 1.504883
0.221680 -2.135742
-0.395508 -1.315430
-2.059570 -3.191406
0.862305 -0.054688
0.571289 1.570312
-2.163086 1.500000
-1.452148 -1.552734
0.229492 -1.478516
-1.675781 3.637695
1.039062 -0.469727
-0.334961 -1.619141
1.471680 1.076172
0.771484 -0.456055
1.361328 0.100586
-0.239258 -1.824219
-0.979492 -1.244141
-0.227539 -2.271484
-1.518555 -0.625000
-0.792969 0.621094
-2.283203 -2.123047
-0.171875 1.697266
-0.173828 0.304688
-2.378906 2.206055
-0.310547 -3.770508
0.868164 0.910156
-0.577148 0.115234
-1.992188 -0.828125
0.789062 0.703125
0.955078 0.156250
-1.884766 -0.585938
0.093750 -2.450195
0.087891 -2.635742
0.056641 -1.032227
3.292969 -0.096680
-0.895508 2.885742
-1.870117 -3.381836
1.772461 2.086914
1.997070 0.397461
-0.225586 -0.264648
-1.653320 -1.514648
-0.021484 -0.441406
1.162109 -0.642578
-0.902344 -1.401367
-1.521484 -0.432617
-1.540039 -2.451172
1.342773 -1.316406
0.759766 -1.093750
-2.294922 0.625000
-0.306641 -0.183594
-0.068359 0.976562
1.185547 0.357422
0.824219 -3.193359
0.588867 -0.061523
0.709961 0.084961
1.231445 0.785156
-1.229492 1.128906
0.321289 0.113281
2.250977 -4.980469
-1.721680 3.752930
-0.879883 -1.348633
0.546875 0.037109
-1.792969 0.441406
-0.192383 -0.291992
0.883789 -2.000977
1.483398 -0.334961
0.602539 0.651367
-0.119141 2.168945
0.017578 0.592773
-2.043945 2.964844
-1.174805 0.167969
-2.227539 0.683594
0.979492 0.429688
-2.239258 0.685547
0.487305 -2.712891
-0.751953 0.041016
-0.720703 -0.355469
-0.415039 1.942383
2.422852 0.211914
1.561523 0.359375
-0.565430 1.701172
0.508789 -2.816406
-1.860352 -2.021484
-1.504883 1.333984
-1.561523 -2.878906
-1.446289 -0.638672
-2.795898 -1.039062
-0.622070 -0.445312
0.793945 -1.140625
-0.722656 -1.336914
0.542969 0.067383
1.437500 1.489258
-0.134766 2.922852
0.545898 0.785156
1.010742 -4.982422
-0.821289 1.369141
-1.135742 -1.365234
-0.261719 -1.041992
-1.007812 1.291992
-0.296875 -0.256836
1.806641 0.530273
-0.939453 -2.663086
2.695312 -0.243164
2.263672 -1.131836
0.787109 -0.463867
-2.244141 -1.088867
2.185547 -0.206055
2.627930 -1.471680
1.772461 -0.827148
-0.489258 -0.608398
-0.426758 -0.147461
-1.582031 0.217773
-0.050781 2.616211
1.406250 0.172852
-1.562500 0.461914
-0.940430 -3.350586
-0.653320 0.471680
2.151367 0.086914
2.172852 2.870117
0.068359 0.634766
-1.876953 -0.958984
0.693359 0.636719
-1.419922 -1.437500
-0.265625 -0.532227
-2.179688 -1.151367
-0.895508 -1.845703
-1.916992 0.490234
0.099609 -2.640625
-0.527344 0.960938
1.524414 -2.102539
-1.077148 0.993164
1.497070 -0.308594
-0.721680 -2.908203
1.517578 2.321289
1.484375 1.098633
-0.012695 1.348633
1.401367 0.481445
1.166992 0.655273
0.299805 3.846680
0.230469 1.249023
-2.009766 1.557617
-0.952148 1.718750
1.700195 -1.326172
0.995117 1.838867
0.686523 -1.860352
0.764648 -1.622070
-2.172852 -0.532227
0.312500 0.375977
0.830078 0.522461
1.332031 0.241211
0.998047 2.750977
-0.329102 -0.449219
-0.231445 1.910156
-1.506836 0.011719
-1.311523 1.902344
-0.772461 1.766602
0.850586 -2.327148
1.652344 1.279297
4.789062 -0.113281
-0.775391 -1.797852
2.527344 2.918945
-0.976562 -0.100586
0.248047 -1.375977
-0.308594 -1.402344
0.716797 -1.580078
-1.728516 -0.449219
-1.433594 -2.373047
-1.871094 1.373047
0.011719 -0.214844
-0.702148 0.208008
-1.223633 -1.479492
0.248047 0.868164
-1.773438 -3.504883
1.791016 0.750977
-0.515625 -2.004883
1.989258 1.458008
-1.485352 3.680664
-0.287109 0.068359
0.119141 -2.175781
-0.313477 -1.890625
0.165039 -0.578125
2.521484 -1.049805
0.552734 -1.461914
1.513672 2.392578
-0.220703 -0.878906
-0.670898 -0.317383
2.475586 -1.438477
1.513672 1.638672
2.271484 0.748047
-1.945312 -0.332031
-0.855469 0.605469
-0.979492 -1.342773
2.348633 1.153320
-2.536133 -0.416992
1.440430 -1.077148
0.723633 2.050781
-0.602539 0.677734
-0.743164 0.642578
1.317383 -0.218750
1.628906 -1.119141
0.056641 -0.753906
2.650391 0.382812
2.363281 -1.623047
-0.151367 3.851562
1.364258 0.730469
-1.690430 -1.193359
1.051758 -0.208984
1.481445 3.252930
-0.653320 -1.077148
1.407227 -0.850586
-3.333008 0.518555
0.606445 1.930664
-0.364258 -0.168945
-2.336914 -0.666992
-0.788086 -0.833008
-0.412109 -2.298828
0.535156 0.886719
-2.312500 2.076172
-1.310547 -1.511719
-1.358398 -1.191406
-2.434570 -1.298828
0.899414 -3.460938
-0.250977 0.564453
-1.291992 -1.973633
2.770508 -0.006836
-0.607422 -0.175781
1.406250 2.117188
2.013672 -0.866211
2.605469 -1.475586
2.411133 0.726562
-3.889648 0.501953
0.475586 1.856445
-0.077148 1.627930
1.891602 1.557617
1.647461 1.411133
0.077148 -0.474609
0.864258 0.802734
-1.578125 0.565430
0.820312 3.004883
2.084961 -1.393555
-0.627930 1.190430
-0.192383 -1.711914
-0.791992 -1.077148
-2.996094 1.926758
-1.970703 -0.594727
0.691406 0.022461
0.353516 1.083008
0.428711 1.296875
-2.120117 0.128906
-0.935547 1.397461
-0.904297 -0.135742
-1.481445 2.545898
0.090820 0.235352
-0.573242 -1.547852
-1.137695 0.743164
0.190430 -3.475586
1.637695 0.819336
-0.233398 -0.586914
1.944336 0.579102
-0.501953 2.938477
2.123047 -1.383789
1.176758 0.925781
2.815430 0.722656
0.226562 -0.661133
-0.578125 0.651367
0.191406 -2.592773
-0.292969 0.329102
0.460938 1.272461
-1.621094 0.903320
-0.825195 -2.160156
1.329102 1.757812
-1.027344 0.911133
-2.781250 1.905273
2.190430 1.265625
1.157227 -0.800781
1.809570 2.184570
-1.885742 -2.198242
-0.950195 0.137695
0.850586 0.219727
-0.894531 -2.148438
-1.884766 -1.064453
-0.666016 -3.685547
-1.929688 0.386719
-0.827148 2.711914
-1.444336 -0.038086
1.563477 -0.063477
0.563477 -2.375977
0.489258 -1.486328
1.684570 -0.041016
-2.543945 2.000000
0.913086 0.714844
0.105469 -1.453125
1.728516 1.603516
2.484375 -1.134766
-1.181641 0.882812
0.260742 0.157227
-1.444336 -0.766602
-1.346680 0.997070
-0.317383 -0.559570
-3.804688 -0.216797
0.417969 -0.664062
-1.038086 0.278320
-2.782227 -1.096680
-1.825195 -3.883789
1.930664 -1.186523
0.549805 2.356445
-0.045898 0.124023
0.949219 1.287109
-0.318359 0.171875
0.667969 -0.191406
-0.923828 1.513672
2.742188 4.441406
0.486328 -0.033203
-3.722656 -1.695312
1.080078 -0.048828
-1.025391 -0.070312
1.246094 1.453125
-0.303711 1.596680
0.567383 -0.073242
2.480469 -1.775391
0.005859 0.062500
1.078125 -2.181641
2.236328 0.167969
-1.234375 -2.454102
1.203125 -1.350586
0.272461 0.669922
2.485352 1.919922
0.543945 1.285156
0.729492 1.150391
1.635742 -1.134766
-0.526367 0.578125
1.149414 1.672852
0.741211 -3.129883
-0.297852 -4.178711
-0.311523 0.620117
-0.433594 1.054688
-1.761719 0.564453
-1.290039 -1.067383
1.672852 -0.415039
0.356445 0.826172
-2.487305 0.679688
-0.013672 0.657227
-0.093750 0.403320
1.452148 1.735352
-0.727539 1.317383
-0.663086 0.094727
1.926758 0.208008
0.942383 -0.352539
2.946289 -0.786133
1.524414 0.461914
0.110352 0.149414
-0.958984 -0.015625
3.968750 -0.916016
-3.792969 -0.052734
0.599609 0.324219
0.902344 -0.481445
-0.169922 -0.094727
-0.014648 -1.531250
2.696289 -0.228516
2.195312 -1.062500
-0.802734 0.931641
1.205078 0.990234
0.261719 2.140625
-0.592773 1.300781
-0.803711 -2.507812
-1.485352 0.437500
2.444336 0.089844
-0.379883 -0.023438
1.778320 0.406250
-1.464844 -1.545898
0.824219 -4.614258
-0.041016 -1.617188
-0.619141 1.472656
0.945312 -0.191406
-2.281250 -3.171875
1.610352 2.021484
1.458008 -0.554688
-0.201172 1.709961
-0.417969 -0.489258
0.622070 2.902344
-1.424805 -0.058594
-1.116211 -1.367188
-2.346680 1.976562
0.188477 2.981445
-0.420898 2.247070
-0.174805 -0.110352
-2.510742 -1.985352
-1.547852 2.553711
0.391602 2.026367
2.050781 0.376953
-0.675781 1.375000
-1.417969 -2.316406
-0.027344 0.765625
1.365234 1.630859
0.291016 0.240234
0.189453 -2.446289
2.095703 -1.118164
1.968750 0.426758
0.128906 -0.053711
0.807617 3.265625
-1.051758 -1.525391
1.917969 0.073242
1.166016 2.592773
0.686523 1.542969
-1.924805 2.714844
0.484375 1.387695
1.882812 1.717773
2.008789 -2.264648
3.633789 0.665039
-0.647461 0.641602
0.598633 0.739258
-0.833008 -0.505859
0.038086 1.892578
0.834961 1.113281
-0.180664 -2.167969
2.872070 1.508789
-1.708008 -0.116211
-2.072266 0.025391
1.009766 -1.007812
-0.157227 -1.762695
-2.836914 0.174805
2.411133 -0.965820
0.747070 -0.833008
-0.117188 1.296875
3.244141 0.623047
2.072266 -0.281250
0.851562 1.326172
-0.725586 3.216797
1.180664 0.498047
0.334961 -1.347656
-0.286133 0.585938
-0.808594 0.508789
0.201172 -2.098633
2.089844 0.495117
-2.564453 2.547852
1.970703 -0.603516
2.873047 -1.941406
-1.967773 -0.979492
0.280273 -2.479492
-0.349609 -0.337891
-0.830078 -0.058594
-1.852539 -1.165039
0.086914 1.327148
-0.510742 1.124023
-0.299805 -0.907227
1.618164 -0.706055
1.848633 0.106445
-0.083008 -0.277344
-1.034180 0.250000
5.886719 0.036133
-1.402344 -0.102539
0.000977 -3.845703
0.932617 -0.494141
0.507812 0.053711
0.835938 -1.413086
2.669922 1.605469
-0.166016 -1.568359
0.499023 1.791992
-0.967773 -1.766602
0.613281 0.535156
-1.753906 -2.437500
2.142578 2.562500
-0.345703 2.593750
-0.641602 -1.438477
-0.065430 -0.122070
0.503906 -0.343750
-0.296875 0.009766
0.741211 -0.474609
-2.440430 0.658203
-0.472656 1.831055
2.277344 1.168945
-0.419922 0.151367
-0.607422 0.668945
0.907227 -3.189453
0.569336 0.123047
0.125000 -1.316406
1.326172 1.958984
-0.472656 2.855469
1.888672 1.310547
3.427734 1.081055
0.560547 -1.172852
-1.886719 1.151367
1.289062 -0.668945
1.362305 0.891602
-0.022461 1.166992
-2.229492 1.563477
0.467773 -0.430664
2.028320 -0.713867
1.006836 0.258789
2.671875 -2.023438
0.046875 -0.791016
-0.362305 -2.497070
-1.127930 0.481445
1.027344 -2.001953
0.072266 1.224609
0.826172 -2.225586
-3.742188 0.038086
2.902344 -1.674805
1.099609 0.967773
3.924805 -1.484375
0.907227 -0.324219
-1.085938 -1.051758
2.257812 -1.401367
-1.820312 -1.165039
1.302734 -2.024414
0.329102 -0.396484
-0.405273 0.476562
-0.309570 -1.473633
0.684570 -1.727539
2.005859 2.283203
0.857422 0.320312
-1.436523 0.235352
0.704102 1.303711
0.589844 -0.601562
-3.197266 -0.339844
-0.646484 0.533203
-2.419922 -3.175781
0.143555 0.686523
0.016602 -0.946289
-0.765625 1.358398
0.875000 0.842773
-1.367188 -1.893555
-1.890625 1.797852
-0.064453 -3.858398
-1.908203 -1.190430
0.052734 -1.963867
2.021484 1.333008
-0.083008 -1.511719
-0.333008 0.802734
1.800781 -1.479492
-1.212891 1.403320
0.454102 -1.043945
0.711914 -0.735352
1.125977 0.487305
0.594727 3.745117
-1.222656 0.513672
-1.054688 -2.197266
-1.062500 0.113281
-1.105469 -2.148438
-1.566406 -0.303711
0.535156 -1.170898
3.732422 0.422852
-0.169922 -2.053711
3.941406 0.330078
0.308594 -2.470703
-0.859375 0.707031
0.296875 -1.273438
-2.097656 0.668945
-0.476562 2.629883
1.554688 -0.446289
-1.144531 0.979492
-0.629883 -0.499023
3.727539 -2.752930
0.732422 0.617188
-0.884766 -0.064453
1.778320 -1.320312
-0.360352 2.820312
1.074219 0.418945
0.390625 0.163086
0.845703 2.329102
2.933594 1.598633
0.061523 0.830078
-0.583008 -1.582031
-0.743164 2.429688
3.737305 -0.423828
0.103516 -0.418945
-0.339844 -1.442383
-0.707031 -1.054688
0.761719 2.144531
1.460938 -0.667969
0.984375 -1.363281
-1.787109 -1.571289
-1.810547 2.348633
0.999023 0.654297
0.098633 -0.630859
0.477539 2.050781
1.426758 2.935547
0.205078 0.452148
0.851562 -0.227539
-3.557617 -1.121094
0.083008 0.742188
0.952148 1.783203
-0.633789 -2.220703
0.120117 -0.546875
-2.739258 -1.513672
3.728516 -2.881836
0.554688 -1.604492
-1.699219 0.250000
-1.521484 -1.091797
-0.539062 -0.179688
0.466797 1.021484
0.931641 0.543945
-1.468750 -1.663086
-1.799805 1.419922
-0.815430 -0.558594
0.262695 3.521484
1.778320 1.773438
-0.218750 -1.641602
1.830078 -0.040039
-1.551758 -2.366211
0.426758 -2.745117
-0.492188 -0.501953
-0.488281 1.968750
-0.849609 -0.409180
1.685547 -1.620117
0.423828 -1.760742
1.611328 0.395508
-0.149414 0.252930
1.676758 -2.006836
0.958008 2.696289
0.502930 -3.829102
1.396484 0.252930
1.546875 -1.184570
1.770508 -0.992188
0.415039 -1.103516
1.374023 -1.568359
-1.045898 0.093750
-0.387695 -2.250000
0.692383 1.392578
-2.791992 -0.130859
2.614258 -2.388672
2.104492 -0.199219
2.393555 2.289062
-1.410156 -1.933594
-2.193359 -0.498047
-0.326172 1.121094
1.371094 0.974609
0.900391 -0.674805
1.111328 -2.487305
-2.900391 -1.065430
-1.517578 -2.104492
1.376953 1.273438
0.166016 -1.826172
1.663086 -1.803711
0.137695 1.637695
-0.040039 -0.841797
1.956055 -1.736328
-0.350586 1.748047
1.852539 0.646484
0.942383 0.602539
0.094727 1.284180
3.345703 -1.365234
-2.113281 -0.783203
0.203125 -2.121094
1.193359 0.505859
0.445312 2.843750
-2.115234 -2.236328
-1.872070 -1.439453
0.182617 -0.312500
1.054688 0.168945
0.103516 0.668945
0.953125 -0.354492
-0.822266 1.243164
-0.969727 2.771484
1.327148 2.628906
2.013672 1.021484
3.500000 -0.978516
-0.620117 1.022461
0.637695 -1.374023
2.603516 -0.581055
-0.982422 -2.053711
0.990234 -0.059570
-0.013672 -0.200195
0.153320 0.194336
3.280273 1.333008
0.969727 1.516602
0.065430 -0.071289
-0.933594 0.443359
1.742188 -0.812500
-1.663086 -2.178711
0.737305 -3.518555
-2.433594 -0.162109
2.916016 1.230469
0.839844 -0.884766
-2.025391 -0.332031
-1.213867 0.337891
-1.196289 -0.027344
-1.586914 2.923828
1.645508 -0.183594
2.986328 0.999023
0.732422 -1.125977
1.191406 -0.493164
-1.097656 -2.547852
0.087891 -0.225586
0.416016 2.346680
-0.395508 1.109375
1.833008 0.441406
2.991211 -0.998047
1.028320 -0.251953
0.273438 3.178711
-0.664062 0.641602
4.798828 0.890625
-0.220703 -0.269531
-0.101562 0.994141
-1.777344 -0.884766
0.946289 0.973633
0.995117 -1.096680
1.371094 0.410156
-0.386719 0.263672
3.236328 -3.180664
-1.675781 -1.885742
0.650391 -0.553711
0.800781 0.073242
0.136719 -0.187500
-0.765625 2.564453
0.426758 -0.344727
-1.215820 -1.840820
-0.422852 -1.781250
-1.338867 0.367188
3.113281 0.366211
-1.425781 -1.999023
-1.958984 1.716797
-1.130859 0.417969
0.049805 -0.739258
-3.686523 0.627930
-2.236328 -1.475586
0.769531 0.166992
0.292969 2.750977
0.611328 1.764648
1.124023 0.044922
0.079102 2.603516
-0.060547 -1.077148
-0.916016 1.479492
-0.078125 0.828125
-0.324219 -0.474609
-1.249023 -1.766602
-2.438477 -1.223633
-2.181641 -0.091797
-1.400391 0.337891
1.322266 -2.820312
-1.435547 -0.281250
-0.303711 0.432617
2.063477 0.708008
-0.085938 -2.421875
1.884766 -1.843750
1.364258 0.528320
-0.372070 1.264648
-4.383789 -0.733398
0.012695 2.448242
4.003906 2.600586
-0.957031 -1.649414
1.982422 -0.196289
0.544922 -2.254883
0.245117 0.428711
-1.977539 2.364258
0.822266 1.195312
0.394531 1.796875
-0.329102 1.730469
0.836914 1.740234
-1.827148 -1.623047
1.041992 -1.453125
0.352539 1.125977
0.456055 -0.352539
-0.864258 -1.874023
-0.120117 0.995117
-0.109375 0.813477
-1.511719 -2.514648
0.498047 -0.225586
1.380859 1.719727
-1.725586 0.738281
-0.024414 0.642578
1.231445 0.380859
0.768555 -1.890625
0.562500 -0.333008
0.478516 -0.069336
3.392578 -1.803711
1.832031 0.909180
-0.083984 -2.851562
0.285156 -1.652344
-0.151367 -2.821289
-0.139648 1.883789
-1.497070 -0.413086
1.229492 -0.426758
-1.537109 -1.146484
1.433594 1.494141
-3.883789 -0.321289
-1.948242 -0.084961
-1.348633 0.018555
1.250977 -0.354492
-3.764648 0.181641
0.584961 1.207031
0.719727 1.261719
0.010742 0.091797
2.541992 2.117188
0.637695 0.173828
-0.747070 0.365234
0.493164 1.179688
0.645508 2.435547
-1.000977 -0.234375
-1.432617 0.244141
1.553711 -1.617188
1.668945 1.790039
0.143555 4.243164
1.886719 -1.503906
2.679688 1.326172
1.777344 0.026367
-0.839844 0.891602
-1.887695 -0.347656
0.852539 -1.136719
-0.127930 0.311523
0.944336 -1.069336
-1.231445 1.854492
-0.635742 -1.014648
-0.504883 3.245117
-1.487305 1.698242
-0.013672 0.146484
1.115234 -1.316406
2.302734 0.648438
0.675781 -0.355469
1.680664 2.538086
1.985352 0.723633
-0.561523 0.531250
-1.024414 0.347656
-0.503906 -0.499023
-0.242188 -0.641602
0.593750 0.802734
2.228516 -0.244141
1.799805 3.083008
-0.598633 -4.004883
-0.892578 0.781250
0.992188 1.019531
-3.100586 1.264648
-0.538086 0.204102
3.043945 -1.882812
0.430664 -1.156250
0.016602 -0.664062
-1.170898 -0.058594
0.743164 1.807617
1.680664 -2.629883
-0.288086 -0.729492
1.059570 -1.874023
0.794922 1.093750
-0.687500 -1.535156
1.151367 -1.491211
0.983398 -1.227539
0.911133 1.669922
-2.336914 -1.623047
-0.507812 1.303711
-1.039062 1.747070
-2.384766 -1.287109
-0.529297 0.916016
1.109375 0.373047
-1.339844 -2.208984
-1.007812 1.806641
-0.587891 -2.908203
0.225586 0.500977
0.198242 -0.516602
1.454102 3.947266
1.577148 -0.152344
-1.391602 0.398438
-2.006836 1.841797
0.711914 -1.069336
-1.254883 -0.090820
-2.063477 -0.536133
-1.026367 1.618164
1.491211 -2.732422
-0.877930 1.634766
0.734375 -0.444336
-3.644531 1.666992
-0.459961 -0.243164
-0.739258 0.327148
-0.806641 -0.207031
-1.083984 -0.263672
-1.571289 2.174805
1.227539 2.778320
1.428711 1.459961
3.196289 -0.842773
-1.811523 1.445312
1.959961 -0.232422
-2.084961 -0.046875
2.350586 2.123047
0.858398 -1.007812
-1.000977 -0.625000
0.272461 -1.628906
0.182617 0.378906
2.497070 -2.134766
1.393555 -0.285156
-1.413086 0.736328
1.307617 1.375000
-0.984375 1.163086
-0.187500 3.188477
0.768555 1.230469
2.641602 0.207031
0.390625 2.975586
-0.962891 -1.907227
2.108398 -1.033203
3.959961 -0.429688
0.449219 -0.236328
-1.839844 0.849609
0.957031 -1.042969
0.574219 1.082031
0.844727 -0.863281
-0.903320 2.234375
-1.701172 0.993164
-0.443359 -0.305664
1.332031 2.048828
1.710938 -1.501953
0.484375 0.544922
0.050781 1.951172
2.250000 -0.840820
1.195312 -0.973633
-3.302734 -0.286133
0.162109 -1.743164
-3.015625 -1.407227
-0.316406 -0.352539
-1.826172 -1.348633
-0.197266 -0.258789
0.444336 1.215820
1.426758 1.086914
2.089844 -2.734375
-0.679688 0.080078
-2.041992 0.039062
0.155273 -2.119141
0.209961 2.070312
-1.971680 -0.333984
-3.930664 2.502930
-0.344727 -1.286133
0.858398 -2.602539
1.307617 0.491211
-0.972656 -1.483398
0.804688 -1.672852
0.604492 -0.785156
2.829102 -1.113281
-0.593750 1.318359
-0.220703 -0.269531
-1.251953 0.292969
-1.343750 -1.935547
-2.353516 -1.550781
1.771484 0.587891
-0.612305 1.686523
-2.176758 -0.739258
-1.473633 0.893555
2.641602 0.807617
0.273438 -2.779297
0.261719 -1.425781
-0.848633 1.854492
-0.254883 0.155273
-0.262695 -1.584961
-1.165039 -2.952148
-0.561523 1.577148
-2.987305 -0.928711
0.912109 1.103516
-3.292969 -1.486328
0.522461 -1.603516
-0.208008 1.937500
0.535156 0.098633
-0.384766 -0.057617
3.172852 -1.905273
-0.122070 -1.057617
0.621094 -0.119141
1.882812 0.316406
0.551758 0.236328
1.104492 -0.898438
1.731445 1.603516
-2.688477 3.171875
0.072266 1.586914
-0.783203 -0.692383
-0.981445 2.917969
1.747070 -0.652344
-1.790039 2.153320
1.020508 0.497070
0.849609 -0.001953
-0.158203 0.511719
-1.553711 3.236328
1.584961 -0.730469
0.581055 -1.910156
-0.967773 -1.478516
0.047852 -0.224609
-1.139648 3.646484
0.110352 1.298828
-0.608398 2.041016
0.310547 -2.142578
-1.501953 -1.566406
-1.366211 -0.704102
-0.543945 1.448242
1.403320 -1.213867
-2.504883 0.534180
-1.264648 3.168945
-0.555664 0.202148
0.644531 0.838867
-0.513672 2.430664
0.835938 0.541992
-0.435547 -1.006836
-0.486328 -2.038086
1.943359 0.895508
-0.388672 0.055664
-0.998047 -1.600586
-1.326172 1.557617
-1.830078 3.844727
-0.481445 -0.957031
0.575195 0.371094
-0.041016 1.319336
-2.587891 -0.528320
-2.542969 -1.321289
1.152344 -0.157227
0.942383 1.776367
0.803711 1.569336
2.058594 -1.048828
-0.660156 -1.464844
2.417969 -1.917969
-0.324219 2.150391
-0.538086 -2.989258
1.557617 -3.610352
1.936523 -0.228516
-2.071289 -1.875000
0.937500 0.145508
-0.283203 -2.581055
-0.247070 1.250977
0.739258 0.768555
-0.204102 -0.586914
0.403320 1.930664
-1.098633 1.821289
-0.239258 1.831055
-1.062500 -2.988281
-0.775391 -0.050781
0.239258 -3.146484
-1.624023 -2.708984
-1.581055 -0.074219
-0.030273 -0.429688
1.156250 -0.039062
-1.435547 1.609375
0.840820 -0.465820
-0.573242 0.774414
-1.836914 -1.851562
1.581055 0.658203
1.748047 1.059570
-2.214844 -2.666992
-0.053711 0.098633
-2.918945 1.862305
1.145508 -0.573242
-0.930664 -0.954102
0.568359 -0.698242
-0.750000 2.877930
0.074219 3.608398
3.294922 1.407227
0.091797 -0.445312
1.826172 2.562500
0.769531 -0.576172
0.996094 -0.509766
2.268555 1.144531
1.997070 -1.853516
-0.932617 -1.005859
0.475586 0.863281
1.378906 0.622070
-2.013672 1.303711
0.365234 -0.592773
0.738281 2.127930
-0.255859 1.679688
0.751953 1.263672
0.385742 -0.135742
0.235352 -0.588867
0.135742 0.607422
5.540039 2.294922
0.269531 0.022461
0.003906 0.926758
-1.385742 -0.315430
2.381836 0.473633
-2.082031 -2.634766
1.421875 0.039062
-0.121094 0.783203
1.697266 0.302734
4.274414 -0.358398
1.090820 -1.004883
-1.201172 -1.346680
-0.343750 -0.627930
1.389648 -2.541016
0.413086 3.105469
-0.760742 -0.102539
-0.051758 -1.049805
1.284180 -0.938477
2.665039 -0.643555
-1.646484 1.315430
0.132812 -1.594727
0.100586 -1.574219
-1.661133 -1.365234
1.503906 0.338867
1.435547 -1.495117
0.554688 -3.647461
1.982422 -1.036133
1.186523 -0.761719
-2.702148 0.779297
0.502930 0.492188
1.063477 -0.314453
2.167969 -0.193359
-0.353516 -1.058594
-1.187500 0.107422
0.962891 1.363281
-1.124023 2.824219
-2.364258 -1.578125
2.058594 -1.370117
1.074219 1.272461
0.180664 -2.077148
2.930664 1.547852
1.385742 -3.270508
-1.219727 0.323242
-0.041992 0.790039
-0.569336 -3.278320
0.748047 0.046875
-4.175781 -0.628906
-1.347656 0.808594
-1.730469 0.955078
-1.848633 -1.333008
-1.428711 -0.778320
-0.827148 -0.683594
-0.731445 -0.023438
1.083984 0.026367
1.021484 -0.299805
-0.791016 -0.953125
0.902344 2.085938
-0.049805 -0.022461
-0.166992 -1.606445
1.720703 0.131836
-0.773438 -3.022461
0.435547 -1.432617
4.031250 -0.989258
-0.632812 1.155273
-0.533203 0.754883
1.951172 0.043945
-1.148438 -1.458008
0.750977 2.270508
-1.811523 1.393555
1.886719 -1.339844
-1.119141 -1.601562
-0.225586 -2.900391
1.569336 -2.244141
-2.582031 1.799805
0.507812 -0.034180
0.299805 -0.729492
-0.321289 -1.875977
1.841797 0.796875
-1.925781 -0.843750
-1.492188 0.278320
-0.304688 -0.059570
-5.581055 -0.697266
1.311523 -1.833984
-0.269531 1.667969
-1.138672 0.638672
-0.039062 0.417969
0.619141 -0.115234
0.921875 -2.660156
0.658203 -0.791016
-0.017578 1.404297
2.164062 -1.644531
0.355469 0.798828
1.914062 0.166016
-0.259766 -0.765625
0.833984 -3.390625
0.070312 1.900391
2.378906 0.300781
1.680664 -0.334961
-1.274414 0.305664
0.864258 -2.210938
-1.321289 -0.347656
-2.218750 2.276367
-0.312500 -2.694336
-1.410156 1.898438
0.390625 0.083984
-2.688477 0.991211
1.657227 -1.137695
-1.084961 1.255859
-1.301758 -0.839844
1.315430 0.441406
-1.213867 0.103516
1.988281 1.735352
0.517578 -0.551758
-0.808594 -2.692383
1.064453 -3.604492
2.557617 2.564453
-2.698242 0.300781
-1.092773 -0.517578
-1.473633 -0.042969
-1.423828 1.794922
1.488281 0.027344
2.585938 -0.238281
0.349609 -0.212891
-1.918945 1.196289
2.731445 0.143555
-1.795898 -1.342773
-1.063477 -0.305664
1.050781 -1.823242
1.996094 2.418945
1.210938 -1.061523
1.726562 -2.776367
-1.612305 -0.464844
0.041992 -1.292969
0.148438 -1.391602
1.496094 -0.045898
0.058594 0.412109
-0.326172 -0.818359
0.993164 1.420898
-0.401367 -1.057617
-1.170898 -1.423828
0.834961 -2.236328
-1.074219 -4.260742
0.437500 0.827148
-1.368164 0.625000
-2.461914 -0.027344
0.047852 -1.300781
0.665039 -2.562500
0.721680 1.458984
0.743164 -2.089844
-1.452148 2.867188
-2.590820 0.623047
-1.403320 -0.492188
2.672852 -0.804688
-0.794922 0.670898
-0.736328 -1.870117
-0.099609 0.211914
3.062500 -0.223633
0.839844 -3.102539
2.572266 -0.420898
0.167969 0.129883
-0.126953 0.731445
-2.864258 -1.646484
0.612305 0.535156
0.025391 -1.926758
0.685547 -2.270508
1.673828 3.032227
1.005859 -0.022461
0.612305 2.215820
0.704102 -0.788086
1.410156 -2.281250
0.707031 -2.341797
0.598633 -0.499023
0.907227 -1.604492
3.204102 3.143555
-1.245117 1.249023
-0.500000 2.192383
0.355469 -1.891602
-1.661133 0.806641
0.856445 -0.373047
0.764648 -1.824219
-0.557617 -1.824219
-1.785156 -1.375977
1.628906 -1.956055
-0.090820 3.558594
1.991211 -1.625000
3.276367 0.261719
0.784180 1.320312
-0.655273 1.207031
-2.252930 1.447266
1.447266 0.549805
1.199219 -0.946289
2.820312 1.961914
0.248047 -0.413086
-0.456055 -1.068359
0.399414 0.160156
-1.843750 0.434570
-0.675781 0.356445
-1.888672 -0.243164
1.865234 -0.743164
-0.824219 -0.089844
2.259766 1.328125
-1.504883 2.004883
0.354492 -1.071289
1.895508 1.543945
-1.381836 -1.692383
-0.640625 -1.636719
0.779297 -1.964844
-0.379883 0.427734
-0.377930 1.134766
-0.287109 -1.088867
-2.947266 -0.079102
2.344727 2.300781
-0.727539 1.083984
-2.245117 1.613281
-1.692383 0.525391
-0.041016 0.533203
-3.267578 -1.281250
-2.760742 1.649414
-0.215820 -0.709961
2.453125 0.392578
-0.878906 -0.306641
0.630859 -0.437500
-2.541016 0.527344
1.456055 2.907227
2.547852 -0.356445
-0.499023 0.270508
-1.114258 0.112305
-3.175781 0.899414
0.667969 -0.907227
-0.155273 1.662109
-0.555664 0.873047
2.182617 -1.431641
0.622070 1.185547
1.685547 0.907227
1.423828 -0.797852
-0.937500 2.466797
-2.003906 3.482422
0.904297 1.591797
2.251953 -1.626953
0.120117 0.809570
-0.032227 -1.495117
1.963867 1.756836
-1.543945 -1.868164
-1.721680 -0.670898
2.151367 0.782227
0.521484 -0.734375
-0.138672 -0.236328
-2.341797 -0.478516
-2.333984 0.880859
-3.474609 -0.027344
1.138672 -0.019531
-0.451172 3.217773
0.230469 1.819336
1.438477 2.976562
-1.452148 -0.654297
-0.544922 0.003906
-2.623047 -1.238281
1.994141 1.501953
1.873047 -0.134766
-1.917969 1.125000
0.587891 -1.882812
-0.159180 -0.823242
1.336914 1.307617
1.063477 0.280273
-0.922852 -0.551758
-0.574219 1.048828
-2.214844 2.917969
2.927734 -2.184570
0.595703 2.129883
0.026367 2.398438
0.223633 0.062500
-0.424805 2.372070
-0.350586 0.280273
-4.025391 -0.705078
-1.894531 -1.271484
2.039062 0.992188
-2.279297 -0.820312
0.348633 -0.174805
-0.159180 0.616211
-0.051758 -0.896484
1.581055 -0.974609
-2.428711 -0.154297
0.723633 -1.169922
0.429688 0.925781
-3.339844 2.335938
-1.253906 -0.519531
-2.148438 0.195312
0.350586 0.577148
-3.202148 -1.004883
1.880859 -1.279297
1.634766 -0.546875
-0.957031 0.709961
-0.273438 -1.655273
-1.391602 -3.482422
1.793945 0.580078
2.741211 -1.365234
0.401367 -2.738281
0.142578 2.057617
2.312500 -0.489258
-1.226562 0.688477
1.501953 -2.112305
0.692383 -0.125000
-0.014648 -1.611328
1.010742 -0.820312
-1.219727 1.210938
0.497070 0.076172
2.840820 -0.177734
-0.357422 -0.469727
1.304688 0.379883
-0.619141 0.946289
-2.746094 -0.168945
1.750000 -1.128906
1.255859 0.298828
0.820312 0.896484
2.412109 -1.726562
1.055664 -2.304688
-0.176758 -1.197266
0.139648 4.439453
0.020508 -0.917969
-1.016602 -0.137695
2.022461 -1.661133
-2.799805 0.069336
-1.155273 -1.020508
3.425781 -1.459961
0.111328 -0.000977
-0.443359 -1.403320
0.152344 -0.573242
-2.346680 -1.288086
0.872070 -1.713867
-0.715820 1.559570
-4.114258 -1.581055
-0.743164 -0.092773
-1.561523 -2.295898
0.509766 -0.574219
1.181641 1.322266
-1.691406 1.044922
0.390625 0.990234
-0.275391 -1.246094
-1.662109 -1.226562
-1.696289 -0.960938
0.833008 0.925781
0.787109 -2.038086
2.298828 2.190430
0.000977 -0.592773
1.475586 1.864258
-0.791016 -0.748047
-0.416016 1.250000
-0.455078 0.134766
-0.021484 0.371094
-0.774414 -4.469727
0.708008 1.706055
0.821289 0.539062
0.446289 -2.039062
-1.750977 0.492188
-2.911133 1.171875
1.405273 0.970703
-2.452148 0.773438
-0.233398 2.343750
-2.145508 1.603516
2.723633 -2.399414
1.280273 -0.823242
-2.715820 0.672852
1.372070 2.573242
2.864258 0.155273
-1.708008 -0.374023
0.059570 0.969727
1.475586 -0.680664
0.814453 3.088867
0.394531 0.026367
0.512695 0.980469
1.204102 1.892578
-2.177734 0.098633
-0.134766 0.465820
-1.162109 0.643555
-0.162109 0.440430
2.626953 -1.203125
0.015625 0.375000
0.676758 -1.467773
-1.393555 -1.801758
0.811523 -0.759766
-4.420898 -2.208984
0.644531 -0.454102
-0.484375 0.649414
-0.798828 -1.237305
-2.394531 0.848633
-1.471680 1.484375
-1.256836 -1.111328
0.711914 -0.997070
1.711914 -0.973633
-0.631836 -0.940430
-2.139648 3.223633
1.388672 1.387695
-0.095703 1.596680
-2.428711 1.029297
0.655273 -3.576172
-1.060547 -2.138672
-1.906250 -3.009766
0.489258 -0.333008
-3.022461 -1.405273
-0.548828 -1.768555
-1.253906 0.364258
1.440430 0.585938
0.745117 -0.107422
-0.047852 -1.342773
1.329102 -0.010742
-0.900391 2.728516
0.126953 -1.339844
2.558594 -3.370117
1.660156 -1.010742
-0.347656 0.368164
1.359375 1.551758
-0.108398 -0.659180
-0.028320 1.481445
1.246094 -3.568359
-1.140625 0.339844
2.697266 -0.648438
0.158203 -0.058594
1.248047 1.490234
0.099609 -0.576172
0.074219 -1.260742
-2.978516 -0.303711
1.530273 -0.468750
-1.645508 1.193359
2.571289 -2.341797
2.518555 -2.304688
2.592773 -0.746094
-4.397461 -0.603516
-1.834961 0.257812
-1.467773 0.300781
-0.104492 0.101562
-0.166992 -0.066406
1.303711 0.953125
1.497070 -2.166016
0.467773 1.658203
0.618164 -0.132812
1.458008 1.597656
1.381836 0.195312
0.099609 1.040039
0.212891 -2.801758
-0.775391 -0.514648
1.693359 -0.141602
-0.918945 1.382812
-3.776367 -1.246094
1.091797 -0.248047
3.224609 -0.113281
-1.430664 0.432617
0.430664 -0.090820
-0.652344 2.170898
0.892578 -1.475586
-0.890625 -1.022461
0.419922 2.659180
-0.920898 0.261719
-1.456055 1.232422
0.125000 -0.541992
-2.677734 2.036133
-2.294922 0.002930
-1.585938 2.627930
-1.709961 -0.037109
-1.409180 -0.066406
-0.147461 -2.081055
1.672852 -2.254883
0.517578 3.078125
-1.945312 -1.082031
-0.466797 0.528320
-0.968750 -0.709961
-0.225586 -2.216797
1.844727 -0.394531
-0.851562 -2.569336
0.144531 -0.391602
3.165039 0.259766
-1.657227 -0.927734
-0.942383 -1.041016
-0.606445 2.142578
-2.600586 -2.298828
1.059570 -2.259766
2.619141 -2.767578
-1.496094 -2.011719
-1.326172 1.003906
2.425781 1.279297
-1.111328 0.222656
0.933594 -0.099609
-0.267578 -0.785156
-0.070312 0.529297
-1.879883 0.815430
-0.852539 -1.106445
-2.323242 0.278320
-0.541992 0.551758
0.717773 -0.003906
-0.637695 -0.447266
-1.914062 1.793945
1.498047 0.473633
1.487305 2.286133
-3.588867 2.624023
0.370117 -0.805664
0.879883 -0.686523
0.550781 -1.802734
0.312500 2.736328
0.339844 2.109375
-1.183594 0.207031
1.247070 -0.575195
2.793945 0.215820
0.427734 -0.310547
1.476562 -1.501953
0.481445 -0.372070
-0.958008 -0.999023
0.041992 -2.553711
-0.241211 1.440430
0.863281 0.119141
-0.208984 -1.796875
1.417969 0.878906
-1.755859 4.087891
-0.087891 -0.539062
1.156250 -0.164062
1.149414 -3.069336
-0.096680 -1.918945
2.471680 -0.704102
-0.680664 -0.854492
0.412109 2.875000
1.285156 -0.738281
1.538086 3.234375
-2.846680 1.630859
1.432617 -1.638672
0.200195 0.449219
-2.230469 0.436523
1.414062 -0.385742
-0.844727 0.570312
0.852539 2.382812
3.226562 -0.144531
1.554688 -2.054688
1.185547 0.710938
0.169922 -0.558594
0.296875 1.516602
-2.058594 -0.778320
0.022461 1.025391
0.833008 1.369141
0.435547 -1.418945
2.417969 2.083008
0.447266 -2.254883
0.183594 -1.194336
1.713867 2.948242
1.575195 -0.256836
-0.430664 -0.938477
0.368164 0.704102
-0.254883 3.333008
-2.124023 2.354492
0.061523 0.540039
2.747070 0.913086
1.393555 0.875977
-0.872070 -1.016602
-0.876953 -2.238281
1.183594 2.218750
-0.400391 -2.198242
3.060547 -2.489258
-1.237305 1.294922
-1.430664 1.306641
-0.269531 -2.170898
0.033203 1.004883
-2.225586 0.447266
2.329102 -1.742188
0.220703 -0.163086
-0.121094 -1.401367
-1.198242 -1.703125
0.411133 0.072266
1.385742 2.040039
1.612305 -0.403320
-0.263672 -0.142578
4.011719 1.544922
-2.160156 -2.093750
1.306641 1.050781
0.553711 1.219727
3.709961 0.264648
-2.156250 1.015625
-1.441406 -0.937500
-0.287109 0.953125
0.451172 -0.894531
-1.106445 -1.492188
2.231445 2.404297
-0.387695 0.662109
-1.588867 2.308594
0.074219 0.995117
-2.558594 1.364258
-1.967773 0.298828
-2.622070 0.427734
0.327148 1.280273
1.372070 1.352539
-3.989258 -0.776367
-0.022461 0.479492
1.934570 1.201172
-1.926758 -0.187500
-1.147461 1.333984
-2.071289 -0.199219
-1.271484 -1.095703
-2.054688 0.833984
0.625977 -2.344727
-1.022461 -0.077148
-0.873047 -2.130859
0.876953 2.164062
1.397461 2.350586
2.000977 -0.075195
0.124023 0.183594
-0.012695 -1.939453
-1.199219 2.000977
-1.775391 -0.245117
0.542969 0.538086
-0.171875 0.696289
0.342773 0.054688
3.258789 -1.828125
-1.166016 0.722656
-1.800781 -2.673828
-0.712891 -0.064453
-3.281250 -1.953125
2.351562 -0.122070
0.041016 1.118164
1.150391 -1.006836
-3.281250 -2.934570
2.157227 -1.740234
0.368164 0.312500
-1.388672 0.262695
1.304688 1.899414
-1.391602 0.275391
1.684570 1.060547
0.039062 -1.028320
-2.750000 -0.346680
-1.617188 -1.859375
-1.867188 -1.673828
-0.749023 2.073242
-1.981445 -1.567383
-0.666992 -0.660156
-1.204102 -0.544922
2.663086 0.126953
-1.237305 -1.246094
1.224609 -0.990234
-2.759766 -0.740234
-2.378906 -0.291016
0.585938 -1.283203
-2.785156 1.207031
-1.648438 -2.300781
1.371094 -0.968750
0.125000 -0.398438
0.625977 0.665039
0.833008 2.911133
0.028320 -1.092773
1.356445 0.602539
-0.663086 -0.585938
-1.081055 0.466797
-2.416016 -1.239258
1.519531 -2.133789
1.012695 -0.675781
-1.172852 0.548828
0.510742 -2.455078
-1.073242 -0.492188
-1.971680 0.216797
-0.038086 -1.666016
3.276367 -3.322266
-1.395508 0.869141
0.383789 -1.329102
0.866211 -1.243164
0.306641 0.802734
-0.982422 -0.937500
-0.328125 -0.026367
-1.544922 -1.762695
-1.341797 2.840820
-3.066406 0.850586
3.067383 -0.539062
2.846680 -3.681641
-0.043945 -1.027344
0.180664 -1.416016
1.274414 0.872070
1.086914 -1.018555
-0.543945 -1.375977
-0.356445 1.034180
-2.682617 0.574219
3.254883 0.691406
-0.918945 -0.361328
-0.336914 -0.365234
1.840820 -0.395508
-0.624023 -0.952148
0.628906 0.515625
-1.146484 1.027344
0.825195 0.556641
2.530273 0.712891
1.642578 1.692383
-1.787109 -0.250977
0.240234 -0.708984
-0.763672 -1.884766
0.464844 0.722656
-2.660156 -0.449219
3.035156 0.572266
-0.103516 0.117188
-1.353516 2.201172
1.832031 0.878906
3.002930 1.375977
1.084961 -0.680664
0.310547 1.853516
-2.019531 1.181641
-1.414062 -0.374023
1.589844 0.879883
-0.755859 -0.090820
-2.119141 0.299805
-1.375000 -1.191406
-0.486328 0.007812
-3.524414 1.620117
2.186523 0.059570
1.143555 0.246094
0.698242 0.431641
-1.742188 1.038086
-2.892578 -1.813477
1.563477 0.492188
0.403320 -1.765625
0.555664 -0.982422
0.278320 -2.884766
1.027344 1.550781
-1.242188 -0.035156
-2.058594 -1.669922
-0.457031 0.048828
-1.966797 -0.931641
2.099609 -0.408203
-0.103516 -0.416016
-2.580078 1.595703
-2.448242 -1.956055
0.059570 -0.502930
-0.776367 1.002930
0.208008 1.342773
0.168945 3.083008
2.772461 -0.151367
-0.238281 3.062500
-0.667969 -0.087891
1.201172 0.590820
0.751953 -2.389648
2.416016 -0.346680
2.060547 -0.202148
0.826172 -3.625977
-0.558594 1.170898
-1.041992 -0.166016
1.473633 0.234375
-0.577148 -1.441406
1.528320 0.425781
1.028320 0.560547
1.286133 1.119141
-4.962891 -1.483398
-0.326172 -0.096680
0.666016 -0.237305
0.771484 1.059570
-2.456055 -1.614258
0.295898 -1.040039
-2.150391 -1.416016
0.791016 -1.648438
-0.253906 1.822266
-4.414062 1.232422
1.326172 -1.695312
1.330078 -1.660156
-1.801758 -0.829102
2.209961 -0.200195
-1.034180 -0.688477
0.844727 -1.110352
-1.690430 0.841797
2.127930 1.025391
1.316406 0.659180
-0.550781 0.668945
-0.645508 -1.555664
0.612305 0.159180
2.416992 0.325195
1.096680 2.016602
0.778320 -0.943359
-0.657227 2.736328
1.125000 -1.735352
1.531250 -0.065430
0.682617 -0.288086
1.280273 1.327148
-0.111328 1.330078
2.382812 3.962891
0.526367 0.711914
0.704102 -0.836914
-2.334961 2.075195
-1.641602 -1.833008
-1.688477 1.650391
-0.077148 -1.148438
-2.196289 -0.919922
-2.166992 -1.906250
1.579102 -1.826172
-0.137695 1.169922
-1.166016 2.018555
0.248047 1.016602
-1.770508 -1.101562
1.604492 0.175781
-0.356445 2.187500
0.202148 1.843750
0.875977 -0.065430
0.991211 1.196289
0.802734 2.710938
-2.302734 -1.501953
1.964844 1.267578
1.951172 1.185547
0.178711 1.545898
0.358398 1.391602
-0.926758 -3.177734
-0.993164 1.486328
-0.708008 3.773438
-0.704102 -1.320312
0.747070 0.697266
2.069336 2.404297
-1.369141 -2.358398
1.431641 -0.333008
1.732422 -1.581055
-0.962891 0.649414
1.568359 -0.260742
0.267578 1.407227
-0.250000 0.430664
2.919922 -2.696289
-1.263672 1.936523
1.039062 2.211914
-1.071289 0.722656
-1.086914 2.556641
-0.701172 -1.217773
-0.460938 0.954102
-2.104492 0.335938
1.165039 -0.146484
-0.041016 0.780273
1.164062 -1.778320
-0.582031 0.010742
-1.214844 0.768555
-2.109375 1.114258
-2.054688 -1.811523
-1.529297 -0.348633
-2.947266 2.844727
1.143555 -2.546875
0.727539 1.863281
-0.414062 0.012695
2.935547 1.831055
-1.224609 0.067383
0.707031 1.127930
0.466797 0.411133
-0.033203 -1.786133
-1.762695 -0.263672
1.266602 2.025391
-1.121094 1.312500
-0.777344 -0.433594
-1.201172 -0.150391
-2.185547 -0.435547
-0.204102 -2.190430
-1.930664 0.961914
0.590820 -2.206055
0.790039 0.145508
-1.529297 -0.937500
1.439453 -2.457031
1.537109 -1.757812
-1.357422 1.878906
-0.948242 2.785156
-0.088867 2.187500
2.122070 -0.234375
-0.604492 -1.800781
0.250977 -0.575195
-1.643555 -1.502930
-0.646484 -0.015625
-3.257812 -0.718750
0.794922 0.673828
0.691406 0.794922
0.749023 0.159180
-1.922852 -2.631836
0.079102 2.865234
1.729492 1.281250
1.364258 1.931641
3.213867 -0.125000
-0.588867 -0.669922
0.694336 2.974609
-1.304688 -0.469727
1.359375 -2.061523
2.471680 -0.324219
-0.149414 1.326172
-0.494141 1.467773
-1.753906 -1.368164
-1.619141 0.876953
1.148438 2.488281
0.800781 -1.240234
-1.041016 1.828125
-0.448242 -3.392578
2.469727 -1.531250
-0.320312 3.104492
-1.326172 -1.547852
0.929688 0.343750
1.494141 1.308594
0.555664 1.526367
0.340820 2.653320
1.098633 1.540039
0.915039 -0.393555
-0.083008 -0.172852
0.944336 -0.583008
-0.132812 -0.070312
1.658203 1.189453
-2.074219 -2.207031
-0.216797 2.841797
-2.599609 -1.646484
-0.072266 -0.380859
0.880859 1.318359
1.259766 -0.654297
-2.698242 0.347656
0.583008 1.541016
1.972656 3.360352
-1.556641 0.809570
0.490234 0.129883
-1.542969 -0.346680
-2.186523 1.791016
-1.573242 -0.183594
-2.565430 -1.283203
0.942383 -4.458984
1.805664 -1.033203
-0.581055 2.205078
-1.517578 1.582031
1.058594 -0.144531
-0.983398 -1.680664
0.590820 0.106445
-0.564453 0.638672
0.222656 -0.541016
0.213867 -0.696289
-2.418945 -2.014648
-1.828125 1.370117
-0.417969 0.766602
-0.262695 1.046875
-0.444336 -0.734375
0.123047 -1.498047
0.226562 -0.312500
-0.880859 0.982422
0.718750 -2.273438
-0.243164 -0.359375
0.694336 -1.576172
1.839844 1.551758
-1.431641 2.586914
-0.575195 -0.249023
2.338867 -0.211914
0.943359 -3.695312
0.406250 -1.085938
-1.537109 -1.080078
2.955078 -0.642578
-0.011719 1.343750
1.136719 0.289062
-3.123047 -1.083008
-1.765625 -1.729492
-0.951172 2.038086
-0.953125 -2.291992
1.421875 1.980469
0.431641 1.466797
-1.154297 0.373047
-0.644531 -0.269531
1.267578 0.724609
0.693359 0.402344
-0.331055 -3.555664
-2.004883 -0.481445
2.233398 0.809570
-2.235352 -1.563477
0.791016 1.005859
-1.062500 -2.138672
-0.011719 -0.028320
-1.312500 1.442383
0.264648 3.345703
-1.741211 -1.544922
-0.534180 1.758789
-0.915039 -2.583008
-0.120117 1.424805
-2.247070 3.184570
2.865234 -0.391602
1.230469 -1.071289
1.071289 -0.482422
-1.831055 -0.710938
0.410156 -0.133789
0.218750 1.668945
-1.797852 2.259766
-2.174805 -0.388672
1.646484 -0.440430
-0.199219 2.342773
0.955078 0.104492
0.714844 -1.729492
2.678711 -1.916992
-2.344727 -0.235352
0.498047 0.867188
1.871094 2.093750
0.967773 0.251953
1.293945 1.091797
1.861328 -0.915039
-1.533203 0.024414
0.230469 -0.497070
-0.269531 -3.383789
-1.726562 -2.153320
-0.832031 0.170898
1.395508 0.434570
-2.192383 -2.887695
1.795898 1.016602
1.278320 0.963867
-1.368164 1.533203
1.370117 -0.480469
0.371094 2.817383
2.693359 0.629883
-1.648438 0.846680
1.328125 0.836914
-0.493164 0.814453
0.543945 0.849609
1.427734 0.674805
0.822266 -0.592773
-1.180664 0.164062
-1.049805 -3.609375
-0.831055 -0.264648
-4.073242 -1.598633
0.968750 -0.214844
0.302734 -0.660156
0.809570 1.219727
-2.452148 0.168945
-1.081055 -0.049805
-0.541992 1.422852
-0.984375 1.081055
-1.287109 -1.487305
1.158203 1.116211
0.210938 -1.741211
-2.907227 0.948242
0.938477 2.262695
0.360352 -0.303711
2.190430 2.346680
0.768555 -0.534180
2.875977 0.852539
-0.345703 -0.386719
-1.845703 0.697266
1.857422 -0.552734
-0.673828 0.001953
0.937500 0.955078
1.019531 -0.923828
-3.955078 -1.897461
-0.117188 2.057617
-0.111328 -0.520508
1.226562 0.610352
-0.754883 3.100586
0.262695 0.206055
3.175781 2.167969
0.460938 0.865234
0.373047 0.023438
-0.611328 1.615234
0.030273 0.204102
2.180664 1.844727
0.806641 0.868164
1.482422 -1.041992
-2.117188 1.440430
3.582031 1.272461
1.814453 1.246094
-0.332031 0.179688
1.752930 -3.895508
0.663086 -1.393555
-1.360352 0.464844
1.223633 -0.654297
-0.764648 2.140625
-1.333008 0.279297
0.542969 0.161133
-0.820312 0.323242
0.778320 2.261719
-1.743164 0.589844
-1.905273 -1.428711
-2.624023 -0.452148
-1.200195 0.129883
-0.243164 -2.401367
-1.921875 1.753906
-1.359375 0.937500
4.261719 -0.136719
-0.960938 1.003906
-0.141602 2.000000
1.184570 -1.599609
-1.004883 1.542969
0.473633 1.333984
-2.802734 -0.484375
-0.027344 -2.371094
-0.930664 -0.008789
0.729492 0.227539
0.381836 -0.882812
2.135742 0.789062
0.192383 1.369141
0.696289 -4.005859
0.497070 -1.009766
0.416992 -1.576172
0.585938 1.774414
4.238281 0.268555
-0.167969 1.064453
-0.351562 -1.144531
-0.893555 -1.309570
0.858398 1.206055
-1.852539 1.600586
0.993164 1.174805
-2.904297 1.089844
-0.033203 -1.423828
-1.098633 -1.446289
1.329102 -1.754883
-2.462891 0.396484
-0.423828 -0.472656
1.160156 1.930664
-0.814453 3.651367
0.195312 0.301758
-1.126953 0.881836
-0.954102 2.499023
-0.567383 -2.393555
0.195312 0.253906
1.958984 -0.167969
0.066406 -1.701172
-2.041016 0.105469
0.031250 0.267578
-1.677734 1.425781
1.764648 0.954102
1.643555 5.424805
-0.970703 1.044922
0.863281 -1.353516
1.610352 -1.021484
-1.170898 0.166016
1.211914 2.261719
1.723633 -0.968750
0.165039 1.095703
0.004883 -0.167969
0.630859 -1.428711
1.332031 1.250977
1.508789 -0.628906
0.096680 -0.431641
0.557617 1.222656
-2.346680 0.591797
-0.720703 0.286133
2.566406 0.967773
-1.119141 -1.717773
-0.003906 -0.297852
0.953125 -5.299805
-0.876953 -0.913086
-1.235352 0.414062
1.131836 -0.810547
-1.300781 -0.211914
-3.781250 0.041992
-1.488281 0.807617
0.578125 -0.797852
-3.097656 1.451172
0.125000 -0.296875
-2.151367 -2.340820
2.327148 0.874023
2.419922 1.423828
0.921875 0.580078
1.077148 -1.676758
-1.348633 -0.241211
0.403320 1.234375
1.821289 0.314453
-1.175781 0.991211
-1.501953 0.030273
-0.156250 1.922852
3.134766 1.979492
1.845703 1.725586
1.492188 -1.831055
0.557617 1.060547
-2.725586 -0.345703
2.593750 0.284180
1.199219 0.079102
2.491211 0.834961
-2.803711 2.387695
0.295898 2.081055
-0.194336 1.208008
2.103516 -2.389648
0.638672 0.834961
-0.262695 -0.875000
-0.030273 -0.660156
1.666016 2.176758
2.166016 -0.545898
0.167969 -0.180664
-0.863281 1.514648
0.645508 -0.930664
1.258789 1.071289
-1.535156 -0.207031
0.130859 0.011719
-0.690430 -1.253906
0.377930 -0.232422
1.907227 -0.562500
-1.258789 2.462891
-1.743164 0.243164
-1.534180 -1.426758
3.512695 -0.016602
-1.215820 0.555664
1.380859 2.083008
0.324219 -0.270508
2.791016 2.967773
2.003906 0.907227
1.221680 -0.250977
-1.696289 0.096680
0.645508 1.395508
-2.526367 -1.022461
2.170898 2.270508
-0.036133 2.192383
2.444336 0.723633
-0.415039 0.489258
0.093750 1.545898
3.179688 0.145508
1.668945 0.113281
-1.344727 -0.968750
1.902344 0.559570
2.869141 0.577148
-2.064453 0.295898
-0.195312 -1.120117
-1.780273 -0.264648
0.133789 0.372070
-0.688477 1.291992
-0.403320 -0.723633
-0.090820 -0.554688
-1.083008 -2.773438
-3.639648 -1.937500
1.543945 -0.531250
-0.738281 -1.990234
2.503906 -1.919922
-0.869141 1.480469
-0.373047 -1.273438
0.283203 -0.231445
1.486328 -0.092773
-1.737305 2.539062
-0.829102 0.972656
-0.563477 1.030273
-0.028320 0.043945
0.644531 1.687500
1.853516 0.218750
1.966797 0.767578
-0.406250 1.955078
-1.293945 1.569336
3.217773 -2.436523
-2.839844 0.157227
-1.863281 0.249023
1.393555 2.083984
-0.534180 0.177734
0.708984 -0.801758
-0.457031 -1.733398
2.392578 0.723633
-0.003906 -1.536133
-0.440430 -2.970703
-4.459961 0.757812
2.322266 -1.713867
-0.894531 -0.393555
-1.142578 -1.835938
0.275391 0.054688
-0.226562 -1.109375
-1.035156 -0.558594
1.020508 -0.151367
0.961914 -0.063477
1.455078 -0.144531
-0.605469 3.246094
-0.583984 0.923828
-0.523438 0.025391
0.399414 -2.754883
-2.397461 -1.151367
0.127930 -2.014648
0.057617 -0.840820
-1.966797 3.279297
-3.785156 -0.259766
-1.130859 -1.601562
1.464844 1.353516
0.046875 1.837891
-1.029297 -1.417969
-1.065430 -1.847656
-0.334961 -0.179688
-1.311523 -0.949219
-0.401367 -1.117188
0.628906 -1.702148
0.292969 -0.096680
2.591797 -1.614258
-1.494141 0.127930
-0.914062 -0.958984
2.748047 0.888672
0.446289 -3.110352
1.032227 -0.065430
0.828125 3.333008
-0.853516 1.577148
2.416016 -1.600586
0.992188 -0.704102
-0.145508 -0.425781
1.333008 0.355469
-2.503906 0.836914
1.988281 -2.129883
-0.594727 -1.619141
1.788086 -1.826172
0.795898 -2.095703
-1.903320 -0.451172
-1.271484 2.701172
-1.160156 3.087891
2.247070 1.803711
-0.573242 -1.010742
1.036133 -1.919922
-1.196289 0.212891
-1.314453 1.969727
0.888672 -0.520508
-3.320312 -1.949219
0.638672 0.818359
-0.029297 -0.687500
-0.757812 -2.142578
-1.657227 2.568359
1.125977 0.292969
-1.518555 0.412109
-0.793945 -0.015625
2.235352 -1.144531
0.049805 -3.583984
-2.383789 0.234375
0.750977 -1.791016
-1.096680 -1.460938
-0.170898 -0.041016
1.578125 -0.249023
0.583984 1.235352
1.497070 0.698242
0.241211 0.008789
0.004883 -1.053711
1.065430 -2.614258
-0.580078 -0.490234
0.230469 1.511719
-0.980469 1.861328
4.615234 -0.070312
0.166992 1.763672
0.102539 -0.996094
-1.272461 -2.119141
1.370117 0.394531
2.213867 -0.322266
2.229492 -2.570312
0.357422 2.643555
0.476562 -0.043945
-0.076172 -0.127930
0.662109 -0.463867
1.511719 -2.352539
-0.253906 -0.473633
-0.695312 -3.127930
-1.904297 0.264648
-0.640625 -2.026367
-0.220703 1.916992
0.438477 -0.937500
-2.280273 -0.501953
-0.736328 0.446289
2.140625 -2.647461
0.525391 -2.973633
-3.742188 -0.301758
1.782227 -1.220703
1.465820 0.808594
1.028320 0.458984
0.174805 -2.572266
-0.945312 -0.768555
-0.273438 0.475586
1.645508 0.256836
0.729492 -0.497070
2.460938 -0.226562
2.144531 2.701172
-2.630859 0.761719
-1.373047 1.046875
0.406250 0.632812
-2.578125 -0.109375
-0.475586 -0.458008
1.008789 0.399414
-1.564453 -2.154297
1.617188 -0.603516
-0.775391 0.515625
3.341797 2.085938
-1.947266 0.667969
-1.044922 -0.238281
-1.993164 1.073242
3.409180 1.083008
0.148438 -0.351562
-0.888672 0.976562
2.122070 -0.255859
-0.958008 1.792969
-1.168945 -0.851562
-2.928711 -0.185547
1.807617 -2.895508
0.692383 0.249023
0.757812 -2.001953
-0.839844 -1.128906
0.958984 -2.353516
1.267578 1.619141
-1.187500 0.406250
1.914062 0.136719
0.478516 -0.522461
2.406250 0.458008
2.127930 -0.593750
-1.325195 -0.337891
1.263672 0.776367
-0.808594 -2.120117
0.724609 0.192383
0.449219 -1.579102
-2.594727 1.191406
-1.932617 0.349609
-0.672852 1.203125
2.157227 0.548828
-2.021484 1.157227
-1.156250 0.600586
-1.076172 -1.084961
0.722656 2.209961
3.681641 1.234375
-2.068359 0.541016
-2.661133 -0.051758
-0.881836 1.534180
-0.282227 -0.510742
3.297852 -0.541992
1.759766 0.468750
1.416016 0.525391
-1.438477 2.389648
-0.307617 0.721680
2.820312 0.611328
-1.402344 2.589844
-0.920898 -0.768555
1.608398 1.504883
-0.902344 -1.269531
0.679688 -0.294922
3.463867 1.983398
-1.784180 1.083008
-0.768555 -0.688477
-1.024414 -2.495117
-0.712891 -1.103516
-0.917969 0.158203
-0.381836 0.676758
-4.163086 0.924805
-0.116211 1.448242
-1.239258 0.215820
1.200195 -1.768555
0.170898 -0.723633
-0.192383 0.685547
-3.379883 2.033203
-2.004883 -1.031250
2.862305 -0.050781
2.428711 1.931641
-0.633789 -0.460938
0.615234 1.096680
0.796875 0.655273
-1.844727 0.880859
0.264648 -0.361328
1.481445 1.025391
0.059570 -1.072266
3.649414 -1.105469
1.776367 -1.117188
-0.101562 0.208008
0.101562 1.760742
-0.282227 -0.851562
0.909180 0.632812
3.450195 1.121094
-0.807617 -3.707031
-1.331055 -1.872070
0.434570 1.311523
-0.266602 -1.604492
-2.747070 -0.217773
-1.129883 0.206055
0.573242 0.540039
0.525391 1.716797
2.445312 2.833984
1.120117 -0.091797
-0.709961 2.142578
1.835938 0.700195
1.128906 -2.817383
2.465820 0.666016
-2.327148 -0.406250
0.324219 -2.583008
0.302734 -0.883789
-1.603516 1.000000
-0.560547 0.875000
-0.097656 1.783203
2.863281 -0.248047
0.859375 1.005859
0.230469 1.009766
2.431641 2.451172
-0.134766 -0.544922
-0.210938 -0.057617
1.599609 2.137695
-0.241211 -0.304688
2.161133 1.849609
0.514648 -1.634766
0.538086 3.050781
0.464844 0.377930
0.595703 1.581055
1.067383 -2.276367
1.377930 1.032227
-2.740234 -0.314453
-2.904297 -1.488281
2.429688 -1.204102
1.953125 3.680664
-0.114258 -1.068359
-0.831055 0.591797
0.592773 -0.470703
2.567383 -1.070312
-0.325195 0.066406
-0.155273 -1.814453
-0.504883 3.079102
-0.735352 1.024414
-0.387695 1.168945
1.291992 0.583008
-0.033203 1.727539
-0.646484 -2.211914
1.541992 2.251953
-0.112305 -1.181641
0.765625 -1.545898
0.970703 1.711914
0.555664 -0.132812
1.215820 0.048828
2.847656 1.582031
-1.332031 -0.804688
-4.496094 -0.904297
-0.082031 1.201172
-1.247070 0.282227
0.254883 0.483398
-4.006836 1.370117
-1.247070 1.063477
-2.342773 1.006836
0.657227 0.532227
0.072266 0.619141
2.121094 0.486328
-1.090820 -1.255859
1.002930 0.238281
-0.869141 -1.545898
-2.132812 0.129883
1.181641 1.012695
0.078125 1.622070
3.211914 -1.082031
-0.928711 1.068359
-0.092773 2.733398
2.504883 -0.762695
0.639648 -0.323242
-0.321289 0.684570
-0.274414 -0.129883
0.192383 -1.553711
1.381836 4.694336
0.844727 0.469727
-1.202148 0.303711
0.270508 1.407227
-1.712891 -1.599609
-0.015625 -3.357422
1.776367 1.185547
-2.590820 3.433594
0.548828 -0.204102
-1.792969 -1.184570
0.415039 0.951172
-0.110352 -0.386719
0.536133 -2.306641
0.092773 1.925781
1.592773 -2.951172
-1.571289 -0.326172
0.538086 -2.136719
-0.836914 -1.140625
-0.266602 0.642578
-0.002930 -0.632812
2.204102 2.902344
0.920898 -0.111328
0.671875 -1.656250
-0.580078 -1.015625
-0.750977 2.288086
-1.750977 -2.823242
-0.982422 -3.403320
0.056641 1.573242
0.976562 -0.491211
2.660156 -1.971680
-0.125977 0.477539
1.934570 -0.364258
0.280273 -2.377930
1.208008 -0.875977
-1.602539 1.146484
1.405273 1.253906
0.062500 -0.829102
0.044922 2.174805
1.159180 -0.956055
1.610352 -0.690430
-0.394531 -2.548828
3.562500 1.402344
-0.570312 -0.101562
0.337891 -2.564453
1.703125 3.632812
-1.064453 2.853516
1.258789 0.113281
-0.967773 0.826172
0.132812 -0.030273
0.505859 1.176758
0.329102 1.574219
-0.780273 0.718750
0.038086 -1.593750
-0.293945 -0.191406
0.208008 -0.532227
-1.184570 0.825195
0.204102 -0.370117
1.221680 0.436523
-2.119141 -3.073242
-1.771484 -0.749023
0.886719 3.145508
-2.632812 0.157227
0.806641 -3.722656
-1.726562 -0.990234
1.974609 -2.642578
-0.359375 0.824219
-2.022461 -0.932617
-0.334961 -2.096680
-0.180664 -0.690430
-1.231445 0.586914
-1.734375 -3.141602
1.378906 -1.127930
-1.842773 1.021484
-1.235352 1.380859
-0.976562 2.697266
0.121094 0.371094
-2.624023 -1.420898
0.393555 1.965820
0.254883 -2.000000
1.752930 -0.576172
-1.831055 1.572266
2.471680 -1.656250
-2.365234 0.131836
-0.541016 -0.543945
-1.421875 4.083008
-1.406250 -0.178711
-1.746094 2.222656
0.181641 -0.949219
1.506836 -2.170898
-0.196289 3.327148
1.866211 0.674805
0.573242 0.653320
-0.144531 0.455078
0.130859 -0.619141
-2.414062 0.306641
-2.390625 -1.517578
0.044922 1.216797
1.607422 0.048828
-1.022461 -3.345703
0.323242 -0.484375
-1.504883 2.437500
1.536133 -2.685547
0.240234 0.319336
0.943359 1.184570
-0.291992 0.103516
-1.450195 1.529297
1.851562 0.775391
0.060547 -0.673828
-3.536133 0.405273
-1.153320 -1.448242
-1.878906 1.096680
-0.861328 0.834961
-0.377930 1.292969
0.481445 2.720703
0.067383 -0.106445
1.983398 0.731445
1.252930 1.067383
0.465820 -1.133789
-3.278320 -1.165039
-1.026367 1.186523
-1.384766 -3.048828
2.787109 -2.832031
-0.270508 0.105469
2.565430 0.089844
1.557617 0.148438
-0.192383 -0.097656
-1.095703 0.561523
2.246094 -0.428711
1.050781 -2.184570
0.052734 1.422852
0.326172 -0.512695
0.166016 1.247070
-2.471680 0.181641
2.225586 -0.212891
-0.927734 -1.127930
0.691406 -2.452148
-0.479492 1.203125
0.899414 1.712891
2.280273 -0.875977
-0.411133 0.688477
0.388672 -0.531250
-2.187500 0.378906
-1.010742 -1.005859
-0.116211 -2.587891
-5.049805 -1.718750
-0.241211 -2.023438
1.564453 -0.056641
-1.414062 0.205078
0.002930 -0.018555
-0.313477 0.381836
-0.715820 -0.198242
0.903320 0.489258
-1.169922 2.158203
1.126953 -1.835938
0.550781 -1.250000
2.406250 1.001953
3.997070 0.133789
-0.149414 0.352539
-0.091797 2.574219
-0.115234 -0.902344
-0.074219 -3.066406
-0.308594 -4.433594
-2.040039 1.652344
-2.028320 -1.250000
-0.141602 1.166016
0.206055 1.451172
-1.237305 -0.092773
0.997070 -0.674805
-0.436523 -3.897461
-2.893555 0.532227
-0.558594 -1.319336
0.580078 -2.461914
1.248047 -2.415039
-1.058594 -0.881836
-0.020508 0.512695
2.014648 -2.280273
-0.084961 2.774414
-2.104492 -0.776367
-2.942383 -0.125000
1.040039 1.025391
-0.229492 -3.054688
-1.356445 -1.693359
-1.177734 -1.115234
-0.541016 -1.056641
-1.781250 -1.679688
-0.003906 0.824219
2.819336 -0.495117
-1.502930 0.624023
1.458008 -3.416992
-0.149414 -0.079102
0.373047 2.035156
-2.076172 1.816406
0.158203 -0.449219
-1.634766 -0.207031
2.791016 -0.756836
0.519531 1.682617
-0.083984 1.518555
-3.644531 0.243164
-2.873047 -1.516602
2.421875 -0.799805
0.851562 0.752930
-0.599609 -2.596680
-1.519531 -2.482422
0.169922 -2.308594
-1.068359 -0.939453
-1.191406 0.058594
-1.397461 0.363281
-0.227539 1.886719
-0.115234 -1.985352
-1.736328 -0.862305
-0.032227 -0.730469
1.633789 2.363281
-1.017578 0.090820
-0.798828 -1.426758
-0.084961 1.297852
-1.561523 0.083008
-0.190430 -1.756836
1.622070 0.719727
-0.474609 0.652344
1.759766 -0.380859
3.665039 0.258789
0.901367 0.399414
1.396484 2.037109
-1.691406 2.759766
2.360352 1.098633
-3.084961 -0.704102
-0.234375 -1.658203
0.597656 -0.294922
2.146484 0.357422
-2.455078 1.099609
1.759766 1.092773
-0.261719 -1.567383
-0.825195 0.310547
-0.758789 0.550781
-0.958008 -0.025391
0.772461 2.599609
-2.487305 -2.177734
-1.959961 -1.013672
0.189453 2.253906
0.406250 0.402344
1.913086 1.004883
-2.262695 1.264648
-2.764648 0.713867
0.143555 -0.637695
1.087891 0.033203
-0.759766 -0.375000
0.473633 -2.132812
1.307617 0.837891
2.596680 2.392578
-0.741211 -1.246094
-0.274414 -0.975586
0.985352 -0.004883
-2.665039 3.352539
1.215820 2.256836
1.529297 1.394531
0.703125 1.933594
2.647461 0.262695
1.510742 -0.653320
-2.194336 3.029297
-1.014648 1.470703
-3.512695 1.316406
1.151367 -0.542969
-1.562500 0.083008
0.556641 0.432617
2.884766 -1.041992
-1.468750 1.163086
0.625000 1.722656
0.810547 1.304688
-0.756836 -1.739258
-0.799805 -1.682617
-1.085938 -0.518555
1.958984 1.520508
-1.467773 0.000000
0.067383 -1.443359
0.284180 1.294922
-0.151367 -1.322266
0.017578 -2.090820
0.134766 1.399414
-0.240234 -1.385742
0.177734 -1.065430
-3.314453 3.581055
-2.943359 -0.504883
1.047852 -0.126953
1.208008 -1.404297
0.672852 -2.505859
0.645508 1.279297
-0.589844 -1.378906
-0.654297 0.035156
-0.860352 -2.991211
-0.336914 1.483398
-2.654297 0.396484
0.958984 -4.363281
-2.633789 1.014648
-1.952148 -1.243164
0.016602 -1.796875
1.381836 -0.806641
-0.983398 0.425781
0.479492 -0.115234
-1.143555 -2.040039
-2.581055 0.200195
0.417969 2.683594
-0.005859 -0.367188
-0.264648 0.903320
1.692383 -0.637695
-0.583984 0.267578
1.859375 -0.486328
3.039062 -2.400391
-3.462891 -0.523438
-0.287109 0.833984
0.257812 1.832031
-0.764648 -0.407227
-0.043945 0.063477
-0.256836 3.331055
0.588867 2.790039
-0.943359 1.945312
-0.115234 -0.222656
-1.103516 2.269531
-0.275391 0.253906
-1.912109 -2.046875
-0.009766 0.306641
-0.807617 -2.202148
-0.293945 0.528320
1.307617 -2.466797
0.301758 -0.148438
0.231445 0.576172
1.120117 -1.070312
-3.507812 -0.889648
0.607422 -1.184570
-0.980469 -1.762695
0.888672 0.571289
-0.476562 -1.334961
1.460938 -1.770508
-0.958008 3.841797
0.512695 -1.228516
3.083008 0.530273
1.045898 -2.034180
0.649414 -0.018555
1.647461 0.655273
1.943359 -0.789062
-2.515625 0.904297
2.603516 0.941406
1.484375 -1.142578
3.321289 0.727539
-1.397461 1.059570
-1.198242 1.088867
-3.920898 3.573242
0.560547 0.435547
-1.642578 -0.794922
-0.894531 1.111328
-2.058594 0.412109
-2.113281 -1.418945
-0.642578 0.368164
0.259766 0.885742
-0.363281 0.180664
0.625977 -2.981445
-2.200195 1.280273
1.011719 -0.867188
-0.273438 -3.080078
-2.808594 -0.811523
-1.726562 -0.342773
-1.412109 1.364258
0.318359 0.622070
-0.261719 0.804688
-1.728516 -0.986328
1.849609 -0.105469
0.320312 0.470703
-0.951172 2.026367
1.736328 -0.442383
1.414062 0.243164
-1.035156 -2.252930
0.413086 -2.284180
1.971680 1.124023
1.136719 -0.648438
0.697266 -1.585938
-0.179688 -0.889648
-1.304688 1.577148
2.225586 1.000000
2.411133 0.074219
-3.190430 -0.430664
3.020508 -2.051758
0.104492 0.450195
-0.403320 1.516602
0.843750 -2.836914
-0.425781 -2.094727
0.484375 0.291992
-0.339844 -1.192383
-1.266602 0.440430
0.727539 0.077148
0.156250 2.800781
-0.246094 0.658203
0.869141 0.063477
-1.998047 -1.155273
-0.669922 -0.110352
2.404297 -1.665039
-0.287109 -0.140625
0.287109 0.275391
1.452148 -0.135742
0.911133 -5.979492
0.488281 -1.010742
-0.048828 1.696289
2.456055 0.990234
0.499023 -1.550781
-0.112305 -0.799805
0.286133 0.786133
2.245117 -0.809570
-2.739258 1.444336
-0.589844 0.637695
0.917969 -0.534180
1.542969 2.874023
-1.691406 3.850586
2.725586 -3.258789
-0.752930 -0.247070
0.644531 -0.548828
0.394531 0.765625
-0.037109 2.323242
1.736328 1.889648
0.539062 -0.807617
1.500000 0.399414
0.554688 -2.114258
0.873047 -1.098633
1.090820 -0.287109
0.075195 -2.914062
2.631836 1.689453
-0.942383 -1.822266
0.741211 -2.142578
0.905273 1.029297
0.582031 -1.202148
-0.689453 -0.020508
-0.318359 -1.708008
0.265625 -0.561523
-0.438477 -0.539062
-3.840820 2.214844
1.770508 1.888672
2.145508 -0.033203
1.291992 1.749023
-0.795898 -0.446289
2.367188 -1.419922
1.054688 2.882812
0.744141 0.011719
1.001953 -0.224609
-0.350586 2.838867
2.124023 0.163086
-0.844727 -2.233398
1.112305 -0.596680
3.184570 -1.979492
-0.284180 1.153320
-0.937500 0.740234
-3.345703 0.548828
1.112305 1.170898
0.331055 1.204102
-0.979492 1.936523
1.008789 -0.100586
-0.742188 1.490234
0.560547 -0.357422
-0.694336 -2.030273
0.993164 0.495117
-2.160156 -0.687500
2.052734 -0.949219
3.407227 1.814453
2.565430 -1.275391
-1.970703 2.520508
-0.646484 -1.911133
1.256836 2.560547
0.194336 1.343750
1.578125 2.153320
-0.658203 0.477539
0.051758 -0.047852
-0.991211 0.581055
0.442383 0.147461
-2.545898 -0.833008
-2.776367 0.426758
-2.077148 -0.932617
-0.713867 0.407227
2.368164 -1.139648
0.630859 -0.780273
0.496094 2.756836
-0.904297 -1.643555
2.511719 -0.458008
-1.698242 2.537109
0.284180 3.128906
-1.881836 -1.568359
0.631836 2.398438
-3.435547 -0.317383
-2.576172 2.739258
0.098633 1.757812
0.088867 -0.238281
-1.580078 -3.424805
0.656250 1.883789
0.420898 -1.292969
-0.700195 -0.693359
-2.001953 0.686523
1.687500 -0.245117
0.677734 -0.620117
-0.699219 -2.372070
0.185547 -0.999023
-0.226562 -2.641602
-0.564453 0.846680
0.722656 0.696289
-0.894531 -0.605469
-0.521484 -0.978516
-2.597656 3.017578
0.833984 1.230469
0.634766 -1.437500
1.259766 -0.593750
1.267578 0.433594
0.478516 -2.531250
0.221680 -0.474609
-1.735352 0.746094
-2.490234 -1.356445
0.476562 -2.098633
-0.917969 2.193359
-0.208984 -2.105469
-1.294922 -3.271484
-0.808594 0.257812
1.608398 -1.786133
-1.602539 1.067383
0.042969 2.138672
2.537109 -1.115234
0.646484 -0.864258
0.744141 -0.536133
0.523438 1.188477
0.859375 1.032227
-0.345703 2.949219
-1.261719 0.597656
2.563477 -1.461914
2.559570 2.809570
-1.674805 0.732422
-0.512695 0.546875
-2.381836 -0.695312
1.928711 -0.216797
0.876953 0.655273
-1.103516 1.032227
-1.807617 -0.179688
1.565430 -1.480469
3.542969 -2.604492
-2.173828 -1.436523
-1.184570 1.345703
-0.520508 1.933594
0.906250 -3.179688
0.605469 1.246094
0.783203 1.136719
-1.169922 -0.550781
-1.689453 -1.125977
-0.279297 -0.432617
-2.284180 -1.830078
-1.797852 -2.478516
1.089844 -1.390625
0.707031 0.550781
0.031250 2.263672
-1.726562 2.443359
-0.963867 0.495117
0.586914 -0.862305
-0.292969 0.964844
0.419922 2.402344
-1.035156 0.889648
-0.164062 -0.311523
0.991211 3.457031
-0.135742 -1.027344
1.990234 0.151367
1.189453 -3.274414
-0.091797 -2.418945
1.509766 2.229492
-0.201172 1.330078
4.542969 0.769531
-2.257812 0.171875
1.029297 -1.537109
-2.218750 0.788086
-0.832031 -0.571289
0.333984 -1.342773
-0.787109 1.118164
-1.410156 -2.453125
0.250000 0.201172
0.512695 -0.495117
0.096680 -0.354492
-0.566406 0.357422
2.136719 -0.710938
0.452148 -1.262695
3.352539 -1.977539
1.935547 0.955078
-0.863281 -2.162109
1.000977 0.750977
-2.315430 0.881836
1.001953 -1.544922
1.144531 -0.150391
-0.006836 -0.245117
-0.788086 2.053711
-0.368164 -2.434570
-0.327148 -0.069336
-0.194336 -1.465820
-0.266602 -2.756836
5.195312 0.118164
0.380859 -2.549805
-0.774414 1.904297
1.538086 0.140625
-1.200195 2.995117
0.204102 -1.608398
0.493164 -1.293945
-1.903320 3.500977
2.189453 -1.930664
2.822266 -2.577148
0.377930 2.154297
-1.616211 -0.388672
-0.206055 0.602539
1.788086 -1.815430
-0.029297 -0.521484
0.626953 -1.218750
-0.549805 0.472656
2.041992 -2.244141
1.440430 -1.505859
0.629883 -0.058594
-1.425781 1.339844
2.968750 -0.414062
-0.105469 -1.265625
1.132812 0.132812
-0.638672 0.834961
-2.027344 -1.458008
-0.065430 -2.166016
-0.065430 2.105469
-1.133789 -0.902344
1.911133 -1.556641
0.424805 -0.650391
-1.381836 0.292969
-0.003906 1.365234
0.275391 -1.253906
3.363281 -0.841797
3.455078 -1.375000
-0.691406 1.247070
2.158203 -0.946289
1.882812 -1.459961
-0.353516 -1.422852
0.893555 1.367188
2.028320 0.173828
-0.651367 0.000000
0.834961 -3.373047
-0.420898 0.545898
-1.020508 1.954102
0.549805 0.010742
-1.018555 0.094727
0.309570 -0.630859
0.577148 -1.416016
-0.958984 2.915039
3.068359 -3.215820
1.435547 -2.148438
-1.511719 -0.552734
2.642578 -0.669922
1.000000 -0.863281
1.639648 -3.002930
-0.073242 0.586914
-1.689453 -0.304688
-2.951172 0.427734
0.667969 -1.017578
0.306641 0.402344
-2.417969 3.033203
0.779297 -2.167969
1.092773 -1.086914
0.356445 0.342773
0.656250 -0.091797
3.234375 1.117188
1.251953 -0.335938
-0.816406 -0.089844
2.850586 3.801758
0.049805 -0.379883
-0.301758 2.187500
0.366211 -1.082031
-0.288086 0.812500
-1.651367 1.914062
3.180664 -1.048828
2.405273 0.121094
-1.606445 -0.478516
1.930664 0.472656
-0.431641 0.079102
0.648438 -2.036133
0.517578 -0.227539
-0.546875 2.305664
0.947266 -1.926758
-0.035156 -0.413086
2.685547 -1.334961
2.156250 -0.168945
0.215820 -1.846680
-0.004883 -1.461914
-0.881836 -1.499023
0.819336 1.237305
-0.273438 1.254883
-0.601562 0.083008
2.570312 0.862305
2.453125 -2.227539
-0.835938 -0.565430
-1.615234 1.385742
-1.390625 2.081055
1.439453 -3.381836
-2.931641 -0.163086
-1.437500 0.120117
0.826172 0.620117
0.183594 2.571289
-0.026367 1.006836
-0.168945 0.934570
-2.366211 1.063477
-0.985352 0.385742
-1.181641 -2.520508
1.005859 0.565430
2.716797 -1.143555
-0.138672 1.024414
-2.192383 2.106445
0.184570 0.975586
0.905273 2.504883
-1.268555 -2.770508
-0.452148 -1.411133
0.690430 1.153320
-0.038086 -2.631836
-0.012695 -0.352539
-0.061523 2.210938
-1.293945 -0.769531
0.767578 0.170898
1.080078 0.989258
0.621094 -2.161133
-3.330078 -3.905273
1.074219 -0.463867
-1.361328 0.389648
-0.219727 -0.787109
-2.754883 -0.240234
-1.221680 1.644531
0.543945 -0.253906
1.181641 0.843750
0.576172 -0.662109
0.260742 -1.385742
-1.077148 1.868164
0.097656 -1.138672
-0.574219 -0.066406
-1.536133 1.541992
1.727539 -0.375977
1.842773 -0.548828
-0.684570 -3.423828
-1.969727 -0.082031
1.116211 -1.250000
-1.250000 2.538086
-3.080078 1.114258
-0.513672 -3.704102
-1.332031 0.547852
-2.343750 1.485352
-0.058594 -1.186523
3.406250 -1.438477
0.855469 -1.465820
-1.077148 0.199219
-1.676758 -1.617188
0.095703 0.258789
0.244141 -1.493164
0.028320 0.097656
1.252930 0.917969
2.050781 -2.067383
-2.679688 0.434570
1.698242 -1.560547
1.936523 0.271484
1.399414 1.835938
1.067383 -0.984375
1.023438 0.778320
-2.488281 0.219727
-2.919922 0.911133
-1.357422 0.446289
-1.189453 -2.004883
-2.210938 1.416992
2.196289 1.294922
0.747070 1.953125
-1.337891 -0.351562
0.917969 1.507812
-0.530273 -0.225586
-2.670898 -0.067383
-0.321289 -1.501953
0.909180 2.765625
1.054688 0.854492
1.619141 -2.215820
-0.292969 -0.644531
-1.998047 0.708984
-0.041016 -5.130859
-1.855469 -1.082031
2.017578 3.522461
-0.632812 -0.651367
0.984375 -2.100586
0.681641 -0.977539
-0.239258 -0.903320
0.555664 0.680664
1.885742 -0.524414
-0.362305 0.821289
1.196289 -1.499023
0.286133 1.051758
1.786133 0.819336
0.094727 -0.508789
-1.981445 1.726562
-0.360352 -1.576172
-3.273438 2.135742
0.216797 0.749023
-0.020508 2.362305
-0.579102 -0.811523
2.910156 -0.021484
-0.751953 1.099609
2.326172 -2.107422
0.751953 0.482422
-2.236328 1.900391
-1.474609 -0.337891
0.793945 1.548828
0.586914 -0.333984
0.885742 -1.585938
2.190430 0.160156
-2.870117 -1.223633
0.147461 -0.991211
-0.444336 -1.079102
0.221680 -0.756836
-4.111328 -1.622070
2.554688 -1.327148
-1.814453 0.008789
-0.105469 0.002930
-0.014648 2.270508
0.118164 2.551758
0.286133 -0.870117
2.926758 -0.541992
0.740234 -1.537109
-1.607422 -1.439453
-0.789062 -0.507812
-1.722656 -0.496094
2.102539 -1.733398
1.747070 0.102539
1.131836 0.416992
-0.981445 0.706055
-1.219727 0.077148
1.524414 0.881836
-0.791016 -2.716797
-2.134766 0.742188
-1.082031 0.555664
4.128906 0.747070
-0.349609 -0.624023
3.322266 -3.260742
0.867188 -0.595703
1.349609 -0.794922
-1.534180 -1.641602
-0.776367 -0.065430
0.357422 1.334961
-1.333984 1.856445
0.633789 -1.166016
0.967773 -2.556641
1.468750 0.845703
-1.677734 -1.970703
0.754883 -0.127930
-0.936523 1.534180
-0.977539 1.730469
-2.502930 -0.162109
-4.239258 -0.687500
1.559570 0.025391
1.128906 -1.878906
-0.021484 0.171875
-0.241211 -3.176758
-0.483398 -0.331055
-0.798828 -0.005859
0.621094 1.417969
0.742188 1.375000
-0.072266 -0.240234
-1.309570 -0.931641
-1.000977 -0.679688
3.003906 3.127930
-0.052734 1.334961
1.608398 1.445312
-2.166992 0.080078
-1.833008 1.099609
1.493164 0.179688
3.277344 -0.228516
-0.333984 -1.560547
3.075195 -1.229492
0.086914 -0.981445
-0.687500 1.622070
-2.662109 0.422852
-0.866211 2.738281
-2.241211 1.458984
-1.046875 -0.135742
2.849609 0.223633
-2.354492 -0.566406
0.497070 1.052734
1.869141 1.418945
1.156250 0.385742
-1.554688 0.510742
-1.322266 -2.256836
0.166016 1.218750
-1.839844 -2.582031
1.250977 -0.725586
-0.428711 0.991211
-0.754883 -1.511719
1.034180 -0.476562
0.489258 0.134766
-0.682617 -1.154297
-1.449219 -0.991211
-1.619141 -0.428711
-1.416992 0.474609
-2.541992 -1.703125
-1.296875 0.862305
2.480469 2.915039
2.565430 -2.486328
-0.409180 -1.693359
0.110352 0.120117
-1.430664 0.122070
-0.500977 -2.686523
-0.620117 2.268555
1.927734 -1.274414
-0.060547 -1.643555
1.989258 -2.738281
-1.036133 -0.273438
0.162109 0.684570
1.693359 1.766602
-0.957031 -2.198242
2.257812 -1.186523
-1.406250 1.773438
-1.109375 -0.884766
2.510742 -1.100586
-0.991211 2.571289
0.315430 -1.915039
-2.653320 0.266602
2.085938 0.457031
-0.337891 -1.691406
-0.332031 -1.659180
1.271484 1.569336
0.312500 -2.674805
3.560547 2.401367
-0.500000 -1.225586
-2.109375 -0.477539
0.520508 -0.011719
2.061523 1.335938
-0.390625 -1.886719
1.125000 1.533203
1.440430 -0.977539
1.321289 -1.383789
1.141602 0.833008
-1.790039 -0.774414
-1.749023 -0.959961
-0.840820 -1.969727
2.633789 2.219727
-0.243164 0.813477
-0.361328 1.523438
1.462891 -1.818359
0.020508 -0.187500
0.307617 -1.107422
-0.333008 0.714844
-3.127930 -2.533203
-2.346680 -0.900391
-0.159180 -1.728516
-1.047852 0.593750
0.706055 -0.644531
0.052734 -0.853516
1.644531 0.818359
-2.959961 -1.176758
-1.061523 -0.592773
-1.607422 -0.872070
0.113281 -1.278320
-0.850586 0.064453
-0.967773 1.367188
-1.694336 3.479492
-0.846680 -0.200195
0.668945 0.149414
-0.838867 -2.655273
-0.904297 0.475586
0.472656 -0.135742
1.757812 -2.497070
0.994141 1.547852
-1.551758 -0.291016
-1.395508 -3.365234
0.125977 -2.187500
-0.959961 0.511719
0.865234 2.699219
-0.933594 -1.050781
-1.975586 0.155273
-1.370117 -1.733398
1.172852 1.777344
-1.586914 0.826172
-2.993164 -2.431641
0.110352 0.984375
0.950195 -1.393555
0.920898 -1.627930
-0.105469 -3.035156
1.578125 0.490234
-0.798828 -0.021484
-2.990234 -2.820312
0.122070 2.079102
0.112305 -0.362305
-1.144531 1.443359
2.839844 -1.867188
-2.565430 1.485352
0.612305 1.676758
0.289062 1.773438
-1.785156 1.501953
0.192383 0.004883
1.850586 0.653320
2.190430 0.233398
-1.932617 1.799805
-1.580078 0.000000
1.884766 1.353516
-3.188477 -1.767578
-2.145508 -2.255859
-1.032227 1.693359
0.799805 -0.494141
0.542969 -1.748047
-1.343750 -1.578125
-0.926758 -2.229492
2.840820 -0.584961
0.757812 0.590820
2.248047 1.299805
0.052734 -0.922852
3.214844 0.028320
0.232422 0.156250
-0.992188 0.445312
-1.350586 -1.120117
2.438477 -0.286133
-0.353516 -0.404297
-1.953125 1.582031
3.855469 -0.804688
-1.330078 -0.466797
-2.019531 -1.123047
-1.765625 -0.041016
1.115234 -2.289062
-1.330078 -1.726562
0.586914 -0.885742
-0.684570 -0.069336
-0.736328 1.232422
-1.806641 -0.039062
1.536133 1.493164
-1.508789 -3.444336
0.515625 0.191406
0.425781 -1.447266
0.288086 -1.642578
-2.366211 0.953125
-0.036133 2.166016
2.004883 1.941406
1.598633 -0.043945
-0.698242 -0.114258
1.731445 1.002930
1.465820 -0.938477
1.930664 -0.617188
0.043945 -1.054688
0.225586 1.115234
1.034180 0.095703
-0.951172 0.646484
-3.568359 -2.511719
1.883789 -1.790039
-0.520508 -1.223633
0.399414 0.906250
0.247070 0.160156
4.157227 1.412109
-1.311523 -2.431641
-0.796875 0.000977
-2.421875 -1.647461
-0.882812 0.362305
-2.414062 1.584961
1.760742 1.657227
-0.731445 1.674805
-0.890625 0.847656
-0.775391 2.617188
-1.626953 -2.255859
-1.734375 0.650391
3.924805 -1.946289
-0.266602 2.653320
-0.098633 1.183594
0.977539 0.218750
-0.371094 0.008789
-1.414062 -1.270508
-1.533203 0.902344
0.287109 -0.998047
-2.059570 0.979492
-0.116211 -0.848633
-0.352539 -1.021484
2.211914 0.679688
2.686523 0.441406
-1.350586 -0.189453
-0.778320 0.415039
1.200195 -1.413086
-0.871094 0.003906
0.109375 -1.318359
-2.333984 -1.539062
1.378906 0.824219
2.415039 -0.026367
5.305664 -1.219727
1.447266 -0.083984
-1.347656 -0.023438
-1.617188 0.066406
1.728516 0.056641
1.272461 2.200195
-1.016602 0.690430
1.279297 2.833984
-1.363281 1.029297
1.321289 -1.012695
-1.704102 1.635742
3.646484 -1.820312
0.025391 -0.982422
0.524414 1.559570
-1.534180 1.961914
1.479492 -1.862305
2.092773 0.434570
0.071289 0.178711
3.391602 1.422852
-0.873047 0.820312
0.972656 -2.386719
0.911133 -2.848633
0.114258 0.481445
-1.556641 2.349609
-1.703125 -0.751953
1.196289 -1.203125
3.553711 0.431641
1.647461 -0.503906
-0.881836 -0.302734
-0.778320 -1.176758
1.026367 1.481445
0.083984 -2.894531
0.210938 -0.769531
-2.351562 -4.296875
1.234375 1.482422
-1.151367 3.446289
-1.520508 0.125977
0.502930 -0.367188
0.461914 -0.164062
1.357422 0.348633
1.099609 -0.598633
0.747070 -2.215820
1.565430 0.481445
-0.020508 -1.159180
-1.596680 -0.668945
-3.458008 -1.569336
-1.358398 -0.534180
0.472656 -2.101562
-0.871094 0.228516
-1.152344 -0.633789
-0.101562 0.303711
-0.269531 0.651367
1.601562 -0.606445
-2.052734 0.234375
-2.083984 -1.238281
2.595703 -2.076172
0.134766 -2.294922
3.609375 1.548828
-0.677734 -2.017578
0.665039 -0.547852
-0.424805 -2.174805
1.814453 0.649414
-0.945312 2.163086
1.572266 1.618164
0.886719 -1.840820
-1.770508 -0.059570
1.610352 1.028320
1.450195 1.135742
-1.793945 1.227539
1.801758 2.430664
1.721680 2.377930
0.661133 -1.018555
-3.454102 -0.473633
-1.470703 -0.240234
2.173828 -1.060547
-0.607422 -1.332031
1.181641 -0.902344
0.830078 0.792969
-3.447266 0.740234
-2.471680 0.489258
-0.661133 0.661133
0.719727 -2.947266
-0.413086 -0.195312
1.195312 -0.899414
1.646484 0.924805
0.820312 0.730469
-0.076172 -0.228516
-1.847656 -0.054688
-1.599609 2.763672
-0.413086 -1.363281
2.249023 2.166016
-0.807617 -1.400391
2.327148 -1.062500
2.969727 -1.957031
0.758789 0.111328
1.423828 0.737305
-1.546875 -2.247070
2.622070 -0.778320
0.053711 0.770508
-2.364258 0.250977
-0.209961 0.295898
-2.362305 0.402344
-1.323242 -0.728516
-1.562500 1.883789
-1.021484 -1.370117
0.440430 -0.048828
-1.418945 -0.671875
-0.437500 2.895508
-0.814453 1.211914
-1.373047 3.117188
3.353516 0.539062
2.314453 -1.431641
-0.830078 0.599609
-0.881836 -0.171875
0.741211 1.076172
2.452148 1.789062
-2.514648 2.642578
2.335938 2.241211
1.695312 -2.336914
1.734375 1.137695
-0.277344 -0.913086
0.625977 -1.072266
0.137695 -0.400391
-1.118164 -0.501953
-0.801758 2.509766
-0.383789 -1.804688
1.475586 -1.917969
0.989258 1.529297
-2.198242 1.751953
-1.236328 -0.869141
1.361328 -2.134766
-0.671875 -0.083984
0.601562 0.275391
-2.703125 -2.575195
-1.595703 -1.624023
0.490234 1.211914
-2.156250 -0.083008
-1.695312 2.327148
-0.390625 -1.108398
1.178711 -0.140625
-2.163086 -0.359375
-0.940430 -1.019531
1.672852 -0.851562
-0.393555 -1.359375
2.598633 2.425781
1.477539 0.269531
-1.360352 4.279297
2.442383 1.339844
0.495117 -1.005859
1.947266 -0.856445
1.169922 2.807617
-1.855469 -1.323242
1.550781 -0.139648
1.743164 0.148438
0.598633 1.757812
-1.127930 -0.191406
-0.846680 1.164062
-0.155273 1.517578
0.293945 -0.109375
0.701172 -1.461914
-0.167969 -1.872070
-0.927734 0.756836
0.800781 -2.032227
-1.526367 -2.736328
-0.979492 2.097656
3.139648 -0.509766
-1.063477 0.460938
1.117188 0.770508
0.087891 1.973633
0.416016 -0.580078
0.125000 0.210938
0.156250 -1.503906
2.806641 -0.169922
-1.041992 0.730469
-0.694336 -1.828125
3.125977 -2.009766
1.770508 -0.349609
1.723633 -1.527344
0.065430 0.072266
-0.397461 0.886719
-1.458008 -0.099609
1.171875 -0.182617
1.197266 -1.424805
-1.870117 -2.593750
0.387695 -2.361328
0.013672 -0.374023
0.320312 -1.149414
-1.720703 -0.846680
-1.925781 -0.747070
-0.475586 -0.738281
-1.208008 0.144531
-2.408203 -1.696289
0.552734 5.235352
-2.512695 -0.319336
-0.844727 -0.762695
-1.492188 0.912109
0.919922 0.205078
-1.805664 0.745117
1.600586 0.120117
1.112305 2.344727
2.170898 1.375977
-1.113281 -0.513672
1.730469 -1.246094
-2.993164 1.575195
-1.374023 0.782227
0.236328 -2.193359
-2.250000 1.617188
0.535156 -0.542969
-1.888672 0.740234
-0.713867 2.014648
-2.702148 1.602539
1.369141 0.544922
1.507812 2.314453
-0.408203 0.580078
0.564453 -0.605469
0.583008 0.512695
-1.411133 -0.413086
-0.507812 1.819336
-0.125000 -4.448242
0.963867 1.589844
2.211914 -2.921875
0.589844 0.843750
-0.873047 0.320312
2.213867 0.266602
1.815430 1.491211
1.432617 -1.509766
-0.288086 -0.175781
0.370117 1.492188
-1.327148 0.033203
1.225586 -0.476562
1.020508 1.783203
0.479492 -0.623047
-1.655273 -0.921875
-2.885742 0.986328
2.877930 0.554688
1.129883 -0.500000
-1.211914 -0.900391
4.115234 2.744141
0.765625 0.835938
1.216797 0.191406
-0.238281 3.404297
2.097656 -2.509766
3.119141 1.037109
0.680664 1.448242
0.766602 0.168945
1.917969 -1.149414
-1.054688 -0.401367
0.288086 0.408203
-1.381836 0.677734
-1.146484 0.859375
-0.750000 0.158203
-2.138672 -0.488281
0.730469 1.322266
0.172852 1.688477
-0.534180 1.977539
-0.553711 1.823242
3.954102 -2.739258
-1.161133 -0.726562
3.245117 0.388672
0.490234 1.120117
-0.843750 -0.481445
0.679688 0.128906
1.119141 -1.115234
-0.484375 0.734375
1.556641 1.560547
-0.885742 1.832031
2.334961 -0.884766
-1.747070 -0.769531
-2.459961 -0.083984
1.072266 1.241211
1.376953 3.065430
0.296875 -1.206055
0.597656 2.864258
-0.916992 -1.019531
2.313477 2.025391
-1.023438 0.715820
2.193359 0.395508
-3.191406 -1.090820
-0.953125 -0.334961
2.243164 -0.818359
-0.266602 -0.802734
-1.134766 -2.144531
-1.636719 -0.669922
1.757812 -0.109375
-3.091797 0.732422
-0.633789 -1.615234
-0.653320 -2.318359
-2.346680 1.404297
0.469727 -0.287109
1.136719 -0.382812
-1.957031 2.085938
-3.683594 0.929688
1.242188 -2.398438
-1.024414 -1.295898
-2.145508 0.028320
0.319336 1.161133
-1.043945 0.473633
0.557617 -1.287109
-1.543945 -0.822266
3.145508 0.042969
0.829102 2.011719
-0.381836 -2.910156
-1.051758 -0.093750
-1.039062 -0.323242
0.046875 -1.934570
0.173828 0.566406
1.654297 -1.773438
2.185547 -1.027344
0.166016 0.437500
-2.990234 -0.949219
1.507812 -0.962891
1.435547 -2.468750
3.191406 -0.169922
0.040039 0.578125
-1.018555 0.101562
-1.235352 -2.738281
1.084961 -0.511719
0.390625 0.352539
0.636719 2.922852
-1.156250 1.442383
1.757812 -1.749023
1.252930 0.096680
-1.122070 0.075195
2.777344 1.042969
0.314453 -0.785156
-0.636719 0.005859
-0.650391 1.220703
0.461914 -0.854492
-2.772461 -0.301758
-2.103516 2.105469
0.224609 -0.117188
-0.742188 -1.390625
-3.476562 -3.390625
-0.775391 0.321289
-0.652344 -2.502930
-1.467773 1.636719
1.950195 -1.224609
-1.194336 -1.654297
1.430664 3.291016
0.760742 -2.152344
-0.450195 0.730469
1.224609 2.283203
-0.003906 0.457031
-0.455078 1.095703
-1.429688 2.289062
-1.708984 -1.608398
0.673828 0.504883
-2.367188 0.381836
-0.199219 -3.079102
-2.937500 0.908203
-1.550781 -0.244141
1.851562 1.677734
0.558594 0.521484
0.126953 -0.687500
0.541016 0.509766
2.315430 0.083008
0.235352 -0.202148
-1.003906 -0.314453
-0.166016 -1.447266
-1.006836 0.274414
-0.432617 1.018555
3.532227 -3.098633
-0.036133 -1.153320
3.457031 -1.566406
-2.230469 3.185547
-0.939453 -1.125977
-0.253906 0.672852
1.367188 -1.379883
0.115234 -0.956055
-0.599609 -0.606445
-1.076172 1.879883
1.124023 0.958984
1.227539 -2.283203
-0.740234 -2.619141
-0.923828 0.916016
0.935547 -1.703125
0.748047 -2.445312
2.290039 -1.385742
-0.606445 0.194336
0.309570 -1.993164
1.225586 0.809570
0.045898 3.217773
-1.053711 0.676758
-0.055664 0.247070
3.290039 -0.532227
0.674805 -1.654297
-2.196289 0.044922
1.366211 1.173828
-3.110352 -2.708984
0.717773 0.357422
-2.172852 2.158203
-1.678711 -0.894531
-0.178711 2.257812
-0.633789 0.786133
1.083008 0.147461
0.258789 -2.614258
-0.485352 -4.385742
0.373047 -0.348633
-0.351562 0.793945
-0.812500 -0.172852
0.568359 0.141602
0.385742 -3.198242
0.409180 0.651367
2.222656 1.439453
0.576172 -1.673828
2.089844 0.760742
1.152344 1.725586
-2.222656 0.883789
1.808594 -0.760742
-1.297852 -1.805664
-1.057617 -3.881836
0.692383 -1.104492
1.749023 0.006836
0.358398 0.903320
0.196289 -0.901367
1.789062 1.255859
-1.320312 -1.296875
0.336914 -0.223633
-2.043945 1.842773
-2.628906 -0.550781
-1.851562 -0.369141
0.964844 -2.725586
0.271484 -1.461914
-2.152344 -0.303711
0.826172 -1.266602
0.298828 -0.596680
-1.574219 1.122070
3.516602 -1.259766
-1.104492 1.136719
-0.661133 0.400391
0.680664 -1.818359
-0.224609 2.270508
0.224609 -0.254883
-0.296875 2.151367
-1.326172 -1.241211
1.990234 0.411133
1.960938 -1.497070
-0.609375 2.111328
-2.072266 -2.035156
-0.455078 -0.234375
0.527344 0.802734
-1.297852 -2.830078
0.260742 0.187500
0.822266 -0.567383
-0.046875 -0.344727
-2.892578 2.569336
-1.800781 -3.168945
-1.018555 -1.929688
-1.459961 -0.806641
0.534180 0.195312
1.272461 0.052734
0.761719 -0.973633
3.884766 0.749023
1.060547 1.324219
-0.779297 2.550781
-0.484375 2.619141
0.910156 -0.763672
-0.947266 -1.244141
-0.019531 2.623047
1.116211 -0.850586
0.069336 -0.250977
0.685547 -1.000000
0.279297 -2.707031
1.792969 2.833984
-3.250000 1.384766
1.268555 0.037109
-3.508789 3.359375
-1.134766 -0.502930
-0.726562 0.676758
0.888672 0.843750
-0.955078 -2.037109
-1.547852 1.942383
-1.061523 2.633789
0.583008 1.565430
-0.135742 0.874023
1.750977 -0.059570
0.731445 0.452148
0.467773 -1.720703
-3.645508 -0.906250
0.318359 0.153320
-1.007812 -1.045898
1.706055 -0.813477
-1.958008 -1.165039
-2.020508 0.028320
-1.020508 -0.409180
0.058594 -1.984375
-0.003906 -0.554688
0.341797 0.791016
-3.712891 -0.759766
-2.807617 -2.028320
2.397461 -1.643555
0.788086 0.868164
1.836914 -0.141602
-2.360352 -0.098633
0.317383 1.688477
-0.733398 0.899414
-0.469727 0.416992
2.523438 1.534180
1.146484 0.112305
0.284180 0.322266
-0.629883 -1.707031
0.458008 0.503906
-1.002930 -2.070312
1.235352 0.826172
1.555664 0.689453
1.899414 -0.689453
-2.631836 -1.402344
1.226562 0.086914
1.923828 1.883789
0.190430 0.159180
-1.045898 3.047852
0.166992 3.030273
-1.877930 -0.096680
-2.724609 1.337891
-2.460938 0.339844
0.960938 2.082031
-1.197266 2.587891
1.017578 0.414062
-0.082031 -0.097656
-0.368164 -0.208008
-1.094727 0.532227
-1.311523 -0.777344
2.415039 1.761719
-0.713867 -1.498047
-0.510742 0.755859
-0.336914 -0.829102
0.323242 -0.083008
-2.596680 -1.497070
0.856445 2.940430
0.892578 0.738281
0.927734 2.666016
1.684570 0.516602
0.135742 -0.213867
-0.716797 -0.325195
0.998047 -0.973633
-1.792969 1.813477
-0.683594 2.942383
-0.424805 0.566406
0.143555 -0.173828
-2.545898 -0.017578
3.776367 -1.296875
-1.548828 -0.312500
-3.484375 -0.082031
-3.034180 0.290039
1.317383 0.518555
-0.327148 0.240234
0.043945 1.730469
3.638672 0.819336
-1.269531 0.182617
-1.074219 -1.240234
2.363281 -2.572266
1.419922 1.630859
-0.013672 -1.517578
-0.138672 -2.834961
2.937500 -1.819336
-2.524414 -1.970703
-0.313477 -0.046875
0.462891 -1.811523
0.691406 0.602539
0.415039 1.923828
-1.077148 -0.578125
0.301758 -0.773438
-0.393555 -0.818359
0.005859 0.198242
-0.054688 -0.907227
-0.733398 -1.416992
0.499023 -0.215820
0.305664 1.645508
-0.461914 3.038086
-0.758789 -0.433594
4.311523 0.433594
1.942383 0.541016
-2.225586 -0.611328
3.680664 -1.366211
-0.875977 -1.602539
0.709961 -2.291992
-1.456055 -0.696289
-0.172852 0.967773
-1.657227 0.661133
0.960938 -1.142578
-1.861328 -0.189453
-3.097656 -0.852539
2.595703 0.680664
1.902344 -0.452148
0.580078 0.217773
2.233398 -1.611328
3.194336 0.935547
0.278320 -0.238281
-0.499023 -3.265625
-0.474609 -1.187500
-0.437500 -1.884766
1.052734 1.888672
-0.148438 -2.351562
-3.316406 -0.908203
-0.029297 -0.683594
0.183594 0.998047
0.173828 0.648438
2.791016 0.643555
0.501953 0.528320
-1.192383 -0.861328
1.184570 -0.474609
-4.540039 -0.840820
-0.706055 -2.286133
-1.078125 1.736328
0.460938 -0.675781
-1.675781 0.891602
0.365234 -1.897461
-1.893555 -0.550781
1.571289 -0.673828
-1.828125 -1.385742
-0.285156 2.786133
-0.144531 0.323242
-1.597656 1.409180
-0.194336 3.180664
1.131836 1.805664
0.365234 -0.615234
-4.345703 -0.714844
-1.881836 0.910156
-0.073242 0.841797
-1.968750 0.872070
0.298828 0.590820
0.837891 -1.799805
0.535156 -0.358398
1.081055 0.433594
0.788086 -1.998047
-0.030273 -0.082031
1.795898 0.226562
-0.341797 -2.463867
2.689453 -1.102539
-0.278320 -2.820312
3.512695 -1.310547
-0.663086 -0.154297
-0.110352 1.230469
-2.227539 -0.596680
-0.268555 2.985352
-0.380859 0.304688
-0.837891 -0.095703
0.674805 -1.589844
-0.639648 -0.970703
-0.920898 -2.253906
3.569336 1.162109
2.632812 3.261719
-1.056641 -0.230469
-0.733398 -1.157227
1.895508 -1.581055
-0.734375 -0.879883
-1.287109 -2.708008
-0.524414 2.330078
-0.208008 0.855469
-2.046875 0.052734
1.808594 -1.474609
-0.871094 0.304688
1.316406 -1.871094
-1.661133 -1.513672
-0.821289 -0.435547
-1.186523 0.570312
-1.581055 -2.304688
2.088867 -1.709961
-1.129883 -0.936523
4.358398 -1.055664
0.874023 0.768555
-0.665039 0.826172
-0.370117 2.384766
0.875000 0.916992
0.917969 -0.624023
-2.058594 1.554688
0.140625 0.103516
1.502930 -0.641602
0.899414 2.393555
1.333008 -1.189453
-1.450195 0.191406
0.752930 1.437500
-1.135742 2.095703
0.145508 -0.996094
-0.194336 2.255859
-1.373047 -0.461914
-1.507812 1.768555
1.929688 1.042969
-0.933594 -1.183594
-0.451172 0.027344
1.916016 2.671875
-0.432617 0.355469
-3.174805 -2.056641
3.310547 1.862305
-0.246094 0.557617
-0.859375 -0.566406
-2.701172 -0.929688
-0.965820 1.481445
-0.473633 -0.641602
0.471680 -0.206055
0.469727 -0.010742
-0.263672 -1.660156
-0.396484 1.208984
-1.058594 -2.533203
0.921875 1.482422
-0.755859 -2.068359
0.697266 -2.232422
3.307617 -0.831055
1.540039 -2.922852
-0.311523 0.149414
-1.063477 -0.508789
-0.473633 -0.262695
3.211914 1.124023
-0.097656 0.248047
0.675781 1.968750
-0.367188 2.916992
0.087891 1.907227
-2.626953 -2.458008
0.070312 0.403320
-0.797852 -0.113281
-0.834961 -0.810547
-3.153320 -1.697266
1.028320 -1.722656
0.893555 1.186523
0.397461 0.680664
-0.939453 4.181641
0.519531 -0.224609
0.323242 -1.101562
-1.010742 0.041016
0.196289 -0.501953
0.995117 1.656250
1.046875 0.014648
-0.623047 -1.842773
0.718750 -3.147461
2.251953 -1.848633
0.371094 -0.647461
-0.070312 -0.524414
0.168945 -0.882812
2.752930 1.531250
0.066406 -2.172852
0.349609 -1.266602
0.805664 1.396484
-1.221680 -0.453125
-3.595703 -1.127930
1.011719 2.536133
0.479492 0.175781
0.737305 1.138672
-2.475586 1.591797
0.065430 -3.119141
0.449219 0.469727
-0.996094 0.756836
0.056641 2.929688
-0.591797 1.876953
-0.928711 2.299805
-2.329102 -1.098633
0.034180 -1.359375
-2.956055 -1.990234
2.145508 1.208984
-0.020508 -0.015625
0.693359 1.004883
-0.925781 1.000977
-0.999023 2.447266
0.997070 -1.132812
-0.255859 -0.458984
0.371094 -0.275391
0.245117 1.602539
0.190430 1.530273
-0.249023 -0.372070
1.899414 1.973633
1.001953 -0.076172
-2.015625 1.615234
4.841797 -2.107422
-0.277344 -0.964844
1.156250 0.107422
1.099609 0.746094
-0.390625 -2.808594
1.533203 0.564453
-0.292969 4.246094
-0.892578 0.224609
0.255859 -0.883789
0.021484 -0.168945
0.289062 -2.045898
2.167969 -2.729492
-1.163086 -0.230469
1.829102 -0.962891
1.296875 0.594727
-3.978516 1.352539
-1.526367 1.312500
-1.936523 1.125000
2.079102 -2.298828
-1.409180 0.126953
1.102539 0.554688
-2.374023 -0.738281
-0.915039 0.132812
-0.536133 -0.167969
-2.507812 -0.043945
-0.761719 2.844727
-0.245117 2.222656
0.295898 -2.214844
-0.435547 0.099609
0.730469 -0.078125
0.220703 -1.394531
3.164062 -1.873047
-2.555664 -0.556641
-1.461914 -0.500000
0.718750 2.524414
-0.005859 0.747070
-1.769531 -0.309570
0.425781 0.743164
-1.907227 -0.457031
1.032227 2.355469
0.753906 2.571289
1.742188 0.415039
-0.673828 0.112305
0.435547 -0.122070
-1.778320 0.267578
-0.875977 -0.435547
1.571289 -0.074219
-1.721680 -2.742188
0.741211 1.844727
-0.329102 -0.336914
-0.724609 1.712891
-2.066406 -0.638672
2.017578 -1.069336
-2.783203 0.073242
-1.356445 2.046875
-0.342773 1.171875
-0.278320 2.345703
2.254883 2.175781
0.684570 -0.669922
0.444336 2.351562
-2.350586 0.743164
1.958008 0.088867
-3.871094 0.355469
0.240234 0.246094
-0.529297 -0.245117
-2.154297 -0.721680
0.039062 -0.180664
-1.007812 1.448242
-1.970703 -2.678711
-0.789062 -0.541992
-1.567383 1.757812
0.932617 1.255859
-1.555664 -1.455078
-1.497070 1.787109
0.000977 0.074219
0.684570 0.519531
1.969727 1.334961
-0.092773 -2.713867
-3.375000 0.550781
-1.033203 0.738281
-2.139648 -0.461914
-0.590820 1.543945
-2.368164 -0.899414
2.305664 0.122070
1.074219 1.538086
1.558594 2.028320
-0.764648 -0.232422
1.182617 2.052734
-0.140625 2.298828
-0.294922 -2.119141
0.971680 -1.444336
2.010742 1.674805
0.981445 -1.287109
3.977539 0.072266
-0.403320 1.273438
-1.415039 0.257812
0.329102 -0.623047
1.344727 -1.158203
2.819336 -1.623047
0.049805 -3.048828
-0.652344 1.247070
0.013672 -0.510742
-0.551758 -2.052734
-1.872070 0.671875
-1.236328 -2.375000
-0.412109 -0.894531
1.755859 -0.031250
-3.212891 0.132812
-0.282227 1.542969
2.922852 0.386719
0.134766 2.147461
-0.341797 -1.510742
-2.415039 -0.489258
-0.100586 0.124023
-1.619141 -1.738281
0.845703 -0.958984
-1.439453 -0.634766
-1.128906 1.427734
0.418945 -1.372070
-1.530273 -3.381836
-0.163086 0.401367
3.366211 0.108398
-0.951172 1.521484
1.869141 1.187500
1.378906 -2.010742
1.345703 -1.358398
2.053711 -0.095703
-1.973633 -0.011719
-0.555664 0.303711
-0.934570 -2.575195
1.829102 0.004883
-0.299805 1.704102
1.086914 -2.054688
-1.395508 -1.013672
0.434570 0.246094
-0.860352 -3.400391
-2.361328 -0.603516
-2.220703 -2.470703
-1.474609 3.910156
0.119141 -1.347656
0.533203 0.423828
-0.531250 1.078125
0.468750 -0.529297
-0.771484 -0.867188
-0.929688 -1.111328
1.189453 -1.826172
0.124023 0.202148
2.491211 -1.284180
-1.310547 -2.200195
0.931641 -0.432617
-1.922852 -0.414062
0.137695 -0.039062
2.087891 1.737305
2.527344 -1.487305
-1.136719 -0.647461
-0.603516 0.827148
-1.259766 0.521484
-0.462891 -0.396484
-0.451172 -2.279297
-1.240234 1.341797
-2.026367 2.744141
-1.141602 -2.431641
-1.156250 0.262695
-2.101562 -3.083008
-0.348633 -2.720703
0.459961 -0.037109
0.676758 1.087891
-0.694336 -0.533203
-1.001953 -1.058594
-0.150391 -0.292969
-1.759766 -0.464844
0.056641 -0.484375
0.642578 0.490234
-2.294922 1.607422
-1.056641 0.611328
-0.380859 -5.048828
2.759766 -0.761719
0.554688 2.082031
-1.577148 0.020508
0.723633 1.573242
1.341797 -0.195312
-0.623047 -1.267578
-2.104492 -2.008789
-2.504883 0.245117
0.040039 0.391602
-1.534180 2.758789
-1.655273 1.172852
-3.034180 -0.471680
3.459961 -1.455078
-2.458008 -1.537109
-0.506836 -0.576172
-0.370117 0.990234
1.147461 -2.605469
-1.293945 -1.263672
0.363281 1.637695
-0.322266 -0.577148
0.409180 -1.203125
1.967773 -0.947266
-0.679688 -1.725586
-1.763672 0.051758
-1.229492 -0.152344
-1.405273 -0.197266
1.343750 0.465820
1.474609 0.165039
2.768555 -0.189453
0.268555 -2.349609
0.141602 -0.441406
2.493164 -2.664062
-2.797852 1.721680
2.709961 0.297852
0.265625 -0.644531
0.037109 -2.117188
-1.346680 -0.168945
2.452148 -1.375977
-1.591797 2.039062
2.115234 -0.134766
-0.878906 -1.045898
2.457031 -2.008789
-0.067383 0.111328
-1.549805 2.228516
-1.194336 -1.719727
0.456055 -0.243164
-0.505859 1.509766
0.275391 0.808594
-1.436523 -2.018555
0.186523 0.950195
-1.683594 -0.302734
2.691406 1.421875
-1.465820 -2.102539
-1.081055 -2.165039
-3.562500 -1.595703
-0.621094 -0.480469
1.890625 -1.292969
0.783203 0.966797
1.779297 -1.181641
-3.250000 -2.464844
1.714844 -0.765625
-0.250000 1.103516
-1.002930 -0.543945
-0.829102 3.514648
-0.721680 2.009766
-0.274414 3.208984
-1.351562 -0.567383
-0.765625 1.852539
-2.189453 0.126953
-1.447266 0.000000
1.911133 0.079102
-1.372070 0.215820
-1.740234 0.001953
-2.708984 -1.625000
0.067383 -0.209961
-1.270508 -1.624023
-0.672852 0.000977
0.114258 -0.040039
0.637695 0.821289
-1.141602 2.331055
-3.483398 1.465820
0.471680 1.315430
3.891602 0.725586
-0.954102 0.055664
-1.005859 0.864258
-0.478516 1.622070
1.044922 1.377930
1.044922 -0.864258
-0.717773 0.600586
-0.797852 0.858398
2.474609 -2.773438
-0.748047 1.060547
-0.061523 -0.072266
2.053711 1.560547
-1.705078 1.280273
0.111328 2.879883
1.111328 -2.056641
-0.171875 0.585938
-0.287109 1.849609
-3.425781 1.781250
-1.641602 -1.321289
0.428711 -0.139648
-1.820312 0.818359
-0.537109 -1.634766
-0.113281 0.631836
0.244141 2.563477
4.181641 -0.166992
-0.324219 0.393555
0.153320 -0.616211
0.754883 0.143555
-1.800781 -1.076172
-1.642578 -1.630859
0.157227 -1.091797
0.641602 2.541016
-2.506836 2.785156
-1.170898 -1.007812
-1.772461 3.525391
-0.383789 -0.025391
-1.509766 -0.586914
0.107422 0.024414
0.879883 -2.886719
0.633789 -0.363281
-1.129883 -2.685547
-1.141602 0.181641
0.203125 -0.072266
2.789062 1.734375
2.651367 0.461914
-0.045898 -1.616211
-1.790039 -2.137695
2.709961 -1.131836
1.296875 2.527344
-2.240234 0.453125
-0.550781 1.972656
-0.636719 -0.111328
-0.106445 -0.758789
2.004883 -0.110352
1.932617 -1.575195
2.096680 1.717773
0.219727 4.366211
-0.334961 1.225586
0.377930 0.058594
0.665039 -0.572266
-1.583008 0.603516
2.790039 0.515625
0.323242 -0.917969
0.188477 -0.183594
-0.060547 -1.040039
-0.333984 -1.307617
0.078125 1.215820
-0.958984 0.083008
1.952148 2.578125
-1.790039 -1.646484
1.606445 -0.669922
1.858398 -2.046875
-2.594727 -0.794922
-0.553711 1.835938
1.454102 -1.417969
-0.604492 0.013672
-1.332031 -0.354492
-0.654297 -1.245117
-0.360352 -1.413086
-1.088867 -1.153320
0.991211 1.354492
0.352539 -2.112305
-1.870117 0.478516
-1.573242 2.021484
-2.473633 2.017578
0.159180 -1.513672
-0.167969 1.966797
0.134766 1.982422
3.112305 -0.981445
0.069336 -1.686523
-0.776367 -0.146484
-1.006836 1.734375
-0.392578 0.151367
-0.925781 -2.153320
-1.452148 -1.375000
2.235352 0.695312
0.881836 -1.470703
-2.012695 -0.822266
-4.634766 0.556641
0.037109 -0.373047
-1.097656 -0.583984
-0.671875 -1.962891
-2.600586 0.343750
0.653320 -1.533203
1.515625 2.018555
-0.111328 1.959961
-0.232422 1.051758
-0.832031 1.999023
0.867188 -2.502930
0.005859 1.702148
-0.525391 -0.527344
-1.363281 -1.773438
-0.721680 -3.461914
2.340820 2.301758
-0.965820 0.630859
-1.514648 -1.253906
-2.577148 1.857422
-1.418945 1.250000
1.502930 -3.155273
-0.862305 -0.469727
0.297852 -0.588867
-0.231445 0.088867
0.221680 -0.838867
0.583008 -0.575195
-0.454102 -0.999023
4.696289 -0.692383
-0.292969 -1.958984
0.412109 1.271484
2.178711 1.852539
0.178711 -1.008789
1.785156 0.544922
-0.404297 0.996094
-3.242188 -2.113281
-2.166016 0.462891
2.686523 -2.768555
2.305664 -0.172852
-1.358398 -0.608398
-0.934570 -0.004883
-0.534180 0.851562
-2.838867 0.921875
0.956055 0.705078
-1.508789 0.912109
2.306641 -0.204102
0.177734 0.452148
-2.982422 2.524414
2.732422 0.036133
2.315430 -0.252930
0.323242 2.170898
-0.320312 0.691406
0.736328 -0.410156
0.382812 -1.855469
-0.617188 2.001953
0.717773 2.666992
-0.866211 0.487305
0.101562 -2.896484
2.085938 -0.878906
-0.995117 0.858398
-0.864258 0.569336
-2.063477 -0.496094
0.000977 -0.781250
-0.746094 2.866211
0.152344 -2.147461
-0.111328 -0.393555
-2.341797 -1.590820
-0.709961 -2.714844
-0.016602 -1.550781
0.395508 -1.913086
-0.407227 -2.299805
0.216797 -1.556641
-0.158203 -0.125000
2.660156 -1.372070
-0.371094 -2.108398
0.186523 -0.044922
-1.209961 3.072266
-1.797852 2.161133
-1.256836 -1.645508
-1.293945 0.534180
0.508789 1.930664
-1.890625 0.893555
-0.984375 -1.620117
-1.473633 -0.384766
1.688477 -2.001953
0.399414 0.948242
0.655273 -0.938477
2.306641 0.416016
1.541016 -3.046875
-1.137695 -2.692383
-0.127930 -0.049805
0.528320 -0.784180
1.088867 0.506836
0.047852 1.111328
3.657227 -1.259766
0.288086 -0.773438
-0.985352 1.300781
-1.016602 0.669922
-0.600586 -2.541016
-0.113281 -0.409180
-1.597656 2.245117
-3.043945 0.988281
-1.202148 1.736328
0.178711 -0.708984
1.594727 0.535156
-1.947266 -1.170898
2.261719 -0.793945
0.220703 -2.125977
2.492188 -0.065430
0.306641 2.164062
-1.464844 0.060547
-1.992188 -1.951172
-0.607422 2.289062
-0.280273 -0.351562
0.083008 1.146484
-1.355469 2.567383
-1.572266 -0.049805
0.484375 0.848633
-2.263672 -1.135742
0.006836 -1.220703
1.370117 1.421875
-1.033203 1.192383
-0.146484 0.241211
-0.749023 -0.980469
0.674805 -0.445312
0.007812 2.312500
0.800781 1.529297
1.458008 -1.020508
-2.055664 -2.348633
0.774414 -3.037109
1.377930 -0.080078
2.548828 -2.645508
1.318359 1.043945
-1.201172 -0.467773
1.199219 0.092773
-1.533203 -1.424805
-1.289062 -1.583008
1.764648 0.935547
1.291992 -0.873047
-0.022461 2.921875
-0.069336 0.406250
-0.796875 2.134766
-1.326172 1.419922
-1.256836 -1.168945
0.633789 0.661133
-3.018555 2.480469
0.012695 -1.115234
-1.052734 2.081055
2.226562 -1.235352
1.067383 2.424805
1.903320 -1.432617
0.746094 -0.619141
-1.013672 -1.673828
1.269531 2.091797
-1.447266 -0.587891
1.762695 0.936523
1.555664 -2.577148
0.647461 -1.549805
0.846680 0.944336
-1.876953 0.279297
-1.910156 -0.455078
2.272461 0.291016
-0.536133 0.552734
1.477539 2.779297
0.157227 2.826172
-1.146484 0.291992
-3.417969 -0.069336
3.517578 -0.092773
-1.945312 0.956055
-0.533203 -1.221680
-3.560547 -2.416992
-1.033203 -0.670898
1.845703 -2.358398
-0.361328 -1.738281
-0.187500 0.429688
-0.571289 -0.135742
1.041992 -0.625977
0.804688 0.987305
-0.755859 0.389648
0.112305 0.064453
-0.450195 0.902344
0.077148 -2.230469
-1.053711 0.822266
0.471680 -2.146484
-2.225586 -2.886719
0.409180 0.798828
-0.293945 -0.578125
3.378906 -1.776367
-0.333984 1.227539
1.920898 0.572266
1.227539 -1.443359
1.453125 1.678711
-0.363281 -0.686523
1.014648 -0.347656
2.045898 -2.455078
-0.136719 2.870117
0.310547 0.163086
4.044922 0.361328
-2.275391 -2.099609
-0.222656 -0.582031
1.500000 -0.906250
1.468750 0.211914
0.765625 1.463867
-1.278320 0.890625
-3.049805 0.214844
-0.125000 -1.340820
-1.255859 1.782227
-0.781250 -2.083008
-0.826172 -1.635742
-1.233398 -0.407227
-0.934570 0.006836
-0.521484 0.130859
-1.306641 -3.273438
-0.058594 0.460938
-2.859375 -2.208984
-0.385742 2.311523
-0.399414 -0.290039
0.494141 -0.053711
-0.425781 -1.618164
-1.832031 -0.321289
-1.814453 2.547852
2.296875 1.301758
1.308594 2.340820
-1.238281 2.596680
0.203125 0.428711
0.467773 -2.699219
-1.555664 0.273438
-1.073242 -0.802734
0.247070 2.587891
1.316406 -2.172852
3.406250 1.655273
-1.332031 -0.762695
-0.070312 3.760742
-1.371094 0.636719
0.789062 -1.875000
-1.654297 -0.724609
-1.599609 -1.166016
-0.666016 -0.589844
0.507812 0.619141
-0.136719 -0.623047
-2.439453 -2.488281
0.569336 -0.858398
-0.659180 -1.428711
0.158203 0.433594
-2.521484 -0.853516
-2.405273 -0.407227
-0.737305 0.129883
-0.384766 -2.111328
-1.652344 -0.943359
0.066406 0.768555
-1.996094 0.809570
-0.659180 -0.060547
3.155273 2.111328
2.020508 1.659180
-1.356445 -1.645508
-1.105469 0.519531
-0.121094 1.849609
0.630859 0.949219
0.669922 -2.865234
-0.788086 1.625977
-0.067383 2.891602
0.581055 -0.729492
0.416992 -0.643555
0.135742 -2.522461
0.713867 0.899414
-0.058594 -1.423828
1.884766 2.789062
-0.320312 0.601562
1.591797 0.755859
-1.107422 -1.597656
0.867188 0.947266
-0.734375 3.101562
0.416016 3.564453
-0.356445 1.175781
0.750977 -1.445312
-0.787109 -2.018555
1.240234 1.901367
-4.540039 2.247070
1.598633 0.489258
-0.591797 -0.294922
1.384766 0.097656
-1.067383 0.842773
-2.450195 1.883789
0.804688 0.394531
-0.083984 -1.082031
1.851562 -0.394531
1.894531 0.708984
-1.641602 -2.299805
1.500977 -1.268555
-2.309570 0.756836
0.920898 0.264648
-0.961914 1.024414
-0.840820 0.645508
-0.218750 0.282227
-1.468750 1.165039
-3.882812 1.276367
0.226562 0.448242
0.375977 0.141602
2.463867 0.096680
-1.333008 -2.526367
-1.159180 -0.250977
-0.147461 -1.567383
1.215820 -0.993164
-0.598633 1.125977
-0.192383 -1.049805
0.571289 0.723633
-1.131836 -3.385742
0.069336 -0.333008
0.885742 -0.840820
0.971680 -0.491211
-0.569336 -0.469727
-0.063477 -1.108398
0.090820 -2.239258
1.036133 -0.272461
0.653320 -1.215820
-1.546875 0.175781
-0.173828 -1.796875
-2.517578 2.599609
1.462891 1.898438
1.397461 0.192383
-0.534180 -1.420898
0.894531 1.158203
-0.007812 -1.791016
1.744141 -3.718750
3.033203 0.738281
0.838867 -1.559570
0.528320 1.231445
-0.952148 0.249023
-0.657227 -0.159180
1.571289 2.125000
1.252930 0.005859
1.145508 2.232422
1.549805 -4.148438
-0.377930 -0.931641
-0.206055 -0.765625
-1.632812 0.833008
-1.244141 3.790039
0.556641 2.077148
-0.166016 -0.364258
0.902344 0.444336
1.402344 -0.465820
3.553711 1.965820
2.040039 -4.588867
0.132812 -0.937500
-0.164062 3.490234
-0.394531 1.253906
0.455078 1.437500
0.610352 0.752930
-0.190430 1.872070
-0.482422 0.919922
-0.013672 -0.757812
-0.764648 -0.817383
0.065430 0.096680
0.043945 0.193359
-0.620117 0.158203
0.463867 0.873047
-0.348633 -0.791016
-0.814453 -0.160156
-0.304688 1.208984
2.869141 -0.470703
1.437500 -0.984375
2.149414 0.766602
1.024414 2.024414
-0.295898 2.317383
-0.604492 0.989258
0.224609 -0.044922
-2.089844 -0.109375
-0.759766 -2.572266
1.585938 0.468750
1.024414 -0.670898
-2.147461 1.508789
3.334961 -0.053711
-1.961914 2.168945
-1.349609 2.701172
1.708984 -2.220703
0.937500 2.351562
-0.996094 0.222656
0.579102 1.406250
1.391602 0.611328
-1.291016 -2.374023
-0.308594 -1.198242
1.716797 -1.387695
0.925781 0.075195
1.041016 -1.586914
-0.339844 -2.327148
1.126953 1.130859
1.175781 -2.396484
-1.151367 -0.004883
1.754883 0.860352
1.250977 1.061523
1.309570 -1.739258
0.516602 2.735352
-0.108398 -0.588867
0.916016 2.082031
3.326172 -0.117188
1.007812 0.974609
-1.050781 3.306641
1.689453 -0.966797
-1.632812 -0.269531
-1.289062 0.140625
1.537109 -1.451172
-1.227539 2.367188
-1.245117 1.056641
2.086914 -0.693359
-0.059570 -0.042969
1.673828 -0.191406
-0.285156 -3.701172
-0.712891 -0.119141
-1.035156 -1.105469
0.190430 2.334961
-0.393555 -1.096680
-2.766602 -1.653320
-1.776367 -0.182617
-1.322266 0.333008
3.855469 0.092773
-1.746094 0.717773
-0.611328 -0.393555
1.726562 0.059570
-1.970703 -1.905273
0.006836 1.679688
0.514648 0.759766
-1.530273 2.195312
-0.348633 -0.962891
-1.073242 0.994141
2.073242 -0.035156
-0.732422 1.365234
-1.847656 2.052734
1.397461 -0.204102
2.131836 0.579102
0.545898 -0.014648
2.850586 -0.534180
2.797852 -0.209961
-0.885742 -1.663086
-1.331055 1.601562
-0.151367 1.730469
0.743164 -1.691406
-0.143555 2.015625
-1.436523 -2.135742
-0.155273 -1.879883
2.117188 0.777344
2.087891 -1.562500
0.697266 0.012695
2.212891 -0.913086
0.718750 0.649414
-0.875000 -0.444336
3.011719 2.916016
-1.906250 -0.275391
-0.281250 0.617188
-0.773438 -0.375000
-0.952148 -0.208984
2.010742 -3.121094
-0.551758 -1.437500
-0.362305 0.978516
-1.735352 -0.675781
3.004883 1.197266
-2.461914 -0.068359
-1.135742 -1.882812
-1.080078 0.068359
-0.847656 -0.187500
1.345703 -1.150391
-1.292969 1.105469
0.672852 -1.199219
-1.045898 -1.011719
-2.108398 -1.187500
-0.784180 -2.996094
1.658203 -1.835938
1.097656 0.748047
1.365234 2.662109
-0.699219 -0.972656
1.245117 -1.040039
-0.127930 -1.092773
0.866211 3.163086
4.254883 -1.198242
1.571289 1.338867
0.124023 0.018555
-1.414062 -2.236328
0.234375 0.164062
-1.158203 -1.702148
-0.195312 0.100586
-0.904297 -1.799805
-0.027344 0.073242
1.457031 -2.124023
2.275391 -1.491211
-2.159180 1.285156
1.438477 -0.490234
-0.934570 1.031250
-2.346680 0.896484
-0.711914 -2.826172
0.629883 -1.703125
-0.272461 -0.480469
1.848633 0.595703
2.779297 1.647461
-0.992188 1.760742
1.067383 2.238281
-2.983398 0.560547
-0.937500 -1.442383
0.181641 1.678711
-0.477539 1.142578
-0.461914 0.732422
-0.844727 -1.646484
-1.231445 2.048828
-1.848633 1.176758
0.081055 0.311523
1.476562 0.164062
-0.158203 -1.085938
-0.903320 0.754883
-0.581055 -1.997070
1.866211 -1.993164
-0.245117 -2.303711
-0.693359 -2.297852
-3.390625 -0.575195
1.899414 -0.044922
-1.889648 0.535156
-1.830078 -0.312500
0.402344 1.490234
1.291016 0.791016
-2.472656 0.281250
1.806641 -1.092773
-1.625000 2.293945
-1.885742 -1.156250
1.750977 -0.548828
0.106445 -0.152344
-1.797852 0.019531
2.015625 2.295898
-0.035156 -2.190430
2.000000 -1.215820
-0.408203 1.122070
-0.349609 -3.655273
-1.406250 -2.883789
-1.533203 0.135742
-0.167969 0.651367
-3.141602 -1.728516
-0.856445 0.375000
-2.784180 -0.393555
1.256836 1.987305
-1.620117 -0.090820
2.721680 1.715820
0.747070 0.383789
-0.991211 2.665039
-0.125977 0.618164
-0.360352 0.293945
-4.524414 1.529297
-2.393555 -0.861328
-0.138672 1.965820
0.478516 0.584961
-1.495117 -0.805664
0.368164 -2.575195
1.206055 -0.463867
-0.309570 0.024414
0.918945 0.038086
-0.549805 -1.958008
-1.047852 0.065430
0.604492 1.510742
1.836914 0.589844
-0.190430 2.298828
2.632812 1.606445
2.244141 1.813477
0.237305 2.846680
-1.807617 0.040039
-1.375977 -1.500977
1.961914 -1.280273
-1.918945 1.421875
1.188477 -0.716797
-0.370117 1.228516
0.959961 -3.117188
-0.147461 -3.166016
-3.323242 0.097656
-1.484375 2.016602
-1.732422 -1.354492
-1.695312 -2.551758
0.480469 -2.461914
-1.109375 0.969727
1.843750 0.958008
1.669922 -0.466797
0.595703 -1.029297
1.304688 0.177734
-0.605469 0.287109
-1.239258 1.405273
0.620117 -0.276367
0.119141 1.472656
-2.855469 -2.890625
-1.174805 -0.994141
1.161133 -0.701172
0.243164 -1.031250
0.063477 -0.582031
-2.702148 0.573242
-0.334961 0.354492
-0.422852 0.473633
-2.836914 0.258789
-0.552734 -1.421875
-2.025391 -2.656250
2.435547 -1.693359
-0.251953 2.517578
-2.256836 -0.096680
-0.299805 -3.877930
0.495117 0.075195
2.245117 1.083008
1.007812 1.939453
0.123047 0.291016
1.317383 -0.381836
-0.647461 1.635742
0.570312 -1.264648
-1.591797 2.577148
1.626953 1.444336
1.914062 -0.319336
-3.286133 -2.027344
-0.928711 2.380859
0.346680 1.355469
1.161133 0.666016
0.477539 -0.857422
2.717773 0.425781
0.008789 -1.755859
-0.676758 -0.218750
-3.039062 4.395508
-0.210938 1.221680
2.918945 1.169922
-0.500977 -1.392578
1.374023 -0.372070
1.254883 0.106445
1.264648 -0.469727
1.536133 -0.124023
-1.093750 -0.341797
1.244141 1.103516
0.631836 -1.370117
-0.415039 1.401367
-1.485352 0.465820
1.584961 -1.176758
-0.781250 -1.335938
0.431641 1.324219
-1.392578 2.517578
-1.621094 -0.273438
-1.269531 -2.166016
-1.638672 0.632812
0.854492 1.127930
0.860352 1.663086
-0.642578 0.656250
-1.177734 -3.775391
-1.037109 -0.940430
0.701172 1.471680
-0.750977 1.740234
-1.745117 0.666016
0.812500 0.541992
1.427734 1.575195
1.972656 1.272461
-0.302734 -0.803711
2.750000 1.305664
-2.382812 -2.538086
1.923828 0.803711
-1.705078 1.014648
-1.231445 -1.379883
-3.741211 1.444336
0.322266 -2.132812
-1.994141 -4.037109
0.369141 -0.629883
0.761719 -0.676758
-0.520508 0.607422
-0.567383 0.445312
-0.407227 0.722656
0.208008 0.345703
-0.575195 -0.828125
-0.159180 -0.384766
-2.423828 -0.852539
2.220703 -2.434570
2.687500 0.786133
0.656250 -0.432617
-2.430664 -1.743164
-0.202148 0.897461
0.105469 1.177734
-0.207031 1.382812
-1.397461 -0.412109
0.036133 -1.837891
0.194336 -1.716797
-1.500977 0.115234
-2.026367 -0.034180
-1.709961 -3.092773
-0.569336 -1.532227
1.598633 2.088867
0.131836 -2.193359
1.418945 0.683594
2.690430 2.986328
2.313477 1.582031
0.584961 0.436523
-0.061523 -0.778320
1.878906 -0.878906
-1.320312 -1.751953
0.614258 1.625977
0.215820 0.879883
-1.540039 0.034180
0.100586 0.561523
0.000977 2.394531
-0.702148 0.890625
-0.997070 2.984375
2.338867 -2.613281
-2.655273 0.416016
-1.065430 -2.039062
-1.875000 0.108398
1.623047 1.874023
-1.231445 -0.555664
-2.463867 -1.276367
-0.452148 1.551758
0.409180 -0.000977
0.512695 -0.547852
1.026367 -2.827148
2.106445 -2.741211
-1.102539 -0.356445
0.406250 -0.674805
-0.019531 2.645508
-2.072266 -1.256836
-1.130859 0.168945
2.522461 0.490234
-0.514648 2.035156
0.163086 0.351562
-1.057617 0.748047
0.095703 2.289062
-1.591797 0.986328
1.401367 1.795898
0.348633 -1.391602
1.403320 1.661133
1.295898 1.604492
3.053711 -1.463867
-0.608398 0.561523
1.048828 2.344727
1.541016 -3.458008
-0.059570 -1.287109
-1.561523 -0.158203
-1.653320 -1.086914
-1.200195 0.061523
0.483398 0.920898
2.131836 0.499023
2.222656 -1.179688
-3.310547 1.750000
1.112305 -0.561523
0.479492 0.784180
1.618164 -1.966797
0.497070 0.705078
-0.178711 1.947266
-0.393555 -0.134766
-2.276367 3.005859
0.202148 1.128906
-2.981445 1.216797
-0.874023 0.328125
-0.634766 -2.556641
2.093750 -0.822266
0.768555 0.518555
0.049805 -0.057617
0.049805 -0.406250
-0.721680 -0.939453
4.145508 1.759766
-1.000977 2.542969
0.386719 -0.715820
-1.458984 1.288086
0.401367 0.507812
0.749023 -2.056641
-0.796875 0.907227
0.205078 1.006836
1.310547 0.500977
-0.171875 3.534180
-0.991211 -1.276367
2.098633 -2.467773
0.698242 -1.649414
-0.442383 -1.622070
-2.003906 2.954102
-1.437500 -2.834961
1.144531 -0.450195
1.917969 0.397461
1.358398 0.234375
-2.180664 -1.166016
2.154297 -1.504883
1.757812 -0.840820
1.126953 1.454102
2.162109 -0.309570
-0.983398 2.333984
0.151367 -0.888672
1.081055 1.750977
0.528320 -0.231445
-1.551758 0.614258
0.012695 -1.891602
-1.019531 -0.073242
2.404297 -1.368164
0.599609 2.051758
3.402344 -0.602539
0.728516 0.739258
0.353516 -2.881836
0.648438 -0.557617
1.187500 -0.709961
-0.165039 -3.416992
0.274414 -0.565430
-1.501953 1.253906
-2.732422 -1.326172
1.257812 2.426758
1.607422 1.526367
2.207031 -0.983398
0.775391 -1.055664
-0.192383 -0.861328
-0.188477 2.423828
-1.981445 0.439453
1.596680 0.669922
-1.204102 -0.397461
1.579102 -0.041992
2.445312 -1.496094
1.101562 1.498047
1.628906 -0.078125
-1.345703 0.535156
-1.028320 0.864258
-2.403320 -0.969727
-0.398438 1.502930
4.562500 -1.541992
-0.854492 -0.736328
-0.793945 0.681641
1.131836 0.374023
-0.081055 -0.645508
0.386719 -1.492188
1.179688 1.708984
2.459961 -0.874023
-0.944336 -0.745117
-0.613281 -3.798828
1.527344 -2.015625
-1.480469 -2.105469
-0.509766 -0.064453
0.251953 1.197266
-0.808594 1.136719
0.531250 -1.383789
0.615234 0.202148
0.950195 -1.447266
0.161133 1.636719
2.269531 -0.618164
-0.794922 0.264648
0.442383 0.775391
1.059570 -0.703125
-0.109375 -2.470703
-0.365234 0.814453
0.024414 1.143555
3.250977 1.063477
-1.487305 -0.520508
-2.094727 -4.708008
-0.033203 0.000000
1.361328 -1.044922
0.856445 -3.218750
-1.012695 -0.091797
0.293945 -1.410156
-0.497070 -2.396484
-2.051758 0.297852
-1.258789 -0.381836
2.225586 -1.629883
0.858398 1.600586
-0.935547 1.083984
2.208984 -0.294922
0.914062 -2.294922
1.171875 -2.052734
-1.666016 1.658203
4.017578 1.876953
1.181641 0.781250
0.255859 -0.945312
-0.245117 -0.625000
-0.100586 1.214844
-0.639648 -1.923828
0.586914 1.392578
-0.337891 0.678711
0.828125 -0.553711
-0.869141 2.024414
0.839844 -1.809570
-2.313477 -2.815430
1.053711 -2.627930
-3.159180 -2.567383
-3.108398 1.206055
-1.042969 -0.214844
-1.445312 2.121094
-0.736328 -2.818359
2.865234 0.353516
1.277344 -1.331055
0.076172 -0.227539
1.330078 -0.782227
2.777344 0.305664
1.759766 -1.208008
1.919922 1.079102
1.352539 -1.455078
-4.536133 -1.443359
1.978516 -0.552734
0.378906 1.650391
-1.116211 -0.827148
1.219727 -0.551758
-1.586914 -0.625977
-0.305664 1.487305
-1.467773 0.575195
0.735352 -1.139648
-0.142578 1.291992
0.240234 1.719727
1.377930 -0.281250
1.434570 0.148438
-0.271484 -0.874023
0.322266 -1.375977
1.438477 -0.023438
1.834961 -0.058594
1.873047 1.146484
0.417969 -1.939453
-0.010742 -0.559570
-2.604492 0.333008
-0.072266 -0.303711
-0.140625 1.264648
2.544922 4.018555
-3.289062 1.286133
0.792969 1.754883
0.615234 3.204102
0.690430 -2.222656
1.909180 1.228516
-3.440430 -0.036133
1.838867 -1.616211
-1.641602 -1.538086
-0.354492 -0.493164
0.820312 0.992188
2.574219 1.457031
0.527344 2.705078
-1.453125 -1.248047
-1.252930 1.134766
0.284180 0.279297
1.390625 0.424805
2.289062 1.864258
-0.231445 1.947266
-1.581055 -0.125000
-1.055664 1.599609
0.071289 -0.152344
-0.772461 -3.685547
-0.700195 1.949219
-1.440430 -0.601562
0.100586 -0.845703
-1.214844 0.574219
0.275391 2.212891
0.958984 0.541016
-0.839844 2.101562
2.350586 -0.692383
1.813477 1.110352
-1.124023 0.547852
-2.594727 -0.016602
1.334961 1.126953
2.381836 -2.126953
-1.680664 -1.111328
1.272461 1.810547
-1.206055 -0.545898
1.428711 -0.364258
-2.747070 2.897461
-0.354492 -0.936523
0.116211 0.317383
2.913086 0.831055
2.017578 0.457031
1.097656 0.894531
0.227539 -0.217773
2.297852 -0.666992
0.114258 1.657227
-2.342773 1.571289
-2.080078 -3.070312
-0.279297 -1.166016
0.489258 -0.153320
-0.622070 1.420898
-0.378906 0.236328
2.671875 0.189453
2.755859 -0.806641
-1.376953 -2.705078
0.228516 -1.183594
0.351562 2.617188
-0.280273 -1.780273
-0.573242 0.385742
-3.617188 1.272461
-0.296875 -1.135742
-1.553711 -0.126953
-0.184570 -1.775391
-1.171875 0.869141
-0.839844 -1.583984
-2.855469 -1.820312
-1.757812 -1.511719
-1.401367 0.515625
-0.073242 -0.662109
2.562500 3.006836
-0.810547 -0.567383
-0.186523 -0.714844
0.567383 -0.369141
-0.753906 0.760742
0.619141 -2.680664
0.309570 -0.504883
-2.928711 1.479492
-0.059570 -0.000977
1.315430 -4.008789
-0.262695 -0.172852
0.422852 0.752930
0.955078 3.083984
-0.275391 0.312500
2.500000 2.474609
-0.777344 -0.500000
0.629883 0.713867
-1.950195 0.397461
-0.161133 0.410156
-2.184570 -3.205078
-1.962891 -0.356445
-1.628906 -0.551758
-2.076172 -0.453125
-1.726562 2.509766
2.556641 1.238281
0.492188 -0.419922
0.205078 -0.432617
0.728516 1.999023
-0.395508 -0.728516
3.688477 2.697266
1.622070 -0.823242
0.057617 -1.791992
-3.945312 -0.533203
-0.238281 0.324219
0.052734 -2.724609
3.439453 -0.050781
-0.213867 -1.352539
0.233398 1.014648
0.780273 -1.131836
-0.704102 -2.092773
1.477539 -0.909180
0.676758 0.442383
-0.341797 -0.775391
1.806641 -2.207031
-1.223633 -3.561523
-0.010742 0.450195
2.967773 1.833984
0.221680 -0.162109
4.151367 -0.605469
-0.340820 -0.609375
-2.333984 1.505859
-0.744141 -0.609375
1.764648 0.254883
2.254883 -1.444336
-1.890625 1.373047
0.152344 -0.437500
1.026367 -1.483398
0.364258 0.168945
0.896484 0.306641
-0.625000 -2.720703
0.147461 -2.208008
-0.508789 1.875977
-0.590820 -1.758789
-0.350586 0.194336
1.271484 0.257812
0.064453 -1.869141
-0.333008 1.649414
-0.491211 3.231445
-0.123047 -0.265625
1.642578 -0.927734
2.123047 0.084961
0.169922 -0.067383
1.625000 0.780273
1.656250 -3.657227
-1.397461 0.206055
-1.342773 1.606445
-1.105469 -0.466797
0.548828 -0.720703
-1.970703 -1.476562
-0.951172 -0.263672
-0.309570 1.557617
0.340820 0.338867
-3.401367 -1.537109
0.143555 -1.714844
-0.290039 0.294922
0.657227 -3.257812
0.399414 2.980469
0.961914 -1.275391
-1.291016 -2.889648
1.992188 0.403320
0.832031 0.675781
0.875000 -0.585938
-1.796875 1.367188
0.523438 -1.535156
1.732422 -1.897461
1.310547 -2.348633
2.395508 0.390625
1.163086 -1.789062
1.003906 -1.534180
-1.337891 1.706055
1.568359 -1.004883
-0.695312 -0.264648
1.240234 -0.113281
-1.167969 -2.693359
0.470703 0.314453
-1.371094 2.691406
-0.491211 0.859375
-2.249023 -1.152344
-0.756836 -2.005859
0.774414 2.236328
-1.199219 0.297852
-1.044922 -1.801758
-1.785156 1.403320
0.369141 1.405273
2.408203 0.969727
-1.898438 -0.424805
1.104492 -3.095703
1.706055 -3.449219
0.616211 0.315430
-1.186523 -1.260742
-0.567383 0.291992
-1.893555 1.071289
2.434570 -0.239258
0.510742 0.055664
2.704102 1.116211
0.159180 -0.604492
-0.215820 0.586914
3.223633 -1.499023
0.138672 -0.664062
-3.388672 0.474609
2.687500 -1.799805
1.335938 0.678711
0.745117 -1.886719
-0.963867 1.015625
-1.752930 -0.702148
-1.737305 -0.506836
2.102539 -0.190430
-1.096680 -2.366211
-0.201172 -1.230469
0.371094 2.675781
0.766602 0.444336
2.040039 -2.245117
1.891602 -1.761719
0.708008 0.886719
0.600586 0.310547
-0.887695 1.591797
1.605469 -1.839844
2.326172 -0.699219
-0.641602 -1.108398
-0.961914 3.526367
-0.635742 -2.351562
-0.557617 -1.236328
-1.748047 -1.334961
-0.175781 -1.092773
-0.354492 -0.357422
-0.938477 -0.140625
1.096680 0.171875
-1.721680 -0.384766
-1.251953 2.937500
0.576172 3.253906
1.210938 -0.201172
2.929688 -0.416016
-0.322266 -0.436523
-1.048828 0.754883
-0.912109 -1.672852
-0.478516 1.877930
2.368164 -1.133789
-3.930664 1.565430
0.587891 -1.203125
-1.904297 0.771484
-0.597656 0.023438
2.296875 1.750000
-1.607422 2.507812
-3.271484 -0.722656
-0.525391 2.044922
-1.492188 -1.150391
-2.196289 1.012695
0.877930 0.541992
1.019531 -2.059570
-2.449219 -1.170898
0.426758 -0.837891
-2.122070 0.970703
1.648438 2.642578
-0.406250 1.638672
1.726562 0.535156
-0.671875 -0.183594
1.882812 0.412109
-1.187500 0.488281
-1.182617 4.153320
-0.250977 0.551758
1.585938 -2.215820
-0.216797 0.034180
-1.493164 -0.136719
-0.512695 1.841797
-0.196289 1.546875
0.635742 2.666016
-2.628906 -1.454102
-0.220703 1.186523
-2.395508 0.487305
0.508789 -2.196289
-1.585938 -0.150391
-0.054688 -1.890625
0.257812 -0.296875
-0.683594 -3.275391
-0.436523 0.317383
2.706055 2.739258
2.401367 -0.321289
-1.120117 -1.118164
-0.644531 -1.640625
2.378906 -2.220703
-1.953125 -2.419922
0.621094 -0.160156
-0.456055 0.786133
1.502930 -1.616211
0.625000 -1.019531
0.152344 0.851562
-1.400391 1.968750
0.330078 1.351562
-0.915039 1.656250
0.540039 0.093750
-0.699219 -1.305664
0.453125 -0.354492
2.201172 -0.103516
0.312500 -0.185547
2.360352 0.938477
2.188477 -0.793945
-1.063477 0.948242
2.198242 1.963867
2.969727 1.364258
-0.499023 -0.506836
-0.697266 -1.401367
1.529297 1.999023
-2.024414 3.328125
-2.733398 -0.203125
1.291016 0.402344
0.203125 2.748047
1.212891 -2.007812
0.351562 2.076172
-2.398438 -0.196289
-0.730469 -1.936523
-1.551758 -0.128906
1.668945 -0.847656
-0.928711 -1.242188
-1.381836 -0.871094
0.786133 3.841797
-0.881836 0.697266
-0.077148 0.425781
-2.409180 0.876953
-1.044922 2.252930
1.156250 0.717773
-2.316406 -1.044922
-0.468750 2.830078
2.482422 -1.589844
0.759766 3.335938
0.035156 0.191406
0.107422 2.429688
-1.170898 0.338867
1.243164 0.735352
-0.072266 0.082031
-1.261719 1.900391
-2.830078 0.205078
-1.796875 1.312500
1.277344 0.147461
0.583984 -1.625977
0.208008 -1.093750
-1.635742 -0.248047
-2.572266 0.700195
-0.257812 -1.012695
-0.710938 -2.346680
1.037109 -0.770508
0.936523 -0.604492
-0.811523 0.174805
4.139648 -2.540039
-0.061523 -0.866211
1.020508 0.320312
1.360352 -0.644531
-1.016602 -0.849609
3.897461 1.091797
0.264648 0.863281
-1.526367 1.646484
0.795898 -1.810547
1.012695 0.054688
-1.907227 -0.100586
0.063477 0.858398
-1.194336 -0.571289
-0.454102 -1.440430
1.085938 -2.295898
1.537109 -0.405273
0.877930 3.748047
-1.079102 -0.871094
0.620117 -1.970703
-2.024414 1.099609
0.094727 -0.439453
0.950195 -2.060547
1.175781 0.594727
1.183594 -2.842773
2.173828 -0.635742
1.501953 0.239258
-0.397461 -1.314453
2.715820 -1.908203
-0.282227 -0.066406
0.143555 0.632812
-0.074219 1.197266
-0.500000 -0.785156
-4.270508 -2.432617
1.149414 -0.346680
-0.045898 -2.796875
-0.147461 0.988281
-1.165039 -0.636719
0.838867 3.011719
-3.419922 -1.546875
-1.617188 0.853516
0.429688 0.386719
-0.416016 -0.361328
-1.241211 1.070312
2.416992 0.332031
2.203125 -0.624023
2.187500 -0.247070
0.378906 0.304688
0.949219 -1.806641
-1.393555 2.057617
-0.622070 -0.133789
3.158203 -1.239258
-1.580078 -0.209961
0.475586 0.261719
1.098633 -2.144531
-0.796875 -0.112305
1.835938 0.709961
-1.184570 0.720703
-2.452148 -4.298828
-0.260742 -1.053711
-0.098633 2.221680
2.442383 -2.045898
0.041992 0.225586
0.562500 -0.849609
2.572266 3.000000
-0.912109 -0.996094
0.675781 -0.728516
1.559570 0.138672
1.981445 -3.203125
-0.513672 -2.252930
-0.039062 -0.811523
-1.159180 0.555664
-0.784180 1.682617
-0.263672 0.693359
-0.398438 -2.166016
-0.895508 -0.940430
0.879883 -0.592773
0.113281 0.373047
3.558594 -1.144531
-1.296875 0.047852
-3.068359 -0.083008
1.896484 2.333008
-1.023438 1.249023
1.892578 -3.431641
0.945312 1.400391
-0.122070 1.760742
0.620117 -2.620117
0.741211 -0.722656
0.178711 -2.195312
0.209961 0.300781
1.885742 -0.468750
-0.725586 -2.438477
-2.416992 1.034180
-1.100586 1.338867
-1.393555 2.444336
0.261719 -2.662109
-0.626953 1.199219
-0.960938 3.189453
0.935547 1.949219
0.013672 -2.225586
1.382812 1.784180
0.904297 -1.317383
0.238281 1.083008
-1.325195 1.260742
-0.561523 -1.502930
-0.176758 -0.840820
-1.616211 0.891602
1.057617 0.453125
-1.772461 -0.757812
-0.021484 3.051758
1.537109 0.303711
-1.156250 1.244141
2.078125 -1.791016
-0.437500 2.044922
-0.839844 1.193359
-1.530273 0.761719
-0.577148 1.042969
0.999023 2.931641
2.049805 -1.279297
0.750000 -1.591797
1.777344 2.167969
1.170898 -1.182617
1.676758 -1.608398
-0.367188 0.121094
0.039062 -0.320312
0.527344 0.214844
-0.285156 0.230469
-1.338867 2.839844
-1.362305 3.464844
1.440430 0.019531
1.331055 0.160156
1.654297 -1.617188
-0.167969 -0.181641
-1.087891 1.291016
2.480469 -3.054688
1.696289 -1.002930
-1.219727 2.864258
0.224609 1.376953
1.544922 -0.035156
-2.445312 0.329102
0.240234 3.489258
0.229492 -1.464844
-3.004883 1.033203
-1.396484 -0.320312
-0.039062 2.025391
-0.402344 1.859375
2.181641 -0.591797
1.037109 -0.892578
-0.236328 -1.691406
1.405273 1.168945
0.500977 2.618164
-1.927734 -1.583008
-0.808594 0.577148
-1.252930 1.537109
0.985352 -0.140625
0.744141 0.212891
-0.947266 1.318359
0.761719 0.207031
-0.761719 -0.984375
-0.800781 1.497070
2.306641 1.731445
-0.659180 -2.621094
-0.940430 -0.595703
-0.142578 1.482422
1.718750 0.972656
-0.863281 0.914062
0.048828 3.330078
-0.796875 1.750000
-1.181641 -1.384766
-0.185547 -1.966797
-4.156250 1.304688
0.018555 -1.215820
-0.797852 1.811523
0.305664 -2.555664
0.805664 -0.516602
0.031250 0.731445
-1.097656 3.745117
0.145508 -0.230469
1.151367 -0.738281
-0.353516 -0.040039
1.605469 -0.229492
-0.267578 0.631836
2.406250 -0.506836
0.741211 -0.249023
-1.166992 4.532227
2.691406 -0.310547
0.093750 1.496094
-1.453125 0.920898
-1.591797 2.606445
-1.958984 -1.557617
2.054688 1.741211
0.552734 0.575195
-0.921875 -0.536133
0.199219 -1.645508
2.916016 -1.041992
0.748047 1.725586
0.837891 0.448242
1.423828 -0.014648
-0.072266 1.461914
-0.286133 2.862305
-0.409180 0.456055
0.476562 0.785156
3.328125 -2.052734
-0.618164 -0.105469
0.891602 -1.140625
0.642578 -4.092773
-4.150391 -0.407227
-0.263672 -0.446289
-0.332031 -1.038086
-0.746094 1.991211
-1.736328 -1.069336
-1.072266 1.891602
0.910156 1.797852
0.448242 -0.062500
-0.543945 -0.705078
-0.789062 0.940430
-1.115234 -2.747070
0.456055 -0.675781
1.424805 -1.732422
-1.543945 -1.667969
1.383789 0.203125
0.798828 -0.461914
2.041016 -1.159180
1.538086 0.672852
2.504883 -0.176758
-1.424805 0.059570
-0.415039 -2.907227
1.281250 -0.263672
-1.175781 -0.027344
2.266602 0.633789
-0.219727 2.348633
0.349609 0.548828
-0.664062 -3.251953
-1.557617 2.227539
-1.084961 -2.512695
-0.423828 -1.249023
-3.902344 -2.711914
0.185547 0.545898
-1.503906 -2.202148
1.631836 -0.508789
-0.280273 2.084961
0.035156 0.802734
-1.332031 -2.500000
-1.378906 -1.016602
1.683594 1.071289
-0.571289 1.357422
0.774414 -1.525391
-1.652344 2.042969
-0.880859 0.384766
2.046875 -0.857422
0.837891 -1.496094
-0.587891 0.033203
-0.242188 0.257812
0.480469 3.128906
0.068359 2.755859
1.328125 0.645508
1.792969 0.700195
1.308594 -0.782227
1.480469 -0.547852
-0.652344 2.054688
-0.052734 -3.318359
0.640625 -0.806641
1.220703 1.492188
1.645508 -0.719727
-0.747070 -0.858398
-3.092773 0.385742
2.170898 0.512695
-2.474609 2.937500
-0.410156 0.255859
0.365234 0.990234
-0.378906 2.531250
-0.377930 0.569336
-1.469727 0.831055
1.945312 1.085938
3.144531 -2.533203
-0.018555 -1.255859
-3.270508 0.052734
-0.166016 1.104492
-0.099609 0.348633
-0.369141 -1.611328
0.046875 0.046875
-3.501953 2.535156
-0.195312 -1.876953
0.340820 2.105469
0.315430 2.431641
1.516602 -0.664062
1.014648 -0.572266
1.246094 1.359375
0.998047 1.978516
0.572266 -0.253906
0.683594 0.498047
-1.012695 2.222656
0.772461 -2.369141
-3.068359 1.198242
0.019531 -3.750977
1.424805 2.043945
-1.024414 0.874023
1.287109 -1.087891
0.726562 1.908203
2.165039 -2.453125
1.159180 3.419922
-0.379883 1.363281
0.102539 -0.259766
-2.138672 2.112305
-2.675781 0.637695
-0.011719 0.393555
0.951172 -0.346680
1.013672 0.100586
-1.962891 0.659180
1.675781 -1.045898
-0.425781 -0.194336
1.081055 -0.026367
2.370117 1.206055
-0.310547 -1.476562
2.210938 -0.105469
0.169922 0.141602
-0.162109 -1.122070
3.848633 0.283203
2.249023 0.783203
1.165039 -1.469727
0.612305 -2.301758
0.089844 -1.949219
-1.289062 -0.798828
-4.474609 -0.056641
2.931641 -1.228516
-0.591797 0.257812
1.689453 0.863281
0.399414 1.489258
-1.041992 -0.008789
1.250000 -0.378906
0.244141 -0.093750
-1.080078 0.653320
-0.919922 3.442383
-1.111328 -1.209961
-0.685547 -1.643555
-0.226562 -2.061523
-1.957031 1.424805
-1.793945 0.021484
0.290039 0.138672
-1.217773 -4.244141
-0.413086 -0.990234
0.149414 -2.458984
-1.698242 0.892578
0.000000 0.132812
1.792969 -1.869141
0.616211 0.803711
0.567383 1.252930
-0.164062 0.221680
1.109375 -0.743164
-0.085938 -1.907227
-1.343750 -1.235352
3.528320 -2.523438
1.573242 -0.718750
0.910156 1.922852
0.765625 -1.860352
-1.629883 2.094727
-0.317383 0.137695
1.159180 -1.270508
-2.774414 -0.438477
-0.504883 -0.228516
0.499023 0.390625
3.173828 -0.081055
0.628906 -0.198242
-2.774414 -0.147461
2.637695 0.467773
-1.393555 -1.606445
-1.868164 -1.682617
0.125977 0.341797
0.303711 -0.345703
1.744141 1.579102
1.263672 1.682617
-3.969727 -0.159180
-0.135742 -0.231445
-0.254883 1.315430
1.118164 1.848633
-1.259766 0.291016
0.302734 0.656250
-2.833008 0.422852
1.149414 0.661133
-0.236328 -0.068359
1.398438 -1.279297
2.147461 -0.104492
-0.895508 1.311523
-1.323242 1.368164
1.916992 -1.686523
-2.226562 1.029297
-0.632812 -1.976562
0.381836 -2.234375
-0.860352 -0.357422
2.937500 1.196289
3.650391 -1.733398
0.944336 0.218750
-0.061523 -0.500000
-1.019531 0.311523
-0.125000 -2.916992
-1.989258 1.725586
2.614258 -0.340820
0.716797 0.298828
-1.068359 -1.437500
1.118164 -0.244141
1.274414 -0.359375
3.298828 -1.020508
1.429688 0.760742
2.196289 1.981445
0.791992 3.444336
1.163086 1.098633
-1.288086 -2.766602
-0.221680 -0.399414
-0.250977 2.899414
-1.340820 -0.260742
-1.198242 1.229492
-0.120117 2.861328
1.502930 -1.572266
1.490234 -3.184570
2.966797 -1.635742
-0.234375 -0.066406
-0.138672 -0.185547
0.308594 -2.599609
-0.873047 -0.796875
1.949219 0.368164
1.109375 0.481445
1.712891 -0.063477
-1.439453 -0.415039
-1.782227 -1.208984
-0.336914 1.476562
-1.921875 -1.170898
1.224609 0.352539
-1.304688 -0.140625
-2.708984 0.169922
3.646484 3.636719
-2.417969 0.025391
0.636719 -1.186523
-0.548828 -0.489258
-2.224609 -2.053711
-0.867188 0.006836
0.199219 0.701172
-1.525391 0.970703
0.323242 1.209961
0.885742 2.762695
-0.533203 0.066406
-0.404297 1.500000
-0.087891 -0.339844
1.400391 0.156250
-0.873047 0.597656
0.195312 -2.464844
-0.624023 -0.524414
-3.870117 -1.647461
1.076172 -0.725586
-0.503906 0.436523
-0.755859 -2.055664
0.570312 -0.862305
-0.207031 -0.190430
2.191406 -2.829102
-0.956055 1.890625
1.815430 1.652344
-1.307617 2.666992
-1.713867 -2.114258
-0.930664 0.239258
0.584961 -1.159180
1.723633 -1.659180
1.940430 1.659180
-0.151367 0.024414
-0.036133 0.147461
0.724609 4.337891
3.158203 0.171875
0.137695 1.016602
-1.340820 0.274414
0.580078 1.929688
-0.142578 -2.416016
-1.954102 0.999023
0.083008 1.428711
0.953125 -0.524414
-2.021484 -2.104492
-0.205078 -0.680664
1.285156 -0.155273
1.417969 -0.777344
1.255859 0.695312
0.743164 1.497070
-1.049805 -1.282227
1.492188 1.316406
0.320312 -1.003906
-1.451172 4.279297
-3.025391 0.591797
1.244141 1.246094
-1.416016 -0.007812
-2.423828 -0.341797
-0.009766 -0.064453
-2.465820 -0.430664
-0.014648 1.954102
0.809570 1.448242
-1.754883 -2.545898
1.013672 -0.744141
3.353516 -2.216797
0.246094 0.089844
-1.550781 -2.632812
-1.081055 0.072266
-0.758789 0.644531
-1.950195 0.675781
-0.401367 -0.556641
1.649414 -0.095703
0.614258 -1.898438
1.412109 0.579102
0.000000 1.551758
2.039062 -0.718750
-0.984375 2.634766
3.151367 -0.895508
-1.811523 -1.360352
1.189453 -0.177734
-3.031250 1.566406
0.031250 1.511719
1.318359 -0.103516
2.502930 -0.091797
0.208008 0.402344
1.090820 -3.052734
1.725586 -0.609375
0.888672 0.658203
-2.068359 1.966797
1.017578 1.234375
-0.095703 -1.070312
0.050781 0.422852
-3.453125 1.266602
2.929688 -0.584961
0.003906 1.473633
1.001953 -0.811523
-2.185547 0.696289
-1.216797 -1.538086
0.416016 1.114258
0.912109 0.444336
0.371094 0.250977
1.837891 -0.604492
0.863281 0.424805
-0.267578 2.812500
-3.708984 0.306641
0.430664 0.637695
-0.500977 -2.018555
0.795898 0.380859
1.977539 -0.558594
-0.280273 -0.179688
-0.458008 3.876953
-0.624023 -1.014648
-1.887695 -0.692383
-1.823242 -0.358398
1.604492 1.827148
0.667969 1.798828
1.992188 2.652344
-1.481445 0.459961
1.426758 1.401367
0.146484 0.776367
-1.369141 -1.208008
-1.511719 -0.879883
-0.636719 1.221680
-1.376953 2.022461
-1.707031 -0.084961
-0.089844 0.663086
1.154297 -3.776367
-0.386719 -0.772461
0.091797 -0.946289
1.394531 0.758789
1.240234 0.834961
-1.910156 -2.074219
-1.451172 -1.736328
0.068359 -1.173828
0.140625 -1.058594
-1.863281 -1.294922
-2.427734 3.263672
1.151367 -2.887695
-0.727539 1.165039
-2.103516 -0.148438
0.583984 0.603516
-0.981445 1.559570
-0.069336 -1.166992
-3.598633 0.796875
-2.026367 0.574219
0.119141 0.012695
0.181641 1.448242
-1.248047 1.145508
1.265625 0.344727
1.731445 1.248047
-1.577148 0.570312
-0.563477 1.500977
0.491211 -1.879883
-2.562500 -2.205078
-0.556641 2.263672
2.584961 1.414062
1.233398 -1.287109
-0.667969 -0.299805
-0.708984 0.102539
-1.216797 0.456055
-2.023438 -2.485352
-0.481445 2.107422
-0.208008 0.464844
-0.203125 1.999023
-1.205078 -1.045898
-2.166016 -0.700195
-0.402344 0.024414
1.331055 -2.250977
-1.239258 -2.766602
2.624023 0.311523
0.276367 -2.137695
-2.589844 0.735352
1.460938 -0.756836
0.560547 0.440430
-2.361328 -0.000977
1.197266 -0.160156
-0.673828 -1.482422
0.788086 1.750977
-0.577148 -0.303711
1.750977 -1.582031
-0.583008 0.750000
4.693359 -0.282227
0.001953 -0.135742
-3.257812 1.796875
-1.671875 1.287109
0.870117 2.348633
1.083008 -1.831055
2.592773 1.047852
0.137695 -1.200195
-0.305664 1.157227
0.965820 1.635742
0.434570 2.458984
1.249023 -0.769531
0.596680 0.138672
0.946289 2.437500
-3.965820 0.865234
-0.500977 0.867188
0.919922 0.208008
0.687500 0.672852
0.694336 0.000977
-0.776367 -2.168945
1.477539 2.041992
-2.133789 0.094727
0.690430 -0.538086
2.059570 -1.442383
2.663086 0.764648
0.047852 2.176758
-0.809570 0.703125
0.458008 -0.699219
-2.369141 -2.018555
-0.787109 2.502930
-0.818359 1.073242
-0.699219 1.166992
-1.702148 -2.105469
0.524414 -0.373047
-1.692383 1.751953
0.680664 1.689453
3.154297 0.776367
1.888672 0.958008
-1.734375 0.385742
-0.607422 0.897461
-2.041992 0.716797
1.739258 -2.289062
-1.993164 0.828125
2.184570 -0.634766
-0.936523 0.972656
0.584961 -1.302734
2.651367 1.902344
0.168945 -1.617188
1.314453 -1.041992
1.677734 0.846680
-0.834961 0.246094
-1.338867 0.580078
-0.996094 0.422852
-1.126953 0.934570
0.459961 1.564453
1.413086 4.271484
2.254883 -2.003906
-1.014648 -0.593750
0.314453 -0.025391
2.146484 -2.919922
-0.421875 0.824219
-1.082031 2.816406
-1.540039 1.873047
1.879883 2.580078
-0.646484 0.014648
0.427734 1.004883
2.235352 -1.322266
-0.206055 2.039062
-0.730469 2.805664
1.294922 0.395508
-0.589844 -2.043945
0.646484 0.206055
1.014648 -1.253906
1.741211 0.970703
-0.081055 1.145508
2.069336 -0.928711
0.355469 -2.265625
-2.421875 2.173828
-2.364258 -1.749023
-0.797852 -2.895508
2.164062 -0.306641
0.677734 -1.216797
-1.437500 -1.291016
-1.576172 -1.384766
0.293945 1.674805
-0.221680 -1.690430
-0.432617 0.126953
-0.694336 0.718750
0.335938 2.182617
-2.697266 0.959961
0.999023 1.233398
-0.323242 -0.002930
-0.430664 -0.090820
0.915039 1.071289
2.759766 -0.105469
0.349609 1.669922
1.276367 0.838867
1.543945 0.612305
0.471680 3.117188
0.688477 -3.255859
1.036133 -0.144531
1.245117 -0.412109
1.491211 0.240234
1.018555 -0.330078
-4.854492 -0.119141
-1.377930 0.115234
-1.392578 -0.501953
2.185547 -0.998047
-0.591797 3.546875
-0.705078 1.812500
-1.418945 0.304688
1.375977 -0.615234
-0.403320 -3.277344
0.793945 0.533203
1.215820 -0.380859
0.596680 -0.035156
-1.256836 -0.253906
1.526367 1.505859
-0.427734 0.857422
0.388672 0.804688
2.032227 4.110352
0.174805 0.192383
-3.326172 -0.427734
2.320312 -1.271484
-1.452148 -0.641602
-1.420898 -0.799805
-0.663086 1.908203
-1.163086 1.412109
-0.752930 0.123047
-1.049805 0.064453
-0.684570 5.217773
-0.809570 1.557617
0.584961 0.614258
0.237305 -0.545898
0.141602 -1.514648
0.657227 0.731445
-0.670898 -1.631836
0.114258 2.950195
0.999023 0.467773
2.311523 2.317383
-1.333984 2.039062
-1.375000 1.042969
1.422852 1.219727
1.129883 -1.174805
2.235352 0.502930
0.661133 0.034180
-1.144531 -0.808594
0.839844 3.136719
1.867188 -1.802734
-2.039062 -0.255859
-2.040039 -1.651367
0.756836 -0.776367
-0.403320 2.528320
0.249023 -0.166992
-0.737305 0.574219
0.874023 1.414062
-0.058594 -0.200195
2.789062 -1.354492
0.365234 -0.054688
-0.464844 -1.482422
0.341797 1.250000
-3.187500 0.353516
0.431641 -2.620117
1.800781 3.610352
1.737305 1.099609
1.038086 -0.042969
-1.336914 -1.134766
-0.797852 0.265625
1.384766 1.598633
-0.042969 1.786133
0.523438 -1.352539
-1.271484 0.170898
-0.940430 -0.160156
0.930664 -1.693359
-1.050781 -1.380859
1.058594 0.552734
0.300781 -0.369141
0.316406 -0.947266
-2.522461 1.918945
0.034180 1.286133
1.949219 -1.818359
0.667969 1.714844
0.629883 -0.386719
4.860352 -3.289062
1.739258 0.976562
-1.010742 -0.675781
-1.293945 0.325195
-0.893555 -3.272461
-0.304688 1.855469
-3.085938 1.837891
-0.185547 0.308594
-0.146484 0.447266
0.135742 -0.375977
-0.190430 -0.547852
-1.149414 -2.789062
-0.159180 2.787109
0.077148 -0.001953
-1.538086 2.398438
1.781250 -0.621094
-0.609375 0.332031
0.605469 0.250000
1.898438 2.644531
-0.889648 1.618164
2.221680 1.721680
3.526367 -1.938477
0.590820 -1.456055
0.896484 0.075195
-1.210938 -2.260742
-1.272461 0.140625
1.071289 1.935547
-0.725586 -2.082031
0.231445 -0.269531
-0.221680 -0.908203
-2.631836 0.107422
0.331055 -0.703125
0.083008 -1.146484
3.950195 1.361328
-0.735352 -0.710938
0.920898 0.411133
-2.194336 -2.190430
-1.257812 -1.345703
2.328125 2.722656
-1.028320 -1.872070
-1.118164 -2.182617
-2.107422 -1.222656
-2.070312 -0.792969
-0.759766 -0.850586
-1.023438 0.672852
1.458008 1.615234
1.067383 -2.042969
-0.334961 1.054688
0.860352 0.964844
-2.223633 -1.015625
1.846680 -1.453125
-0.307617 0.462891
-0.428711 -0.376953
-0.487305 1.839844
-3.514648 1.683594
1.132812 -0.118164
0.832031 -2.155273
-0.987305 -0.679688
-1.336914 0.765625
1.203125 1.085938
0.746094 2.652344
-1.722656 0.818359
-0.378906 -1.568359
-0.914062 3.732422
0.767578 -2.046875
0.341797 -0.646484
-0.910156 2.160156
0.346680 -2.080078
0.243164 0.320312
3.020508 -0.681641
2.413086 -0.769531
-0.340820 -0.864258
1.165039 -0.368164
-0.839844 -0.625000
0.863281 -0.681641
-1.661133 1.977539
0.012695 -3.862305
-1.058594 2.435547
-0.988281 0.007812
0.198242 1.221680
1.643555 0.684570
-0.167969 -0.041016
1.443359 -1.767578
-0.804688 -1.219727
-0.449219 2.036133
0.948242 0.294922
0.981445 -0.326172
1.785156 0.163086
1.441406 -1.506836
-1.061523 -0.126953
-1.418945 2.216797
-0.869141 -1.032227
0.460938 1.624023
2.092773 -0.191406
-1.227539 -1.365234
-3.079102 -1.582031
0.868164 -0.257812
-1.238281 -0.372070
-2.847656 -3.209961
0.413086 -0.066406
-2.286133 -0.080078
-1.031250 -1.526367
-0.958984 1.805664
0.996094 -0.531250
-2.031250 -2.480469
-2.330078 2.244141
0.142578 0.337891
2.096680 -0.639648
1.500977 1.006836
-0.735352 1.500977
-0.209961 -2.500977
0.459961 -3.323242
0.536133 0.163086
-1.903320 -1.243164
-2.002930 -2.600586
0.551758 -0.859375
0.950195 1.113281
1.268555 0.052734
2.956055 -0.056641
0.163086 -1.125977
0.674805 -0.516602
-0.620117 1.094727
0.192383 0.368164
3.336914 -1.994141
1.467773 -0.238281
1.454102 -0.740234
-3.028320 -0.535156
-2.151367 -1.917969
1.696289 -0.988281
1.329102 -0.388672
-3.510742 -1.013672
1.541016 -2.956055
-2.511719 -0.239258
-2.472656 -2.254883
0.583984 -1.116211
0.641602 1.154297
1.004883 -1.804688
-1.111328 -0.479492
2.550781 0.512695
0.230469 -0.425781
0.078125 -2.279297
-3.040039 0.610352
-0.725586 1.434570
0.764648 -1.000000
-0.374023 -0.529297
-1.678711 1.890625
-2.137695 0.642578
-0.811523 2.640625
0.047852 2.509766
-0.582031 0.239258
1.787109 1.434570
0.919922 0.281250
0.261719 1.292969
-0.579102 -3.415039
-0.340820 1.997070
2.103516 -0.096680
-0.492188 -0.629883
1.714844 2.311523
-0.404297 1.262695
1.467773 -1.532227
2.124023 -0.104492
0.414062 -2.478516
-1.224609 1.392578
-0.829102 2.327148
-0.145508 -0.499023
0.626953 2.251953
0.421875 2.400391
-1.016602 -2.385742
-0.741211 3.999023
0.096680 -1.793945
1.047852 0.204102
2.301758 0.539062
0.758789 0.669922
1.115234 0.122070
-1.449219 0.625977
2.423828 0.144531
-0.375000 0.357422
1.466797 -1.859375
0.527344 -1.779297
-0.464844 -0.636719
-0.876953 1.884766
1.332031 -1.019531
0.849609 -0.916016
-0.926758 1.044922
-3.446289 1.011719
0.228516 2.413086
-1.933594 2.401367
2.253906 -0.839844
0.244141 1.207031
-0.459961 -0.735352
-1.752930 -0.022461
1.587891 0.802734
-1.273438 -2.429688
-1.728516 -0.835938
1.855469 2.556641
0.221680 -0.120117
-1.411133 -0.202148
-0.290039 2.127930
1.428711 1.291992
-1.569336 0.631836
0.698242 -1.118164
-3.980469 -1.527344
0.164062 -1.380859
-1.061523 -3.251953
-1.157227 -0.921875
1.053711 0.972656
1.110352 -0.064453
-0.460938 1.320312
0.326172 -2.470703
1.363281 -1.605469
-1.197266 0.083984
-0.472656 -1.107422
-4.035156 -0.609375
0.944336 -2.600586
0.516602 0.829102
2.383789 -1.363281
2.163086 2.929688
-0.707031 3.043945
-0.824219 -1.497070
1.683594 -1.490234
-1.365234 -0.929688
1.335938 0.365234
0.404297 -1.671875
-0.065430 -0.106445
1.069336 -1.887695
-0.095703 -1.119141
1.955078 0.011719
-1.368164 -1.718750
-1.526367 -1.193359
1.711914 -1.501953
-1.024414 1.500000
-0.905273 -0.505859
-2.418945 -2.683594
0.750977 0.732422
-0.946289 -1.269531
-2.682617 0.219727
0.815430 0.838867
0.204102 -0.415039
-1.372070 2.520508
0.565430 -3.257812
-0.940430 0.064453
0.231445 -0.166016
3.155273 0.507812
-2.409180 -0.685547
0.842773 0.687500
1.196289 -1.378906
3.163086 -1.392578
2.031250 0.984375
-1.712891 -0.146484
1.109375 0.195312
1.740234 0.947266
-1.076172 2.015625
2.515625 -0.718750
0.668945 -1.647461
-1.104492 0.698242
0.088867 -0.505859
0.903320 -3.546875
0.543945 -1.597656
-1.000977 0.080078
-0.172852 1.622070
0.793945 0.178711
0.571289 1.475586
-0.559570 2.958008
1.682617 -1.941406
-2.409180 2.185547
-0.233398 1.238281
1.491211 -1.353516
-0.696289 -0.442383
-0.088867 -0.299805
-0.415039 -2.399414
-2.272461 -0.108398
0.139648 2.211914
-0.094727 2.875977
-0.090820 -2.036133
-2.458008 0.018555
0.150391 0.717773
0.046875 -0.569336
-2.974609 -0.229492
-0.835938 0.358398
-0.821289 1.174805
0.143555 -0.545898
1.642578 -1.384766
3.042969 -0.630859
-1.569336 -0.219727
0.407227 -0.209961
1.896484 0.263672
-0.867188 -2.513672
2.101562 -0.586914
1.689453 0.372070
2.416016 -4.065430
-0.257812 1.709961
0.739258 -0.514648
1.325195 -0.920898
-0.770508 0.200195
-3.801758 1.606445
-3.179688 1.233398
0.460938 -1.653320
1.576172 -0.602539
-1.779297 0.338867
1.855469 -0.704102
0.917969 0.319336
0.222656 0.235352
0.378906 1.145508
-1.440430 2.832031
2.114258 0.943359
-1.054688 0.067383
-1.642578 2.000977
1.646484 0.686523
-0.144531 1.774414
-0.134766 0.975586
-1.605469 -0.987305
-2.140625 0.627930
1.070312 0.063477
3.243164 2.705078
-1.004883 0.736328
-2.564453 0.477539
-1.093750 1.362305
-1.841797 1.208008
-1.101562 -0.348633
0.206055 -3.764648
1.663086 0.446289
-0.672852 -0.391602
-1.567383 0.377930
1.794922 1.456055
-0.644531 -1.338867
-0.886719 1.788086
-0.880859 1.379883
0.704102 -2.610352
0.372070 2.168945
-0.287109 -1.226562
-1.046875 -1.375000
-0.990234 2.002930
-0.726562 0.922852
1.441406 -1.946289
-3.458984 0.407227
0.953125 0.280273
-0.263672 2.424805
-0.918945 2.087891
-2.801758 1.433594
-1.503906 1.305664
-1.449219 -0.620117
0.656250 0.354492
-0.769531 -0.485352
0.013672 2.326172
1.501953 -0.558594
0.094727 -2.512695
0.651367 0.409180
-1.035156 2.120117
0.203125 -2.297852
0.980469 0.790039
0.191406 -2.635742
-0.387695 -2.214844
-0.881836 -2.148438
-3.267578 2.370117
-1.400391 -1.124023
-4.571289 1.120117
0.161133 -0.920898
-1.831055 1.868164
3.584961 0.721680
0.994141 1.517578
-0.955078 -0.597656
-1.696289 0.506836
-2.178711 0.729492
0.913086 -1.848633
-0.000977 -0.268555
0.384766 0.980469
2.656250 -1.433594
-1.681641 1.985352
-0.431641 0.946289
-1.625000 1.069336
0.699219 -1.032227
0.138672 -1.333984
-1.589844 -0.101562
-1.162109 -0.462891
2.546875 1.300781
-0.603516 0.327148
0.054688 1.288086
1.702148 0.263672
-0.243164 -1.546875
-0.219727 0.835938
1.952148 -1.123047
-2.623047 -0.893555
0.339844 1.848633
-1.313477 -2.137695
-1.268555 1.676758
-2.098633 -3.430664
-1.577148 -1.272461
-0.935547 0.068359
-0.976562 -2.513672
-0.666992 -0.936523
-1.030273 0.057617
2.337891 -2.442383
-1.792969 -0.120117
-1.406250 -1.940430
-1.185547 0.577148
-0.460938 -2.292969
-1.128906 -0.712891
3.764648 1.930664
1.000977 -2.291992
0.604492 1.110352
-1.221680 1.317383
-3.142578 0.259766
0.208984 0.117188
1.002930 -1.153320
0.719727 2.985352
-0.155273 1.149414
1.217773 0.803711
2.801758 2.092773
1.315430 2.887695
-2.186523 -2.543945
0.815430 0.825195
0.209961 0.927734
-1.200195 0.126953
-1.385742 1.273438
-0.151367 -0.066406
-0.247070 0.491211
1.928711 -1.907227
-0.323242 -1.831055
1.809570 0.500977
-0.363281 0.879883
-0.275391 -0.956055
-1.958008 0.000000
2.147461 2.837891
-1.275391 -1.444336
0.242188 -2.709961
2.379883 0.935547
-0.600586 1.027344
0.854492 -0.922852
-0.655273 2.192383
1.059570 -0.487305
1.436523 -0.297852
-1.384766 -0.178711
0.714844 2.026367
0.339844 2.305664
2.275391 2.350586
2.012695 -1.564453
1.260742 -0.197266
-0.890625 0.815430
1.121094 -2.530273
0.631836 -3.058594
1.252930 -0.326172
0.167969 -0.481445
1.341797 1.452148
-1.814453 -0.102539
-2.882812 1.428711
1.418945 1.902344
0.454102 1.025391
2.314453 -1.747070
-1.861328 -1.053711
-1.083008 0.255859
3.477539 -0.541016
0.566406 0.145508
-1.455078 -3.092773
-0.768555 -0.697266
-0.506836 0.496094
1.658203 1.008789
1.015625 -0.116211
-0.827148 -0.845703
0.309570 2.445312
-2.411133 -0.740234
2.782227 -0.181641
0.693359 -1.711914
2.189453 -0.862305
1.930664 0.239258
-1.094727 1.069336
1.581055 -2.045898
1.524414 -2.454102
0.103516 2.021484
-0.189453 -1.496094
-1.416992 -0.338867
1.624023 2.227539
1.299805 0.128906
1.833008 -1.861328
-1.454102 0.144531
-1.198242 -1.998047
-1.627930 0.725586
0.174805 0.526367
-1.210938 4.914062
-0.050781 -0.013672
-0.892578 -0.566406
-0.207031 -1.123047
-1.683594 1.810547
0.068359 0.425781
0.294922 1.451172
0.769531 1.232422
0.842773 1.596680
0.381836 -1.534180
-1.073242 -0.222656
-1.874023 1.558594
2.627930 1.748047
-1.860352 0.162109
-2.684570 -0.382812
-1.799805 1.638672
-1.231445 -1.867188
-0.670898 0.779297
2.343750 0.037109
1.605469 -1.140625
0.245117 0.094727
-3.256836 1.473633
0.203125 -0.807617
2.150391 -1.756836
1.190430 3.806641
-0.887695 -0.980469
-0.523438 -0.910156
-0.244141 -0.398438
-1.944336 2.122070
0.336914 0.073242
2.335938 3.497070
1.681641 -0.403320
0.244141 -0.014648
2.296875 0.377930
-0.068359 0.489258
-0.531250 1.899414
1.608398 -0.843750
-0.040039 1.365234
3.247070 1.377930
1.674805 -1.825195
-0.691406 2.003906
-0.312500 0.689453
-2.091797 2.241211
-0.437500 -3.317383
0.364258 0.175781
-0.479492 -1.892578
0.431641 -0.086914
0.371094 -0.514648
0.238281 -2.731445
1.466797 0.317383
1.374023 -0.063477
-0.795898 -1.961914
1.515625 1.542969
1.343750 -1.298828
-0.260742 1.027344
0.565430 -0.320312
2.376953 -0.116211
-1.544922 -1.719727
0.538086 0.279297
1.020508 0.349609
-1.658203 -1.231445
0.556641 0.715820
-0.756836 -1.018555
1.356445 2.104492
1.515625 -0.544922
-2.353516 -0.873047
1.664062 -0.125977
2.296875 0.252930
2.404297 -2.946289
0.041016 -2.422852
-1.148438 0.018555
-1.451172 0.391602
2.068359 1.153320
-1.718750 1.600586
0.013672 -2.329102
0.287109 -0.266602
-1.931641 1.381836
-1.978516 -1.293945
0.788086 -1.390625
1.606445 1.923828
0.395508 -2.013672
-2.102539 1.941406
-2.156250 -3.059570
2.060547 -1.401367
-1.322266 -0.178711
1.355469 -0.520508
1.141602 2.114258
-2.661133 -1.034180
-3.923828 -0.484375
-0.974609 2.451172
0.433594 -0.056641
0.056641 -0.101562
0.074219 -1.496094
0.037109 -1.111328
0.067383 0.021484
3.508789 -3.074219
-0.478516 -1.006836
-1.468750 0.344727
2.041992 -2.667969
-0.368164 -0.121094
-0.290039 -0.751953
-1.286133 0.365234
1.039062 1.451172
2.162109 0.539062
-1.435547 1.167969
1.046875 0.138672
2.264648 -1.758789
-1.340820 -0.711914
-3.922852 1.329102
-0.454102 -1.631836
-0.937500 -0.295898
-1.365234 1.250977
0.381836 2.076172
-1.161133 1.054688
1.286133 -1.923828
-1.670898 2.261719
-2.068359 1.473633
-0.605469 1.247070
-2.154297 -0.458008
0.742188 0.760742
1.723633 -2.677734
-0.295898 -0.035156
0.029297 1.494141
-1.628906 -1.427734
-1.844727 -2.801758
-2.872070 0.098633
-3.329102 0.692383
-0.450195 -0.338867
-0.696289 1.084961
1.381836 -0.637695
1.369141 0.221680
1.792969 -2.452148
1.250000 -0.174805
0.123047 2.276367
0.240234 0.267578
-0.197266 -3.226562
0.227539 3.172852
-0.145508 0.239258
-0.402344 0.224609
0.113281 -0.177734
1.777344 -0.076172
-2.035156 -0.439453
-0.579102 -0.056641
3.229492 -1.300781
0.693359 -2.608398
2.589844 -2.663086
-0.283203 0.115234
-0.500000 1.611328
0.227539 -3.067383
-0.491211 0.973633
-0.728516 0.893555
-0.933594 -0.776367
-1.738281 1.930664
-0.142578 -0.735352
-0.355469 -2.439453
-0.986328 -3.496094
-0.251953 1.179688
-1.089844 -1.607422
-0.486328 -1.156250
0.625000 -1.886719
0.354492 0.616211
-0.141602 -0.850586
0.142578 2.290039
0.050781 1.272461
-0.416016 -3.295898
0.457031 2.393555
-0.119141 1.554688
-0.244141 -0.250000
-2.500000 -0.205078
-0.421875 -0.654297
1.250977 -0.084961
1.790039 -1.204102
-0.832031 -2.892578
0.521484 -2.275391
-0.148438 -2.642578
3.460938 0.220703
-0.345703 3.324219
-0.462891 -1.097656
0.916016 1.247070
0.373047 -1.688477
-1.221680 -0.371094
2.389648 0.117188
-0.140625 0.758789
1.589844 2.502930
0.124023 0.466797
1.368164 -0.716797
-0.626953 -1.151367
1.275391 2.729492
1.381836 -0.632812
1.114258 2.214844
-0.593750 0.515625
0.076172 -0.384766
2.777344 0.826172
0.458984 -3.410156
-1.439453 0.996094
-1.462891 3.044922
0.375977 -0.817383
-1.790039 -1.301758
0.892578 0.392578
0.791016 0.125000
0.815430 0.157227
1.094727 2.387695
1.538086 2.175781
0.745117 0.087891
1.738281 0.137695
-2.013672 1.969727
0.927734 0.250000
-0.574219 1.673828
3.095703 2.464844
-0.093750 -1.494141
-1.706055 0.687500
-0.659180 0.695312
1.719727 -2.306641
-1.389648 -2.236328
1.531250 0.719727
0.087891 0.762695
0.252930 0.058594
-2.387695 1.962891
-1.502930 0.736328
2.245117 -0.376953
1.488281 -3.635742
-1.449219 0.350586
-1.535156 -1.512695
-1.392578 -2.487305
-0.859375 -0.684570
0.533203 -0.530273
-2.037109 3.226562
1.369141 0.441406
-0.154297 -1.744141
-1.798828 -1.517578
0.206055 3.868164
-0.297852 -0.444336
-0.883789 -3.114258
0.776367 -0.192383
1.220703 0.099609
2.595703 -0.638672
3.021484 -0.951172
0.068359 0.646484
-0.579102 -1.487305
1.723633 -1.834961
2.236328 1.437500
-0.130859 -1.970703
-1.574219 -1.670898
0.412109 -1.930664
-0.761719 -0.334961
-0.099609 0.909180
1.719727 0.363281
1.850586 -2.845703
-0.420898 0.330078
-3.040039 -0.265625
0.288086 -0.111328
-1.975586 1.271484
-0.417969 -0.573242
1.957031 1.916992
-0.433594 -2.105469
0.107422 -1.841797
-1.406250 -1.050781
-1.068359 -1.083984
-2.176758 -0.384766
1.875977 0.648438
-0.274414 -2.421875
-1.600586 1.033203
2.750977 1.579102
-2.735352 0.198242
-0.668945 0.102539
1.004883 1.541992
-2.372070 0.608398
-4.606445 0.442383
-0.041016 1.859375
0.085938 0.097656
-0.136719 -0.888672
-1.658203 3.638672
-0.303711 -0.538086
-0.963867 -1.172852
0.296875 1.471680
1.402344 0.752930
1.076172 -0.055664
0.216797 -1.700195
-4.640625 -0.222656
1.654297 -1.664062
-0.954102 0.903320
0.784180 1.038086
-1.860352 -0.532227
-0.405273 -0.739258
-0.240234 0.462891
0.490234 1.378906
-0.180664 0.505859
-1.026367 -0.019531
-0.368164 -1.900391
-1.612305 1.867188
2.678711 4.509766
0.991211 1.021484
0.270508 0.480469
-0.409180 0.062500
-0.037109 -0.405273
-1.242188 0.708008
-0.094727 -2.564453
-4.348633 -0.972656
0.477539 -1.201172
0.782227 0.990234
0.600586 -0.468750
-1.774414 3.750000
2.132812 -0.594727
0.681641 1.725586
-1.489258 0.494141
-0.157227 1.464844
-0.273438 2.687500
-0.171875 1.361328
0.815430 -0.379883
-0.866211 0.385742
-0.131836 0.043945
-0.215820 -0.036133
1.588867 -1.094727
-1.534180 -1.186523
-1.143555 1.721680
-0.467773 -0.903320
0.948242 -0.479492
1.471680 2.059570
0.973633 1.423828
1.161133 1.593750
-2.148438 -4.235352
2.357422 1.112305
1.886719 1.429688
0.855469 2.906250
1.181641 0.166016
-0.939453 2.255859
2.258789 -0.490234
-0.540039 -1.753906
1.276367 2.011719
-0.413086 2.201172
-1.111328 2.708984
0.027344 1.710938
0.734375 -1.425781
-2.044922 -0.541016
-2.840820 0.016602
0.223633 0.020508
-1.349609 -1.882812
-1.333984 1.646484
-0.000977 -1.070312
0.166992 1.726562
-1.506836 -1.865234
1.364258 1.720703
1.183594 -1.247070
-0.984375 1.192383
-2.854492 -0.541016
-2.622070 -0.001953
1.189453 1.823242
1.453125 1.352539
0.990234 1.958008
-3.695312 1.975586
-0.817383 -1.448242
1.159180 1.334961
-0.314453 -2.138672
0.515625 1.994141
0.014648 -0.578125
0.659180 0.431641
-0.855469 0.418945
0.873047 -0.608398
-1.422852 2.906250
0.165039 -0.042969
0.876953 1.450195
0.689453 2.502930
0.927734 0.545898
-4.564453 1.147461
0.611328 -1.411133
2.279297 -0.000977
0.006836 0.210938
0.002930 0.320312
2.084961 3.144531
0.159180 -1.011719
2.982422 -1.392578
-0.121094 -0.822266
-1.002930 0.100586
1.184570 -1.323242
-0.761719 0.486328
2.130859 -0.818359
-2.846680 2.190430
1.391602 -1.971680
1.374023 -0.534180
1.500977 -0.913086
0.080078 -1.375000
2.048828 -3.333984
0.559570 -1.473633
-1.266602 0.360352
0.997070 -0.149414
-0.125977 0.758789
-0.675781 2.666016
0.890625 0.593750
-0.124023 -2.219727
-0.942383 -1.481445
-0.156250 -1.125977
0.644531 0.512695
0.649414 -0.617188
-0.661133 2.371094
-0.929688 1.266602
-0.091797 -1.907227
-3.000000 0.936523
-1.326172 -0.608398
-1.586914 0.607422
-1.243164 1.554688
1.609375 0.040039
-2.169922 0.977539
1.262695 3.250000
-0.520508 1.382812
3.617188 -0.178711
-1.296875 -1.477539
0.955078 -1.164062
3.914062 0.083984
-1.453125 -0.773438
-0.111328 -4.158203
0.497070 0.444336
-0.036133 -0.749023
-0.657227 -0.288086
-2.170898 0.295898
-1.171875 0.360352
1.443359 -1.450195
-2.964844 0.174805
0.638672 1.571289
-0.543945 1.244141
-0.165039 -0.660156
-3.023438 0.543945
0.583984 -1.956055
-1.007812 1.498047
0.679688 1.554688
0.526367 0.432617
-0.096680 -0.758789
-0.704102 -1.193359
-1.168945 0.361328
1.711914 0.605469
-0.424805 -1.984375
2.363281 2.126953
0.375000 2.109375
2.004883 -3.305664
-2.235352 -0.079102
-0.172852 2.318359
2.389648 1.896484
1.135742 0.675781
-0.766602 1.597656
1.264648 -1.618164
0.151367 0.057617
1.266602 -0.307617
0.239258 -1.627930
-0.776367 1.564453
-0.450195 -0.203125
3.229492 -5.041016
1.442383 -0.484375
1.108398 1.386719
0.270508 -0.007812
0.673828 -1.616211
0.591797 2.948242
-2.115234 -2.044922
0.650391 0.587891
-1.603516 -1.251953
-0.615234 -0.025391
0.946289 -0.638672
-0.940430 1.246094
0.947266 1.217773
-0.742188 -2.454102
-1.728516 1.597656
2.923828 1.273438
-1.740234 -0.232422
-0.275391 -2.916016
-0.867188 0.855469
-0.728516 -0.572266
-0.443359 -1.421875
0.738281 0.310547
-3.265625 -2.044922
-0.886719 -2.111328
-1.058594 -1.291016
-0.671875 -0.689453
1.098633 -1.290039
-2.383789 0.260742
1.753906 1.208984
0.320312 -1.937500
0.121094 2.477539
-2.929688 0.811523
0.032227 -0.220703
-3.149414 0.275391
0.327148 -2.649414
0.409180 0.026367
-1.901367 -1.395508
0.176758 1.194336
0.770508 0.753906
-1.479492 0.146484
-0.525391 -2.684570
1.269531 -1.618164
-0.357422 1.054688
0.548828 0.744141
-1.645508 -0.627930
1.282227 -2.268555
-1.909180 0.759766
1.461914 -0.542969
-0.523438 0.889648
0.541016 -0.508789
-2.044922 0.323242
-0.839844 4.608398
-1.333008 -0.970703
-1.848633 1.687500
-0.469727 2.045898
0.508789 0.047852
0.625977 -2.258789
-0.524414 -0.002930
-4.610352 -1.086914
0.086914 3.342773
-0.064453 0.406250
1.501953 1.345703
-0.885742 0.984375
-1.026367 1.253906
-1.473633 -0.576172
0.518555 1.708984
-3.014648 1.702148
-1.241211 0.149414
-0.822266 1.375000
0.878906 0.316406
-1.498047 -0.123047
0.376953 -1.777344
1.932617 -1.465820
1.688477 -0.727539
0.004883 -0.834961
-2.051758 -3.793945
1.180664 1.514648
0.846680 0.223633
-0.219727 -1.052734
-3.200195 -1.990234
-0.184570 0.859375
-2.184570 -0.261719
-0.376953 0.194336
0.341797 0.928711
3.962891 1.254883
-0.970703 -2.588867
-0.971680 -0.465820
0.569336 1.178711
-1.800781 -0.275391
-0.628906 -1.281250
4.056641 -0.429688
1.353516 1.470703
-0.739258 0.905273
0.672852 0.666992
0.382812 1.772461
-0.548828 -0.815430
0.457031 1.516602
-0.037109 0.561523
-0.180664 -0.759766
1.049805 0.343750
1.195312 -0.088867
-4.318359 -0.178711
2.083984 1.591797
0.931641 -1.744141
-0.349609 -0.373047
-0.451172 0.466797
0.967773 1.767578
-0.971680 0.283203
-2.136719 -0.223633
1.832031 1.973633
2.706055 1.023438
0.938477 0.816406
-1.792969 0.219727
-1.128906 1.647461
0.596680 -1.959961
-0.516602 2.362305
-0.662109 0.001953
1.109375 -3.330078
-1.539062 2.898438
-1.015625 0.808594
-3.123047 -0.656250
-0.619141 -0.460938
-0.455078 0.271484
1.693359 0.789062
1.163086 3.829102
-2.307617 1.954102
3.598633 0.201172
0.208008 0.996094
1.396484 -1.780273
-0.144531 0.047852
-1.506836 0.672852
1.663086 -2.081055
-0.267578 1.880859
-0.275391 -0.472656
0.733398 0.526367
-2.129883 -1.563477
-0.631836 1.735352
1.711914 -1.245117
-0.541016 1.959961
2.572266 0.635742
-1.662109 -0.221680
-0.388672 0.415039
-0.509766 0.817383
-1.363281 -4.200195
-1.876953 -1.079102
-3.515625 0.649414
1.648438 0.875977
0.146484 0.672852
-2.788086 2.175781
0.375977 -0.705078
0.304688 2.099609
-0.677734 1.376953
0.350586 -0.739258
0.256836 0.141602
-1.225586 -0.403320
0.887695 0.461914
2.074219 0.810547
1.443359 2.654297
-0.245117 -1.636719
0.631836 -0.662109
2.012695 -0.552734
0.780273 0.625000
1.913086 3.056641
-1.778320 0.355469
-2.166016 0.534180
2.187500 3.127930
2.382812 0.700195
-0.263672 0.916992
-0.089844 -2.838867
-2.623047 0.424805
-0.093750 1.822266
2.861328 0.914062
-2.451172 -1.355469
-0.445312 -1.517578
0.361328 2.539062
0.033203 -2.500000
-0.009766 -0.787109
-0.521484 0.861328
-0.569336 2.035156
1.200195 1.779297
1.277344 0.293945
-1.626953 3.004883
1.053711 0.324219
2.547852 0.328125
1.572266 0.922852
2.087891 -0.809570
-0.828125 2.640625
-0.783203 0.142578
-1.062500 1.970703
-0.701172 -1.300781
-0.351562 -2.200195
-2.705078 0.428711
0.889648 -1.453125
-1.598633 0.326172
-0.044922 -0.142578
1.304688 -0.728516
0.528320 2.659180
-1.682617 -1.721680
-0.477539 2.243164
-2.174805 1.430664
0.826172 2.199219
1.705078 0.048828
0.244141 -0.560547
-0.320312 0.785156
-0.074219 0.500000
0.541016 0.111328
-0.654297 -2.367188
0.488281 -0.777344
-2.727539 -2.637695
2.643555 0.403320
-2.678711 0.041016
0.682617 -1.648438
-0.875977 -0.919922
-1.147461 -0.605469
2.361328 -0.712891
0.476562 2.419922
-2.288086 0.795898
-3.245117 0.504883
-0.822266 -0.513672
-2.033203 -0.513672
0.189453 -2.066406
-2.865234 0.523438
-0.907227 1.631836
0.760742 2.887695
-1.896484 -1.248047
1.898438 -0.708984
0.263672 0.096680
0.207031 3.303711
1.672852 -0.615234
-1.916992 -0.328125
1.192383 -0.337891
-1.303711 -0.054688
1.189453 -0.213867
-1.468750 2.985352
