Copyright 1986-2019 Xilinx, Inc. All Rights Reserved.
--------------------------------------------------------------------------------------------------------------------------------------------------------------------------------------------------------
| Tool Version : Vivado v.2019.1 (win64) Build 2552052 Fri May 24 14:49:42 MDT 2019
| Date         : Thu Aug 20 15:35:48 2026
| Host         : DESKTOP-MNPC4OR running 64-bit major release  (build 9200)
| Command      : report_timing_summary -max_paths 10 -file FFT_2_2_top_timing_summary_routed.rpt -pb FFT_2_2_top_timing_summary_routed.pb -rpx FFT_2_2_top_timing_summary_routed.rpx -warn_on_violation
| Design       : FFT_2_2_top
| Device       : 7z020-clg484
| Speed File   : -1  PRODUCTION 1.11 2014-09-11
--------------------------------------------------------------------------------------------------------------------------------------------------------------------------------------------------------

Timing Summary Report

------------------------------------------------------------------------------------------------
| Timer Settings
| --------------
------------------------------------------------------------------------------------------------

  Enable Multi Corner Analysis               :  Yes
  Enable Pessimism Removal                   :  Yes
  Pessimism Removal Resolution               :  Nearest Common Node
  Enable Input Delay Default Clock           :  No
  Enable Preset / Clear Arcs                 :  No
  Disable Flight Delays                      :  No
  Ignore I/O Paths                           :  No
  Timing Early Launch at Borrowing Latches   :  No
  Borrow Time for Max Delay Exceptions       :  Yes

  Corner  Analyze    Analyze    
  Name    Max Paths  Min Paths  
  ------  ---------  ---------  
  Slow    Yes        Yes        
  Fast    Yes        Yes        



check_timing report

Table of Contents
-----------------
1. checking no_clock
2. checking constant_clock
3. checking pulse_width_clock
4. checking unconstrained_internal_endpoints
5. checking no_input_delay
6. checking no_output_delay
7. checking multiple_clock
8. checking generated_clocks
9. checking loops
10. checking partial_input_delay
11. checking partial_output_delay
12. checking latch_loops

1. checking no_clock
--------------------
 There are 0 register/latch pins with no clock.


2. checking constant_clock
--------------------------
 There are 0 register/latch pins with constant_clock.


3. checking pulse_width_clock
-----------------------------
 There are 0 register/latch pins which need pulse_width check


4. checking unconstrained_internal_endpoints
--------------------------------------------
 There are 0 pins that are not constrained for maximum delay.

 There are 0 pins that are not constrained for maximum delay due to constant clock.


5. checking no_input_delay
--------------------------
 There are 0 input ports with no input delay specified.

 There are 0 input ports with no input delay but user has a false path constraint.


6. checking no_output_delay
---------------------------
 There are 0 ports with no output delay specified.

 There are 0 ports with no output delay but user has a false path constraint

 There are 0 ports with no output delay but with a timing clock defined on it or propagating through it


7. checking multiple_clock
--------------------------
 There are 0 register/latch pins with multiple clocks.


8. checking generated_clocks
----------------------------
 There are 0 generated clocks that are not connected to a clock source.


9. checking loops
-----------------
 There are 0 combinational loops in the design.


10. checking partial_input_delay
--------------------------------
 There are 0 input ports with partial input delay specified.


11. checking partial_output_delay
---------------------------------
 There are 0 ports with partial output delay specified.


12. checking latch_loops
------------------------
 There are 0 combinational latch loops in the design through latch input



------------------------------------------------------------------------------------------------
| Design Timing Summary
| ---------------------
------------------------------------------------------------------------------------------------

    WNS(ns)      TNS(ns)  TNS Failing Endpoints  TNS Total Endpoints      WHS(ns)      THS(ns)  THS Failing Endpoints  THS Total Endpoints     WPWS(ns)     TPWS(ns)  TPWS Failing Endpoints  TPWS Total Endpoints  
    -------      -------  ---------------------  -------------------      -------      -------  ---------------------  -------------------     --------     --------  ----------------------  --------------------  
      2.004        0.000                      0                  807        0.124        0.000                      0                  807       11.520        0.000                       0                   285  


All user specified timing constraints are met.


------------------------------------------------------------------------------------------------
| Clock Summary
| -------------
------------------------------------------------------------------------------------------------

Clock  Waveform(ns)       Period(ns)      Frequency(MHz)
-----  ------------       ----------      --------------
clk    {0.000 12.500}     25.000          40.000          


------------------------------------------------------------------------------------------------
| Intra Clock Table
| -----------------
------------------------------------------------------------------------------------------------

Clock             WNS(ns)      TNS(ns)  TNS Failing Endpoints  TNS Total Endpoints      WHS(ns)      THS(ns)  THS Failing Endpoints  THS Total Endpoints     WPWS(ns)     TPWS(ns)  TPWS Failing Endpoints  TPWS Total Endpoints  
-----             -------      -------  ---------------------  -------------------      -------      -------  ---------------------  -------------------     --------     --------  ----------------------  --------------------  
clk                 2.004        0.000                      0                  807        0.124        0.000                      0                  807       11.520        0.000                       0                   285  


------------------------------------------------------------------------------------------------
| Inter Clock Table
| -----------------
------------------------------------------------------------------------------------------------

From Clock    To Clock          WNS(ns)      TNS(ns)  TNS Failing Endpoints  TNS Total Endpoints      WHS(ns)      THS(ns)  THS Failing Endpoints  THS Total Endpoints  
----------    --------          -------      -------  ---------------------  -------------------      -------      -------  ---------------------  -------------------  


------------------------------------------------------------------------------------------------
| Other Path Groups Table
| -----------------------
------------------------------------------------------------------------------------------------

Path Group    From Clock    To Clock          WNS(ns)      TNS(ns)  TNS Failing Endpoints  TNS Total Endpoints      WHS(ns)      THS(ns)  THS Failing Endpoints  THS Total Endpoints  
----------    ----------    --------          -------      -------  ---------------------  -------------------      -------      -------  ---------------------  -------------------  


------------------------------------------------------------------------------------------------
| Timing Details
| --------------
------------------------------------------------------------------------------------------------


---------------------------------------------------------------------------------------------------
From Clock:  clk
  To Clock:  clk

Setup :            0  Failing Endpoints,  Worst Slack        2.004ns,  Total Violation        0.000ns
Hold  :            0  Failing Endpoints,  Worst Slack        0.124ns,  Total Violation        0.000ns
PW    :            0  Failing Endpoints,  Worst Slack       11.520ns,  Total Violation        0.000ns
---------------------------------------------------------------------------------------------------


Max Delay Paths
--------------------------------------------------------------------------------------
Slack (MET) :             2.004ns  (required time - arrival time)
  Source:                 u_mult/CpS_X_reg0/CLK
                            (rising edge-triggered cell DSP48E1 clocked by clk  {rise@0.000ns fall@12.500ns period=25.000ns})
  Destination:            y_out[13]
                            (output port clocked by clk  {rise@0.000ns fall@12.500ns period=25.000ns})
  Path Group:             clk
  Path Type:              Max at Slow Process Corner
  Requirement:            25.000ns  (clk rise@25.000ns - clk rise@0.000ns)
  Data Path Delay:        15.336ns  (logic 8.981ns (58.560%)  route 6.355ns (41.440%))
  Logic Levels:           18  (CARRY4=11 LUT1=1 LUT2=2 LUT3=3 OBUF=1)
  Output Delay:           2.000ns
  Clock Path Skew:        -5.624ns (DCD - SCD + CPR)
    Destination Clock Delay (DCD):    0.000ns = ( 25.000 - 25.000 ) 
    Source Clock Delay      (SCD):    5.624ns
    Clock Pessimism Removal (CPR):    0.000ns
  Clock Uncertainty:      0.035ns  ((TSJ^2 + TIJ^2)^1/2 + DJ) / 2 + PE
    Total System Jitter     (TSJ):    0.071ns
    Total Input Jitter      (TIJ):    0.000ns
    Discrete Jitter          (DJ):    0.000ns
    Phase Error              (PE):    0.000ns

    Location             Delay type                Incr(ns)  Path(ns)    Netlist Resource(s)
  -------------------------------------------------------------------    -------------------
                         (clock clk rise edge)        0.000     0.000 r  
    Y9                                                0.000     0.000 r  clk (IN)
                         net (fo=0)                   0.000     0.000    clk
    Y9                   IBUF (Prop_ibuf_I_O)         1.490     1.490 r  clk_IBUF_inst/O
                         net (fo=1, routed)           2.171     3.661    clk_IBUF
    BUFGCTRL_X0Y0        BUFG (Prop_bufg_I_O)         0.101     3.762 r  clk_IBUF_BUFG_inst/O
                         net (fo=284, routed)         1.862     5.624    u_mult/clk_IBUF_BUFG
    DSP48_X3Y31          DSP48E1                                      r  u_mult/CpS_X_reg0/CLK
  -------------------------------------------------------------------    -------------------
    DSP48_X3Y31          DSP48E1 (Prop_dsp48e1_CLK_P[1])
                                                      0.434     6.058 r  u_mult/CpS_X_reg0/P[1]
                         net (fo=2, routed)           1.015     7.073    u_mult/CpS_X_reg0_n_104
    SLICE_X93Y75         LUT3 (Prop_lut3_I0_O)        0.124     7.197 r  u_mult/out1_carry_i_7/O
                         net (fo=1, routed)           0.000     7.197    u_mult/out1_carry_i_7_n_0
    SLICE_X93Y75         CARRY4 (Prop_carry4_S[1]_CO[3])
                                                      0.550     7.747 r  u_mult/out1_carry/CO[3]
                         net (fo=1, routed)           0.000     7.747    u_mult/out1_carry_n_0
    SLICE_X93Y76         CARRY4 (Prop_carry4_CI_CO[3])
                                                      0.114     7.861 r  u_mult/out1_carry__0/CO[3]
                         net (fo=1, routed)           0.000     7.861    u_mult/out1_carry__0_n_0
    SLICE_X93Y77         CARRY4 (Prop_carry4_CI_CO[3])
                                                      0.114     7.975 r  u_mult/out1_carry__1/CO[3]
                         net (fo=1, routed)           0.000     7.975    u_mult/out1_carry__1_n_0
    SLICE_X93Y78         CARRY4 (Prop_carry4_CI_O[1])
                                                      0.334     8.309 f  u_mult/out1_carry__2/O[1]
                         net (fo=2, routed)           0.371     8.679    u_mult/CpS_X_reg0_0[2]
    SLICE_X92Y78         LUT1 (Prop_lut1_I0_O)        0.303     8.982 r  u_mult/g_shrink.rounded_imag_carry_i_3/O
                         net (fo=1, routed)           0.000     8.982    u_bf3/S[1]
    SLICE_X92Y78         CARRY4 (Prop_carry4_S[1]_CO[3])
                                                      0.533     9.515 r  u_bf3/g_shrink.rounded_imag_carry/CO[3]
                         net (fo=1, routed)           0.000     9.515    u_bf3/g_shrink.rounded_imag_carry_n_0
    SLICE_X92Y79         CARRY4 (Prop_carry4_CI_O[1])
                                                      0.323     9.838 r  u_bf3/g_shrink.rounded_imag_carry__0/O[1]
                         net (fo=3, routed)           1.241    11.079    u_sr2/ext_in_complex[5]
    SLICE_X106Y75        LUT2 (Prop_lut2_I1_O)        0.306    11.385 r  u_sr2/plus_complex_carry__0_i_3__1/O
                         net (fo=1, routed)           0.000    11.385    u_bf3/shift_regs_reg[0][7]_0[1]
    SLICE_X106Y75        CARRY4 (Prop_carry4_S[1]_CO[3])
                                                      0.550    11.935 r  u_bf3/plus_complex_carry__0/CO[3]
                         net (fo=1, routed)           0.000    11.935    u_bf3/plus_complex_carry__0_n_0
    SLICE_X106Y76        CARRY4 (Prop_carry4_CI_O[1])
                                                      0.334    12.269 r  u_bf3/plus_complex_carry__1/O[1]
                         net (fo=2, routed)           0.516    12.785    u_bf4/plus_complex[9]
    SLICE_X110Y76        LUT3 (Prop_lut3_I1_O)        0.303    13.088 r  u_bf4/minus_complex_carry__1_i_8/O
                         net (fo=1, routed)           0.000    13.088    u_sr2/p_0_in[8]
    SLICE_X110Y76        CARRY4 (Prop_carry4_S[1]_O[3])
                                                      0.640    13.728 r  u_sr2/minus_complex_carry__1_i_5__0/O[3]
                         net (fo=2, routed)           0.601    14.329    u_sr1/operand_imag[11]
    SLICE_X111Y76        LUT2 (Prop_lut2_I1_O)        0.306    14.635 r  u_sr1/plus_complex_carry__1_i_1__1/O
                         net (fo=1, routed)           0.000    14.635    u_bf4/y_out_OBUF[8]_inst_i_1_0[3]
    SLICE_X111Y76        CARRY4 (Prop_carry4_S[3]_CO[3])
                                                      0.401    15.036 r  u_bf4/plus_complex_carry__1/CO[3]
                         net (fo=1, routed)           0.000    15.036    u_bf4/plus_complex_carry__1_n_0
    SLICE_X111Y77        CARRY4 (Prop_carry4_CI_O[1])
                                                      0.334    15.370 r  u_bf4/plus_complex_carry__2/O[1]
                         net (fo=1, routed)           0.299    15.669    u_bf4/plus_complex_carry__2_n_6
    SLICE_X112Y77        LUT3 (Prop_lut3_I0_O)        0.303    15.972 r  u_bf4/y_out_OBUF[13]_inst_i_1/O
                         net (fo=1, routed)           2.313    18.285    y_out_OBUF[13]
    T17                  OBUF (Prop_obuf_I_O)         2.675    20.960 r  y_out_OBUF[13]_inst/O
                         net (fo=0)                   0.000    20.960    y_out[13]
    T17                                                               r  y_out[13] (OUT)
  -------------------------------------------------------------------    -------------------

                         (clock clk rise edge)       25.000    25.000 r  
                         clock pessimism              0.000    25.000    
                         clock uncertainty           -0.035    24.965    
                         output delay                -2.000    22.965    
  -------------------------------------------------------------------
                         required time                         22.965    
                         arrival time                         -20.960    
  -------------------------------------------------------------------
                         slack                                  2.004    

Slack (MET) :             2.508ns  (required time - arrival time)
  Source:                 u_mult/CpS_X_reg0/CLK
                            (rising edge-triggered cell DSP48E1 clocked by clk  {rise@0.000ns fall@12.500ns period=25.000ns})
  Destination:            y_out[12]
                            (output port clocked by clk  {rise@0.000ns fall@12.500ns period=25.000ns})
  Path Group:             clk
  Path Type:              Max at Slow Process Corner
  Requirement:            25.000ns  (clk rise@25.000ns - clk rise@0.000ns)
  Data Path Delay:        14.832ns  (logic 8.779ns (59.188%)  route 6.053ns (40.812%))
  Logic Levels:           18  (CARRY4=11 LUT1=1 LUT2=2 LUT3=3 OBUF=1)
  Output Delay:           2.000ns
  Clock Path Skew:        -5.624ns (DCD - SCD + CPR)
    Destination Clock Delay (DCD):    0.000ns = ( 25.000 - 25.000 ) 
    Source Clock Delay      (SCD):    5.624ns
    Clock Pessimism Removal (CPR):    0.000ns
  Clock Uncertainty:      0.035ns  ((TSJ^2 + TIJ^2)^1/2 + DJ) / 2 + PE
    Total System Jitter     (TSJ):    0.071ns
    Total Input Jitter      (TIJ):    0.000ns
    Discrete Jitter          (DJ):    0.000ns
    Phase Error              (PE):    0.000ns

    Location             Delay type                Incr(ns)  Path(ns)    Netlist Resource(s)
  -------------------------------------------------------------------    -------------------
                         (clock clk rise edge)        0.000     0.000 r  
    Y9                                                0.000     0.000 r  clk (IN)
                         net (fo=0)                   0.000     0.000    clk
    Y9                   IBUF (Prop_ibuf_I_O)         1.490     1.490 r  clk_IBUF_inst/O
                         net (fo=1, routed)           2.171     3.661    clk_IBUF
    BUFGCTRL_X0Y0        BUFG (Prop_bufg_I_O)         0.101     3.762 r  clk_IBUF_BUFG_inst/O
                         net (fo=284, routed)         1.862     5.624    u_mult/clk_IBUF_BUFG
    DSP48_X3Y31          DSP48E1                                      r  u_mult/CpS_X_reg0/CLK
  -------------------------------------------------------------------    -------------------
    DSP48_X3Y31          DSP48E1 (Prop_dsp48e1_CLK_P[1])
                                                      0.434     6.058 r  u_mult/CpS_X_reg0/P[1]
                         net (fo=2, routed)           1.015     7.073    u_mult/CpS_X_reg0_n_104
    SLICE_X93Y75         LUT3 (Prop_lut3_I0_O)        0.124     7.197 r  u_mult/out1_carry_i_7/O
                         net (fo=1, routed)           0.000     7.197    u_mult/out1_carry_i_7_n_0
    SLICE_X93Y75         CARRY4 (Prop_carry4_S[1]_CO[3])
                                                      0.550     7.747 r  u_mult/out1_carry/CO[3]
                         net (fo=1, routed)           0.000     7.747    u_mult/out1_carry_n_0
    SLICE_X93Y76         CARRY4 (Prop_carry4_CI_CO[3])
                                                      0.114     7.861 r  u_mult/out1_carry__0/CO[3]
                         net (fo=1, routed)           0.000     7.861    u_mult/out1_carry__0_n_0
    SLICE_X93Y77         CARRY4 (Prop_carry4_CI_CO[3])
                                                      0.114     7.975 r  u_mult/out1_carry__1/CO[3]
                         net (fo=1, routed)           0.000     7.975    u_mult/out1_carry__1_n_0
    SLICE_X93Y78         CARRY4 (Prop_carry4_CI_O[1])
                                                      0.334     8.309 f  u_mult/out1_carry__2/O[1]
                         net (fo=2, routed)           0.371     8.679    u_mult/CpS_X_reg0_0[2]
    SLICE_X92Y78         LUT1 (Prop_lut1_I0_O)        0.303     8.982 r  u_mult/g_shrink.rounded_imag_carry_i_3/O
                         net (fo=1, routed)           0.000     8.982    u_bf3/S[1]
    SLICE_X92Y78         CARRY4 (Prop_carry4_S[1]_CO[3])
                                                      0.533     9.515 r  u_bf3/g_shrink.rounded_imag_carry/CO[3]
                         net (fo=1, routed)           0.000     9.515    u_bf3/g_shrink.rounded_imag_carry_n_0
    SLICE_X92Y79         CARRY4 (Prop_carry4_CI_O[1])
                                                      0.323     9.838 r  u_bf3/g_shrink.rounded_imag_carry__0/O[1]
                         net (fo=3, routed)           1.241    11.079    u_sr2/ext_in_complex[5]
    SLICE_X106Y75        LUT2 (Prop_lut2_I1_O)        0.306    11.385 r  u_sr2/plus_complex_carry__0_i_3__1/O
                         net (fo=1, routed)           0.000    11.385    u_bf3/shift_regs_reg[0][7]_0[1]
    SLICE_X106Y75        CARRY4 (Prop_carry4_S[1]_CO[3])
                                                      0.550    11.935 r  u_bf3/plus_complex_carry__0/CO[3]
                         net (fo=1, routed)           0.000    11.935    u_bf3/plus_complex_carry__0_n_0
    SLICE_X106Y76        CARRY4 (Prop_carry4_CI_O[1])
                                                      0.334    12.269 r  u_bf3/plus_complex_carry__1/O[1]
                         net (fo=2, routed)           0.516    12.785    u_bf4/plus_complex[9]
    SLICE_X110Y76        LUT3 (Prop_lut3_I1_O)        0.303    13.088 r  u_bf4/minus_complex_carry__1_i_8/O
                         net (fo=1, routed)           0.000    13.088    u_sr2/p_0_in[8]
    SLICE_X110Y76        CARRY4 (Prop_carry4_S[1]_O[3])
                                                      0.640    13.728 r  u_sr2/minus_complex_carry__1_i_5__0/O[3]
                         net (fo=2, routed)           0.601    14.329    u_sr1/operand_imag[11]
    SLICE_X111Y76        LUT2 (Prop_lut2_I1_O)        0.306    14.635 r  u_sr1/plus_complex_carry__1_i_1__1/O
                         net (fo=1, routed)           0.000    14.635    u_bf4/y_out_OBUF[8]_inst_i_1_0[3]
    SLICE_X111Y76        CARRY4 (Prop_carry4_S[3]_CO[3])
                                                      0.401    15.036 r  u_bf4/plus_complex_carry__1/CO[3]
                         net (fo=1, routed)           0.000    15.036    u_bf4/plus_complex_carry__1_n_0
    SLICE_X111Y77        CARRY4 (Prop_carry4_CI_O[0])
                                                      0.222    15.258 r  u_bf4/plus_complex_carry__2/O[0]
                         net (fo=1, routed)           0.458    15.716    u_bf4/plus_complex_carry__2_n_7
    SLICE_X112Y77        LUT3 (Prop_lut3_I0_O)        0.299    16.015 r  u_bf4/y_out_OBUF[12]_inst_i_1/O
                         net (fo=1, routed)           1.852    17.867    y_out_OBUF[12]
    L21                  OBUF (Prop_obuf_I_O)         2.589    20.456 r  y_out_OBUF[12]_inst/O
                         net (fo=0)                   0.000    20.456    y_out[12]
    L21                                                               r  y_out[12] (OUT)
  -------------------------------------------------------------------    -------------------

                         (clock clk rise edge)       25.000    25.000 r  
                         clock pessimism              0.000    25.000    
                         clock uncertainty           -0.035    24.965    
                         output delay                -2.000    22.965    
  -------------------------------------------------------------------
                         required time                         22.965    
                         arrival time                         -20.456    
  -------------------------------------------------------------------
                         slack                                  2.508    

Slack (MET) :             2.702ns  (required time - arrival time)
  Source:                 u_mult/CpS_X_reg0/CLK
                            (rising edge-triggered cell DSP48E1 clocked by clk  {rise@0.000ns fall@12.500ns period=25.000ns})
  Destination:            y_out[9]
                            (output port clocked by clk  {rise@0.000ns fall@12.500ns period=25.000ns})
  Path Group:             clk
  Path Type:              Max at Slow Process Corner
  Requirement:            25.000ns  (clk rise@25.000ns - clk rise@0.000ns)
  Data Path Delay:        14.638ns  (logic 8.427ns (57.567%)  route 6.212ns (42.433%))
  Logic Levels:           15  (CARRY4=9 LUT2=2 LUT3=3 OBUF=1)
  Output Delay:           2.000ns
  Clock Path Skew:        -5.624ns (DCD - SCD + CPR)
    Destination Clock Delay (DCD):    0.000ns = ( 25.000 - 25.000 ) 
    Source Clock Delay      (SCD):    5.624ns
    Clock Pessimism Removal (CPR):    0.000ns
  Clock Uncertainty:      0.035ns  ((TSJ^2 + TIJ^2)^1/2 + DJ) / 2 + PE
    Total System Jitter     (TSJ):    0.071ns
    Total Input Jitter      (TIJ):    0.000ns
    Discrete Jitter          (DJ):    0.000ns
    Phase Error              (PE):    0.000ns

    Location             Delay type                Incr(ns)  Path(ns)    Netlist Resource(s)
  -------------------------------------------------------------------    -------------------
                         (clock clk rise edge)        0.000     0.000 r  
    Y9                                                0.000     0.000 r  clk (IN)
                         net (fo=0)                   0.000     0.000    clk
    Y9                   IBUF (Prop_ibuf_I_O)         1.490     1.490 r  clk_IBUF_inst/O
                         net (fo=1, routed)           2.171     3.661    clk_IBUF
    BUFGCTRL_X0Y0        BUFG (Prop_bufg_I_O)         0.101     3.762 r  clk_IBUF_BUFG_inst/O
                         net (fo=284, routed)         1.862     5.624    u_mult/clk_IBUF_BUFG
    DSP48_X3Y31          DSP48E1                                      r  u_mult/CpS_X_reg0/CLK
  -------------------------------------------------------------------    -------------------
    DSP48_X3Y31          DSP48E1 (Prop_dsp48e1_CLK_P[1])
                                                      0.434     6.058 r  u_mult/CpS_X_reg0/P[1]
                         net (fo=2, routed)           1.015     7.073    u_mult/CpS_X_reg0_n_104
    SLICE_X93Y75         LUT3 (Prop_lut3_I0_O)        0.124     7.197 r  u_mult/out1_carry_i_7/O
                         net (fo=1, routed)           0.000     7.197    u_mult/out1_carry_i_7_n_0
    SLICE_X93Y75         CARRY4 (Prop_carry4_S[1]_CO[3])
                                                      0.550     7.747 r  u_mult/out1_carry/CO[3]
                         net (fo=1, routed)           0.000     7.747    u_mult/out1_carry_n_0
    SLICE_X93Y76         CARRY4 (Prop_carry4_CI_CO[3])
                                                      0.114     7.861 r  u_mult/out1_carry__0/CO[3]
                         net (fo=1, routed)           0.000     7.861    u_mult/out1_carry__0_n_0
    SLICE_X93Y77         CARRY4 (Prop_carry4_CI_O[3])
                                                      0.313     8.174 r  u_mult/out1_carry__1/O[3]
                         net (fo=1, routed)           0.518     8.691    u_bf3/data_in[0]
    SLICE_X92Y78         CARRY4 (Prop_carry4_CYINIT_O[1])
                                                      0.812     9.503 r  u_bf3/g_shrink.rounded_imag_carry/O[1]
                         net (fo=3, routed)           1.179    10.682    u_sr2/ext_in_complex[1]
    SLICE_X106Y74        LUT2 (Prop_lut2_I1_O)        0.306    10.988 r  u_sr2/plus_complex_carry_i_3__1/O
                         net (fo=1, routed)           0.000    10.988    u_bf3/shift_regs_reg[0][3][1]
    SLICE_X106Y74        CARRY4 (Prop_carry4_S[1]_CO[3])
                                                      0.550    11.538 r  u_bf3/plus_complex_carry/CO[3]
                         net (fo=1, routed)           0.009    11.547    u_bf3/plus_complex_carry_n_0
    SLICE_X106Y75        CARRY4 (Prop_carry4_CI_O[1])
                                                      0.334    11.881 r  u_bf3/plus_complex_carry__0/O[1]
                         net (fo=2, routed)           0.516    12.398    u_bf4/plus_complex[5]
    SLICE_X110Y75        LUT3 (Prop_lut3_I1_O)        0.303    12.701 r  u_bf4/minus_complex_carry__0_i_8/O
                         net (fo=1, routed)           0.000    12.701    u_sr2/p_0_in[4]
    SLICE_X110Y75        CARRY4 (Prop_carry4_S[1]_O[3])
                                                      0.640    13.341 r  u_sr2/minus_complex_carry__0_i_5__0/O[3]
                         net (fo=2, routed)           0.601    13.941    u_sr1/operand_imag[7]
    SLICE_X111Y75        LUT2 (Prop_lut2_I1_O)        0.306    14.247 r  u_sr1/plus_complex_carry__0_i_1__2/O
                         net (fo=1, routed)           0.000    14.247    u_bf4/y_out_OBUF[4]_inst_i_1_0[3]
    SLICE_X111Y75        CARRY4 (Prop_carry4_S[3]_CO[3])
                                                      0.401    14.648 r  u_bf4/plus_complex_carry__0/CO[3]
                         net (fo=1, routed)           0.000    14.648    u_bf4/plus_complex_carry__0_n_0
    SLICE_X111Y76        CARRY4 (Prop_carry4_CI_O[1])
                                                      0.334    14.982 r  u_bf4/plus_complex_carry__1/O[1]
                         net (fo=1, routed)           0.308    15.290    u_bf4/plus_complex_carry__1_n_6
    SLICE_X112Y76        LUT3 (Prop_lut3_I0_O)        0.303    15.593 r  u_bf4/y_out_OBUF[9]_inst_i_1/O
                         net (fo=1, routed)           2.066    17.659    y_out_OBUF[9]
    K18                  OBUF (Prop_obuf_I_O)         2.603    20.262 r  y_out_OBUF[9]_inst/O
                         net (fo=0)                   0.000    20.262    y_out[9]
    K18                                                               r  y_out[9] (OUT)
  -------------------------------------------------------------------    -------------------

                         (clock clk rise edge)       25.000    25.000 r  
                         clock pessimism              0.000    25.000    
                         clock uncertainty           -0.035    24.965    
                         output delay                -2.000    22.965    
  -------------------------------------------------------------------
                         required time                         22.965    
                         arrival time                         -20.262    
  -------------------------------------------------------------------
                         slack                                  2.702    

Slack (MET) :             2.805ns  (required time - arrival time)
  Source:                 u_mult/CpS_X_reg0/CLK
                            (rising edge-triggered cell DSP48E1 clocked by clk  {rise@0.000ns fall@12.500ns period=25.000ns})
  Destination:            y_out[10]
                            (output port clocked by clk  {rise@0.000ns fall@12.500ns period=25.000ns})
  Path Group:             clk
  Path Type:              Max at Slow Process Corner
  Requirement:            25.000ns  (clk rise@25.000ns - clk rise@0.000ns)
  Data Path Delay:        14.536ns  (logic 8.338ns (57.364%)  route 6.198ns (42.636%))
  Logic Levels:           15  (CARRY4=9 LUT2=2 LUT3=3 OBUF=1)
  Output Delay:           2.000ns
  Clock Path Skew:        -5.624ns (DCD - SCD + CPR)
    Destination Clock Delay (DCD):    0.000ns = ( 25.000 - 25.000 ) 
    Source Clock Delay      (SCD):    5.624ns
    Clock Pessimism Removal (CPR):    0.000ns
  Clock Uncertainty:      0.035ns  ((TSJ^2 + TIJ^2)^1/2 + DJ) / 2 + PE
    Total System Jitter     (TSJ):    0.071ns
    Total Input Jitter      (TIJ):    0.000ns
    Discrete Jitter          (DJ):    0.000ns
    Phase Error              (PE):    0.000ns

    Location             Delay type                Incr(ns)  Path(ns)    Netlist Resource(s)
  -------------------------------------------------------------------    -------------------
                         (clock clk rise edge)        0.000     0.000 r  
    Y9                                                0.000     0.000 r  clk (IN)
                         net (fo=0)                   0.000     0.000    clk
    Y9                   IBUF (Prop_ibuf_I_O)         1.490     1.490 r  clk_IBUF_inst/O
                         net (fo=1, routed)           2.171     3.661    clk_IBUF
    BUFGCTRL_X0Y0        BUFG (Prop_bufg_I_O)         0.101     3.762 r  clk_IBUF_BUFG_inst/O
                         net (fo=284, routed)         1.862     5.624    u_mult/clk_IBUF_BUFG
    DSP48_X3Y31          DSP48E1                                      r  u_mult/CpS_X_reg0/CLK
  -------------------------------------------------------------------    -------------------
    DSP48_X3Y31          DSP48E1 (Prop_dsp48e1_CLK_P[1])
                                                      0.434     6.058 r  u_mult/CpS_X_reg0/P[1]
                         net (fo=2, routed)           1.015     7.073    u_mult/CpS_X_reg0_n_104
    SLICE_X93Y75         LUT3 (Prop_lut3_I0_O)        0.124     7.197 r  u_mult/out1_carry_i_7/O
                         net (fo=1, routed)           0.000     7.197    u_mult/out1_carry_i_7_n_0
    SLICE_X93Y75         CARRY4 (Prop_carry4_S[1]_CO[3])
                                                      0.550     7.747 r  u_mult/out1_carry/CO[3]
                         net (fo=1, routed)           0.000     7.747    u_mult/out1_carry_n_0
    SLICE_X93Y76         CARRY4 (Prop_carry4_CI_CO[3])
                                                      0.114     7.861 r  u_mult/out1_carry__0/CO[3]
                         net (fo=1, routed)           0.000     7.861    u_mult/out1_carry__0_n_0
    SLICE_X93Y77         CARRY4 (Prop_carry4_CI_O[3])
                                                      0.313     8.174 r  u_mult/out1_carry__1/O[3]
                         net (fo=1, routed)           0.518     8.691    u_bf3/data_in[0]
    SLICE_X92Y78         CARRY4 (Prop_carry4_CYINIT_O[1])
                                                      0.812     9.503 r  u_bf3/g_shrink.rounded_imag_carry/O[1]
                         net (fo=3, routed)           1.179    10.682    u_sr2/ext_in_complex[1]
    SLICE_X106Y74        LUT2 (Prop_lut2_I1_O)        0.306    10.988 r  u_sr2/plus_complex_carry_i_3__1/O
                         net (fo=1, routed)           0.000    10.988    u_bf3/shift_regs_reg[0][3][1]
    SLICE_X106Y74        CARRY4 (Prop_carry4_S[1]_CO[3])
                                                      0.550    11.538 r  u_bf3/plus_complex_carry/CO[3]
                         net (fo=1, routed)           0.009    11.547    u_bf3/plus_complex_carry_n_0
    SLICE_X106Y75        CARRY4 (Prop_carry4_CI_O[1])
                                                      0.334    11.881 r  u_bf3/plus_complex_carry__0/O[1]
                         net (fo=2, routed)           0.516    12.398    u_bf4/plus_complex[5]
    SLICE_X110Y75        LUT3 (Prop_lut3_I1_O)        0.303    12.701 r  u_bf4/minus_complex_carry__0_i_8/O
                         net (fo=1, routed)           0.000    12.701    u_sr2/p_0_in[4]
    SLICE_X110Y75        CARRY4 (Prop_carry4_S[1]_O[3])
                                                      0.640    13.341 r  u_sr2/minus_complex_carry__0_i_5__0/O[3]
                         net (fo=2, routed)           0.601    13.941    u_sr1/operand_imag[7]
    SLICE_X111Y75        LUT2 (Prop_lut2_I1_O)        0.306    14.247 r  u_sr1/plus_complex_carry__0_i_1__2/O
                         net (fo=1, routed)           0.000    14.247    u_bf4/y_out_OBUF[4]_inst_i_1_0[3]
    SLICE_X111Y75        CARRY4 (Prop_carry4_S[3]_CO[3])
                                                      0.401    14.648 r  u_bf4/plus_complex_carry__0/CO[3]
                         net (fo=1, routed)           0.000    14.648    u_bf4/plus_complex_carry__0_n_0
    SLICE_X111Y76        CARRY4 (Prop_carry4_CI_O[2])
                                                      0.239    14.887 r  u_bf4/plus_complex_carry__1/O[2]
                         net (fo=1, routed)           0.303    15.190    u_bf4/plus_complex_carry__1_n_5
    SLICE_X112Y76        LUT3 (Prop_lut3_I0_O)        0.302    15.492 r  u_bf4/y_out_OBUF[10]_inst_i_1/O
                         net (fo=1, routed)           2.057    17.549    y_out_OBUF[10]
    J18                  OBUF (Prop_obuf_I_O)         2.610    20.160 r  y_out_OBUF[10]_inst/O
                         net (fo=0)                   0.000    20.160    y_out[10]
    J18                                                               r  y_out[10] (OUT)
  -------------------------------------------------------------------    -------------------

                         (clock clk rise edge)       25.000    25.000 r  
                         clock pessimism              0.000    25.000    
                         clock uncertainty           -0.035    24.965    
                         output delay                -2.000    22.965    
  -------------------------------------------------------------------
                         required time                         22.965    
                         arrival time                         -20.160    
  -------------------------------------------------------------------
                         slack                                  2.805    

Slack (MET) :             2.827ns  (required time - arrival time)
  Source:                 u_mult/CpS_X_reg0/CLK
                            (rising edge-triggered cell DSP48E1 clocked by clk  {rise@0.000ns fall@12.500ns period=25.000ns})
  Destination:            y_out[8]
                            (output port clocked by clk  {rise@0.000ns fall@12.500ns period=25.000ns})
  Path Group:             clk
  Path Type:              Max at Slow Process Corner
  Requirement:            25.000ns  (clk rise@25.000ns - clk rise@0.000ns)
  Data Path Delay:        14.513ns  (logic 8.315ns (57.294%)  route 6.198ns (42.706%))
  Logic Levels:           15  (CARRY4=9 LUT2=2 LUT3=3 OBUF=1)
  Output Delay:           2.000ns
  Clock Path Skew:        -5.624ns (DCD - SCD + CPR)
    Destination Clock Delay (DCD):    0.000ns = ( 25.000 - 25.000 ) 
    Source Clock Delay      (SCD):    5.624ns
    Clock Pessimism Removal (CPR):    0.000ns
  Clock Uncertainty:      0.035ns  ((TSJ^2 + TIJ^2)^1/2 + DJ) / 2 + PE
    Total System Jitter     (TSJ):    0.071ns
    Total Input Jitter      (TIJ):    0.000ns
    Discrete Jitter          (DJ):    0.000ns
    Phase Error              (PE):    0.000ns

    Location             Delay type                Incr(ns)  Path(ns)    Netlist Resource(s)
  -------------------------------------------------------------------    -------------------
                         (clock clk rise edge)        0.000     0.000 r  
    Y9                                                0.000     0.000 r  clk (IN)
                         net (fo=0)                   0.000     0.000    clk
    Y9                   IBUF (Prop_ibuf_I_O)         1.490     1.490 r  clk_IBUF_inst/O
                         net (fo=1, routed)           2.171     3.661    clk_IBUF
    BUFGCTRL_X0Y0        BUFG (Prop_bufg_I_O)         0.101     3.762 r  clk_IBUF_BUFG_inst/O
                         net (fo=284, routed)         1.862     5.624    u_mult/clk_IBUF_BUFG
    DSP48_X3Y31          DSP48E1                                      r  u_mult/CpS_X_reg0/CLK
  -------------------------------------------------------------------    -------------------
    DSP48_X3Y31          DSP48E1 (Prop_dsp48e1_CLK_P[1])
                                                      0.434     6.058 r  u_mult/CpS_X_reg0/P[1]
                         net (fo=2, routed)           1.015     7.073    u_mult/CpS_X_reg0_n_104
    SLICE_X93Y75         LUT3 (Prop_lut3_I0_O)        0.124     7.197 r  u_mult/out1_carry_i_7/O
                         net (fo=1, routed)           0.000     7.197    u_mult/out1_carry_i_7_n_0
    SLICE_X93Y75         CARRY4 (Prop_carry4_S[1]_CO[3])
                                                      0.550     7.747 r  u_mult/out1_carry/CO[3]
                         net (fo=1, routed)           0.000     7.747    u_mult/out1_carry_n_0
    SLICE_X93Y76         CARRY4 (Prop_carry4_CI_CO[3])
                                                      0.114     7.861 r  u_mult/out1_carry__0/CO[3]
                         net (fo=1, routed)           0.000     7.861    u_mult/out1_carry__0_n_0
    SLICE_X93Y77         CARRY4 (Prop_carry4_CI_O[3])
                                                      0.313     8.174 r  u_mult/out1_carry__1/O[3]
                         net (fo=1, routed)           0.518     8.691    u_bf3/data_in[0]
    SLICE_X92Y78         CARRY4 (Prop_carry4_CYINIT_O[1])
                                                      0.812     9.503 r  u_bf3/g_shrink.rounded_imag_carry/O[1]
                         net (fo=3, routed)           1.179    10.682    u_sr2/ext_in_complex[1]
    SLICE_X106Y74        LUT2 (Prop_lut2_I1_O)        0.306    10.988 r  u_sr2/plus_complex_carry_i_3__1/O
                         net (fo=1, routed)           0.000    10.988    u_bf3/shift_regs_reg[0][3][1]
    SLICE_X106Y74        CARRY4 (Prop_carry4_S[1]_CO[3])
                                                      0.550    11.538 r  u_bf3/plus_complex_carry/CO[3]
                         net (fo=1, routed)           0.009    11.547    u_bf3/plus_complex_carry_n_0
    SLICE_X106Y75        CARRY4 (Prop_carry4_CI_O[1])
                                                      0.334    11.881 r  u_bf3/plus_complex_carry__0/O[1]
                         net (fo=2, routed)           0.516    12.398    u_bf4/plus_complex[5]
    SLICE_X110Y75        LUT3 (Prop_lut3_I1_O)        0.303    12.701 r  u_bf4/minus_complex_carry__0_i_8/O
                         net (fo=1, routed)           0.000    12.701    u_sr2/p_0_in[4]
    SLICE_X110Y75        CARRY4 (Prop_carry4_S[1]_O[3])
                                                      0.640    13.341 r  u_sr2/minus_complex_carry__0_i_5__0/O[3]
                         net (fo=2, routed)           0.601    13.941    u_sr1/operand_imag[7]
    SLICE_X111Y75        LUT2 (Prop_lut2_I1_O)        0.306    14.247 r  u_sr1/plus_complex_carry__0_i_1__2/O
                         net (fo=1, routed)           0.000    14.247    u_bf4/y_out_OBUF[4]_inst_i_1_0[3]
    SLICE_X111Y75        CARRY4 (Prop_carry4_S[3]_CO[3])
                                                      0.401    14.648 r  u_bf4/plus_complex_carry__0/CO[3]
                         net (fo=1, routed)           0.000    14.648    u_bf4/plus_complex_carry__0_n_0
    SLICE_X111Y76        CARRY4 (Prop_carry4_CI_O[0])
                                                      0.222    14.870 r  u_bf4/plus_complex_carry__1/O[0]
                         net (fo=1, routed)           0.418    15.288    u_bf4/plus_complex_carry__1_n_7
    SLICE_X112Y76        LUT3 (Prop_lut3_I0_O)        0.299    15.587 r  u_bf4/y_out_OBUF[8]_inst_i_1/O
                         net (fo=1, routed)           1.943    17.530    y_out_OBUF[8]
    M21                  OBUF (Prop_obuf_I_O)         2.607    20.137 r  y_out_OBUF[8]_inst/O
                         net (fo=0)                   0.000    20.137    y_out[8]
    M21                                                               r  y_out[8] (OUT)
  -------------------------------------------------------------------    -------------------

                         (clock clk rise edge)       25.000    25.000 r  
                         clock pessimism              0.000    25.000    
                         clock uncertainty           -0.035    24.965    
                         output delay                -2.000    22.965    
  -------------------------------------------------------------------
                         required time                         22.965    
                         arrival time                         -20.137    
  -------------------------------------------------------------------
                         slack                                  2.827    

Slack (MET) :             2.963ns  (required time - arrival time)
  Source:                 u_mult/CpS_X_reg0/CLK
                            (rising edge-triggered cell DSP48E1 clocked by clk  {rise@0.000ns fall@12.500ns period=25.000ns})
  Destination:            y_out[11]
                            (output port clocked by clk  {rise@0.000ns fall@12.500ns period=25.000ns})
  Path Group:             clk
  Path Type:              Max at Slow Process Corner
  Requirement:            25.000ns  (clk rise@25.000ns - clk rise@0.000ns)
  Data Path Delay:        14.378ns  (logic 8.404ns (58.454%)  route 5.974ns (41.546%))
  Logic Levels:           15  (CARRY4=9 LUT2=2 LUT3=3 OBUF=1)
  Output Delay:           2.000ns
  Clock Path Skew:        -5.624ns (DCD - SCD + CPR)
    Destination Clock Delay (DCD):    0.000ns = ( 25.000 - 25.000 ) 
    Source Clock Delay      (SCD):    5.624ns
    Clock Pessimism Removal (CPR):    0.000ns
  Clock Uncertainty:      0.035ns  ((TSJ^2 + TIJ^2)^1/2 + DJ) / 2 + PE
    Total System Jitter     (TSJ):    0.071ns
    Total Input Jitter      (TIJ):    0.000ns
    Discrete Jitter          (DJ):    0.000ns
    Phase Error              (PE):    0.000ns

    Location             Delay type                Incr(ns)  Path(ns)    Netlist Resource(s)
  -------------------------------------------------------------------    -------------------
                         (clock clk rise edge)        0.000     0.000 r  
    Y9                                                0.000     0.000 r  clk (IN)
                         net (fo=0)                   0.000     0.000    clk
    Y9                   IBUF (Prop_ibuf_I_O)         1.490     1.490 r  clk_IBUF_inst/O
                         net (fo=1, routed)           2.171     3.661    clk_IBUF
    BUFGCTRL_X0Y0        BUFG (Prop_bufg_I_O)         0.101     3.762 r  clk_IBUF_BUFG_inst/O
                         net (fo=284, routed)         1.862     5.624    u_mult/clk_IBUF_BUFG
    DSP48_X3Y31          DSP48E1                                      r  u_mult/CpS_X_reg0/CLK
  -------------------------------------------------------------------    -------------------
    DSP48_X3Y31          DSP48E1 (Prop_dsp48e1_CLK_P[1])
                                                      0.434     6.058 r  u_mult/CpS_X_reg0/P[1]
                         net (fo=2, routed)           1.015     7.073    u_mult/CpS_X_reg0_n_104
    SLICE_X93Y75         LUT3 (Prop_lut3_I0_O)        0.124     7.197 r  u_mult/out1_carry_i_7/O
                         net (fo=1, routed)           0.000     7.197    u_mult/out1_carry_i_7_n_0
    SLICE_X93Y75         CARRY4 (Prop_carry4_S[1]_CO[3])
                                                      0.550     7.747 r  u_mult/out1_carry/CO[3]
                         net (fo=1, routed)           0.000     7.747    u_mult/out1_carry_n_0
    SLICE_X93Y76         CARRY4 (Prop_carry4_CI_CO[3])
                                                      0.114     7.861 r  u_mult/out1_carry__0/CO[3]
                         net (fo=1, routed)           0.000     7.861    u_mult/out1_carry__0_n_0
    SLICE_X93Y77         CARRY4 (Prop_carry4_CI_O[3])
                                                      0.313     8.174 r  u_mult/out1_carry__1/O[3]
                         net (fo=1, routed)           0.518     8.691    u_bf3/data_in[0]
    SLICE_X92Y78         CARRY4 (Prop_carry4_CYINIT_O[1])
                                                      0.812     9.503 r  u_bf3/g_shrink.rounded_imag_carry/O[1]
                         net (fo=3, routed)           1.179    10.682    u_sr2/ext_in_complex[1]
    SLICE_X106Y74        LUT2 (Prop_lut2_I1_O)        0.306    10.988 r  u_sr2/plus_complex_carry_i_3__1/O
                         net (fo=1, routed)           0.000    10.988    u_bf3/shift_regs_reg[0][3][1]
    SLICE_X106Y74        CARRY4 (Prop_carry4_S[1]_CO[3])
                                                      0.550    11.538 r  u_bf3/plus_complex_carry/CO[3]
                         net (fo=1, routed)           0.009    11.547    u_bf3/plus_complex_carry_n_0
    SLICE_X106Y75        CARRY4 (Prop_carry4_CI_O[1])
                                                      0.334    11.881 r  u_bf3/plus_complex_carry__0/O[1]
                         net (fo=2, routed)           0.516    12.398    u_bf4/plus_complex[5]
    SLICE_X110Y75        LUT3 (Prop_lut3_I1_O)        0.303    12.701 r  u_bf4/minus_complex_carry__0_i_8/O
                         net (fo=1, routed)           0.000    12.701    u_sr2/p_0_in[4]
    SLICE_X110Y75        CARRY4 (Prop_carry4_S[1]_O[3])
                                                      0.640    13.341 r  u_sr2/minus_complex_carry__0_i_5__0/O[3]
                         net (fo=2, routed)           0.601    13.941    u_sr1/operand_imag[7]
    SLICE_X111Y75        LUT2 (Prop_lut2_I1_O)        0.306    14.247 r  u_sr1/plus_complex_carry__0_i_1__2/O
                         net (fo=1, routed)           0.000    14.247    u_bf4/y_out_OBUF[4]_inst_i_1_0[3]
    SLICE_X111Y75        CARRY4 (Prop_carry4_S[3]_CO[3])
                                                      0.401    14.648 r  u_bf4/plus_complex_carry__0/CO[3]
                         net (fo=1, routed)           0.000    14.648    u_bf4/plus_complex_carry__0_n_0
    SLICE_X111Y76        CARRY4 (Prop_carry4_CI_O[3])
                                                      0.313    14.961 r  u_bf4/plus_complex_carry__1/O[3]
                         net (fo=1, routed)           0.424    15.385    u_bf4/plus_complex_carry__1_n_4
    SLICE_X112Y76        LUT3 (Prop_lut3_I0_O)        0.306    15.691 r  u_bf4/y_out_OBUF[11]_inst_i_1/O
                         net (fo=1, routed)           1.712    17.403    y_out_OBUF[11]
    L22                  OBUF (Prop_obuf_I_O)         2.598    20.002 r  y_out_OBUF[11]_inst/O
                         net (fo=0)                   0.000    20.002    y_out[11]
    L22                                                               r  y_out[11] (OUT)
  -------------------------------------------------------------------    -------------------

                         (clock clk rise edge)       25.000    25.000 r  
                         clock pessimism              0.000    25.000    
                         clock uncertainty           -0.035    24.965    
                         output delay                -2.000    22.965    
  -------------------------------------------------------------------
                         required time                         22.965    
                         arrival time                         -20.002    
  -------------------------------------------------------------------
                         slack                                  2.963    

Slack (MET) :             3.030ns  (required time - arrival time)
  Source:                 u_mult/CpS_X_reg0/CLK
                            (rising edge-triggered cell DSP48E1 clocked by clk  {rise@0.000ns fall@12.500ns period=25.000ns})
  Destination:            y_out[4]
                            (output port clocked by clk  {rise@0.000ns fall@12.500ns period=25.000ns})
  Path Group:             clk
  Path Type:              Max at Slow Process Corner
  Requirement:            25.000ns  (clk rise@25.000ns - clk rise@0.000ns)
  Data Path Delay:        14.311ns  (logic 7.758ns (54.207%)  route 6.554ns (45.793%))
  Logic Levels:           14  (CARRY4=8 LUT2=2 LUT3=3 OBUF=1)
  Output Delay:           2.000ns
  Clock Path Skew:        -5.624ns (DCD - SCD + CPR)
    Destination Clock Delay (DCD):    0.000ns = ( 25.000 - 25.000 ) 
    Source Clock Delay      (SCD):    5.624ns
    Clock Pessimism Removal (CPR):    0.000ns
  Clock Uncertainty:      0.035ns  ((TSJ^2 + TIJ^2)^1/2 + DJ) / 2 + PE
    Total System Jitter     (TSJ):    0.071ns
    Total Input Jitter      (TIJ):    0.000ns
    Discrete Jitter          (DJ):    0.000ns
    Phase Error              (PE):    0.000ns

    Location             Delay type                Incr(ns)  Path(ns)    Netlist Resource(s)
  -------------------------------------------------------------------    -------------------
                         (clock clk rise edge)        0.000     0.000 r  
    Y9                                                0.000     0.000 r  clk (IN)
                         net (fo=0)                   0.000     0.000    clk
    Y9                   IBUF (Prop_ibuf_I_O)         1.490     1.490 r  clk_IBUF_inst/O
                         net (fo=1, routed)           2.171     3.661    clk_IBUF
    BUFGCTRL_X0Y0        BUFG (Prop_bufg_I_O)         0.101     3.762 r  clk_IBUF_BUFG_inst/O
                         net (fo=284, routed)         1.862     5.624    u_mult/clk_IBUF_BUFG
    DSP48_X3Y31          DSP48E1                                      r  u_mult/CpS_X_reg0/CLK
  -------------------------------------------------------------------    -------------------
    DSP48_X3Y31          DSP48E1 (Prop_dsp48e1_CLK_P[1])
                                                      0.434     6.058 r  u_mult/CpS_X_reg0/P[1]
                         net (fo=2, routed)           1.015     7.073    u_mult/CpS_X_reg0_n_104
    SLICE_X93Y75         LUT3 (Prop_lut3_I0_O)        0.124     7.197 r  u_mult/out1_carry_i_7/O
                         net (fo=1, routed)           0.000     7.197    u_mult/out1_carry_i_7_n_0
    SLICE_X93Y75         CARRY4 (Prop_carry4_S[1]_CO[3])
                                                      0.550     7.747 r  u_mult/out1_carry/CO[3]
                         net (fo=1, routed)           0.000     7.747    u_mult/out1_carry_n_0
    SLICE_X93Y76         CARRY4 (Prop_carry4_CI_CO[3])
                                                      0.114     7.861 r  u_mult/out1_carry__0/CO[3]
                         net (fo=1, routed)           0.000     7.861    u_mult/out1_carry__0_n_0
    SLICE_X93Y77         CARRY4 (Prop_carry4_CI_O[3])
                                                      0.313     8.174 r  u_mult/out1_carry__1/O[3]
                         net (fo=1, routed)           0.518     8.691    u_bf3/data_in[0]
    SLICE_X92Y78         CARRY4 (Prop_carry4_CYINIT_O[1])
                                                      0.812     9.503 r  u_bf3/g_shrink.rounded_imag_carry/O[1]
                         net (fo=3, routed)           1.179    10.682    u_sr2/ext_in_complex[1]
    SLICE_X106Y74        LUT2 (Prop_lut2_I1_O)        0.306    10.988 r  u_sr2/plus_complex_carry_i_3__1/O
                         net (fo=1, routed)           0.000    10.988    u_bf3/shift_regs_reg[0][3][1]
    SLICE_X106Y74        CARRY4 (Prop_carry4_S[1]_O[2])
                                                      0.580    11.568 r  u_bf3/plus_complex_carry/O[2]
                         net (fo=2, routed)           0.516    12.084    u_bf4/plus_complex[2]
    SLICE_X110Y74        LUT3 (Prop_lut3_I1_O)        0.302    12.386 r  u_bf4/minus_complex_carry_i_8/O
                         net (fo=1, routed)           0.000    12.386    u_sr2/p_0_in[1]
    SLICE_X110Y74        CARRY4 (Prop_carry4_S[2]_O[3])
                                                      0.352    12.738 r  u_sr2/minus_complex_carry_i_5/O[3]
                         net (fo=2, routed)           0.607    13.345    u_sr1/operand_imag[3]
    SLICE_X111Y74        LUT2 (Prop_lut2_I1_O)        0.306    13.651 r  u_sr1/plus_complex_carry_i_1__2/O
                         net (fo=1, routed)           0.000    13.651    u_bf4/y_out_OBUF[0]_inst_i_1_0[3]
    SLICE_X111Y74        CARRY4 (Prop_carry4_S[3]_CO[3])
                                                      0.401    14.052 r  u_bf4/plus_complex_carry/CO[3]
                         net (fo=1, routed)           0.009    14.061    u_bf4/plus_complex_carry_n_0
    SLICE_X111Y75        CARRY4 (Prop_carry4_CI_O[0])
                                                      0.222    14.283 r  u_bf4/plus_complex_carry__0/O[0]
                         net (fo=1, routed)           0.459    14.742    u_bf4/plus_complex_carry__0_n_7
    SLICE_X112Y75        LUT3 (Prop_lut3_I0_O)        0.299    15.041 r  u_bf4/y_out_OBUF[4]_inst_i_1/O
                         net (fo=1, routed)           2.252    17.293    y_out_OBUF[4]
    P17                  OBUF (Prop_obuf_I_O)         2.643    19.935 r  y_out_OBUF[4]_inst/O
                         net (fo=0)                   0.000    19.935    y_out[4]
    P17                                                               r  y_out[4] (OUT)
  -------------------------------------------------------------------    -------------------

                         (clock clk rise edge)       25.000    25.000 r  
                         clock pessimism              0.000    25.000    
                         clock uncertainty           -0.035    24.965    
                         output delay                -2.000    22.965    
  -------------------------------------------------------------------
                         required time                         22.965    
                         arrival time                         -19.935    
  -------------------------------------------------------------------
                         slack                                  3.030    

Slack (MET) :             3.209ns  (required time - arrival time)
  Source:                 u_mult/CpS_X_reg0/CLK
                            (rising edge-triggered cell DSP48E1 clocked by clk  {rise@0.000ns fall@12.500ns period=25.000ns})
  Destination:            y_out[6]
                            (output port clocked by clk  {rise@0.000ns fall@12.500ns period=25.000ns})
  Path Group:             clk
  Path Type:              Max at Slow Process Corner
  Requirement:            25.000ns  (clk rise@25.000ns - clk rise@0.000ns)
  Data Path Delay:        14.132ns  (logic 7.916ns (56.015%)  route 6.216ns (43.985%))
  Logic Levels:           14  (CARRY4=8 LUT2=2 LUT3=3 OBUF=1)
  Output Delay:           2.000ns
  Clock Path Skew:        -5.624ns (DCD - SCD + CPR)
    Destination Clock Delay (DCD):    0.000ns = ( 25.000 - 25.000 ) 
    Source Clock Delay      (SCD):    5.624ns
    Clock Pessimism Removal (CPR):    0.000ns
  Clock Uncertainty:      0.035ns  ((TSJ^2 + TIJ^2)^1/2 + DJ) / 2 + PE
    Total System Jitter     (TSJ):    0.071ns
    Total Input Jitter      (TIJ):    0.000ns
    Discrete Jitter          (DJ):    0.000ns
    Phase Error              (PE):    0.000ns

    Location             Delay type                Incr(ns)  Path(ns)    Netlist Resource(s)
  -------------------------------------------------------------------    -------------------
                         (clock clk rise edge)        0.000     0.000 r  
    Y9                                                0.000     0.000 r  clk (IN)
                         net (fo=0)                   0.000     0.000    clk
    Y9                   IBUF (Prop_ibuf_I_O)         1.490     1.490 r  clk_IBUF_inst/O
                         net (fo=1, routed)           2.171     3.661    clk_IBUF
    BUFGCTRL_X0Y0        BUFG (Prop_bufg_I_O)         0.101     3.762 r  clk_IBUF_BUFG_inst/O
                         net (fo=284, routed)         1.862     5.624    u_mult/clk_IBUF_BUFG
    DSP48_X3Y31          DSP48E1                                      r  u_mult/CpS_X_reg0/CLK
  -------------------------------------------------------------------    -------------------
    DSP48_X3Y31          DSP48E1 (Prop_dsp48e1_CLK_P[1])
                                                      0.434     6.058 r  u_mult/CpS_X_reg0/P[1]
                         net (fo=2, routed)           1.015     7.073    u_mult/CpS_X_reg0_n_104
    SLICE_X93Y75         LUT3 (Prop_lut3_I0_O)        0.124     7.197 r  u_mult/out1_carry_i_7/O
                         net (fo=1, routed)           0.000     7.197    u_mult/out1_carry_i_7_n_0
    SLICE_X93Y75         CARRY4 (Prop_carry4_S[1]_CO[3])
                                                      0.550     7.747 r  u_mult/out1_carry/CO[3]
                         net (fo=1, routed)           0.000     7.747    u_mult/out1_carry_n_0
    SLICE_X93Y76         CARRY4 (Prop_carry4_CI_CO[3])
                                                      0.114     7.861 r  u_mult/out1_carry__0/CO[3]
                         net (fo=1, routed)           0.000     7.861    u_mult/out1_carry__0_n_0
    SLICE_X93Y77         CARRY4 (Prop_carry4_CI_O[3])
                                                      0.313     8.174 r  u_mult/out1_carry__1/O[3]
                         net (fo=1, routed)           0.518     8.691    u_bf3/data_in[0]
    SLICE_X92Y78         CARRY4 (Prop_carry4_CYINIT_O[1])
                                                      0.812     9.503 r  u_bf3/g_shrink.rounded_imag_carry/O[1]
                         net (fo=3, routed)           1.179    10.682    u_sr2/ext_in_complex[1]
    SLICE_X106Y74        LUT2 (Prop_lut2_I1_O)        0.306    10.988 r  u_sr2/plus_complex_carry_i_3__1/O
                         net (fo=1, routed)           0.000    10.988    u_bf3/shift_regs_reg[0][3][1]
    SLICE_X106Y74        CARRY4 (Prop_carry4_S[1]_O[2])
                                                      0.580    11.568 r  u_bf3/plus_complex_carry/O[2]
                         net (fo=2, routed)           0.516    12.084    u_bf4/plus_complex[2]
    SLICE_X110Y74        LUT3 (Prop_lut3_I1_O)        0.302    12.386 r  u_bf4/minus_complex_carry_i_8/O
                         net (fo=1, routed)           0.000    12.386    u_sr2/p_0_in[1]
    SLICE_X110Y74        CARRY4 (Prop_carry4_S[2]_CO[3])
                                                      0.398    12.784 r  u_sr2/minus_complex_carry_i_5/CO[3]
                         net (fo=1, routed)           0.009    12.793    u_sr2/minus_complex_carry_i_5_n_0
    SLICE_X110Y75        CARRY4 (Prop_carry4_CI_O[0])
                                                      0.222    13.015 r  u_sr2/minus_complex_carry__0_i_5__0/O[0]
                         net (fo=2, routed)           0.603    13.618    u_sr1/operand_imag[4]
    SLICE_X111Y75        LUT2 (Prop_lut2_I1_O)        0.299    13.917 r  u_sr1/plus_complex_carry__0_i_4__2/O
                         net (fo=1, routed)           0.000    13.917    u_bf4/y_out_OBUF[4]_inst_i_1_0[0]
    SLICE_X111Y75        CARRY4 (Prop_carry4_S[0]_O[2])
                                                      0.547    14.464 r  u_bf4/plus_complex_carry__0/O[2]
                         net (fo=1, routed)           0.472    14.936    u_bf4/plus_complex_carry__0_n_5
    SLICE_X112Y73        LUT3 (Prop_lut3_I0_O)        0.302    15.238 r  u_bf4/y_out_OBUF[6]_inst_i_1/O
                         net (fo=1, routed)           1.905    17.143    y_out_OBUF[6]
    N22                  OBUF (Prop_obuf_I_O)         2.613    19.756 r  y_out_OBUF[6]_inst/O
                         net (fo=0)                   0.000    19.756    y_out[6]
    N22                                                               r  y_out[6] (OUT)
  -------------------------------------------------------------------    -------------------

                         (clock clk rise edge)       25.000    25.000 r  
                         clock pessimism              0.000    25.000    
                         clock uncertainty           -0.035    24.965    
                         output delay                -2.000    22.965    
  -------------------------------------------------------------------
                         required time                         22.965    
                         arrival time                         -19.756    
  -------------------------------------------------------------------
                         slack                                  3.209    

Slack (MET) :             3.211ns  (required time - arrival time)
  Source:                 u_mult/CpS_X_reg0/CLK
                            (rising edge-triggered cell DSP48E1 clocked by clk  {rise@0.000ns fall@12.500ns period=25.000ns})
  Destination:            y_out[5]
                            (output port clocked by clk  {rise@0.000ns fall@12.500ns period=25.000ns})
  Path Group:             clk
  Path Type:              Max at Slow Process Corner
  Requirement:            25.000ns  (clk rise@25.000ns - clk rise@0.000ns)
  Data Path Delay:        14.130ns  (logic 7.845ns (55.520%)  route 6.285ns (44.480%))
  Logic Levels:           14  (CARRY4=8 LUT2=2 LUT3=3 OBUF=1)
  Output Delay:           2.000ns
  Clock Path Skew:        -5.624ns (DCD - SCD + CPR)
    Destination Clock Delay (DCD):    0.000ns = ( 25.000 - 25.000 ) 
    Source Clock Delay      (SCD):    5.624ns
    Clock Pessimism Removal (CPR):    0.000ns
  Clock Uncertainty:      0.035ns  ((TSJ^2 + TIJ^2)^1/2 + DJ) / 2 + PE
    Total System Jitter     (TSJ):    0.071ns
    Total Input Jitter      (TIJ):    0.000ns
    Discrete Jitter          (DJ):    0.000ns
    Phase Error              (PE):    0.000ns

    Location             Delay type                Incr(ns)  Path(ns)    Netlist Resource(s)
  -------------------------------------------------------------------    -------------------
                         (clock clk rise edge)        0.000     0.000 r  
    Y9                                                0.000     0.000 r  clk (IN)
                         net (fo=0)                   0.000     0.000    clk
    Y9                   IBUF (Prop_ibuf_I_O)         1.490     1.490 r  clk_IBUF_inst/O
                         net (fo=1, routed)           2.171     3.661    clk_IBUF
    BUFGCTRL_X0Y0        BUFG (Prop_bufg_I_O)         0.101     3.762 r  clk_IBUF_BUFG_inst/O
                         net (fo=284, routed)         1.862     5.624    u_mult/clk_IBUF_BUFG
    DSP48_X3Y31          DSP48E1                                      r  u_mult/CpS_X_reg0/CLK
  -------------------------------------------------------------------    -------------------
    DSP48_X3Y31          DSP48E1 (Prop_dsp48e1_CLK_P[1])
                                                      0.434     6.058 r  u_mult/CpS_X_reg0/P[1]
                         net (fo=2, routed)           1.015     7.073    u_mult/CpS_X_reg0_n_104
    SLICE_X93Y75         LUT3 (Prop_lut3_I0_O)        0.124     7.197 r  u_mult/out1_carry_i_7/O
                         net (fo=1, routed)           0.000     7.197    u_mult/out1_carry_i_7_n_0
    SLICE_X93Y75         CARRY4 (Prop_carry4_S[1]_CO[3])
                                                      0.550     7.747 r  u_mult/out1_carry/CO[3]
                         net (fo=1, routed)           0.000     7.747    u_mult/out1_carry_n_0
    SLICE_X93Y76         CARRY4 (Prop_carry4_CI_CO[3])
                                                      0.114     7.861 r  u_mult/out1_carry__0/CO[3]
                         net (fo=1, routed)           0.000     7.861    u_mult/out1_carry__0_n_0
    SLICE_X93Y77         CARRY4 (Prop_carry4_CI_O[3])
                                                      0.313     8.174 r  u_mult/out1_carry__1/O[3]
                         net (fo=1, routed)           0.518     8.691    u_bf3/data_in[0]
    SLICE_X92Y78         CARRY4 (Prop_carry4_CYINIT_O[1])
                                                      0.812     9.503 r  u_bf3/g_shrink.rounded_imag_carry/O[1]
                         net (fo=3, routed)           1.179    10.682    u_sr2/ext_in_complex[1]
    SLICE_X106Y74        LUT2 (Prop_lut2_I1_O)        0.306    10.988 r  u_sr2/plus_complex_carry_i_3__1/O
                         net (fo=1, routed)           0.000    10.988    u_bf3/shift_regs_reg[0][3][1]
    SLICE_X106Y74        CARRY4 (Prop_carry4_S[1]_O[2])
                                                      0.580    11.568 r  u_bf3/plus_complex_carry/O[2]
                         net (fo=2, routed)           0.516    12.084    u_bf4/plus_complex[2]
    SLICE_X110Y74        LUT3 (Prop_lut3_I1_O)        0.302    12.386 r  u_bf4/minus_complex_carry_i_8/O
                         net (fo=1, routed)           0.000    12.386    u_sr2/p_0_in[1]
    SLICE_X110Y74        CARRY4 (Prop_carry4_S[2]_O[3])
                                                      0.352    12.738 r  u_sr2/minus_complex_carry_i_5/O[3]
                         net (fo=2, routed)           0.607    13.345    u_sr1/operand_imag[3]
    SLICE_X111Y74        LUT2 (Prop_lut2_I1_O)        0.306    13.651 r  u_sr1/plus_complex_carry_i_1__2/O
                         net (fo=1, routed)           0.000    13.651    u_bf4/y_out_OBUF[0]_inst_i_1_0[3]
    SLICE_X111Y74        CARRY4 (Prop_carry4_S[3]_CO[3])
                                                      0.401    14.052 r  u_bf4/plus_complex_carry/CO[3]
                         net (fo=1, routed)           0.009    14.061    u_bf4/plus_complex_carry_n_0
    SLICE_X111Y75        CARRY4 (Prop_carry4_CI_O[1])
                                                      0.334    14.395 r  u_bf4/plus_complex_carry__0/O[1]
                         net (fo=1, routed)           0.437    14.832    u_bf4/plus_complex_carry__0_n_6
    SLICE_X111Y73        LUT3 (Prop_lut3_I0_O)        0.303    15.135 r  u_bf4/y_out_OBUF[5]_inst_i_1/O
                         net (fo=1, routed)           2.005    17.140    y_out_OBUF[5]
    P22                  OBUF (Prop_obuf_I_O)         2.614    19.754 r  y_out_OBUF[5]_inst/O
                         net (fo=0)                   0.000    19.754    y_out[5]
    P22                                                               r  y_out[5] (OUT)
  -------------------------------------------------------------------    -------------------

                         (clock clk rise edge)       25.000    25.000 r  
                         clock pessimism              0.000    25.000    
                         clock uncertainty           -0.035    24.965    
                         output delay                -2.000    22.965    
  -------------------------------------------------------------------
                         required time                         22.965    
                         arrival time                         -19.754    
  -------------------------------------------------------------------
                         slack                                  3.211    

Slack (MET) :             3.316ns  (required time - arrival time)
  Source:                 u_mult/CpS_X_reg0/CLK
                            (rising edge-triggered cell DSP48E1 clocked by clk  {rise@0.000ns fall@12.500ns period=25.000ns})
  Destination:            y_out[7]
                            (output port clocked by clk  {rise@0.000ns fall@12.500ns period=25.000ns})
  Path Group:             clk
  Path Type:              Max at Slow Process Corner
  Requirement:            25.000ns  (clk rise@25.000ns - clk rise@0.000ns)
  Data Path Delay:        14.025ns  (logic 7.979ns (56.890%)  route 6.046ns (43.110%))
  Logic Levels:           14  (CARRY4=8 LUT2=2 LUT3=3 OBUF=1)
  Output Delay:           2.000ns
  Clock Path Skew:        -5.624ns (DCD - SCD + CPR)
    Destination Clock Delay (DCD):    0.000ns = ( 25.000 - 25.000 ) 
    Source Clock Delay      (SCD):    5.624ns
    Clock Pessimism Removal (CPR):    0.000ns
  Clock Uncertainty:      0.035ns  ((TSJ^2 + TIJ^2)^1/2 + DJ) / 2 + PE
    Total System Jitter     (TSJ):    0.071ns
    Total Input Jitter      (TIJ):    0.000ns
    Discrete Jitter          (DJ):    0.000ns
    Phase Error              (PE):    0.000ns

    Location             Delay type                Incr(ns)  Path(ns)    Netlist Resource(s)
  -------------------------------------------------------------------    -------------------
                         (clock clk rise edge)        0.000     0.000 r  
    Y9                                                0.000     0.000 r  clk (IN)
                         net (fo=0)                   0.000     0.000    clk
    Y9                   IBUF (Prop_ibuf_I_O)         1.490     1.490 r  clk_IBUF_inst/O
                         net (fo=1, routed)           2.171     3.661    clk_IBUF
    BUFGCTRL_X0Y0        BUFG (Prop_bufg_I_O)         0.101     3.762 r  clk_IBUF_BUFG_inst/O
                         net (fo=284, routed)         1.862     5.624    u_mult/clk_IBUF_BUFG
    DSP48_X3Y31          DSP48E1                                      r  u_mult/CpS_X_reg0/CLK
  -------------------------------------------------------------------    -------------------
    DSP48_X3Y31          DSP48E1 (Prop_dsp48e1_CLK_P[1])
                                                      0.434     6.058 r  u_mult/CpS_X_reg0/P[1]
                         net (fo=2, routed)           1.015     7.073    u_mult/CpS_X_reg0_n_104
    SLICE_X93Y75         LUT3 (Prop_lut3_I0_O)        0.124     7.197 r  u_mult/out1_carry_i_7/O
                         net (fo=1, routed)           0.000     7.197    u_mult/out1_carry_i_7_n_0
    SLICE_X93Y75         CARRY4 (Prop_carry4_S[1]_CO[3])
                                                      0.550     7.747 r  u_mult/out1_carry/CO[3]
                         net (fo=1, routed)           0.000     7.747    u_mult/out1_carry_n_0
    SLICE_X93Y76         CARRY4 (Prop_carry4_CI_CO[3])
                                                      0.114     7.861 r  u_mult/out1_carry__0/CO[3]
                         net (fo=1, routed)           0.000     7.861    u_mult/out1_carry__0_n_0
    SLICE_X93Y77         CARRY4 (Prop_carry4_CI_O[3])
                                                      0.313     8.174 r  u_mult/out1_carry__1/O[3]
                         net (fo=1, routed)           0.518     8.691    u_bf3/data_in[0]
    SLICE_X92Y78         CARRY4 (Prop_carry4_CYINIT_O[1])
                                                      0.812     9.503 r  u_bf3/g_shrink.rounded_imag_carry/O[1]
                         net (fo=3, routed)           1.179    10.682    u_sr2/ext_in_complex[1]
    SLICE_X106Y74        LUT2 (Prop_lut2_I1_O)        0.306    10.988 r  u_sr2/plus_complex_carry_i_3__1/O
                         net (fo=1, routed)           0.000    10.988    u_bf3/shift_regs_reg[0][3][1]
    SLICE_X106Y74        CARRY4 (Prop_carry4_S[1]_O[2])
                                                      0.580    11.568 r  u_bf3/plus_complex_carry/O[2]
                         net (fo=2, routed)           0.516    12.084    u_bf4/plus_complex[2]
    SLICE_X110Y74        LUT3 (Prop_lut3_I1_O)        0.302    12.386 r  u_bf4/minus_complex_carry_i_8/O
                         net (fo=1, routed)           0.000    12.386    u_sr2/p_0_in[1]
    SLICE_X110Y74        CARRY4 (Prop_carry4_S[2]_CO[3])
                                                      0.398    12.784 r  u_sr2/minus_complex_carry_i_5/CO[3]
                         net (fo=1, routed)           0.009    12.793    u_sr2/minus_complex_carry_i_5_n_0
    SLICE_X110Y75        CARRY4 (Prop_carry4_CI_O[0])
                                                      0.222    13.015 r  u_sr2/minus_complex_carry__0_i_5__0/O[0]
                         net (fo=2, routed)           0.603    13.618    u_sr1/operand_imag[4]
    SLICE_X111Y75        LUT2 (Prop_lut2_I1_O)        0.299    13.917 r  u_sr1/plus_complex_carry__0_i_4__2/O
                         net (fo=1, routed)           0.000    13.917    u_bf4/y_out_OBUF[4]_inst_i_1_0[0]
    SLICE_X111Y75        CARRY4 (Prop_carry4_S[0]_O[3])
                                                      0.606    14.523 r  u_bf4/plus_complex_carry__0/O[3]
                         net (fo=1, routed)           0.448    14.971    u_bf4/plus_complex_carry__0_n_4
    SLICE_X112Y75        LUT3 (Prop_lut3_I0_O)        0.306    15.277 r  u_bf4/y_out_OBUF[7]_inst_i_1/O
                         net (fo=1, routed)           1.759    17.036    y_out_OBUF[7]
    M22                  OBUF (Prop_obuf_I_O)         2.613    19.648 r  y_out_OBUF[7]_inst/O
                         net (fo=0)                   0.000    19.648    y_out[7]
    M22                                                               r  y_out[7] (OUT)
  -------------------------------------------------------------------    -------------------

                         (clock clk rise edge)       25.000    25.000 r  
                         clock pessimism              0.000    25.000    
                         clock uncertainty           -0.035    24.965    
                         output delay                -2.000    22.965    
  -------------------------------------------------------------------
                         required time                         22.965    
                         arrival time                         -19.648    
  -------------------------------------------------------------------
                         slack                                  3.316    





Min Delay Paths
--------------------------------------------------------------------------------------
Slack (MET) :             0.124ns  (arrival time - required time)
  Source:                 x_in[21]
                            (input port clocked by clk  {rise@0.000ns fall@12.500ns period=25.000ns})
  Destination:            u_sr8/shift_regs_reg[5][23]_srl6_u_ctrl_start_pipe_reg_c_4/D
                            (rising edge-triggered cell SRL16E clocked by clk  {rise@0.000ns fall@12.500ns period=25.000ns})
  Path Group:             clk
  Path Type:              Hold (Min at Slow Process Corner)
  Requirement:            0.000ns  (clk rise@0.000ns - clk rise@0.000ns)
  Data Path Delay:        5.204ns  (logic 1.324ns (25.439%)  route 3.880ns (74.561%))
  Logic Levels:           4  (CARRY4=1 IBUF=1 LUT2=1 LUT5=1)
  Input Delay:            1.000ns
  Clock Path Skew:        5.620ns (DCD - SCD - CPR)
    Destination Clock Delay (DCD):    5.620ns
    Source Clock Delay      (SCD):    0.000ns
    Clock Pessimism Removal (CPR):    -0.000ns
  Clock Uncertainty:      0.035ns  ((TSJ^2 + TIJ^2)^1/2 + DJ) / 2 + PE
    Total System Jitter     (TSJ):    0.071ns
    Total Input Jitter      (TIJ):    0.000ns
    Discrete Jitter          (DJ):    0.000ns
    Phase Error              (PE):    0.000ns

    Location             Delay type                Incr(ns)  Path(ns)    Netlist Resource(s)
  -------------------------------------------------------------------    -------------------
                         (clock clk rise edge)        0.000     0.000 r  
                         input delay                  1.000     1.000    
    F18                                               0.000     1.000 r  x_in[21] (IN)
                         net (fo=0)                   0.000     1.000    x_in[21]
    F18                  IBUF (Prop_ibuf_I_O)         0.788     1.788 r  x_in_IBUF[21]_inst/O
                         net (fo=8, routed)           2.742     4.530    u_sr8/x_in_IBUF[21]
    SLICE_X109Y85        LUT2 (Prop_lut2_I1_O)        0.100     4.630 r  u_sr8/minus_real_carry__1_i_2__1/O
                         net (fo=1, routed)           0.000     4.630    u_bf1/shift_regs_reg[5][20]_srl6_u_ctrl_start_pipe_reg_c_4_i_1[3]
    SLICE_X109Y85        CARRY4 (Prop_carry4_S[3]_O[3])
                                                      0.189     4.819 r  u_bf1/minus_real_carry__1/O[3]
                         net (fo=1, routed)           0.318     5.136    u_sync_counter/minus_real[11]
    SLICE_X108Y85        LUT5 (Prop_lut5_I4_O)        0.247     5.383 r  u_sync_counter/shift_regs_reg[5][23]_srl6_u_ctrl_start_pipe_reg_c_4_i_1/O
                         net (fo=1, routed)           0.821     6.204    u_sr8/data_out_to_reg[23]
    SLICE_X108Y83        SRL16E                                       r  u_sr8/shift_regs_reg[5][23]_srl6_u_ctrl_start_pipe_reg_c_4/D
  -------------------------------------------------------------------    -------------------

                         (clock clk rise edge)        0.000     0.000 r  
    Y9                                                0.000     0.000 r  clk (IN)
                         net (fo=0)                   0.000     0.000    clk
    Y9                   IBUF (Prop_ibuf_I_O)         1.490     1.490 r  clk_IBUF_inst/O
                         net (fo=1, routed)           2.171     3.661    clk_IBUF
    BUFGCTRL_X0Y0        BUFG (Prop_bufg_I_O)         0.101     3.762 r  clk_IBUF_BUFG_inst/O
                         net (fo=284, routed)         1.858     5.620    u_sr8/clk_IBUF_BUFG
    SLICE_X108Y83        SRL16E                                       r  u_sr8/shift_regs_reg[5][23]_srl6_u_ctrl_start_pipe_reg_c_4/CLK
                         clock pessimism              0.000     5.620    
                         clock uncertainty            0.035     5.656    
    SLICE_X108Y83        SRL16E (Hold_srl16e_CLK_D)
                                                      0.425     6.081    u_sr8/shift_regs_reg[5][23]_srl6_u_ctrl_start_pipe_reg_c_4
  -------------------------------------------------------------------
                         required time                         -6.081    
                         arrival time                           6.204    
  -------------------------------------------------------------------
                         slack                                  0.124    

Slack (MET) :             0.130ns  (arrival time - required time)
  Source:                 u_sr2/shift_regs_reg[0][10]/C
                            (rising edge-triggered cell FDCE clocked by clk  {rise@0.000ns fall@12.500ns period=25.000ns})
  Destination:            u_sr2/shift_regs_reg[1][10]/D
                            (rising edge-triggered cell FDCE clocked by clk  {rise@0.000ns fall@12.500ns period=25.000ns})
  Path Group:             clk
  Path Type:              Hold (Min at Fast Process Corner)
  Requirement:            0.000ns  (clk rise@0.000ns - clk rise@0.000ns)
  Data Path Delay:        0.228ns  (logic 0.141ns (61.814%)  route 0.087ns (38.186%))
  Logic Levels:           0  
  Clock Path Skew:        0.013ns (DCD - SCD - CPR)
    Destination Clock Delay (DCD):    2.059ns
    Source Clock Delay      (SCD):    1.545ns
    Clock Pessimism Removal (CPR):    0.501ns

    Location             Delay type                Incr(ns)  Path(ns)    Netlist Resource(s)
  -------------------------------------------------------------------    -------------------
                         (clock clk rise edge)        0.000     0.000 r  
    Y9                                                0.000     0.000 r  clk (IN)
                         net (fo=0)                   0.000     0.000    clk
    Y9                   IBUF (Prop_ibuf_I_O)         0.258     0.258 r  clk_IBUF_inst/O
                         net (fo=1, routed)           0.663     0.921    clk_IBUF
    BUFGCTRL_X0Y0        BUFG (Prop_bufg_I_O)         0.026     0.947 r  clk_IBUF_BUFG_inst/O
                         net (fo=284, routed)         0.598     1.545    u_sr2/clk_IBUF_BUFG
    SLICE_X103Y76        FDCE                                         r  u_sr2/shift_regs_reg[0][10]/C
  -------------------------------------------------------------------    -------------------
    SLICE_X103Y76        FDCE (Prop_fdce_C_Q)         0.141     1.686 r  u_sr2/shift_regs_reg[0][10]/Q
                         net (fo=1, routed)           0.087     1.773    u_sr2/shift_regs_reg_n_0_[0][10]
    SLICE_X102Y76        FDCE                                         r  u_sr2/shift_regs_reg[1][10]/D
  -------------------------------------------------------------------    -------------------

                         (clock clk rise edge)        0.000     0.000 r  
    Y9                                                0.000     0.000 r  clk (IN)
                         net (fo=0)                   0.000     0.000    clk
    Y9                   IBUF (Prop_ibuf_I_O)         0.446     0.446 r  clk_IBUF_inst/O
                         net (fo=1, routed)           0.719     1.165    clk_IBUF
    BUFGCTRL_X0Y0        BUFG (Prop_bufg_I_O)         0.029     1.194 r  clk_IBUF_BUFG_inst/O
                         net (fo=284, routed)         0.865     2.059    u_sr2/clk_IBUF_BUFG
    SLICE_X102Y76        FDCE                                         r  u_sr2/shift_regs_reg[1][10]/C
                         clock pessimism             -0.501     1.558    
    SLICE_X102Y76        FDCE (Hold_fdce_C_D)         0.085     1.643    u_sr2/shift_regs_reg[1][10]
  -------------------------------------------------------------------
                         required time                         -1.643    
                         arrival time                           1.773    
  -------------------------------------------------------------------
                         slack                                  0.130    

Slack (MET) :             0.130ns  (arrival time - required time)
  Source:                 u_sr2/shift_regs_reg[0][12]/C
                            (rising edge-triggered cell FDCE clocked by clk  {rise@0.000ns fall@12.500ns period=25.000ns})
  Destination:            u_sr2/shift_regs_reg[1][12]/D
                            (rising edge-triggered cell FDCE clocked by clk  {rise@0.000ns fall@12.500ns period=25.000ns})
  Path Group:             clk
  Path Type:              Hold (Min at Fast Process Corner)
  Requirement:            0.000ns  (clk rise@0.000ns - clk rise@0.000ns)
  Data Path Delay:        0.228ns  (logic 0.141ns (61.814%)  route 0.087ns (38.186%))
  Logic Levels:           0  
  Clock Path Skew:        0.013ns (DCD - SCD - CPR)
    Destination Clock Delay (DCD):    2.061ns
    Source Clock Delay      (SCD):    1.547ns
    Clock Pessimism Removal (CPR):    0.501ns

    Location             Delay type                Incr(ns)  Path(ns)    Netlist Resource(s)
  -------------------------------------------------------------------    -------------------
                         (clock clk rise edge)        0.000     0.000 r  
    Y9                                                0.000     0.000 r  clk (IN)
                         net (fo=0)                   0.000     0.000    clk
    Y9                   IBUF (Prop_ibuf_I_O)         0.258     0.258 r  clk_IBUF_inst/O
                         net (fo=1, routed)           0.663     0.921    clk_IBUF
    BUFGCTRL_X0Y0        BUFG (Prop_bufg_I_O)         0.026     0.947 r  clk_IBUF_BUFG_inst/O
                         net (fo=284, routed)         0.600     1.547    u_sr2/clk_IBUF_BUFG
    SLICE_X103Y77        FDCE                                         r  u_sr2/shift_regs_reg[0][12]/C
  -------------------------------------------------------------------    -------------------
    SLICE_X103Y77        FDCE (Prop_fdce_C_Q)         0.141     1.688 r  u_sr2/shift_regs_reg[0][12]/Q
                         net (fo=1, routed)           0.087     1.775    u_sr2/shift_regs_reg_n_0_[0][12]
    SLICE_X102Y77        FDCE                                         r  u_sr2/shift_regs_reg[1][12]/D
  -------------------------------------------------------------------    -------------------

                         (clock clk rise edge)        0.000     0.000 r  
    Y9                                                0.000     0.000 r  clk (IN)
                         net (fo=0)                   0.000     0.000    clk
    Y9                   IBUF (Prop_ibuf_I_O)         0.446     0.446 r  clk_IBUF_inst/O
                         net (fo=1, routed)           0.719     1.165    clk_IBUF
    BUFGCTRL_X0Y0        BUFG (Prop_bufg_I_O)         0.029     1.194 r  clk_IBUF_BUFG_inst/O
                         net (fo=284, routed)         0.867     2.061    u_sr2/clk_IBUF_BUFG
    SLICE_X102Y77        FDCE                                         r  u_sr2/shift_regs_reg[1][12]/C
                         clock pessimism             -0.501     1.560    
    SLICE_X102Y77        FDCE (Hold_fdce_C_D)         0.085     1.645    u_sr2/shift_regs_reg[1][12]
  -------------------------------------------------------------------
                         required time                         -1.645    
                         arrival time                           1.775    
  -------------------------------------------------------------------
                         slack                                  0.130    

Slack (MET) :             0.131ns  (arrival time - required time)
  Source:                 x_valid
                            (input port clocked by clk  {rise@0.000ns fall@12.500ns period=25.000ns})
  Destination:            u_sr8/shift_regs_reg[5][11]_srl6_u_ctrl_start_pipe_reg_c_4/D
                            (rising edge-triggered cell SRL16E clocked by clk  {rise@0.000ns fall@12.500ns period=25.000ns})
  Path Group:             clk
  Path Type:              Hold (Min at Slow Process Corner)
  Requirement:            0.000ns  (clk rise@0.000ns - clk rise@0.000ns)
  Data Path Delay:        4.958ns  (logic 0.937ns (18.905%)  route 4.020ns (81.095%))
  Logic Levels:           2  (IBUF=1 LUT5=1)
  Input Delay:            1.000ns
  Clock Path Skew:        5.542ns (DCD - SCD - CPR)
    Destination Clock Delay (DCD):    5.542ns
    Source Clock Delay      (SCD):    0.000ns
    Clock Pessimism Removal (CPR):    -0.000ns
  Clock Uncertainty:      0.035ns  ((TSJ^2 + TIJ^2)^1/2 + DJ) / 2 + PE
    Total System Jitter     (TSJ):    0.071ns
    Total Input Jitter      (TIJ):    0.000ns
    Discrete Jitter          (DJ):    0.000ns
    Phase Error              (PE):    0.000ns

    Location             Delay type                Incr(ns)  Path(ns)    Netlist Resource(s)
  -------------------------------------------------------------------    -------------------
                         (clock clk rise edge)        0.000     0.000 r  
                         input delay                  1.000     1.000    
    D21                                               0.000     1.000 r  x_valid (IN)
                         net (fo=0)                   0.000     1.000    x_valid
    D21                  IBUF (Prop_ibuf_I_O)         0.837     1.837 r  x_valid_IBUF_inst/O
                         net (fo=129, routed)         3.174     5.011    u_sync_counter/x_valid_IBUF
    SLICE_X104Y85        LUT5 (Prop_lut5_I1_O)        0.100     5.111 r  u_sync_counter/shift_regs_reg[5][11]_srl6_u_ctrl_start_pipe_reg_c_4_i_1/O
                         net (fo=1, routed)           0.846     5.958    u_sr8/data_out_to_reg[11]
    SLICE_X104Y83        SRL16E                                       r  u_sr8/shift_regs_reg[5][11]_srl6_u_ctrl_start_pipe_reg_c_4/D
  -------------------------------------------------------------------    -------------------

                         (clock clk rise edge)        0.000     0.000 r  
    Y9                                                0.000     0.000 r  clk (IN)
                         net (fo=0)                   0.000     0.000    clk
    Y9                   IBUF (Prop_ibuf_I_O)         1.490     1.490 r  clk_IBUF_inst/O
                         net (fo=1, routed)           2.171     3.661    clk_IBUF
    BUFGCTRL_X0Y0        BUFG (Prop_bufg_I_O)         0.101     3.762 r  clk_IBUF_BUFG_inst/O
                         net (fo=284, routed)         1.780     5.542    u_sr8/clk_IBUF_BUFG
    SLICE_X104Y83        SRL16E                                       r  u_sr8/shift_regs_reg[5][11]_srl6_u_ctrl_start_pipe_reg_c_4/CLK
                         clock pessimism              0.000     5.542    
                         clock uncertainty            0.035     5.578    
    SLICE_X104Y83        SRL16E (Hold_srl16e_CLK_D)
                                                      0.249     5.827    u_sr8/shift_regs_reg[5][11]_srl6_u_ctrl_start_pipe_reg_c_4
  -------------------------------------------------------------------
                         required time                         -5.827    
                         arrival time                           5.958    
  -------------------------------------------------------------------
                         slack                                  0.131    

Slack (MET) :             0.132ns  (arrival time - required time)
  Source:                 x_in[6]
                            (input port clocked by clk  {rise@0.000ns fall@12.500ns period=25.000ns})
  Destination:            u_sr4/shift_regs_reg[1][9]_srl2_u_ctrl_start_pipe_reg_c_0/D
                            (rising edge-triggered cell SRL16E clocked by clk  {rise@0.000ns fall@12.500ns period=25.000ns})
  Path Group:             clk
  Path Type:              Hold (Min at Slow Process Corner)
  Requirement:            0.000ns  (clk rise@0.000ns - clk rise@0.000ns)
  Data Path Delay:        5.138ns  (logic 1.592ns (30.983%)  route 3.546ns (69.017%))
  Logic Levels:           5  (CARRY4=2 IBUF=1 LUT2=1 LUT6=1)
  Input Delay:            1.000ns
  Clock Path Skew:        5.545ns (DCD - SCD - CPR)
    Destination Clock Delay (DCD):    5.545ns
    Source Clock Delay      (SCD):    0.000ns
    Clock Pessimism Removal (CPR):    -0.000ns
  Clock Uncertainty:      0.035ns  ((TSJ^2 + TIJ^2)^1/2 + DJ) / 2 + PE
    Total System Jitter     (TSJ):    0.071ns
    Total Input Jitter      (TIJ):    0.000ns
    Discrete Jitter          (DJ):    0.000ns
    Phase Error              (PE):    0.000ns

    Location             Delay type                Incr(ns)  Path(ns)    Netlist Resource(s)
  -------------------------------------------------------------------    -------------------
                         (clock clk rise edge)        0.000     0.000 r  
                         input delay                  1.000     1.000    
    G16                                               0.000     1.000 r  x_in[6] (IN)
                         net (fo=0)                   0.000     1.000    x_in[6]
    G16                  IBUF (Prop_ibuf_I_O)         0.816     1.816 r  x_in_IBUF[6]_inst/O
                         net (fo=3, routed)           2.474     4.290    u_sr8/x_in_IBUF[6]
    SLICE_X102Y85        LUT2 (Prop_lut2_I1_O)        0.100     4.390 r  u_sr8/plus_complex_carry__0_i_2/O
                         net (fo=1, routed)           0.000     4.390    u_bf1/minus_complex_carry__0_i_9[2]
    SLICE_X102Y85        CARRY4 (Prop_carry4_S[2]_CO[3])
                                                      0.290     4.680 r  u_bf1/plus_complex_carry__0/CO[3]
                         net (fo=1, routed)           0.000     4.680    u_bf1/plus_complex_carry__0_n_0
    SLICE_X102Y86        CARRY4 (Prop_carry4_CI_O[0])
                                                      0.148     4.828 r  u_bf1/plus_complex_carry__1/O[0]
                         net (fo=2, routed)           0.637     5.465    u_sr8/minus_complex_carry__1_i_5_0[0]
    SLICE_X96Y86         LUT6 (Prop_lut6_I0_O)        0.238     5.703 r  u_sr8/shift_regs_reg[1][9]_srl2_u_ctrl_start_pipe_reg_c_0_i_1/O
                         net (fo=1, routed)           0.435     6.138    u_sr4/shift_regs_reg[2][9]_u_ctrl_start_pipe_reg_c_1_0
    SLICE_X96Y87         SRL16E                                       r  u_sr4/shift_regs_reg[1][9]_srl2_u_ctrl_start_pipe_reg_c_0/D
  -------------------------------------------------------------------    -------------------

                         (clock clk rise edge)        0.000     0.000 r  
    Y9                                                0.000     0.000 r  clk (IN)
                         net (fo=0)                   0.000     0.000    clk
    Y9                   IBUF (Prop_ibuf_I_O)         1.490     1.490 r  clk_IBUF_inst/O
                         net (fo=1, routed)           2.171     3.661    clk_IBUF
    BUFGCTRL_X0Y0        BUFG (Prop_bufg_I_O)         0.101     3.762 r  clk_IBUF_BUFG_inst/O
                         net (fo=284, routed)         1.783     5.545    u_sr4/clk_IBUF_BUFG
    SLICE_X96Y87         SRL16E                                       r  u_sr4/shift_regs_reg[1][9]_srl2_u_ctrl_start_pipe_reg_c_0/CLK
                         clock pessimism              0.000     5.545    
                         clock uncertainty            0.035     5.581    
    SLICE_X96Y87         SRL16E (Hold_srl16e_CLK_D)
                                                      0.425     6.006    u_sr4/shift_regs_reg[1][9]_srl2_u_ctrl_start_pipe_reg_c_0
  -------------------------------------------------------------------
                         required time                         -6.006    
                         arrival time                           6.138    
  -------------------------------------------------------------------
                         slack                                  0.132    

Slack (MET) :             0.132ns  (arrival time - required time)
  Source:                 u_ctrl/start_pipe_reg_c_13/C
                            (rising edge-triggered cell FDCE clocked by clk  {rise@0.000ns fall@12.500ns period=25.000ns})
  Destination:            u_ctrl/start_pipe_reg[15]/D
                            (rising edge-triggered cell FDCE clocked by clk  {rise@0.000ns fall@12.500ns period=25.000ns})
  Path Group:             clk
  Path Type:              Hold (Min at Fast Process Corner)
  Requirement:            0.000ns  (clk rise@0.000ns - clk rise@0.000ns)
  Data Path Delay:        0.276ns  (logic 0.189ns (68.452%)  route 0.087ns (31.548%))
  Logic Levels:           1  (LUT2=1)
  Clock Path Skew:        0.013ns (DCD - SCD - CPR)
    Destination Clock Delay (DCD):    2.089ns
    Source Clock Delay      (SCD):    1.573ns
    Clock Pessimism Removal (CPR):    0.503ns

    Location             Delay type                Incr(ns)  Path(ns)    Netlist Resource(s)
  -------------------------------------------------------------------    -------------------
                         (clock clk rise edge)        0.000     0.000 r  
    Y9                                                0.000     0.000 r  clk (IN)
                         net (fo=0)                   0.000     0.000    clk
    Y9                   IBUF (Prop_ibuf_I_O)         0.258     0.258 r  clk_IBUF_inst/O
                         net (fo=1, routed)           0.663     0.921    clk_IBUF
    BUFGCTRL_X0Y0        BUFG (Prop_bufg_I_O)         0.026     0.947 r  clk_IBUF_BUFG_inst/O
                         net (fo=284, routed)         0.626     1.573    u_ctrl/clk_IBUF_BUFG
    SLICE_X113Y73        FDCE                                         r  u_ctrl/start_pipe_reg_c_13/C
  -------------------------------------------------------------------    -------------------
    SLICE_X113Y73        FDCE (Prop_fdce_C_Q)         0.141     1.714 r  u_ctrl/start_pipe_reg_c_13/Q
                         net (fo=2, routed)           0.087     1.801    u_ctrl/start_pipe_reg_c_13_n_0
    SLICE_X112Y73        LUT2 (Prop_lut2_I1_O)        0.048     1.849 r  u_ctrl/start_pipe_reg_gate/O
                         net (fo=1, routed)           0.000     1.849    u_ctrl/start_pipe_reg_gate_n_0
    SLICE_X112Y73        FDCE                                         r  u_ctrl/start_pipe_reg[15]/D
  -------------------------------------------------------------------    -------------------

                         (clock clk rise edge)        0.000     0.000 r  
    Y9                                                0.000     0.000 r  clk (IN)
                         net (fo=0)                   0.000     0.000    clk
    Y9                   IBUF (Prop_ibuf_I_O)         0.446     0.446 r  clk_IBUF_inst/O
                         net (fo=1, routed)           0.719     1.165    clk_IBUF
    BUFGCTRL_X0Y0        BUFG (Prop_bufg_I_O)         0.029     1.194 r  clk_IBUF_BUFG_inst/O
                         net (fo=284, routed)         0.895     2.089    u_ctrl/clk_IBUF_BUFG
    SLICE_X112Y73        FDCE                                         r  u_ctrl/start_pipe_reg[15]/C
                         clock pessimism             -0.503     1.586    
    SLICE_X112Y73        FDCE (Hold_fdce_C_D)         0.131     1.717    u_ctrl/start_pipe_reg[15]
  -------------------------------------------------------------------
                         required time                         -1.717    
                         arrival time                           1.849    
  -------------------------------------------------------------------
                         slack                                  0.132    

Slack (MET) :             0.134ns  (arrival time - required time)
  Source:                 x_in[13]
                            (input port clocked by clk  {rise@0.000ns fall@12.500ns period=25.000ns})
  Destination:            u_sr8/shift_regs_reg[5][15]_srl6_u_ctrl_start_pipe_reg_c_4/D
                            (rising edge-triggered cell SRL16E clocked by clk  {rise@0.000ns fall@12.500ns period=25.000ns})
  Path Group:             clk
  Path Type:              Hold (Min at Slow Process Corner)
  Requirement:            0.000ns  (clk rise@0.000ns - clk rise@0.000ns)
  Data Path Delay:        5.214ns  (logic 1.412ns (27.083%)  route 3.802ns (72.917%))
  Logic Levels:           4  (CARRY4=1 IBUF=1 LUT2=1 LUT5=1)
  Input Delay:            1.000ns
  Clock Path Skew:        5.619ns (DCD - SCD - CPR)
    Destination Clock Delay (DCD):    5.619ns
    Source Clock Delay      (SCD):    0.000ns
    Clock Pessimism Removal (CPR):    -0.000ns
  Clock Uncertainty:      0.035ns  ((TSJ^2 + TIJ^2)^1/2 + DJ) / 2 + PE
    Total System Jitter     (TSJ):    0.071ns
    Total Input Jitter      (TIJ):    0.000ns
    Discrete Jitter          (DJ):    0.000ns
    Phase Error              (PE):    0.000ns

    Location             Delay type                Incr(ns)  Path(ns)    Netlist Resource(s)
  -------------------------------------------------------------------    -------------------
                         (clock clk rise edge)        0.000     0.000 r  
                         input delay                  1.000     1.000    
    G19                                               0.000     1.000 r  x_in[13] (IN)
                         net (fo=0)                   0.000     1.000    x_in[13]
    G19                  IBUF (Prop_ibuf_I_O)         0.796     1.796 r  x_in_IBUF[13]_inst/O
                         net (fo=3, routed)           2.442     4.238    u_sr8/x_in_IBUF[13]
    SLICE_X109Y83        LUT2 (Prop_lut2_I0_O)        0.100     4.338 r  u_sr8/minus_real_carry_i_2__0/O
                         net (fo=1, routed)           0.000     4.338    u_bf1/shift_regs_reg[5][12]_srl6_u_ctrl_start_pipe_reg_c_4_i_1[2]
    SLICE_X109Y83        CARRY4 (Prop_carry4_S[2]_O[3])
                                                      0.269     4.607 r  u_bf1/minus_real_carry/O[3]
                         net (fo=1, routed)           0.659     5.267    u_sync_counter/minus_real[3]
    SLICE_X110Y83        LUT5 (Prop_lut5_I4_O)        0.247     5.514 r  u_sync_counter/shift_regs_reg[5][15]_srl6_u_ctrl_start_pipe_reg_c_4_i_1/O
                         net (fo=1, routed)           0.700     6.214    u_sr8/data_out_to_reg[15]
    SLICE_X108Y82        SRL16E                                       r  u_sr8/shift_regs_reg[5][15]_srl6_u_ctrl_start_pipe_reg_c_4/D
  -------------------------------------------------------------------    -------------------

                         (clock clk rise edge)        0.000     0.000 r  
    Y9                                                0.000     0.000 r  clk (IN)
                         net (fo=0)                   0.000     0.000    clk
    Y9                   IBUF (Prop_ibuf_I_O)         1.490     1.490 r  clk_IBUF_inst/O
                         net (fo=1, routed)           2.171     3.661    clk_IBUF
    BUFGCTRL_X0Y0        BUFG (Prop_bufg_I_O)         0.101     3.762 r  clk_IBUF_BUFG_inst/O
                         net (fo=284, routed)         1.857     5.619    u_sr8/clk_IBUF_BUFG
    SLICE_X108Y82        SRL16E                                       r  u_sr8/shift_regs_reg[5][15]_srl6_u_ctrl_start_pipe_reg_c_4/CLK
                         clock pessimism              0.000     5.619    
                         clock uncertainty            0.035     5.655    
    SLICE_X108Y82        SRL16E (Hold_srl16e_CLK_D)
                                                      0.425     6.080    u_sr8/shift_regs_reg[5][15]_srl6_u_ctrl_start_pipe_reg_c_4
  -------------------------------------------------------------------
                         required time                         -6.080    
                         arrival time                           6.214    
  -------------------------------------------------------------------
                         slack                                  0.134    

Slack (MET) :             0.140ns  (arrival time - required time)
  Source:                 u_ctrl/start_pipe_reg_c_13/C
                            (rising edge-triggered cell FDCE clocked by clk  {rise@0.000ns fall@12.500ns period=25.000ns})
  Destination:            u_ctrl/end_pipe_reg[15]/D
                            (rising edge-triggered cell FDCE clocked by clk  {rise@0.000ns fall@12.500ns period=25.000ns})
  Path Group:             clk
  Path Type:              Hold (Min at Fast Process Corner)
  Requirement:            0.000ns  (clk rise@0.000ns - clk rise@0.000ns)
  Data Path Delay:        0.273ns  (logic 0.186ns (68.106%)  route 0.087ns (31.894%))
  Logic Levels:           1  (LUT2=1)
  Clock Path Skew:        0.013ns (DCD - SCD - CPR)
    Destination Clock Delay (DCD):    2.089ns
    Source Clock Delay      (SCD):    1.573ns
    Clock Pessimism Removal (CPR):    0.503ns

    Location             Delay type                Incr(ns)  Path(ns)    Netlist Resource(s)
  -------------------------------------------------------------------    -------------------
                         (clock clk rise edge)        0.000     0.000 r  
    Y9                                                0.000     0.000 r  clk (IN)
                         net (fo=0)                   0.000     0.000    clk
    Y9                   IBUF (Prop_ibuf_I_O)         0.258     0.258 r  clk_IBUF_inst/O
                         net (fo=1, routed)           0.663     0.921    clk_IBUF
    BUFGCTRL_X0Y0        BUFG (Prop_bufg_I_O)         0.026     0.947 r  clk_IBUF_BUFG_inst/O
                         net (fo=284, routed)         0.626     1.573    u_ctrl/clk_IBUF_BUFG
    SLICE_X113Y73        FDCE                                         r  u_ctrl/start_pipe_reg_c_13/C
  -------------------------------------------------------------------    -------------------
    SLICE_X113Y73        FDCE (Prop_fdce_C_Q)         0.141     1.714 r  u_ctrl/start_pipe_reg_c_13/Q
                         net (fo=2, routed)           0.087     1.801    u_ctrl/start_pipe_reg_c_13_n_0
    SLICE_X112Y73        LUT2 (Prop_lut2_I1_O)        0.045     1.846 r  u_ctrl/end_pipe_reg_gate/O
                         net (fo=1, routed)           0.000     1.846    u_ctrl/end_pipe_reg_gate_n_0
    SLICE_X112Y73        FDCE                                         r  u_ctrl/end_pipe_reg[15]/D
  -------------------------------------------------------------------    -------------------

                         (clock clk rise edge)        0.000     0.000 r  
    Y9                                                0.000     0.000 r  clk (IN)
                         net (fo=0)                   0.000     0.000    clk
    Y9                   IBUF (Prop_ibuf_I_O)         0.446     0.446 r  clk_IBUF_inst/O
                         net (fo=1, routed)           0.719     1.165    clk_IBUF
    BUFGCTRL_X0Y0        BUFG (Prop_bufg_I_O)         0.029     1.194 r  clk_IBUF_BUFG_inst/O
                         net (fo=284, routed)         0.895     2.089    u_ctrl/clk_IBUF_BUFG
    SLICE_X112Y73        FDCE                                         r  u_ctrl/end_pipe_reg[15]/C
                         clock pessimism             -0.503     1.586    
    SLICE_X112Y73        FDCE (Hold_fdce_C_D)         0.120     1.706    u_ctrl/end_pipe_reg[15]
  -------------------------------------------------------------------
                         required time                         -1.706    
                         arrival time                           1.846    
  -------------------------------------------------------------------
                         slack                                  0.140    

Slack (MET) :             0.152ns  (arrival time - required time)
  Source:                 x_in[6]
                            (input port clocked by clk  {rise@0.000ns fall@12.500ns period=25.000ns})
  Destination:            u_sr4/shift_regs_reg[1][8]_srl2_u_ctrl_start_pipe_reg_c_0/D
                            (rising edge-triggered cell SRL16E clocked by clk  {rise@0.000ns fall@12.500ns period=25.000ns})
  Path Group:             clk
  Path Type:              Hold (Min at Slow Process Corner)
  Requirement:            0.000ns  (clk rise@0.000ns - clk rise@0.000ns)
  Data Path Delay:        5.154ns  (logic 1.433ns (27.799%)  route 3.721ns (72.201%))
  Logic Levels:           4  (CARRY4=1 IBUF=1 LUT2=1 LUT6=1)
  Input Delay:            1.000ns
  Clock Path Skew:        5.541ns (DCD - SCD - CPR)
    Destination Clock Delay (DCD):    5.541ns
    Source Clock Delay      (SCD):    0.000ns
    Clock Pessimism Removal (CPR):    -0.000ns
  Clock Uncertainty:      0.035ns  ((TSJ^2 + TIJ^2)^1/2 + DJ) / 2 + PE
    Total System Jitter     (TSJ):    0.071ns
    Total Input Jitter      (TIJ):    0.000ns
    Discrete Jitter          (DJ):    0.000ns
    Phase Error              (PE):    0.000ns

    Location             Delay type                Incr(ns)  Path(ns)    Netlist Resource(s)
  -------------------------------------------------------------------    -------------------
                         (clock clk rise edge)        0.000     0.000 r  
                         input delay                  1.000     1.000    
    G16                                               0.000     1.000 r  x_in[6] (IN)
                         net (fo=0)                   0.000     1.000    x_in[6]
    G16                  IBUF (Prop_ibuf_I_O)         0.816     1.816 r  x_in_IBUF[6]_inst/O
                         net (fo=3, routed)           2.474     4.290    u_sr8/x_in_IBUF[6]
    SLICE_X102Y85        LUT2 (Prop_lut2_I1_O)        0.100     4.390 r  u_sr8/plus_complex_carry__0_i_2/O
                         net (fo=1, routed)           0.000     4.390    u_bf1/minus_complex_carry__0_i_9[2]
    SLICE_X102Y85        CARRY4 (Prop_carry4_S[2]_O[3])
                                                      0.269     4.659 r  u_bf1/plus_complex_carry__0/O[3]
                         net (fo=2, routed)           0.844     5.503    u_sr8/shift_regs_reg[2][8]_u_ctrl_start_pipe_reg_c_1[3]
    SLICE_X97Y83         LUT6 (Prop_lut6_I0_O)        0.248     5.751 r  u_sr8/shift_regs_reg[1][8]_srl2_u_ctrl_start_pipe_reg_c_0_i_1/O
                         net (fo=1, routed)           0.403     6.154    u_sr4/shift_regs_reg[2][8]_u_ctrl_start_pipe_reg_c_1_0
    SLICE_X98Y82         SRL16E                                       r  u_sr4/shift_regs_reg[1][8]_srl2_u_ctrl_start_pipe_reg_c_0/D
  -------------------------------------------------------------------    -------------------

                         (clock clk rise edge)        0.000     0.000 r  
    Y9                                                0.000     0.000 r  clk (IN)
                         net (fo=0)                   0.000     0.000    clk
    Y9                   IBUF (Prop_ibuf_I_O)         1.490     1.490 r  clk_IBUF_inst/O
                         net (fo=1, routed)           2.171     3.661    clk_IBUF
    BUFGCTRL_X0Y0        BUFG (Prop_bufg_I_O)         0.101     3.762 r  clk_IBUF_BUFG_inst/O
                         net (fo=284, routed)         1.779     5.541    u_sr4/clk_IBUF_BUFG
    SLICE_X98Y82         SRL16E                                       r  u_sr4/shift_regs_reg[1][8]_srl2_u_ctrl_start_pipe_reg_c_0/CLK
                         clock pessimism              0.000     5.541    
                         clock uncertainty            0.035     5.577    
    SLICE_X98Y82         SRL16E (Hold_srl16e_CLK_D)
                                                      0.425     6.002    u_sr4/shift_regs_reg[1][8]_srl2_u_ctrl_start_pipe_reg_c_0
  -------------------------------------------------------------------
                         required time                         -6.002    
                         arrival time                           6.154    
  -------------------------------------------------------------------
                         slack                                  0.152    

Slack (MET) :             0.157ns  (arrival time - required time)
  Source:                 u_ctrl/start_pipe_reg_c_10/C
                            (rising edge-triggered cell FDCE clocked by clk  {rise@0.000ns fall@12.500ns period=25.000ns})
  Destination:            u_ctrl/start_pipe_reg_c_11/D
                            (rising edge-triggered cell FDCE clocked by clk  {rise@0.000ns fall@12.500ns period=25.000ns})
  Path Group:             clk
  Path Type:              Hold (Min at Fast Process Corner)
  Requirement:            0.000ns  (clk rise@0.000ns - clk rise@0.000ns)
  Data Path Delay:        0.227ns  (logic 0.141ns (62.202%)  route 0.086ns (37.798%))
  Logic Levels:           0  
  Clock Path Skew:        0.013ns (DCD - SCD - CPR)
    Destination Clock Delay (DCD):    2.086ns
    Source Clock Delay      (SCD):    1.572ns
    Clock Pessimism Removal (CPR):    0.501ns

    Location             Delay type                Incr(ns)  Path(ns)    Netlist Resource(s)
  -------------------------------------------------------------------    -------------------
                         (clock clk rise edge)        0.000     0.000 r  
    Y9                                                0.000     0.000 r  clk (IN)
                         net (fo=0)                   0.000     0.000    clk
    Y9                   IBUF (Prop_ibuf_I_O)         0.258     0.258 r  clk_IBUF_inst/O
                         net (fo=1, routed)           0.663     0.921    clk_IBUF
    BUFGCTRL_X0Y0        BUFG (Prop_bufg_I_O)         0.026     0.947 r  clk_IBUF_BUFG_inst/O
                         net (fo=284, routed)         0.625     1.572    u_ctrl/clk_IBUF_BUFG
    SLICE_X106Y76        FDCE                                         r  u_ctrl/start_pipe_reg_c_10/C
  -------------------------------------------------------------------    -------------------
    SLICE_X106Y76        FDCE (Prop_fdce_C_Q)         0.141     1.713 r  u_ctrl/start_pipe_reg_c_10/Q
                         net (fo=1, routed)           0.086     1.799    u_ctrl/start_pipe_reg_c_10_n_0
    SLICE_X107Y76        FDCE                                         r  u_ctrl/start_pipe_reg_c_11/D
  -------------------------------------------------------------------    -------------------

                         (clock clk rise edge)        0.000     0.000 r  
    Y9                                                0.000     0.000 r  clk (IN)
                         net (fo=0)                   0.000     0.000    clk
    Y9                   IBUF (Prop_ibuf_I_O)         0.446     0.446 r  clk_IBUF_inst/O
                         net (fo=1, routed)           0.719     1.165    clk_IBUF
    BUFGCTRL_X0Y0        BUFG (Prop_bufg_I_O)         0.029     1.194 r  clk_IBUF_BUFG_inst/O
                         net (fo=284, routed)         0.892     2.086    u_ctrl/clk_IBUF_BUFG
    SLICE_X107Y76        FDCE                                         r  u_ctrl/start_pipe_reg_c_11/C
                         clock pessimism             -0.501     1.585    
    SLICE_X107Y76        FDCE (Hold_fdce_C_D)         0.057     1.642    u_ctrl/start_pipe_reg_c_11
  -------------------------------------------------------------------
                         required time                         -1.642    
                         arrival time                           1.799    
  -------------------------------------------------------------------
                         slack                                  0.157    





Pulse Width Checks
--------------------------------------------------------------------------------------
Clock Name:         clk
Waveform(ns):       { 0.000 12.500 }
Period(ns):         25.000
Sources:            { clk }

Check Type        Corner  Lib Pin      Reference Pin  Required(ns)  Actual(ns)  Slack(ns)  Location       Pin
Min Period        n/a     BUFG/I       n/a            2.155         25.000      22.845     BUFGCTRL_X0Y0  clk_IBUF_BUFG_inst/I
Min Period        n/a     DSP48E1/CLK  n/a            2.154         25.000      22.846     DSP48_X3Y31    u_mult/CpS_X_reg0/CLK
Min Period        n/a     DSP48E1/CLK  n/a            2.154         25.000      22.846     DSP48_X3Y32    u_mult/Z_reg0/CLK
Min Period        n/a     DSP48E1/CLK  n/a            2.154         25.000      22.846     DSP48_X3Y30    u_mult/CmS_Y_reg0/CLK
Min Period        n/a     FDCE/C       n/a            1.000         25.000      24.000     SLICE_X98Y76   b0_d_reg/C
Min Period        n/a     FDCE/C       n/a            1.000         25.000      24.000     SLICE_X98Y76   b1_d_reg/C
Min Period        n/a     FDCE/C       n/a            1.000         25.000      24.000     SLICE_X94Y76   out1_carry_i_9/C
Min Period        n/a     FDCE/C       n/a            1.000         25.000      24.000     SLICE_X107Y73  u_sr1/shift_regs_reg[0][0]/C
Min Period        n/a     FDCE/C       n/a            1.000         25.000      24.000     SLICE_X108Y76  u_sr1/shift_regs_reg[0][10]/C
Min Period        n/a     FDCE/C       n/a            1.000         25.000      24.000     SLICE_X108Y76  u_sr1/shift_regs_reg[0][11]/C
Low Pulse Width   Slow    SRL16E/CLK   n/a            0.980         12.500      11.520     SLICE_X112Y74  u_ctrl/end_pipe_reg[13]_srl14_u_ctrl_start_pipe_reg_c_12/CLK
Low Pulse Width   Slow    SRL16E/CLK   n/a            0.980         12.500      11.520     SLICE_X112Y74  u_ctrl/start_pipe_reg[13]_srl14_u_ctrl_start_pipe_reg_c_12/CLK
Low Pulse Width   Slow    SRL16E/CLK   n/a            0.980         12.500      11.520     SLICE_X96Y87   u_sr4/shift_regs_reg[1][22]_srl2_u_ctrl_start_pipe_reg_c_0/CLK
Low Pulse Width   Slow    SRL16E/CLK   n/a            0.980         12.500      11.520     SLICE_X96Y87   u_sr4/shift_regs_reg[1][23]_srl2_u_ctrl_start_pipe_reg_c_0/CLK
Low Pulse Width   Slow    SRL16E/CLK   n/a            0.980         12.500      11.520     SLICE_X96Y87   u_sr4/shift_regs_reg[1][26]_srl2_u_ctrl_start_pipe_reg_c_0/CLK
Low Pulse Width   Slow    SRL16E/CLK   n/a            0.980         12.500      11.520     SLICE_X96Y87   u_sr4/shift_regs_reg[1][9]_srl2_u_ctrl_start_pipe_reg_c_0/CLK
Low Pulse Width   Slow    SRL16E/CLK   n/a            0.980         12.500      11.520     SLICE_X104Y86  u_sr8/shift_regs_reg[5][6]_srl6_u_ctrl_start_pipe_reg_c_4/CLK
Low Pulse Width   Slow    SRL16E/CLK   n/a            0.980         12.500      11.520     SLICE_X104Y86  u_sr8/shift_regs_reg[5][7]_srl6_u_ctrl_start_pipe_reg_c_4/CLK
Low Pulse Width   Slow    SRL16E/CLK   n/a            0.980         12.500      11.520     SLICE_X104Y86  u_sr8/shift_regs_reg[5][8]_srl6_u_ctrl_start_pipe_reg_c_4/CLK
Low Pulse Width   Slow    SRL16E/CLK   n/a            0.980         12.500      11.520     SLICE_X100Y79  u_sr4/shift_regs_reg[1][0]_srl2_u_ctrl_start_pipe_reg_c_0/CLK
High Pulse Width  Fast    SRL16E/CLK   n/a            0.980         12.500      11.520     SLICE_X112Y74  u_ctrl/end_pipe_reg[13]_srl14_u_ctrl_start_pipe_reg_c_12/CLK
High Pulse Width  Fast    SRL16E/CLK   n/a            0.980         12.500      11.520     SLICE_X112Y74  u_ctrl/start_pipe_reg[13]_srl14_u_ctrl_start_pipe_reg_c_12/CLK
High Pulse Width  Fast    SRL16E/CLK   n/a            0.980         12.500      11.520     SLICE_X100Y85  u_sr4/shift_regs_reg[1][20]_srl2_u_ctrl_start_pipe_reg_c_0/CLK
High Pulse Width  Fast    SRL16E/CLK   n/a            0.980         12.500      11.520     SLICE_X96Y87   u_sr4/shift_regs_reg[1][22]_srl2_u_ctrl_start_pipe_reg_c_0/CLK
High Pulse Width  Fast    SRL16E/CLK   n/a            0.980         12.500      11.520     SLICE_X96Y87   u_sr4/shift_regs_reg[1][23]_srl2_u_ctrl_start_pipe_reg_c_0/CLK
High Pulse Width  Fast    SRL16E/CLK   n/a            0.980         12.500      11.520     SLICE_X100Y85  u_sr4/shift_regs_reg[1][24]_srl2_u_ctrl_start_pipe_reg_c_0/CLK
High Pulse Width  Fast    SRL16E/CLK   n/a            0.980         12.500      11.520     SLICE_X100Y85  u_sr4/shift_regs_reg[1][25]_srl2_u_ctrl_start_pipe_reg_c_0/CLK
High Pulse Width  Fast    SRL16E/CLK   n/a            0.980         12.500      11.520     SLICE_X96Y87   u_sr4/shift_regs_reg[1][26]_srl2_u_ctrl_start_pipe_reg_c_0/CLK
High Pulse Width  Fast    SRL16E/CLK   n/a            0.980         12.500      11.520     SLICE_X96Y87   u_sr4/shift_regs_reg[1][9]_srl2_u_ctrl_start_pipe_reg_c_0/CLK
High Pulse Width  Fast    SRL16E/CLK   n/a            0.980         12.500      11.520     SLICE_X100Y85  u_sr8/shift_regs_reg[5][10]_srl6_u_ctrl_start_pipe_reg_c_4/CLK



